atm_id,bank_name,address,city,district,state,lat,long,opening_time,closing_time,cashout_risk_score,historical_fraud_count
ATM-C47E62DE,Punjab National Bank,"103, Sector 17, Coimbatore, Tamil Nadu - 826335 (Branch ATM)",Coimbatore,Coimbatore,Tamil Nadu,11.069133,77.05966,08:00,21:00,0.172,4
ATM-83C49468,HDFC Bank,"92, Kacheri Road, Jodhpur, Rajasthan - 248424 (Offsite ATM)",Jodhpur,Jodhpur,Rajasthan,26.318712,72.946006,07:00,22:00,0.199,13
ATM-FB847A64,State Bank of India,"26, Sector 17, Aurangabad, Maharashtra - 177551 (Offsite ATM)",Aurangabad,Aurangabad,Maharashtra,19.88401,75.327363,00:00,21:00,0.525,1
ATM-0FBA5591,Canara Bank,"218, Industrial Area, Solapur, Maharashtra - 656633 (CSP Outlet)",Solapur,Solapur,Maharashtra,17.700558,75.842662,00:00,21:00,0.201,9
ATM-A4A3037B,Bank of India,"43, Kacheri Road, Pune, Maharashtra - 820514 (Branch ATM)",Pune,Pune,Maharashtra,18.535924,73.859863,08:00,21:00,0.438,28
ATM-445E02FC,Central Bank of India,"204, Old City, Nashik, Maharashtra - 125974 (Branch ATM)",Nashik,Nashik,Maharashtra,20.069586,73.858373,06:00,21:00,0.468,19
ATM-1D274DEA,Bank of India,"202, Kacheri Road, Jamshedpur, Jharkhand - 422230 (Offsite ATM)",Jamshedpur,East Singhbhum,Jharkhand,22.881876,86.104024,08:00,23:59,0.411,36
ATM-A5F57B47,Bank of India,"145, Ring Road, Jabalpur, Madhya Pradesh - 735879 (Offsite ATM)",Jabalpur,Jabalpur,Madhya Pradesh,23.170679,80.002167,08:00,23:59,0.625,45
ATM-C616E37F,Bank of India,"35, Sector 17, Nashik, Maharashtra - 730276 (Offsite ATM)",Nashik,Nashik,Maharashtra,20.089538,73.868894,06:00,23:59,0.341,29
ATM-44F1FCAA,YES Bank,"58, Kacheri Road, Pune, Maharashtra - 166310 (CSP Outlet)",Pune,Pune,Maharashtra,18.535302,73.838817,08:00,21:00,0.226,33
ATM-70A024B5,IDBI Bank,"37, MG Road, Noida, Uttar Pradesh - 122873 (CSP Outlet)",Noida,Gautam Buddh Nagar,Uttar Pradesh,28.638102,77.467487,07:00,22:00,0.375,41
ATM-9A8F44B2,Federal Bank,"85, Bus Stand Road, Warangal, Telangana - 716868 (Branch ATM)",Warangal,Warangal,Telangana,17.91851,79.611343,07:00,21:00,0.431,0
ATM-36CA7419,State Bank of India,"12, Main Market, Shimla, Himachal Pradesh - 277100 (Branch ATM)",Shimla,Shimla,Himachal Pradesh,31.08289,77.121221,06:00,21:00,0.576,17
ATM-C11F6FF5,Federal Bank,"211, Civil Lines, Raipur, Chhattisgarh - 593295 (Offsite ATM)",Raipur,Raipur,Chhattisgarh,21.2052,81.733633,08:00,21:00,0.564,30
ATM-508DEA7A,Canara Bank,"155, Bank Street, Kanpur, Uttar Pradesh - 842484 (Micro-ATM Kiosk)",Kanpur,Kanpur Nagar,Uttar Pradesh,26.426677,80.267729,08:00,22:00,0.574,13
ATM-06EF8493,Central Bank of India,"29, Bank Street, Eluru, Andhra Pradesh - 442650 (Offsite ATM)",Eluru,Eluru,Andhra Pradesh,16.691049,81.140494,07:00,23:59,0.16,43
ATM-F1B8EAC9,Kotak Mahindra Bank,"118, Bank Street, Bhiwandi, Maharashtra - 160991 (Micro-ATM Kiosk)",Bhiwandi,Thane,Maharashtra,19.286235,72.999135,08:00,22:00,0.596,24
ATM-224EC60D,Central Bank of India,"10, Civil Lines, Nuh, Haryana - 315745 (Branch ATM)",Nuh,Nuh (Mewat),Haryana,28.006031,76.920089,07:00,23:59,0.749,65
ATM-958C68BF,State Bank of India,"221, Industrial Area, Bareilly, Uttar Pradesh - 112823 (Micro-ATM Kiosk)",Bareilly,Bareilly,Uttar Pradesh,28.289525,79.481307,08:00,21:00,0.237,32
ATM-A8DD5FA4,YES Bank,"128, Main Market, Ludhiana, Punjab - 816272 (Branch ATM)",Ludhiana,Ludhiana,Punjab,30.815644,75.768449,07:00,21:00,0.49,27
ATM-D268DD4D,IDBI Bank,"163, Station Road, Guwahati, Assam - 427508 (CSP Outlet)",Guwahati,Kamrup Metropolitan,Assam,26.201821,91.640189,00:00,21:00,0.628,8
ATM-0E582336,Axis Bank,"135, Station Road, Shahjahanpur, Uttar Pradesh - 166906 (Branch ATM)",Shahjahanpur,Shahjahanpur,Uttar Pradesh,27.876133,79.954051,06:00,21:00,0.363,14
ATM-139DE99D,Punjab National Bank,"210, Industrial Area, Gwalior, Madhya Pradesh - 280310 (Branch ATM)",Gwalior,Gwalior,Madhya Pradesh,26.197366,78.192452,08:00,22:00,0.598,7
ATM-4E1473DB,Axis Bank,"223, Ring Road, Coimbatore, Tamil Nadu - 213761 (Micro-ATM Kiosk)",Coimbatore,Coimbatore,Tamil Nadu,11.011471,76.972285,06:00,23:59,0.521,37
ATM-192A4CAA,ICICI Bank,"192, Industrial Area, Amravati, Maharashtra - 111258 (Offsite ATM)",Amravati,Amravati,Maharashtra,20.925792,77.73157,06:00,21:00,0.693,2
ATM-B5CD71CA,Axis Bank,"115, Sector 17, Warangal, Telangana - 613403 (Branch ATM)",Warangal,Warangal,Telangana,18.008543,79.493438,06:00,23:59,0.629,31
ATM-52C9F97A,Kotak Mahindra Bank,"115, Station Road, Raipur, Chhattisgarh - 271873 (Offsite ATM)",Raipur,Raipur,Chhattisgarh,21.335657,81.638292,00:00,22:00,0.26,16
ATM-DBE1BC89,HDFC Bank,"211, Main Market, Gorakhpur, Uttar Pradesh - 264592 (Branch ATM)",Gorakhpur,Gorakhpur,Uttar Pradesh,26.663888,83.342448,06:00,21:00,0.544,10
ATM-ED6E8449,IDBI Bank,"62, Old City, Firozabad, Uttar Pradesh - 300970 (Micro-ATM Kiosk)",Firozabad,Firozabad,Uttar Pradesh,27.182226,78.406963,00:00,22:00,0.291,12
ATM-A0949917,Federal Bank,"96, Medical College Road, Cyberabad, Telangana - 824424 (Branch ATM)",Cyberabad,Ranga Reddy,Telangana,17.423678,78.290324,00:00,22:00,0.445,32
ATM-6212F42F,State Bank of India,"113, Medical College Road, Chennai, Tamil Nadu - 730255 (Offsite ATM)",Chennai,Chennai,Tamil Nadu,13.070167,80.165623,06:00,23:59,0.147,12
ATM-636DF552,Canara Bank,"236, Bus Stand Road, Nagpur, Maharashtra - 207871 (Offsite ATM)",Nagpur,Nagpur,Maharashtra,21.214084,79.053843,00:00,21:00,0.259,20
ATM-6D9C6B3C,IDBI Bank,"29, MG Road, Madurai, Tamil Nadu - 806952 (Offsite ATM)",Madurai,Madurai,Tamil Nadu,9.981443,78.204762,00:00,21:00,0.311,2
ATM-D1614833,Canara Bank,"173, Station Road, Gorakhpur, Uttar Pradesh - 424545 (Branch ATM)",Gorakhpur,Gorakhpur,Uttar Pradesh,26.691304,83.353802,07:00,21:00,0.286,10
ATM-0C5B6DC8,IDBI Bank,"69, Sector 17, Jamshedpur, Jharkhand - 171503 (Micro-ATM Kiosk)",Jamshedpur,East Singhbhum,Jharkhand,22.886226,86.238386,08:00,22:00,0.646,35
ATM-51F6CCDE,Indian Bank,"68, Mandi Road, Bhiwandi, Maharashtra - 249316 (CSP Outlet)",Bhiwandi,Thane,Maharashtra,19.225337,73.08452,06:00,22:00,0.437,2
ATM-F7711743,ICICI Bank,"105, Industrial Area, Bhusawal, Maharashtra - 463747 (Offsite ATM)",Bhusawal,Jalgaon,Maharashtra,21.07478,75.858104,08:00,21:00,0.52,8
ATM-6F026B93,Axis Bank,"176, Gandhi Chowk, Dehradun, Uttarakhand - 373828 (Branch ATM)",Dehradun,Dehradun,Uttarakhand,30.255837,78.060069,08:00,23:59,0.604,9
ATM-9284FC6A,Bank of Baroda,"240, Bus Stand Road, Jaipur, Rajasthan - 780408 (CSP Outlet)",Jaipur,Jaipur,Rajasthan,26.847224,75.854581,08:00,23:59,0.653,2
ATM-DFA8433B,Federal Bank,"91, Collectorate Road, Dhanbad, Jharkhand - 611832 (CSP Outlet)",Dhanbad,Dhanbad,Jharkhand,23.81839,86.35437,06:00,23:59,0.27,21
ATM-26B11581,Central Bank of India,"133, Station Road, Mysuru, Karnataka - 738791 (CSP Outlet)",Mysuru,Mysuru,Karnataka,12.370168,76.603591,00:00,21:00,0.11,6
ATM-3A5C8DDE,Axis Bank,"67, Mandi Road, Gorakhpur, Uttar Pradesh - 417131 (Offsite ATM)",Gorakhpur,Gorakhpur,Uttar Pradesh,26.865416,83.341142,06:00,23:59,0.179,13
ATM-36F9F32E,Axis Bank,"121, Bank Street, Allahabad, Uttar Pradesh - 216524 (Offsite ATM)",Allahabad,Prayagraj,Uttar Pradesh,25.477359,81.892375,00:00,21:00,0.674,23
ATM-1C2861A9,Kotak Mahindra Bank,"189, Civil Lines, Sri Ganganagar, Rajasthan - 374475 (Branch ATM)",Sri Ganganagar,Sri Ganganagar,Rajasthan,30.007915,73.942111,00:00,22:00,0.228,31
ATM-FFF43210,State Bank of India,"222, Collectorate Road, Hyderabad, Telangana - 311455 (Branch ATM)",Hyderabad,Hyderabad,Telangana,17.324013,78.569591,00:00,23:59,0.385,42
ATM-4ED2FDBC,HDFC Bank,"84, Model Town, Cuttack, Odisha - 371282 (CSP Outlet)",Cuttack,Cuttack,Odisha,20.499965,85.944059,07:00,23:59,0.169,25
ATM-02C52E60,Axis Bank,"213, Industrial Area, Bhopal, Madhya Pradesh - 319707 (CSP Outlet)",Bhopal,Bhopal,Madhya Pradesh,23.243687,77.323447,06:00,21:00,0.4,14
ATM-F1DBC1CB,Bank of India,"78, Old City, Sri Ganganagar, Rajasthan - 142420 (CSP Outlet)",Sri Ganganagar,Sri Ganganagar,Rajasthan,29.939323,73.79461,08:00,22:00,0.173,7
ATM-3BFD6B27,Central Bank of India,"53, Collectorate Road, Giridih, Jharkhand - 229968 (Micro-ATM Kiosk)",Giridih,Giridih,Jharkhand,24.251246,86.213239,00:00,22:00,0.83,30
ATM-758B4567,Bank of India,"215, Bank Street, Bhubaneswar, Odisha - 181302 (Micro-ATM Kiosk)",Bhubaneswar,Khordha,Odisha,20.215853,85.913641,00:00,22:00,0.474,3
ATM-B440ABF6,IndusInd Bank,"216, MG Road, Bhubaneswar, Odisha - 181253 (Micro-ATM Kiosk)",Bhubaneswar,Khordha,Odisha,20.291878,85.748725,06:00,22:00,0.108,16
ATM-D5DB8139,Indian Bank,"120, Bus Stand Road, Cyberabad, Telangana - 408901 (CSP Outlet)",Cyberabad,Ranga Reddy,Telangana,17.511575,78.264463,08:00,21:00,0.569,29
ATM-25873974,Punjab National Bank,"104, Medical College Road, Nellore, Andhra Pradesh - 566561 (Branch ATM)",Nellore,Nellore,Andhra Pradesh,14.476808,80.020718,07:00,21:00,0.254,9
ATM-E4ECCDBE,HDFC Bank,"233, Gandhi Chowk, Lucknow, Uttar Pradesh - 805654 (Micro-ATM Kiosk)",Lucknow,Lucknow,Uttar Pradesh,26.794013,80.870389,06:00,23:59,0.322,22
ATM-6943CA45,ICICI Bank,"141, Bank Street, Indore, Madhya Pradesh - 822214 (Micro-ATM Kiosk)",Indore,Indore,Madhya Pradesh,22.731422,75.771366,00:00,21:00,0.295,15
ATM-E06A4FBE,Federal Bank,"89, Gandhi Chowk, Kochi, Kerala - 389132 (Offsite ATM)",Kochi,Ernakulam,Kerala,9.939535,76.275945,08:00,22:00,0.623,26
ATM-9BC0372C,Union Bank of India,"110, Gandhi Chowk, Eluru, Andhra Pradesh - 333206 (CSP Outlet)",Eluru,Eluru,Andhra Pradesh,16.816971,81.159427,00:00,23:59,0.219,2
ATM-01E39405,IDBI Bank,"107, Gandhi Chowk, Sri Ganganagar, Rajasthan - 668394 (CSP Outlet)",Sri Ganganagar,Sri Ganganagar,Rajasthan,29.914447,73.955759,00:00,22:00,0.503,8
ATM-A83615BB,Bank of Baroda,"3, Gandhi Chowk, Ahmedabad, Gujarat - 369554 (Offsite ATM)",Ahmedabad,Ahmedabad,Gujarat,22.93217,72.553125,06:00,22:00,0.61,3
ATM-3E732482,State Bank of India,"231, Station Road, Cuttack, Odisha - 841276 (Micro-ATM Kiosk)",Cuttack,Cuttack,Odisha,20.552803,85.957087,00:00,22:00,0.249,17
ATM-E0D709C8,Central Bank of India,"189, Medical College Road, Aurangabad, Maharashtra - 205404 (Micro-ATM Kiosk)",Aurangabad,Aurangabad,Maharashtra,19.899837,75.439346,06:00,22:00,0.605,8
ATM-4AB87F88,Axis Bank,"214, Model Town, Salem, Tamil Nadu - 244939 (Branch ATM)",Salem,Salem,Tamil Nadu,11.574604,78.135347,06:00,23:59,0.162,3
ATM-AD4CB031,YES Bank,"157, Industrial Area, Aizawl, Mizoram - 532639 (Branch ATM)",Aizawl,Aizawl,Mizoram,23.83465,92.703517,08:00,21:00,0.648,43
ATM-1F29B6FE,Bank of India,"224, Sector 17, Bareilly, Uttar Pradesh - 636312 (Micro-ATM Kiosk)",Bareilly,Bareilly,Uttar Pradesh,28.278099,79.473975,00:00,23:59,0.639,7
ATM-6FDC20EA,HDFC Bank,"169, Railway Station Road, Amritsar, Punjab - 632938 (Micro-ATM Kiosk)",Amritsar,Amritsar,Punjab,31.666573,74.959716,07:00,22:00,0.526,11
ATM-225F7728,Axis Bank,"232, Collectorate Road, Cuttack, Odisha - 397647 (CSP Outlet)",Cuttack,Cuttack,Odisha,20.530508,85.886453,08:00,23:59,0.533,44
ATM-1B99072E,YES Bank,"228, Bus Stand Road, Jamshedpur, Jharkhand - 744146 (CSP Outlet)",Jamshedpur,East Singhbhum,Jharkhand,22.829617,86.290581,06:00,21:00,0.345,18
ATM-B9A40FFE,ICICI Bank,"9, Bank Street, Amritsar, Punjab - 296131 (Offsite ATM)",Amritsar,Amritsar,Punjab,31.628443,74.860966,06:00,21:00,0.204,0
ATM-ED449E04,IDBI Bank,"68, Old City, Jamtara, Jharkhand - 211570 (Micro-ATM Kiosk)",Jamtara,Jamtara,Jharkhand,23.958342,86.775797,08:00,22:00,0.817,63
ATM-C06A95E2,Bank of India,"52, Station Road, Guntur, Andhra Pradesh - 513475 (Offsite ATM)",Guntur,Guntur,Andhra Pradesh,16.366517,80.373638,00:00,23:59,0.388,4
ATM-973FFB20,Canara Bank,"145, Industrial Area, Coimbatore, Tamil Nadu - 445385 (Offsite ATM)",Coimbatore,Coimbatore,Tamil Nadu,11.040234,76.873973,08:00,23:59,0.112,27
ATM-B8BC10D8,Union Bank of India,"67, Station Road, Nuh, Haryana - 159617 (CSP Outlet)",Nuh,Nuh (Mewat),Haryana,28.059325,76.91483,07:00,23:59,0.679,11
ATM-C6914AA8,Central Bank of India,"227, Industrial Area, Eluru, Andhra Pradesh - 812203 (Offsite ATM)",Eluru,Eluru,Andhra Pradesh,16.755931,81.075505,08:00,22:00,0.108,41
ATM-8127BCAD,Indian Bank,"194, MG Road, Delhi, Delhi - 689400 (CSP Outlet)",Delhi,New Delhi,Delhi,28.692199,77.259311,08:00,21:00,0.622,79
ATM-D0622A47,Kotak Mahindra Bank,"54, Railway Station Road, Shahjahanpur, Uttar Pradesh - 745718 (Offsite ATM)",Shahjahanpur,Shahjahanpur,Uttar Pradesh,27.897927,80.001352,08:00,21:00,0.449,20
ATM-9E0A5E05,Union Bank of India,"82, Model Town, Panihati, West Bengal - 835565 (CSP Outlet)",Panihati,North 24 Parganas,West Bengal,22.601813,88.366594,06:00,21:00,0.301,45
ATM-67DD1A23,Indian Bank,"230, Bus Stand Road, Bhilai, Chhattisgarh - 834724 (Branch ATM)",Bhilai,Durg,Chhattisgarh,21.142953,81.439527,00:00,21:00,0.357,21
ATM-11EE381F,State Bank of India,"73, Railway Station Road, Cyberabad, Telangana - 594231 (Micro-ATM Kiosk)",Cyberabad,Ranga Reddy,Telangana,17.422518,78.259368,00:00,23:59,0.493,0
ATM-0C7EAF62,Canara Bank,"150, Mandi Road, Nuh, Haryana - 665745 (Offsite ATM)",Nuh,Nuh (Mewat),Haryana,28.025194,76.964151,06:00,22:00,0.56,36
ATM-C02A914C,State Bank of India,"142, Railway Station Road, Noida, Uttar Pradesh - 486271 (CSP Outlet)",Noida,Gautam Buddh Nagar,Uttar Pradesh,28.481388,77.453635,07:00,22:00,0.325,23
ATM-0F37FEEA,Axis Bank,"80, Ring Road, Mumbai, Maharashtra - 408598 (Offsite ATM)",Mumbai,Mumbai Suburban,Maharashtra,19.004877,72.92174,08:00,22:00,0.983,170
ATM-6DC543FF,IDBI Bank,"60, Collectorate Road, Rourkela, Odisha - 660839 (CSP Outlet)",Rourkela,Sundargarh,Odisha,22.358575,84.813306,00:00,23:59,0.624,18
ATM-E464099F,Axis Bank,"192, Main Market, Warangal, Telangana - 410374 (Micro-ATM Kiosk)",Warangal,Warangal,Telangana,17.930194,79.547959,07:00,23:59,0.309,39
ATM-2D1C0326,YES Bank,"204, Ring Road, Delhi, Delhi - 702888 (Branch ATM)",Delhi,New Delhi,Delhi,28.590387,77.133178,06:00,22:00,0.876,173
ATM-850EE069,YES Bank,"88, Kacheri Road, Gorakhpur, Uttar Pradesh - 250920 (CSP Outlet)",Gorakhpur,Gorakhpur,Uttar Pradesh,26.779446,83.477605,06:00,23:59,0.497,20
ATM-F0331AA4,IDBI Bank,"20, Gandhi Chowk, Bhusawal, Maharashtra - 267652 (Offsite ATM)",Bhusawal,Jalgaon,Maharashtra,21.137395,75.845623,07:00,23:59,0.533,43
ATM-4427F240,IDBI Bank,"78, Station Road, Nuh, Haryana - 715497 (CSP Outlet)",Nuh,Nuh (Mewat),Haryana,28.047488,76.996077,07:00,21:00,0.957,127
ATM-15E6B4F9,IndusInd Bank,"116, Mandi Road, Siliguri, West Bengal - 542904 (Branch ATM)",Siliguri,Darjeeling,West Bengal,26.82735,88.318199,00:00,23:59,0.206,15
ATM-1E042398,Federal Bank,"156, Railway Station Road, Aurangabad, Maharashtra - 697975 (Branch ATM)",Aurangabad,Aurangabad,Maharashtra,19.952759,75.383766,06:00,22:00,0.282,27
ATM-5448DEC4,Federal Bank,"58, Mandi Road, Jamtara, Jharkhand - 220993 (Branch ATM)",Jamtara,Jamtara,Jharkhand,24.035122,86.771983,08:00,23:59,1.0,45
ATM-1C802340,YES Bank,"214, Old City, Warangal, Telangana - 798672 (Branch ATM)",Warangal,Warangal,Telangana,17.916427,79.490954,00:00,23:59,0.52,24
ATM-139AD6D0,IndusInd Bank,"183, MG Road, Ranchi, Jharkhand - 115518 (Branch ATM)",Ranchi,Ranchi,Jharkhand,23.324011,85.243498,08:00,22:00,0.765,65
ATM-F770A8F3,Federal Bank,"13, MG Road, Siliguri, West Bengal - 608931 (Offsite ATM)",Siliguri,Darjeeling,West Bengal,26.696852,88.366883,06:00,22:00,0.468,5
ATM-2B90A7E7,Federal Bank,"68, Bus Stand Road, Dehradun, Uttarakhand - 762450 (CSP Outlet)",Dehradun,Dehradun,Uttarakhand,30.288735,78.072267,07:00,23:59,0.506,25
ATM-0760158D,Punjab National Bank,"201, Ring Road, Shimla, Himachal Pradesh - 545514 (CSP Outlet)",Shimla,Shimla,Himachal Pradesh,31.063391,77.091793,06:00,22:00,0.629,33
ATM-8F27FB2D,Indian Bank,"121, Nehru Nagar, Gwalior, Madhya Pradesh - 188857 (CSP Outlet)",Gwalior,Gwalior,Madhya Pradesh,26.18213,78.132595,07:00,23:59,0.192,30
ATM-ACB60C7D,Axis Bank,"52, Main Market, Amritsar, Punjab - 595875 (Branch ATM)",Amritsar,Amritsar,Punjab,31.708689,74.778822,08:00,22:00,0.598,20
ATM-5FC0853D,Canara Bank,"174, Gandhi Chowk, Solapur, Maharashtra - 698154 (Offsite ATM)",Solapur,Solapur,Maharashtra,17.719566,75.909684,07:00,22:00,0.405,37
ATM-0462B3EF,State Bank of India,"239, Railway Station Road, Bhopal, Madhya Pradesh - 565687 (Branch ATM)",Bhopal,Bhopal,Madhya Pradesh,23.172212,77.391316,08:00,22:00,0.139,45
ATM-27034833,HDFC Bank,"211, Railway Station Road, Panihati, West Bengal - 331652 (Micro-ATM Kiosk)",Panihati,North 24 Parganas,West Bengal,22.798282,88.417261,00:00,22:00,0.135,26
ATM-76839351,Bank of India,"53, Sector 17, Jabalpur, Madhya Pradesh - 786621 (Offsite ATM)",Jabalpur,Jabalpur,Madhya Pradesh,23.28159,80.064159,00:00,23:59,0.333,12
ATM-B018B639,Central Bank of India,"182, Railway Station Road, Jaipur, Rajasthan - 555729 (Offsite ATM)",Jaipur,Jaipur,Rajasthan,26.952282,75.836605,00:00,21:00,0.521,36
ATM-3671CE0C,Axis Bank,"13, Civil Lines, Bhubaneswar, Odisha - 758253 (Micro-ATM Kiosk)",Bhubaneswar,Khordha,Odisha,20.392709,85.914607,00:00,22:00,0.546,22
ATM-F0ED93C2,Canara Bank,"11, Collectorate Road, Deoghar, Jharkhand - 482546 (Micro-ATM Kiosk)",Deoghar,Deoghar,Jharkhand,24.411569,86.610034,07:00,23:59,0.576,67
ATM-EDFD8DCF,Punjab National Bank,"34, Bus Stand Road, Lucknow, Uttar Pradesh - 695818 (Micro-ATM Kiosk)",Lucknow,Lucknow,Uttar Pradesh,26.900288,80.923999,06:00,23:59,0.546,29
ATM-0CF94393,ICICI Bank,"34, Medical College Road, Eluru, Andhra Pradesh - 786920 (Offsite ATM)",Eluru,Eluru,Andhra Pradesh,16.737287,81.148743,08:00,23:59,0.306,0
ATM-9C34492C,YES Bank,"94, Main Market, Delhi, Delhi - 842257 (Micro-ATM Kiosk)",Delhi,New Delhi,Delhi,28.587726,77.242308,00:00,22:00,1.0,36
ATM-2BE0DCDF,IndusInd Bank,"39, Sector 17, Bhopal, Madhya Pradesh - 604825 (Offsite ATM)",Bhopal,Bhopal,Madhya Pradesh,23.312075,77.449653,06:00,21:00,0.511,7
ATM-0A3081B4,HDFC Bank,"86, Medical College Road, Eluru, Andhra Pradesh - 399715 (Micro-ATM Kiosk)",Eluru,Eluru,Andhra Pradesh,16.746688,81.191624,07:00,23:59,0.652,2
ATM-D31AD2C3,Federal Bank,"53, Bus Stand Road, Delhi, Delhi - 545277 (Branch ATM)",Delhi,New Delhi,Delhi,28.678235,77.177528,08:00,21:00,0.639,8
ATM-D467DB49,Indian Bank,"53, Main Market, Nashik, Maharashtra - 568757 (Branch ATM)",Nashik,Nashik,Maharashtra,19.949955,73.698653,06:00,21:00,0.438,11
ATM-A7BC9EF0,ICICI Bank,"66, MG Road, Asansol, West Bengal - 130602 (Branch ATM)",Asansol,Paschim Bardhaman,West Bengal,23.646499,87.052281,06:00,23:59,0.571,0
ATM-BF330989,Canara Bank,"18, Medical College Road, Bareilly, Uttar Pradesh - 537591 (CSP Outlet)",Bareilly,Bareilly,Uttar Pradesh,28.291293,79.385444,06:00,21:00,0.626,17
ATM-95FAAAF1,Kotak Mahindra Bank,"236, MG Road, Mumbai, Maharashtra - 149706 (Branch ATM)",Mumbai,Mumbai Suburban,Maharashtra,19.140693,72.864609,00:00,21:00,0.668,94
ATM-449C12DE,Bank of India,"56, Mandi Road, Panihati, West Bengal - 710816 (Offsite ATM)",Panihati,North 24 Parganas,West Bengal,22.729089,88.412799,06:00,21:00,0.548,15
ATM-BF6763D2,Axis Bank,"11, Kacheri Road, Nuh, Haryana - 518260 (Micro-ATM Kiosk)",Nuh,Nuh (Mewat),Haryana,28.016163,77.085588,06:00,21:00,0.745,73
ATM-9607A79A,Bank of India,"87, Medical College Road, Cuttack, Odisha - 728366 (CSP Outlet)",Cuttack,Cuttack,Odisha,20.401065,85.92569,07:00,23:59,0.64,11
ATM-0D1E504D,State Bank of India,"23, Mandi Road, Nagpur, Maharashtra - 673383 (Offsite ATM)",Nagpur,Nagpur,Maharashtra,21.067399,79.191641,08:00,22:00,0.615,8
ATM-EF2D2EC1,Canara Bank,"168, Ring Road, Patna, Bihar - 614839 (Micro-ATM Kiosk)",Patna,Patna,Bihar,25.610623,85.123522,00:00,22:00,0.511,57
ATM-DB97F8E0,ICICI Bank,"63, Railway Station Road, Delhi, Delhi - 407834 (CSP Outlet)",Delhi,New Delhi,Delhi,28.514385,77.241691,07:00,22:00,0.853,152
ATM-E4ED413D,Kotak Mahindra Bank,"70, Bus Stand Road, Giridih, Jharkhand - 475252 (Offsite ATM)",Giridih,Giridih,Jharkhand,24.163188,86.259211,07:00,22:00,0.984,137
ATM-230DE5DC,Indian Bank,"65, Railway Station Road, Vadodara, Gujarat - 216317 (Offsite ATM)",Vadodara,Vadodara,Gujarat,22.237479,73.11492,06:00,22:00,0.468,14
ATM-861765DB,IDBI Bank,"174, Mandi Road, Bharatpur, Rajasthan - 299618 (Micro-ATM Kiosk)",Bharatpur,Bharatpur,Rajasthan,27.290163,77.475866,08:00,23:59,0.643,12
ATM-BAD76638,HDFC Bank,"166, Station Road, Bhiwandi, Maharashtra - 405470 (CSP Outlet)",Bhiwandi,Thane,Maharashtra,19.32317,73.099186,08:00,23:59,0.303,37
ATM-7299FC8B,IndusInd Bank,"181, Sector 17, Eluru, Andhra Pradesh - 459620 (Offsite ATM)",Eluru,Eluru,Andhra Pradesh,16.704862,81.011121,00:00,23:59,0.475,45
ATM-F377C7C9,Punjab National Bank,"185, Ring Road, Amritsar, Punjab - 799866 (Offsite ATM)",Amritsar,Amritsar,Punjab,31.591385,74.952997,08:00,22:00,0.228,25
ATM-07E6F033,YES Bank,"190, Collectorate Road, Bareilly, Uttar Pradesh - 153662 (Branch ATM)",Bareilly,Bareilly,Uttar Pradesh,28.393149,79.369014,07:00,23:59,0.381,41
ATM-7E0DCBEF,Indian Bank,"109, Main Market, Agra, Uttar Pradesh - 260364 (Micro-ATM Kiosk)",Agra,Agra,Uttar Pradesh,27.225426,77.954886,00:00,23:59,0.649,27
ATM-A62BB12A,IDBI Bank,"227, Station Road, Nellore, Andhra Pradesh - 220201 (CSP Outlet)",Nellore,Nellore,Andhra Pradesh,14.384374,80.055741,08:00,23:59,0.245,32
ATM-5D8A992A,IDBI Bank,"167, Nehru Nagar, Aizawl, Mizoram - 223885 (CSP Outlet)",Aizawl,Aizawl,Mizoram,23.622387,92.637062,08:00,23:59,0.26,17
ATM-4E039849,Canara Bank,"209, Model Town, Mysuru, Karnataka - 446312 (CSP Outlet)",Mysuru,Mysuru,Karnataka,12.32147,76.560035,07:00,21:00,0.145,6
ATM-2B9E5230,YES Bank,"40, MG Road, Giridih, Jharkhand - 706984 (Branch ATM)",Giridih,Giridih,Jharkhand,24.272676,86.267663,07:00,22:00,0.77,6
ATM-DFA49201,State Bank of India,"211, Model Town, Tiruchirappalli, Tamil Nadu - 721799 (Micro-ATM Kiosk)",Tiruchirappalli,Tiruchirappalli,Tamil Nadu,10.894475,78.748983,07:00,22:00,0.586,38
ATM-18E278FE,Central Bank of India,"52, Model Town, Amravati, Maharashtra - 116636 (CSP Outlet)",Amravati,Amravati,Maharashtra,21.021176,77.8006,00:00,21:00,0.213,3
ATM-0B8CFD41,Union Bank of India,"205, MG Road, Vadodara, Gujarat - 561412 (CSP Outlet)",Vadodara,Vadodara,Gujarat,22.407241,73.151347,00:00,21:00,0.231,40
ATM-46DEEA8A,Union Bank of India,"206, Railway Station Road, Vijayawada, Andhra Pradesh - 652327 (Branch ATM)",Vijayawada,Krishna,Andhra Pradesh,16.407098,80.596233,07:00,21:00,0.268,4
ATM-44F625BB,IndusInd Bank,"78, Main Market, Mumbai, Maharashtra - 391670 (CSP Outlet)",Mumbai,Mumbai Suburban,Maharashtra,19.13936,72.898429,00:00,22:00,0.787,95
ATM-A7002EB6,Bank of India,"85, Model Town, Jabalpur, Madhya Pradesh - 811404 (CSP Outlet)",Jabalpur,Jabalpur,Madhya Pradesh,23.121127,80.029796,00:00,21:00,0.411,28
ATM-707EA541,Bank of Baroda,"191, Collectorate Road, Alwar, Rajasthan - 355579 (Branch ATM)",Alwar,Alwar,Rajasthan,27.632605,76.557159,00:00,21:00,0.567,22
ATM-8EDA90BD,Indian Bank,"73, Industrial Area, Jamtara, Jharkhand - 615380 (Branch ATM)",Jamtara,Jamtara,Jharkhand,23.96233,86.83124,06:00,21:00,0.467,149
ATM-9D488088,ICICI Bank,"233, Sector 17, Ranchi, Jharkhand - 723152 (CSP Outlet)",Ranchi,Ranchi,Jharkhand,23.386651,85.363499,00:00,23:59,0.471,30
ATM-12248152,Punjab National Bank,"236, Collectorate Road, Patna, Bihar - 427947 (Offsite ATM)",Patna,Patna,Bihar,25.621191,85.093595,08:00,22:00,0.918,130
ATM-DC52043F,Canara Bank,"209, Collectorate Road, Warangal, Telangana - 697929 (Micro-ATM Kiosk)",Warangal,Warangal,Telangana,18.063199,79.625675,06:00,23:59,0.39,39
ATM-8D19FE85,Axis Bank,"57, Gandhi Chowk, Kochi, Kerala - 133704 (Branch ATM)",Kochi,Ernakulam,Kerala,9.996101,76.365599,06:00,21:00,0.481,26
ATM-21A818CF,Canara Bank,"46, Bank Street, Jamshedpur, Jharkhand - 361211 (Offsite ATM)",Jamshedpur,East Singhbhum,Jharkhand,22.86636,86.260045,00:00,22:00,0.662,2
ATM-8655F853,Federal Bank,"210, Mandi Road, Indore, Madhya Pradesh - 510806 (Micro-ATM Kiosk)",Indore,Indore,Madhya Pradesh,22.766148,75.82728,00:00,23:59,0.441,21
ATM-EC95081D,IDBI Bank,"145, Old City, Bareilly, Uttar Pradesh - 520576 (CSP Outlet)",Bareilly,Bareilly,Uttar Pradesh,28.360245,79.447109,07:00,23:59,0.514,1
ATM-B4B94051,Bank of Baroda,"84, Main Market, Varanasi, Uttar Pradesh - 755317 (Branch ATM)",Varanasi,Varanasi,Uttar Pradesh,25.21433,82.897085,06:00,22:00,0.257,29
ATM-DBCA7D18,HDFC Bank,"7, Nehru Nagar, Mathura, Uttar Pradesh - 232633 (CSP Outlet)",Mathura,Mathura,Uttar Pradesh,27.52415,77.580178,08:00,23:59,0.629,34
ATM-1AB6B71D,Bank of India,"33, Ring Road, Varanasi, Uttar Pradesh - 855756 (CSP Outlet)",Varanasi,Varanasi,Uttar Pradesh,25.359817,82.972603,00:00,22:00,0.663,43
ATM-76892753,Bank of Baroda,"26, Bus Stand Road, Chennai, Tamil Nadu - 717325 (Offsite ATM)",Chennai,Chennai,Tamil Nadu,13.172464,80.36285,06:00,21:00,0.105,8
ATM-C57EA236,Kotak Mahindra Bank,"132, Civil Lines, Jamshedpur, Jharkhand - 664108 (Branch ATM)",Jamshedpur,East Singhbhum,Jharkhand,22.76119,86.239928,06:00,22:00,0.14,5
ATM-90DE0603,IDBI Bank,"66, Sector 17, Saharanpur, Uttar Pradesh - 248539 (Branch ATM)",Saharanpur,Saharanpur,Uttar Pradesh,30.07537,77.528402,00:00,22:00,0.39,28
ATM-85024523,Punjab National Bank,"147, MG Road, Firozabad, Uttar Pradesh - 453664 (Offsite ATM)",Firozabad,Firozabad,Uttar Pradesh,27.141809,78.459967,00:00,22:00,0.447,15
ATM-4FDBB1B8,Kotak Mahindra Bank,"180, Railway Station Road, Bikaner, Rajasthan - 519176 (Micro-ATM Kiosk)",Bikaner,Bikaner,Rajasthan,28.042122,73.3127,00:00,21:00,0.269,9
ATM-5F3EEEE4,Punjab National Bank,"103, Industrial Area, Bhopal, Madhya Pradesh - 151329 (Offsite ATM)",Bhopal,Bhopal,Madhya Pradesh,23.186561,77.500363,08:00,23:59,0.521,4
ATM-EBAFFEC6,Central Bank of India,"94, Mandi Road, Ranchi, Jharkhand - 594174 (Offsite ATM)",Ranchi,Ranchi,Jharkhand,23.317455,85.221866,06:00,22:00,1.0,15
ATM-F1F42917,YES Bank,"222, Mandi Road, Lucknow, Uttar Pradesh - 530795 (CSP Outlet)",Lucknow,Lucknow,Uttar Pradesh,26.770873,81.047585,00:00,22:00,0.448,38
ATM-E801DAF8,Indian Bank,"169, Model Town, Kolkata, West Bengal - 157179 (Branch ATM)",Kolkata,Kolkata,West Bengal,22.541088,88.470139,00:00,22:00,0.596,113
ATM-755E3B52,Federal Bank,"191, Gandhi Chowk, Panihati, West Bengal - 446949 (Branch ATM)",Panihati,North 24 Parganas,West Bengal,22.681892,88.323854,00:00,23:59,0.597,30
ATM-E7135E2F,Indian Bank,"190, Mandi Road, Aurangabad, Maharashtra - 674954 (CSP Outlet)",Aurangabad,Aurangabad,Maharashtra,19.819025,75.364623,00:00,23:59,0.312,0
ATM-4B4996F4,Canara Bank,"200, Bank Street, Vadodara, Gujarat - 820557 (Micro-ATM Kiosk)",Vadodara,Vadodara,Gujarat,22.280776,73.154489,08:00,23:59,0.101,32
ATM-FDAC8DF3,IndusInd Bank,"163, Sector 17, Pune, Maharashtra - 635485 (CSP Outlet)",Pune,Pune,Maharashtra,18.436325,73.758442,08:00,22:00,0.348,33
ATM-F45898EF,Axis Bank,"117, Ring Road, Srinagar, Jammu & Kashmir - 599113 (CSP Outlet)",Srinagar,Srinagar,Jammu & Kashmir,34.014458,74.709687,00:00,22:00,0.102,1
ATM-B560F5F0,Central Bank of India,"203, Kacheri Road, Giridih, Jharkhand - 493209 (Branch ATM)",Giridih,Giridih,Jharkhand,24.290439,86.218751,06:00,21:00,0.781,14
ATM-0BB2E921,Punjab National Bank,"79, Model Town, Salem, Tamil Nadu - 445570 (Micro-ATM Kiosk)",Salem,Salem,Tamil Nadu,11.682396,78.227221,00:00,23:59,0.203,8
ATM-C3840B79,Punjab National Bank,"12, Station Road, Mathura, Uttar Pradesh - 474746 (CSP Outlet)",Mathura,Mathura,Uttar Pradesh,27.490837,77.689217,07:00,23:59,0.834,148
ATM-49B7EB78,Bank of Baroda,"19, Gandhi Chowk, Coimbatore, Tamil Nadu - 497586 (Branch ATM)",Coimbatore,Coimbatore,Tamil Nadu,11.071669,76.875325,06:00,22:00,0.377,38
ATM-CCD47A02,Bank of India,"204, Ring Road, Bareilly, Uttar Pradesh - 764171 (CSP Outlet)",Bareilly,Bareilly,Uttar Pradesh,28.473775,79.478979,06:00,22:00,0.408,15
ATM-12FA262C,Bank of India,"58, Sector 17, Siliguri, West Bengal - 371172 (Micro-ATM Kiosk)",Siliguri,Darjeeling,West Bengal,26.811826,88.319621,06:00,23:59,0.336,41
ATM-AEEECECB,Indian Bank,"134, Kacheri Road, Cuttack, Odisha - 846241 (Micro-ATM Kiosk)",Cuttack,Cuttack,Odisha,20.562528,85.96913,08:00,22:00,0.561,39
ATM-D4606A75,Indian Bank,"103, Ring Road, Alwar, Rajasthan - 416410 (Micro-ATM Kiosk)",Alwar,Alwar,Rajasthan,27.594739,76.713352,06:00,22:00,0.789,38
ATM-5C8FAD8E,HDFC Bank,"224, Railway Station Road, Ludhiana, Punjab - 256608 (Branch ATM)",Ludhiana,Ludhiana,Punjab,30.830871,75.815128,08:00,23:59,0.547,32
ATM-2ABCF988,Punjab National Bank,"137, Railway Station Road, Shahjahanpur, Uttar Pradesh - 270255 (Branch ATM)",Shahjahanpur,Shahjahanpur,Uttar Pradesh,27.931001,79.855224,08:00,23:59,0.266,15
ATM-1A7FCB32,Indian Bank,"98, Gandhi Chowk, Ludhiana, Punjab - 635249 (Offsite ATM)",Ludhiana,Ludhiana,Punjab,30.890535,75.836021,00:00,22:00,0.583,38
ATM-8A7E773E,ICICI Bank,"177, Railway Station Road, Ranchi, Jharkhand - 588196 (Branch ATM)",Ranchi,Ranchi,Jharkhand,23.344333,85.232933,08:00,21:00,0.951,150
ATM-2A5F0BBF,Indian Bank,"218, Mandi Road, Lucknow, Uttar Pradesh - 157890 (Micro-ATM Kiosk)",Lucknow,Lucknow,Uttar Pradesh,26.795276,80.99959,07:00,21:00,0.376,23
ATM-D100B524,Punjab National Bank,"98, Collectorate Road, Dhanbad, Jharkhand - 503969 (Branch ATM)",Dhanbad,Dhanbad,Jharkhand,23.759512,86.436586,07:00,21:00,0.236,10
ATM-31F2864F,IndusInd Bank,"125, Railway Station Road, Jaipur, Rajasthan - 245761 (Offsite ATM)",Jaipur,Jaipur,Rajasthan,26.806094,75.77472,07:00,22:00,0.321,32
ATM-8B1A5A3A,Axis Bank,"33, Model Town, Dehradun, Uttarakhand - 184470 (Offsite ATM)",Dehradun,Dehradun,Uttarakhand,30.231353,77.996477,00:00,21:00,0.386,44
ATM-41616542,Bank of India,"168, Kacheri Road, Panihati, West Bengal - 324766 (Micro-ATM Kiosk)",Panihati,North 24 Parganas,West Bengal,22.631268,88.473373,07:00,23:59,0.179,24
ATM-137A9BB6,Canara Bank,"41, Medical College Road, Indore, Madhya Pradesh - 577298 (Branch ATM)",Indore,Indore,Madhya Pradesh,22.70589,75.816959,06:00,23:59,0.232,33
ATM-AB2F4EB0,State Bank of India,"111, Model Town, Warangal, Telangana - 531527 (Offsite ATM)",Warangal,Warangal,Telangana,17.95013,79.504228,08:00,23:59,0.513,2
ATM-1B6420BC,IDBI Bank,"81, Gandhi Chowk, Ghaziabad, Uttar Pradesh - 579758 (Branch ATM)",Ghaziabad,Ghaziabad,Uttar Pradesh,28.600792,77.530722,00:00,21:00,0.273,43
ATM-6D2804C2,Union Bank of India,"189, Bus Stand Road, Gwalior, Madhya Pradesh - 761806 (CSP Outlet)",Gwalior,Gwalior,Madhya Pradesh,26.166848,78.229002,07:00,21:00,0.311,31
ATM-750EBB42,HDFC Bank,"85, Railway Station Road, Shimla, Himachal Pradesh - 562114 (Branch ATM)",Shimla,Shimla,Himachal Pradesh,31.044879,77.08549,08:00,23:59,0.271,41
ATM-CA941833,Bank of India,"199, Industrial Area, Aizawl, Mizoram - 724995 (Offsite ATM)",Aizawl,Aizawl,Mizoram,23.787675,92.787716,08:00,23:59,0.399,3
ATM-A7CCD83C,Federal Bank,"103, Main Market, Hyderabad, Telangana - 414132 (CSP Outlet)",Hyderabad,Hyderabad,Telangana,17.457492,78.544848,00:00,21:00,0.519,3
ATM-05A18C18,IDBI Bank,"141, Mandi Road, Bhilai, Chhattisgarh - 671732 (Branch ATM)",Bhilai,Durg,Chhattisgarh,21.098332,81.319888,08:00,21:00,0.648,38
ATM-6F034967,Punjab National Bank,"56, Civil Lines, Aurangabad, Maharashtra - 392886 (CSP Outlet)",Aurangabad,Aurangabad,Maharashtra,19.982882,75.426785,08:00,22:00,0.616,45
ATM-FB5005DF,IndusInd Bank,"82, Mandi Road, Amravati, Maharashtra - 493875 (Branch ATM)",Amravati,Amravati,Maharashtra,20.961607,77.885942,06:00,22:00,0.586,29
ATM-28F52B72,IDBI Bank,"31, Main Market, Nellore, Andhra Pradesh - 200687 (CSP Outlet)",Nellore,Nellore,Andhra Pradesh,14.440094,80.043387,00:00,22:00,0.198,42
ATM-9D76D4A4,YES Bank,"218, Ring Road, Indore, Madhya Pradesh - 129763 (Offsite ATM)",Indore,Indore,Madhya Pradesh,22.776829,75.869973,00:00,21:00,0.45,14
ATM-DD0D1DFF,Bank of India,"97, Industrial Area, Giridih, Jharkhand - 481406 (Micro-ATM Kiosk)",Giridih,Giridih,Jharkhand,24.259785,86.308156,06:00,23:59,0.486,104
ATM-C02F4A27,IDBI Bank,"213, Nehru Nagar, Saharanpur, Uttar Pradesh - 636809 (Micro-ATM Kiosk)",Saharanpur,Saharanpur,Uttar Pradesh,30.010473,77.605925,00:00,22:00,0.635,14
ATM-24AB644D,IDBI Bank,"114, Kacheri Road, Alwar, Rajasthan - 829246 (CSP Outlet)",Alwar,Alwar,Rajasthan,27.447368,76.539922,07:00,23:59,0.585,66
ATM-F8E61784,Punjab National Bank,"31, Mandi Road, Bikaner, Rajasthan - 760809 (Branch ATM)",Bikaner,Bikaner,Rajasthan,27.988412,73.260824,00:00,21:00,0.401,34
ATM-AC5B4215,Bank of Baroda,"137, Medical College Road, Patna, Bihar - 708509 (Micro-ATM Kiosk)",Patna,Patna,Bihar,25.625243,85.227039,08:00,21:00,0.656,10
ATM-8FE6C71D,Indian Bank,"117, Ring Road, Tiruchirappalli, Tamil Nadu - 136211 (Offsite ATM)",Tiruchirappalli,Tiruchirappalli,Tamil Nadu,10.731886,78.601333,00:00,23:59,0.252,11
ATM-63F6D6B8,Punjab National Bank,"57, Bank Street, Alwar, Rajasthan - 504530 (Branch ATM)",Alwar,Alwar,Rajasthan,27.476099,76.552372,08:00,21:00,0.654,162
ATM-842A9860,Indian Bank,"155, Main Market, Vadodara, Gujarat - 389234 (Branch ATM)",Vadodara,Vadodara,Gujarat,22.379644,73.097441,07:00,21:00,0.631,36
ATM-0BF3B2D8,Union Bank of India,"239, Main Market, Guwahati, Assam - 743311 (Branch ATM)",Guwahati,Kamrup Metropolitan,Assam,26.190291,91.656042,06:00,22:00,0.231,32
ATM-A3C43705,YES Bank,"214, Bus Stand Road, Ahmedabad, Gujarat - 655657 (CSP Outlet)",Ahmedabad,Ahmedabad,Gujarat,22.966366,72.591153,08:00,21:00,0.624,1
ATM-B7892184,Bank of Baroda,"104, Gandhi Chowk, Nagpur, Maharashtra - 711347 (Offsite ATM)",Nagpur,Nagpur,Maharashtra,21.163555,79.155381,07:00,23:59,0.415,14
ATM-700883F6,Indian Bank,"138, Sector 17, Bhusawal, Maharashtra - 651641 (Branch ATM)",Bhusawal,Jalgaon,Maharashtra,21.120811,75.768255,07:00,22:00,0.422,18
ATM-0710555F,YES Bank,"190, Station Road, Varanasi, Uttar Pradesh - 635635 (Offsite ATM)",Varanasi,Varanasi,Uttar Pradesh,25.252953,82.994895,00:00,23:59,0.474,29
ATM-9164E64E,IndusInd Bank,"192, Main Market, Firozabad, Uttar Pradesh - 707965 (Branch ATM)",Firozabad,Firozabad,Uttar Pradesh,27.071102,78.331178,00:00,22:00,0.369,30
ATM-1E78F26B,Central Bank of India,"237, Gandhi Chowk, Gwalior, Madhya Pradesh - 436665 (Branch ATM)",Gwalior,Gwalior,Madhya Pradesh,26.14231,78.170727,00:00,23:59,0.675,12
ATM-1DE8A217,Federal Bank,"116, Model Town, Bikaner, Rajasthan - 575935 (CSP Outlet)",Bikaner,Bikaner,Rajasthan,27.98545,73.26262,07:00,23:59,0.581,10
ATM-19862BAE,Punjab National Bank,"116, Model Town, Bhopal, Madhya Pradesh - 467606 (Micro-ATM Kiosk)",Bhopal,Bhopal,Madhya Pradesh,23.18921,77.515421,06:00,21:00,0.447,20
ATM-009792BF,HDFC Bank,"26, Collectorate Road, Shimla, Himachal Pradesh - 361978 (Offsite ATM)",Shimla,Shimla,Himachal Pradesh,31.033093,77.271124,00:00,21:00,0.339,14
ATM-4A8C43D3,Axis Bank,"214, Kacheri Road, Jaipur, Rajasthan - 843699 (Micro-ATM Kiosk)",Jaipur,Jaipur,Rajasthan,26.911559,75.809393,08:00,23:59,0.216,36
ATM-D52C1669,Punjab National Bank,"13, Main Market, Bikaner, Rajasthan - 145232 (Offsite ATM)",Bikaner,Bikaner,Rajasthan,28.048473,73.300612,06:00,22:00,0.246,25
ATM-D557F82D,Federal Bank,"172, Railway Station Road, Warangal, Telangana - 640413 (Offsite ATM)",Warangal,Warangal,Telangana,17.991403,79.638242,08:00,21:00,0.677,32
ATM-09A8C4A7,Punjab National Bank,"214, MG Road, Bhusawal, Maharashtra - 255616 (Micro-ATM Kiosk)",Bhusawal,Jalgaon,Maharashtra,21.136949,75.875832,06:00,23:59,0.152,23
ATM-B56C4E22,Punjab National Bank,"154, Medical College Road, Jaipur, Rajasthan - 394977 (Branch ATM)",Jaipur,Jaipur,Rajasthan,26.884066,75.789675,00:00,21:00,0.624,26
ATM-E8128D0E,Punjab National Bank,"178, Collectorate Road, Jodhpur, Rajasthan - 408988 (Offsite ATM)",Jodhpur,Jodhpur,Rajasthan,26.202566,72.935086,08:00,23:59,0.614,24
ATM-A9BFC61C,Federal Bank,"71, Gandhi Chowk, Jaipur, Rajasthan - 294505 (CSP Outlet)",Jaipur,Jaipur,Rajasthan,26.943515,75.858341,00:00,21:00,0.301,15
ATM-039757BF,Axis Bank,"75, Model Town, Tiruchirappalli, Tamil Nadu - 114195 (Offsite ATM)",Tiruchirappalli,Tiruchirappalli,Tamil Nadu,10.886672,78.697187,08:00,23:59,0.617,2
ATM-01348F22,IDBI Bank,"82, Ring Road, Chennai, Tamil Nadu - 605404 (CSP Outlet)",Chennai,Chennai,Tamil Nadu,13.125788,80.314983,08:00,22:00,0.693,35
ATM-2CE988E4,YES Bank,"58, Station Road, Pune, Maharashtra - 662451 (Branch ATM)",Pune,Pune,Maharashtra,18.553376,73.94789,08:00,21:00,0.317,5
ATM-CACED87B,Central Bank of India,"10, Bus Stand Road, Sri Ganganagar, Rajasthan - 749288 (CSP Outlet)",Sri Ganganagar,Sri Ganganagar,Rajasthan,30.005461,73.948337,00:00,23:59,0.265,0
ATM-475FE9BB,Federal Bank,"68, Industrial Area, Gorakhpur, Uttar Pradesh - 791947 (Offsite ATM)",Gorakhpur,Gorakhpur,Uttar Pradesh,26.781177,83.313161,08:00,23:59,0.304,2
ATM-A874E9BC,Axis Bank,"134, Sector 17, Thiruvananthapuram, Kerala - 254181 (Micro-ATM Kiosk)",Thiruvananthapuram,Thiruvananthapuram,Kerala,8.439544,76.956158,07:00,22:00,0.348,17
ATM-2E4992D2,IndusInd Bank,"103, Collectorate Road, Aizawl, Mizoram - 747675 (Branch ATM)",Aizawl,Aizawl,Mizoram,23.628406,92.772745,07:00,23:59,0.289,1
ATM-1DC4BFF7,Central Bank of India,"31, Gandhi Chowk, Tiruchirappalli, Tamil Nadu - 232366 (Micro-ATM Kiosk)",Tiruchirappalli,Tiruchirappalli,Tamil Nadu,10.808871,78.774367,07:00,21:00,0.239,39
ATM-556634EE,HDFC Bank,"222, Main Market, Jamshedpur, Jharkhand - 196777 (CSP Outlet)",Jamshedpur,East Singhbhum,Jharkhand,22.878781,86.113643,08:00,23:59,0.541,39
ATM-93F3A386,Bank of India,"39, Old City, Patna, Bihar - 118785 (Branch ATM)",Patna,Patna,Bihar,25.587669,85.109051,00:00,23:59,0.835,55
ATM-8EAAA1F6,HDFC Bank,"90, Main Market, Jamshedpur, Jharkhand - 521622 (CSP Outlet)",Jamshedpur,East Singhbhum,Jharkhand,22.710373,86.165403,07:00,22:00,0.449,17
ATM-B3F53FC0,YES Bank,"130, Bank Street, Asansol, West Bengal - 826771 (Branch ATM)",Asansol,Paschim Bardhaman,West Bengal,23.737114,87.044155,08:00,22:00,0.418,13
ATM-5D470D79,HDFC Bank,"28, Bank Street, Guwahati, Assam - 272442 (Micro-ATM Kiosk)",Guwahati,Kamrup Metropolitan,Assam,26.055449,91.765202,08:00,23:59,0.179,34
ATM-7761803E,Indian Bank,"166, Sector 17, Gorakhpur, Uttar Pradesh - 703523 (Branch ATM)",Gorakhpur,Gorakhpur,Uttar Pradesh,26.794812,83.301523,07:00,21:00,0.3,17
ATM-A77091CD,Axis Bank,"181, Station Road, Tiruchirappalli, Tamil Nadu - 302437 (Micro-ATM Kiosk)",Tiruchirappalli,Tiruchirappalli,Tamil Nadu,10.733443,78.795961,07:00,21:00,0.139,3
ATM-69DEAE77,Indian Bank,"140, Industrial Area, Guntur, Andhra Pradesh - 520660 (Branch ATM)",Guntur,Guntur,Andhra Pradesh,16.373333,80.518416,08:00,21:00,0.563,39
ATM-8DB6547D,State Bank of India,"51, Collectorate Road, Bareilly, Uttar Pradesh - 658197 (CSP Outlet)",Bareilly,Bareilly,Uttar Pradesh,28.324038,79.478669,06:00,22:00,0.239,34
ATM-BD0CF196,HDFC Bank,"36, Kacheri Road, Bikaner, Rajasthan - 689725 (Offsite ATM)",Bikaner,Bikaner,Rajasthan,27.990743,73.221838,07:00,23:59,0.317,23
ATM-E752E4DE,Canara Bank,"56, Old City, Saharanpur, Uttar Pradesh - 455821 (Micro-ATM Kiosk)",Saharanpur,Saharanpur,Uttar Pradesh,29.887915,77.588658,07:00,22:00,0.131,32
ATM-1181ADEB,HDFC Bank,"71, Kacheri Road, Rourkela, Odisha - 579659 (Offsite ATM)",Rourkela,Sundargarh,Odisha,22.293969,84.957534,08:00,21:00,0.551,41
ATM-B998AE1B,Canara Bank,"212, Railway Station Road, Srinagar, Jammu & Kashmir - 345372 (Offsite ATM)",Srinagar,Srinagar,Jammu & Kashmir,34.091674,74.897356,07:00,23:59,0.428,1
ATM-2C8FCCEC,Central Bank of India,"239, Gandhi Chowk, Chandigarh, Chandigarh - 224871 (Branch ATM)",Chandigarh,Chandigarh,Chandigarh,30.774527,76.767997,00:00,21:00,0.656,19
ATM-39FEE409,Bank of India,"96, Ring Road, Saharanpur, Uttar Pradesh - 572529 (Micro-ATM Kiosk)",Saharanpur,Saharanpur,Uttar Pradesh,29.955673,77.532812,06:00,22:00,0.297,29
ATM-52BCF537,Kotak Mahindra Bank,"188, Railway Station Road, Bhilai, Chhattisgarh - 763515 (CSP Outlet)",Bhilai,Durg,Chhattisgarh,21.28573,81.381828,06:00,23:59,0.673,31
ATM-9C6641FF,Bank of Baroda,"125, Bus Stand Road, Noida, Uttar Pradesh - 621135 (Offsite ATM)",Noida,Gautam Buddh Nagar,Uttar Pradesh,28.429727,77.32625,08:00,22:00,0.643,26
ATM-885303A1,Punjab National Bank,"175, Collectorate Road, Bikaner, Rajasthan - 852270 (CSP Outlet)",Bikaner,Bikaner,Rajasthan,28.063969,73.29623,08:00,21:00,0.516,8
ATM-DEE26385,Kotak Mahindra Bank,"235, Bus Stand Road, Thiruvananthapuram, Kerala - 419289 (Branch ATM)",Thiruvananthapuram,Thiruvananthapuram,Kerala,8.622349,77.020067,00:00,22:00,0.515,26
ATM-07D5D073,Federal Bank,"24, Collectorate Road, Kanpur, Uttar Pradesh - 323503 (Micro-ATM Kiosk)",Kanpur,Kanpur Nagar,Uttar Pradesh,26.499833,80.427756,06:00,23:59,0.677,16
ATM-AA7A8EF0,Union Bank of India,"135, Industrial Area, Kota, Rajasthan - 262950 (Branch ATM)",Kota,Kota,Rajasthan,25.215649,75.868619,06:00,21:00,0.582,16
ATM-BFE32B21,HDFC Bank,"236, Bank Street, Kanpur, Uttar Pradesh - 661836 (Branch ATM)",Kanpur,Kanpur Nagar,Uttar Pradesh,26.341807,80.355442,08:00,23:59,0.526,43
ATM-DD93F972,HDFC Bank,"87, Collectorate Road, Madurai, Tamil Nadu - 444408 (Offsite ATM)",Madurai,Madurai,Tamil Nadu,10.017673,78.052898,07:00,23:59,0.44,7
ATM-F7F184B9,IDBI Bank,"44, Nehru Nagar, Nuh, Haryana - 494577 (CSP Outlet)",Nuh,Nuh (Mewat),Haryana,28.008718,77.063783,00:00,22:00,1.0,80
ATM-3F42D447,IDBI Bank,"175, Railway Station Road, Nellore, Andhra Pradesh - 314970 (Micro-ATM Kiosk)",Nellore,Nellore,Andhra Pradesh,14.364774,79.945717,07:00,23:59,0.481,22
ATM-55F9748B,Bank of India,"50, Station Road, Ghaziabad, Uttar Pradesh - 484121 (Branch ATM)",Ghaziabad,Ghaziabad,Uttar Pradesh,28.567492,77.5276,07:00,21:00,0.457,21
ATM-2FAD10CE,Union Bank of India,"115, Civil Lines, Ludhiana, Punjab - 178118 (CSP Outlet)",Ludhiana,Ludhiana,Punjab,30.93762,75.765514,08:00,21:00,0.141,42
ATM-96F24128,Axis Bank,"215, Civil Lines, Siliguri, West Bengal - 393684 (Branch ATM)",Siliguri,Darjeeling,West Bengal,26.732277,88.384876,00:00,22:00,0.551,27
ATM-60BF2C77,Canara Bank,"87, Nehru Nagar, Mumbai, Maharashtra - 668637 (Branch ATM)",Mumbai,Mumbai Suburban,Maharashtra,19.009675,72.888835,08:00,23:59,0.81,43
ATM-28D68F8E,Canara Bank,"151, Bus Stand Road, Jamshedpur, Jharkhand - 749816 (Micro-ATM Kiosk)",Jamshedpur,East Singhbhum,Jharkhand,22.909241,86.101174,06:00,21:00,0.672,27
ATM-3B91C0B7,Axis Bank,"164, Main Market, Solapur, Maharashtra - 845133 (CSP Outlet)",Solapur,Solapur,Maharashtra,17.589207,75.834113,06:00,21:00,0.262,43
ATM-BE54AD91,IndusInd Bank,"185, Bank Street, Alwar, Rajasthan - 573330 (Offsite ATM)",Alwar,Alwar,Rajasthan,27.548562,76.577095,07:00,21:00,0.986,82
ATM-F0CC75E3,Canara Bank,"216, Industrial Area, Siliguri, West Bengal - 413527 (Offsite ATM)",Siliguri,Darjeeling,West Bengal,26.629078,88.349244,00:00,23:59,0.515,39
ATM-79EF5C0B,Axis Bank,"25, Sector 17, Patna, Bihar - 180636 (Micro-ATM Kiosk)",Patna,Patna,Bihar,25.69331,85.207834,07:00,23:59,0.663,102
ATM-7474A672,Axis Bank,"199, Sector 17, Hyderabad, Telangana - 150691 (Branch ATM)",Hyderabad,Hyderabad,Telangana,17.402969,78.541202,00:00,23:59,0.34,11
ATM-3A6E3CCE,Bank of Baroda,"121, Mandi Road, Gorakhpur, Uttar Pradesh - 440599 (Micro-ATM Kiosk)",Gorakhpur,Gorakhpur,Uttar Pradesh,26.710114,83.428385,07:00,23:59,0.483,45
ATM-4F501847,Punjab National Bank,"197, Station Road, Warangal, Telangana - 452268 (Offsite ATM)",Warangal,Warangal,Telangana,18.073697,79.641625,00:00,22:00,0.683,25
ATM-3D14325E,Bank of Baroda,"152, Collectorate Road, Ahmedabad, Gujarat - 813162 (Micro-ATM Kiosk)",Ahmedabad,Ahmedabad,Gujarat,22.99692,72.51249,00:00,23:59,0.53,12
ATM-AC51D1D5,Union Bank of India,"130, Mandi Road, Srinagar, Jammu & Kashmir - 709959 (Offsite ATM)",Srinagar,Srinagar,Jammu & Kashmir,34.024477,74.857063,06:00,23:59,0.145,19
ATM-E173071B,YES Bank,"94, Kacheri Road, Alwar, Rajasthan - 420573 (Branch ATM)",Alwar,Alwar,Rajasthan,27.581506,76.6924,00:00,22:00,0.921,29
ATM-A535C1D2,ICICI Bank,"214, Industrial Area, Nellore, Andhra Pradesh - 765873 (Offsite ATM)",Nellore,Nellore,Andhra Pradesh,14.440801,80.041506,08:00,22:00,0.39,41
ATM-AAEA337C,Axis Bank,"194, Main Market, Lucknow, Uttar Pradesh - 648834 (Micro-ATM Kiosk)",Lucknow,Lucknow,Uttar Pradesh,26.834207,80.84695,00:00,21:00,0.371,6
ATM-C0A9179D,Punjab National Bank,"25, Gandhi Chowk, Ludhiana, Punjab - 181506 (CSP Outlet)",Ludhiana,Ludhiana,Punjab,30.921309,75.774247,08:00,23:59,0.177,18
ATM-3F5B2BE4,Punjab National Bank,"53, Model Town, Warangal, Telangana - 404447 (Offsite ATM)",Warangal,Warangal,Telangana,17.941734,79.664688,06:00,21:00,0.231,35
ATM-33AEC46C,IDBI Bank,"138, Kacheri Road, Gwalior, Madhya Pradesh - 579257 (Branch ATM)",Gwalior,Gwalior,Madhya Pradesh,26.286517,78.092097,08:00,22:00,0.631,36
ATM-E19D9DEB,Federal Bank,"99, Model Town, Patna, Bihar - 381573 (Micro-ATM Kiosk)",Patna,Patna,Bihar,25.601837,85.161259,08:00,22:00,0.956,28
ATM-1363270C,Punjab National Bank,"99, Collectorate Road, Aizawl, Mizoram - 800120 (Branch ATM)",Aizawl,Aizawl,Mizoram,23.789176,92.618946,06:00,23:59,0.506,22
ATM-CAFDF781,State Bank of India,"118, Model Town, Nagpur, Maharashtra - 200265 (Offsite ATM)",Nagpur,Nagpur,Maharashtra,21.116896,79.151173,07:00,23:59,0.39,43
ATM-86D9C2AC,Canara Bank,"45, Collectorate Road, Guntur, Andhra Pradesh - 780546 (Offsite ATM)",Guntur,Guntur,Andhra Pradesh,16.286878,80.360272,07:00,21:00,0.156,0
ATM-AFFA4FEF,Axis Bank,"6, Civil Lines, Bhubaneswar, Odisha - 396773 (Branch ATM)",Bhubaneswar,Khordha,Odisha,20.37825,85.887845,08:00,23:59,0.211,33
ATM-0D10A4B5,Canara Bank,"174, Kacheri Road, Rourkela, Odisha - 327742 (Micro-ATM Kiosk)",Rourkela,Sundargarh,Odisha,22.297418,84.898584,06:00,22:00,0.398,4
ATM-60719761,Central Bank of India,"115, Mandi Road, Bharatpur, Rajasthan - 401359 (Offsite ATM)",Bharatpur,Bharatpur,Rajasthan,27.188325,77.392285,00:00,23:59,0.462,55
ATM-75C4E9AC,Bank of Baroda,"172, Kacheri Road, Coimbatore, Tamil Nadu - 242950 (Offsite ATM)",Coimbatore,Coimbatore,Tamil Nadu,10.937533,77.001629,06:00,22:00,0.63,14
ATM-E4DEE25B,Punjab National Bank,"26, Railway Station Road, Jabalpur, Madhya Pradesh - 595338 (CSP Outlet)",Jabalpur,Jabalpur,Madhya Pradesh,23.201718,79.912542,08:00,23:59,0.558,5
ATM-080A70F0,Bank of Baroda,"146, Railway Station Road, Durgapur, West Bengal - 300764 (Micro-ATM Kiosk)",Durgapur,Paschim Bardhaman,West Bengal,23.53895,87.412891,00:00,21:00,0.437,35
ATM-945E7D9A,YES Bank,"172, Station Road, Cyberabad, Telangana - 124443 (Offsite ATM)",Cyberabad,Ranga Reddy,Telangana,17.445168,78.347594,08:00,23:59,0.43,7
ATM-57A11119,IndusInd Bank,"123, Sector 17, Hyderabad, Telangana - 124608 (Micro-ATM Kiosk)",Hyderabad,Hyderabad,Telangana,17.327822,78.535784,07:00,21:00,0.518,24
ATM-05D75A23,Central Bank of India,"69, Ring Road, Rourkela, Odisha - 166879 (Branch ATM)",Rourkela,Sundargarh,Odisha,22.33014,84.91768,00:00,22:00,0.39,17
ATM-19318113,ICICI Bank,"8, Bus Stand Road, Bhusawal, Maharashtra - 575799 (CSP Outlet)",Bhusawal,Jalgaon,Maharashtra,20.953551,75.69027,06:00,21:00,0.505,0
ATM-C0748E78,State Bank of India,"97, Model Town, Dehradun, Uttarakhand - 425642 (Offsite ATM)",Dehradun,Dehradun,Uttarakhand,30.38753,78.118818,00:00,21:00,0.477,35
ATM-1BE62FC2,Canara Bank,"238, Bus Stand Road, Amravati, Maharashtra - 340107 (Offsite ATM)",Amravati,Amravati,Maharashtra,20.914631,77.730587,07:00,23:59,0.127,35
ATM-9F280589,Canara Bank,"83, Industrial Area, Jabalpur, Madhya Pradesh - 630471 (Offsite ATM)",Jabalpur,Jabalpur,Madhya Pradesh,23.206924,79.924701,00:00,22:00,0.583,33
ATM-82AF3E49,HDFC Bank,"21, Mandi Road, Srinagar, Jammu & Kashmir - 638823 (Micro-ATM Kiosk)",Srinagar,Srinagar,Jammu & Kashmir,34.085107,74.697088,00:00,23:59,0.348,28
ATM-A386009E,Central Bank of India,"181, Bus Stand Road, Nagpur, Maharashtra - 540550 (Micro-ATM Kiosk)",Nagpur,Nagpur,Maharashtra,21.039456,79.122543,08:00,22:00,0.4,15
ATM-D9AF0BCA,HDFC Bank,"115, Sector 17, Gorakhpur, Uttar Pradesh - 637465 (CSP Outlet)",Gorakhpur,Gorakhpur,Uttar Pradesh,26.797456,83.310416,00:00,21:00,0.134,12
ATM-368F5B22,YES Bank,"44, Sector 17, Nuh, Haryana - 165475 (Offsite ATM)",Nuh,Nuh (Mewat),Haryana,28.190625,77.021315,00:00,23:59,0.881,120
ATM-3E1905DB,Union Bank of India,"41, Collectorate Road, Guwahati, Assam - 129352 (Branch ATM)",Guwahati,Kamrup Metropolitan,Assam,26.198273,91.81003,06:00,22:00,0.601,12
ATM-5AB77900,Bank of India,"146, Station Road, Nuh, Haryana - 174252 (Offsite ATM)",Nuh,Nuh (Mewat),Haryana,28.163589,76.970196,08:00,23:59,0.661,148
ATM-4635E81F,Indian Bank,"188, Industrial Area, Jaipur, Rajasthan - 200110 (CSP Outlet)",Jaipur,Jaipur,Rajasthan,26.974607,75.825389,07:00,21:00,0.439,16
ATM-BE233C11,Kotak Mahindra Bank,"225, Sector 17, Vijayawada, Andhra Pradesh - 121168 (Micro-ATM Kiosk)",Vijayawada,Krishna,Andhra Pradesh,16.570312,80.610608,07:00,22:00,0.116,42
ATM-33D98EBC,ICICI Bank,"177, Civil Lines, Chennai, Tamil Nadu - 185464 (CSP Outlet)",Chennai,Chennai,Tamil Nadu,13.111943,80.371811,00:00,21:00,0.228,43
ATM-5EF1EA5E,Axis Bank,"55, Old City, Thiruvananthapuram, Kerala - 394699 (Branch ATM)",Thiruvananthapuram,Thiruvananthapuram,Kerala,8.612414,76.86158,08:00,21:00,0.434,4
ATM-20D59A75,YES Bank,"222, Medical College Road, Nuh, Haryana - 113764 (Micro-ATM Kiosk)",Nuh,Nuh (Mewat),Haryana,28.030225,76.939418,08:00,21:00,0.647,27
ATM-864B4026,Federal Bank,"4, Civil Lines, Ludhiana, Punjab - 696620 (Branch ATM)",Ludhiana,Ludhiana,Punjab,30.8505,75.869308,07:00,21:00,0.511,40
ATM-A50DE7B5,HDFC Bank,"45, Old City, Vijayawada, Andhra Pradesh - 849690 (Micro-ATM Kiosk)",Vijayawada,Krishna,Andhra Pradesh,16.506091,80.597054,00:00,23:59,0.254,40
ATM-C1D3DE30,State Bank of India,"27, Gandhi Chowk, Aizawl, Mizoram - 389372 (Branch ATM)",Aizawl,Aizawl,Mizoram,23.644356,92.749225,00:00,22:00,0.219,13
ATM-66B3C7DF,Indian Bank,"173, Main Market, Siliguri, West Bengal - 823182 (CSP Outlet)",Siliguri,Darjeeling,West Bengal,26.719665,88.359176,06:00,22:00,0.673,45
ATM-1C068268,Indian Bank,"231, Old City, Jodhpur, Rajasthan - 766747 (Offsite ATM)",Jodhpur,Jodhpur,Rajasthan,26.288492,73.06131,00:00,23:59,0.628,11
ATM-869ACAF3,Indian Bank,"197, Civil Lines, Warangal, Telangana - 581540 (Branch ATM)",Warangal,Warangal,Telangana,18.009013,79.491188,07:00,21:00,0.66,20
ATM-BD4F6EBE,Federal Bank,"71, Station Road, Bhubaneswar, Odisha - 365540 (Micro-ATM Kiosk)",Bhubaneswar,Khordha,Odisha,20.198694,85.745994,06:00,21:00,0.241,26
ATM-EEFD0201,HDFC Bank,"124, Model Town, Delhi, Delhi - 310997 (Branch ATM)",Delhi,New Delhi,Delhi,28.6283,77.162479,07:00,23:59,0.881,91
ATM-B9AE7D4B,Bank of Baroda,"154, Old City, Jaipur, Rajasthan - 361447 (Branch ATM)",Jaipur,Jaipur,Rajasthan,26.960445,75.86058,07:00,22:00,0.501,28
ATM-7A538BB2,Indian Bank,"49, Ring Road, Bhiwandi, Maharashtra - 646650 (CSP Outlet)",Bhiwandi,Thane,Maharashtra,19.350605,72.9678,07:00,21:00,0.133,31
ATM-18E6977D,HDFC Bank,"68, MG Road, Bengaluru, Karnataka - 481710 (Branch ATM)",Bengaluru,Bengaluru Urban,Karnataka,13.054753,77.574532,08:00,23:59,0.221,12
ATM-4E9D887D,Bank of India,"81, Collectorate Road, Bengaluru, Karnataka - 188975 (Branch ATM)",Bengaluru,Bengaluru Urban,Karnataka,13.038877,77.612251,06:00,21:00,0.244,0
ATM-835F984A,IndusInd Bank,"217, Industrial Area, Alwar, Rajasthan - 675975 (CSP Outlet)",Alwar,Alwar,Rajasthan,27.590188,76.53289,06:00,21:00,0.851,173
ATM-102986F9,State Bank of India,"136, Nehru Nagar, Jamtara, Jharkhand - 803946 (CSP Outlet)",Jamtara,Jamtara,Jharkhand,23.867273,86.874666,08:00,22:00,1.0,14
ATM-D8049F9A,Indian Bank,"232, MG Road, Dhanbad, Jharkhand - 287482 (Branch ATM)",Dhanbad,Dhanbad,Jharkhand,23.758546,86.354794,07:00,22:00,0.497,40
ATM-1B87C82D,IndusInd Bank,"202, Ring Road, Indore, Madhya Pradesh - 230210 (Micro-ATM Kiosk)",Indore,Indore,Madhya Pradesh,22.681053,75.831416,00:00,23:59,0.43,40
ATM-D3D82738,ICICI Bank,"149, Mandi Road, Srinagar, Jammu & Kashmir - 161719 (CSP Outlet)",Srinagar,Srinagar,Jammu & Kashmir,34.032024,74.854226,07:00,21:00,0.158,16
ATM-47603DF8,State Bank of India,"108, Ring Road, Cuttack, Odisha - 229700 (Offsite ATM)",Cuttack,Cuttack,Odisha,20.490307,85.922261,00:00,22:00,0.359,31
ATM-300A1342,Punjab National Bank,"223, Kacheri Road, Jaipur, Rajasthan - 827277 (Branch ATM)",Jaipur,Jaipur,Rajasthan,26.999554,75.704564,07:00,23:59,0.673,34
ATM-B4AA82CD,Bank of India,"49, Bus Stand Road, Thiruvananthapuram, Kerala - 756313 (Branch ATM)",Thiruvananthapuram,Thiruvananthapuram,Kerala,8.628543,76.882219,06:00,23:59,0.612,23
ATM-AA90A482,Federal Bank,"139, Kacheri Road, Chennai, Tamil Nadu - 761332 (Branch ATM)",Chennai,Chennai,Tamil Nadu,13.19002,80.265595,00:00,23:59,0.546,26
ATM-E32316C7,Canara Bank,"204, Industrial Area, Cyberabad, Telangana - 515750 (Offsite ATM)",Cyberabad,Ranga Reddy,Telangana,17.50528,78.380627,08:00,21:00,0.608,17
ATM-906E1826,Indian Bank,"116, Gandhi Chowk, Bareilly, Uttar Pradesh - 813870 (Offsite ATM)",Bareilly,Bareilly,Uttar Pradesh,28.300882,79.420632,07:00,21:00,0.663,18
ATM-66C6FE96,Punjab National Bank,"231, Station Road, Delhi, Delhi - 818442 (Micro-ATM Kiosk)",Delhi,New Delhi,Delhi,28.671247,77.274644,07:00,23:59,0.561,8
ATM-252F8825,Federal Bank,"7, Industrial Area, Cyberabad, Telangana - 230855 (CSP Outlet)",Cyberabad,Ranga Reddy,Telangana,17.522753,78.25192,07:00,22:00,0.556,2
ATM-32D34A85,Canara Bank,"223, Medical College Road, Chennai, Tamil Nadu - 716452 (CSP Outlet)",Chennai,Chennai,Tamil Nadu,13.062406,80.255739,06:00,22:00,0.227,10
ATM-945C4925,Canara Bank,"37, Collectorate Road, Salem, Tamil Nadu - 259237 (Offsite ATM)",Salem,Salem,Tamil Nadu,11.715488,78.088099,00:00,21:00,0.254,10
ATM-F43681A2,Central Bank of India,"138, Industrial Area, Bhusawal, Maharashtra - 342224 (CSP Outlet)",Bhusawal,Jalgaon,Maharashtra,21.028735,75.782321,00:00,23:59,0.674,33
ATM-2DD35973,IDBI Bank,"86, Nehru Nagar, Jamshedpur, Jharkhand - 550491 (Micro-ATM Kiosk)",Jamshedpur,East Singhbhum,Jharkhand,22.832074,86.230104,08:00,22:00,0.315,25
ATM-8C467D6A,HDFC Bank,"125, Civil Lines, Srinagar, Jammu & Kashmir - 337218 (Branch ATM)",Srinagar,Srinagar,Jammu & Kashmir,34.150008,74.749896,00:00,23:59,0.499,23
ATM-511067EB,IDBI Bank,"65, Civil Lines, Jamshedpur, Jharkhand - 498935 (Offsite ATM)",Jamshedpur,East Singhbhum,Jharkhand,22.850865,86.18624,08:00,22:00,0.162,21
ATM-DF16FAD4,Bank of India,"33, MG Road, Vijayawada, Andhra Pradesh - 840424 (Offsite ATM)",Vijayawada,Krishna,Andhra Pradesh,16.538874,80.583369,07:00,21:00,0.413,2
ATM-C23D8ADF,Indian Bank,"215, Bank Street, Ludhiana, Punjab - 681390 (CSP Outlet)",Ludhiana,Ludhiana,Punjab,30.99114,75.818689,06:00,22:00,0.427,10
ATM-F4D29B41,Kotak Mahindra Bank,"224, Railway Station Road, Bhiwandi, Maharashtra - 630242 (Micro-ATM Kiosk)",Bhiwandi,Thane,Maharashtra,19.289153,73.128162,07:00,23:59,0.198,13
ATM-C3A810BF,Kotak Mahindra Bank,"201, Bus Stand Road, Durgapur, West Bengal - 851295 (Branch ATM)",Durgapur,Paschim Bardhaman,West Bengal,23.621542,87.242396,07:00,23:59,0.115,19
ATM-CDF60A24,IDBI Bank,"202, Kacheri Road, Bhopal, Madhya Pradesh - 439165 (Offsite ATM)",Bhopal,Bhopal,Madhya Pradesh,23.359455,77.366629,06:00,23:59,0.661,36
ATM-8DAB2544,Union Bank of India,"158, MG Road, Kanpur, Uttar Pradesh - 575324 (Branch ATM)",Kanpur,Kanpur Nagar,Uttar Pradesh,26.457757,80.37943,07:00,21:00,0.396,20
ATM-111EE5C9,Central Bank of India,"105, Gandhi Chowk, Thiruvananthapuram, Kerala - 340593 (Micro-ATM Kiosk)",Thiruvananthapuram,Thiruvananthapuram,Kerala,8.539201,76.963613,06:00,21:00,0.217,21
ATM-D1EA5DF8,Federal Bank,"10, Model Town, Nagpur, Maharashtra - 635560 (Offsite ATM)",Nagpur,Nagpur,Maharashtra,21.195974,79.094833,00:00,21:00,0.395,5
ATM-2F93C1EE,HDFC Bank,"223, Mandi Road, Bikaner, Rajasthan - 504658 (Branch ATM)",Bikaner,Bikaner,Rajasthan,28.045857,73.305792,08:00,21:00,0.454,7
ATM-BDEDA7E3,ICICI Bank,"30, Civil Lines, Bhopal, Madhya Pradesh - 504317 (Micro-ATM Kiosk)",Bhopal,Bhopal,Madhya Pradesh,23.220578,77.341238,00:00,23:59,0.56,14
ATM-9AC04502,IDBI Bank,"60, Bus Stand Road, Giridih, Jharkhand - 705501 (Micro-ATM Kiosk)",Giridih,Giridih,Jharkhand,24.204611,86.353408,00:00,22:00,0.95,113
ATM-CAED0893,Axis Bank,"8, Industrial Area, Agra, Uttar Pradesh - 451394 (Offsite ATM)",Agra,Agra,Uttar Pradesh,27.218096,78.113715,06:00,22:00,0.271,21
ATM-8EA9AEAA,Axis Bank,"180, Bus Stand Road, Chandigarh, Chandigarh - 637621 (Micro-ATM Kiosk)",Chandigarh,Chandigarh,Chandigarh,30.686587,76.869312,06:00,21:00,0.282,41
ATM-303B7B76,Central Bank of India,"91, Industrial Area, Eluru, Andhra Pradesh - 166579 (Branch ATM)",Eluru,Eluru,Andhra Pradesh,16.626334,81.126369,08:00,22:00,0.198,42
ATM-D2262178,Bank of India,"214, Station Road, Salem, Tamil Nadu - 278538 (Offsite ATM)",Salem,Salem,Tamil Nadu,11.603533,78.140956,06:00,23:59,0.587,17
ATM-A42E76E3,Union Bank of India,"194, Industrial Area, Pune, Maharashtra - 525775 (Branch ATM)",Pune,Pune,Maharashtra,18.526188,73.825015,00:00,22:00,0.593,10
ATM-2C8EE990,IDBI Bank,"216, Station Road, Amravati, Maharashtra - 610661 (Offsite ATM)",Amravati,Amravati,Maharashtra,20.993892,77.721353,00:00,22:00,0.603,5
ATM-5155B9EE,IDBI Bank,"19, Station Road, Jabalpur, Madhya Pradesh - 812849 (Offsite ATM)",Jabalpur,Jabalpur,Madhya Pradesh,23.102406,79.920543,07:00,21:00,0.453,11
ATM-F8182A20,Axis Bank,"237, Bank Street, Jabalpur, Madhya Pradesh - 591638 (Micro-ATM Kiosk)",Jabalpur,Jabalpur,Madhya Pradesh,23.155734,79.993402,06:00,22:00,0.646,7
ATM-357D53B5,ICICI Bank,"182, Civil Lines, Saharanpur, Uttar Pradesh - 206402 (Micro-ATM Kiosk)",Saharanpur,Saharanpur,Uttar Pradesh,29.91248,77.548926,00:00,22:00,0.363,19
ATM-A31CE815,Axis Bank,"95, Medical College Road, Guwahati, Assam - 596214 (CSP Outlet)",Guwahati,Kamrup Metropolitan,Assam,26.157448,91.64471,00:00,22:00,0.465,12
ATM-E533CBE4,Punjab National Bank,"153, Kacheri Road, Mumbai, Maharashtra - 667330 (Offsite ATM)",Mumbai,Mumbai Suburban,Maharashtra,19.092397,72.961779,06:00,21:00,0.684,88
ATM-93A4AA8E,Bank of India,"106, MG Road, Jamshedpur, Jharkhand - 329520 (Branch ATM)",Jamshedpur,East Singhbhum,Jharkhand,22.898794,86.222843,00:00,21:00,0.601,18
ATM-0D320485,Axis Bank,"205, Civil Lines, Ludhiana, Punjab - 178207 (CSP Outlet)",Ludhiana,Ludhiana,Punjab,30.804755,75.85887,00:00,22:00,0.644,14
ATM-062389E8,HDFC Bank,"107, Gandhi Chowk, Rourkela, Odisha - 652249 (CSP Outlet)",Rourkela,Sundargarh,Odisha,22.165992,84.920626,08:00,22:00,0.386,7
ATM-FEEFDD58,HDFC Bank,"134, Bus Stand Road, Gwalior, Madhya Pradesh - 584572 (Branch ATM)",Gwalior,Gwalior,Madhya Pradesh,26.278458,78.259046,07:00,22:00,0.633,37
ATM-44CC77AE,Bank of Baroda,"151, Industrial Area, Mysuru, Karnataka - 292564 (Offsite ATM)",Mysuru,Mysuru,Karnataka,12.269593,76.567586,00:00,21:00,0.125,35
ATM-B96ABED0,Federal Bank,"132, Kacheri Road, Gurgaon, Haryana - 132119 (Micro-ATM Kiosk)",Gurgaon,Gurugram,Haryana,28.53346,77.085188,06:00,22:00,0.675,20
ATM-715DB9D7,HDFC Bank,"204, Medical College Road, Coimbatore, Tamil Nadu - 328720 (Micro-ATM Kiosk)",Coimbatore,Coimbatore,Tamil Nadu,11.008023,77.059346,00:00,23:59,0.36,30
ATM-7DC880E5,State Bank of India,"98, Industrial Area, Durgapur, West Bengal - 406637 (Branch ATM)",Durgapur,Paschim Bardhaman,West Bengal,23.581211,87.234585,00:00,22:00,0.663,33
ATM-89EB0FCF,Bank of Baroda,"59, Bus Stand Road, Agra, Uttar Pradesh - 709281 (Branch ATM)",Agra,Agra,Uttar Pradesh,27.244402,78.065084,07:00,21:00,0.597,34
ATM-30A3C217,HDFC Bank,"4, Industrial Area, Jamshedpur, Jharkhand - 493450 (Offsite ATM)",Jamshedpur,East Singhbhum,Jharkhand,22.717312,86.265947,06:00,22:00,0.17,13
ATM-8C58BCD2,State Bank of India,"166, Railway Station Road, Mysuru, Karnataka - 238723 (CSP Outlet)",Mysuru,Mysuru,Karnataka,12.376336,76.625791,00:00,23:59,0.497,35
ATM-68F1571D,Punjab National Bank,"110, Sector 17, Durgapur, West Bengal - 524937 (CSP Outlet)",Durgapur,Paschim Bardhaman,West Bengal,23.595462,87.355491,00:00,23:59,0.469,15
ATM-A44763BF,YES Bank,"120, Model Town, Gwalior, Madhya Pradesh - 297941 (CSP Outlet)",Gwalior,Gwalior,Madhya Pradesh,26.271394,78.164726,07:00,21:00,0.152,17
ATM-1FACF73E,Kotak Mahindra Bank,"112, MG Road, Bhusawal, Maharashtra - 809764 (CSP Outlet)",Bhusawal,Jalgaon,Maharashtra,21.026885,75.738346,06:00,23:59,0.229,42
ATM-FBF2DF0A,Canara Bank,"148, Station Road, Sri Ganganagar, Rajasthan - 520165 (Micro-ATM Kiosk)",Sri Ganganagar,Sri Ganganagar,Rajasthan,29.931305,73.901884,08:00,21:00,0.584,6
ATM-4DD6E148,Bank of Baroda,"37, Bank Street, Bikaner, Rajasthan - 430454 (Offsite ATM)",Bikaner,Bikaner,Rajasthan,27.972822,73.255771,07:00,21:00,0.351,9
ATM-07EFE104,Canara Bank,"100, Medical College Road, Gwalior, Madhya Pradesh - 716500 (CSP Outlet)",Gwalior,Gwalior,Madhya Pradesh,26.120952,78.174421,00:00,23:59,0.634,20
ATM-AC1B66B9,Central Bank of India,"138, Station Road, Shahjahanpur, Uttar Pradesh - 542561 (Branch ATM)",Shahjahanpur,Shahjahanpur,Uttar Pradesh,27.945614,79.902162,07:00,21:00,0.348,19
ATM-2876EA4C,Punjab National Bank,"191, Sector 17, Noida, Uttar Pradesh - 726960 (Micro-ATM Kiosk)",Noida,Gautam Buddh Nagar,Uttar Pradesh,28.468985,77.416447,06:00,22:00,0.327,20
ATM-CA9EDDC6,Indian Bank,"219, Ring Road, Kochi, Kerala - 440945 (Offsite ATM)",Kochi,Ernakulam,Kerala,10.008283,76.187113,07:00,23:59,0.575,10
ATM-C98B9AD9,Bank of Baroda,"210, Station Road, Giridih, Jharkhand - 149681 (Offsite ATM)",Giridih,Giridih,Jharkhand,24.182095,86.386638,00:00,21:00,0.576,57
ATM-B51F7A98,IDBI Bank,"15, Civil Lines, Mathura, Uttar Pradesh - 540583 (Offsite ATM)",Mathura,Mathura,Uttar Pradesh,27.447021,77.767089,00:00,21:00,0.775,21
ATM-420E55A8,Axis Bank,"54, Bus Stand Road, Ludhiana, Punjab - 788920 (Offsite ATM)",Ludhiana,Ludhiana,Punjab,30.817172,75.957811,07:00,23:59,0.196,33
ATM-AE0748D9,Axis Bank,"60, Bus Stand Road, Noida, Uttar Pradesh - 361940 (Branch ATM)",Noida,Gautam Buddh Nagar,Uttar Pradesh,28.469841,77.320003,00:00,21:00,0.57,7
ATM-DA192B03,Axis Bank,"189, Bank Street, Asansol, West Bengal - 499969 (Branch ATM)",Asansol,Paschim Bardhaman,West Bengal,23.592571,86.878437,06:00,21:00,0.103,7
ATM-F0940DDF,State Bank of India,"173, Bus Stand Road, Madurai, Tamil Nadu - 316348 (CSP Outlet)",Madurai,Madurai,Tamil Nadu,9.953855,78.11282,08:00,21:00,0.294,22
ATM-A7DB9F0A,Union Bank of India,"208, Industrial Area, Jabalpur, Madhya Pradesh - 673505 (Branch ATM)",Jabalpur,Jabalpur,Madhya Pradesh,23.100762,80.042227,07:00,22:00,0.674,33
ATM-529EAA12,HDFC Bank,"75, Kacheri Road, Kanpur, Uttar Pradesh - 802923 (Offsite ATM)",Kanpur,Kanpur Nagar,Uttar Pradesh,26.424805,80.295132,06:00,23:59,0.376,44
ATM-F34659BC,State Bank of India,"208, MG Road, Srinagar, Jammu & Kashmir - 403848 (Offsite ATM)",Srinagar,Srinagar,Jammu & Kashmir,34.139936,74.708851,00:00,23:59,0.402,39
ATM-73D5B6F7,YES Bank,"161, Main Market, Madurai, Tamil Nadu - 348424 (Micro-ATM Kiosk)",Madurai,Madurai,Tamil Nadu,9.915667,78.100347,07:00,21:00,0.259,0
ATM-D46276BC,Central Bank of India,"66, Sector 17, Amritsar, Punjab - 611608 (CSP Outlet)",Amritsar,Amritsar,Punjab,31.61177,74.797047,06:00,21:00,0.12,27
ATM-BAD2A92D,Kotak Mahindra Bank,"63, Medical College Road, Kanpur, Uttar Pradesh - 732625 (Micro-ATM Kiosk)",Kanpur,Kanpur Nagar,Uttar Pradesh,26.45932,80.243031,08:00,23:59,0.455,3
ATM-6F8671B3,Canara Bank,"234, Kacheri Road, Ranchi, Jharkhand - 377914 (Micro-ATM Kiosk)",Ranchi,Ranchi,Jharkhand,23.246088,85.364714,00:00,21:00,0.568,156
ATM-95CB80B8,State Bank of India,"89, Bank Street, Bharatpur, Rajasthan - 620504 (Branch ATM)",Bharatpur,Bharatpur,Rajasthan,27.15952,77.509081,07:00,23:59,1.0,69
ATM-3E5B8B42,Indian Bank,"226, Bank Street, Tiruchirappalli, Tamil Nadu - 585472 (Branch ATM)",Tiruchirappalli,Tiruchirappalli,Tamil Nadu,10.804931,78.607033,00:00,21:00,0.587,29
ATM-FA4B8543,State Bank of India,"150, Model Town, Raipur, Chhattisgarh - 420354 (Branch ATM)",Raipur,Raipur,Chhattisgarh,21.253593,81.535984,00:00,22:00,0.264,6
ATM-04B4516D,Bank of India,"78, Old City, Vijayawada, Andhra Pradesh - 632951 (Offsite ATM)",Vijayawada,Krishna,Andhra Pradesh,16.613914,80.543847,07:00,21:00,0.475,27
ATM-B7899DF1,Bank of Baroda,"188, Nehru Nagar, Lucknow, Uttar Pradesh - 222186 (Branch ATM)",Lucknow,Lucknow,Uttar Pradesh,26.916297,80.999288,08:00,21:00,0.599,6
ATM-82817F5D,Federal Bank,"190, Main Market, Warangal, Telangana - 143240 (Branch ATM)",Warangal,Warangal,Telangana,17.941867,79.544267,06:00,21:00,0.457,10
ATM-573D010A,Bank of Baroda,"27, Ring Road, Kochi, Kerala - 735613 (Micro-ATM Kiosk)",Kochi,Ernakulam,Kerala,10.005722,76.320374,08:00,21:00,0.301,7
ATM-FE7945AD,HDFC Bank,"140, Civil Lines, Bengaluru, Karnataka - 681418 (CSP Outlet)",Bengaluru,Bengaluru Urban,Karnataka,12.913948,77.618938,00:00,22:00,0.202,34
ATM-E0E466A2,IndusInd Bank,"225, MG Road, Saharanpur, Uttar Pradesh - 477307 (CSP Outlet)",Saharanpur,Saharanpur,Uttar Pradesh,30.036598,77.498001,08:00,22:00,0.149,32
ATM-1F90980E,State Bank of India,"229, Civil Lines, Agra, Uttar Pradesh - 785935 (Branch ATM)",Agra,Agra,Uttar Pradesh,27.113335,77.978872,08:00,22:00,0.302,18
ATM-09F5D73B,Indian Bank,"109, Collectorate Road, Asansol, West Bengal - 268664 (CSP Outlet)",Asansol,Paschim Bardhaman,West Bengal,23.585131,86.976956,00:00,22:00,0.413,31
ATM-8C57CDA8,Kotak Mahindra Bank,"156, Sector 17, Patna, Bihar - 198810 (Micro-ATM Kiosk)",Patna,Patna,Bihar,25.668855,85.175455,08:00,22:00,0.662,11
ATM-45C9507A,HDFC Bank,"199, MG Road, Vadodara, Gujarat - 677562 (Micro-ATM Kiosk)",Vadodara,Vadodara,Gujarat,22.333109,73.081015,00:00,23:59,0.636,1
ATM-65E8A400,Bank of India,"155, Old City, Vijayawada, Andhra Pradesh - 662972 (Micro-ATM Kiosk)",Vijayawada,Krishna,Andhra Pradesh,16.435853,80.565435,08:00,22:00,0.635,28
ATM-05533C7E,State Bank of India,"70, Mandi Road, Durgapur, West Bengal - 704189 (Branch ATM)",Durgapur,Paschim Bardhaman,West Bengal,23.492844,87.256127,06:00,23:59,0.312,45
ATM-BA81AF56,YES Bank,"151, Kacheri Road, Srinagar, Jammu & Kashmir - 553844 (Micro-ATM Kiosk)",Srinagar,Srinagar,Jammu & Kashmir,33.985057,74.784588,08:00,21:00,0.261,6
ATM-304D1AAF,YES Bank,"169, Bank Street, Cuttack, Odisha - 573400 (Micro-ATM Kiosk)",Cuttack,Cuttack,Odisha,20.523879,85.907575,00:00,21:00,0.239,0
ATM-E502E812,State Bank of India,"85, Old City, Raipur, Chhattisgarh - 544192 (Offsite ATM)",Raipur,Raipur,Chhattisgarh,21.321271,81.696122,06:00,21:00,0.566,22
ATM-18EAF391,Punjab National Bank,"141, Bank Street, Bareilly, Uttar Pradesh - 674986 (Micro-ATM Kiosk)",Bareilly,Bareilly,Uttar Pradesh,28.286692,79.488844,07:00,22:00,0.482,29
ATM-915A26B6,HDFC Bank,"236, Main Market, Thiruvananthapuram, Kerala - 227535 (Branch ATM)",Thiruvananthapuram,Thiruvananthapuram,Kerala,8.535174,76.924389,08:00,21:00,0.654,13
ATM-F5A32D05,Central Bank of India,"134, Bank Street, Guwahati, Assam - 140668 (Offsite ATM)",Guwahati,Kamrup Metropolitan,Assam,26.138756,91.759939,06:00,22:00,0.401,11
ATM-C639914C,IDBI Bank,"9, Station Road, Jabalpur, Madhya Pradesh - 451630 (CSP Outlet)",Jabalpur,Jabalpur,Madhya Pradesh,23.101192,79.991236,00:00,22:00,0.246,5
ATM-2575C2C0,Indian Bank,"234, Civil Lines, Kolkata, West Bengal - 318961 (Micro-ATM Kiosk)",Kolkata,Kolkata,West Bengal,22.510557,88.384306,00:00,23:59,1.0,5
ATM-E6AD1800,HDFC Bank,"52, MG Road, Amritsar, Punjab - 696530 (CSP Outlet)",Amritsar,Amritsar,Punjab,31.551912,74.904015,06:00,22:00,0.373,25
ATM-7876D142,YES Bank,"140, Mandi Road, Hyderabad, Telangana - 242697 (CSP Outlet)",Hyderabad,Hyderabad,Telangana,17.299375,78.43572,07:00,22:00,0.424,20
ATM-07313244,Canara Bank,"224, Bank Street, Delhi, Delhi - 616597 (Offsite ATM)",Delhi,New Delhi,Delhi,28.647205,77.207337,07:00,21:00,0.975,137
ATM-CD29C130,Kotak Mahindra Bank,"16, Railway Station Road, Eluru, Andhra Pradesh - 166337 (CSP Outlet)",Eluru,Eluru,Andhra Pradesh,16.638283,81.04816,08:00,23:59,0.662,14
ATM-D3E1953A,Punjab National Bank,"172, Collectorate Road, Gorakhpur, Uttar Pradesh - 379432 (Micro-ATM Kiosk)",Gorakhpur,Gorakhpur,Uttar Pradesh,26.700639,83.47849,00:00,22:00,0.201,20
ATM-FDFE6CFF,Kotak Mahindra Bank,"38, Nehru Nagar, Kota, Rajasthan - 575862 (Branch ATM)",Kota,Kota,Rajasthan,25.16171,75.847927,08:00,23:59,0.658,4
ATM-A7D0618E,Bank of Baroda,"89, Main Market, Raipur, Chhattisgarh - 631147 (Micro-ATM Kiosk)",Raipur,Raipur,Chhattisgarh,21.152661,81.665848,06:00,23:59,0.638,14
ATM-E527D364,ICICI Bank,"141, Bank Street, Madurai, Tamil Nadu - 328674 (CSP Outlet)",Madurai,Madurai,Tamil Nadu,9.997379,78.08434,08:00,21:00,0.214,5
ATM-12CDEFA4,Central Bank of India,"114, Collectorate Road, Jamtara, Jharkhand - 154364 (Branch ATM)",Jamtara,Jamtara,Jharkhand,24.049323,86.838113,00:00,21:00,0.663,78
ATM-ADF6ADB1,Federal Bank,"120, Main Market, Aizawl, Mizoram - 376385 (Micro-ATM Kiosk)",Aizawl,Aizawl,Mizoram,23.677682,92.757523,00:00,23:59,0.269,19
ATM-C030E04C,Federal Bank,"112, Nehru Nagar, Patna, Bihar - 594406 (CSP Outlet)",Patna,Patna,Bihar,25.656944,85.232131,08:00,22:00,0.695,22
ATM-9C4A8F00,Federal Bank,"166, Gandhi Chowk, Gurgaon, Haryana - 177657 (CSP Outlet)",Gurgaon,Gurugram,Haryana,28.459762,77.033275,00:00,23:59,0.545,11
ATM-BD9BE228,Indian Bank,"148, Model Town, Nuh, Haryana - 110322 (Branch ATM)",Nuh,Nuh (Mewat),Haryana,28.12331,76.958908,08:00,22:00,0.61,95
ATM-890A78CA,YES Bank,"45, Industrial Area, Varanasi, Uttar Pradesh - 203960 (Micro-ATM Kiosk)",Varanasi,Varanasi,Uttar Pradesh,25.388145,82.881213,07:00,22:00,0.25,3
ATM-A83BD0DB,Canara Bank,"205, Industrial Area, Jamtara, Jharkhand - 700233 (Offsite ATM)",Jamtara,Jamtara,Jharkhand,24.040967,86.892643,06:00,21:00,0.716,28
ATM-C0E396D4,Canara Bank,"64, Sector 17, Cyberabad, Telangana - 566459 (CSP Outlet)",Cyberabad,Ranga Reddy,Telangana,17.496032,78.26754,06:00,21:00,0.566,27
ATM-FF5FF2B1,IndusInd Bank,"18, Sector 17, Kolkata, West Bengal - 368425 (CSP Outlet)",Kolkata,Kolkata,West Bengal,22.658443,88.331606,06:00,23:59,0.579,66
ATM-866F9082,Canara Bank,"192, Sector 17, Srinagar, Jammu & Kashmir - 701833 (CSP Outlet)",Srinagar,Srinagar,Jammu & Kashmir,34.01258,74.839733,08:00,23:59,0.624,38
ATM-013AC111,HDFC Bank,"74, Main Market, Jodhpur, Rajasthan - 809527 (Micro-ATM Kiosk)",Jodhpur,Jodhpur,Rajasthan,26.200721,73.001721,08:00,21:00,0.355,33
ATM-E9CF5182,Indian Bank,"173, Railway Station Road, Gwalior, Madhya Pradesh - 718712 (Offsite ATM)",Gwalior,Gwalior,Madhya Pradesh,26.17071,78.245057,08:00,21:00,0.648,24
ATM-67662D2C,ICICI Bank,"163, Railway Station Road, Delhi, Delhi - 847244 (Offsite ATM)",Delhi,New Delhi,Delhi,28.619455,77.116549,00:00,22:00,0.655,25
ATM-617AE058,HDFC Bank,"211, Main Market, Indore, Madhya Pradesh - 222460 (Offsite ATM)",Indore,Indore,Madhya Pradesh,22.695061,75.881034,08:00,21:00,0.647,27
ATM-A2D79077,ICICI Bank,"56, Bus Stand Road, Noida, Uttar Pradesh - 339463 (Branch ATM)",Noida,Gautam Buddh Nagar,Uttar Pradesh,28.638856,77.480995,08:00,21:00,0.589,5
ATM-6A3EFA02,Indian Bank,"195, Bank Street, Dehradun, Uttarakhand - 465128 (Branch ATM)",Dehradun,Dehradun,Uttarakhand,30.219596,77.990254,07:00,23:59,0.271,43
ATM-204F2C11,YES Bank,"233, Collectorate Road, Nagpur, Maharashtra - 295310 (Micro-ATM Kiosk)",Nagpur,Nagpur,Maharashtra,21.067329,79.185835,00:00,22:00,0.583,7
ATM-3C364540,Punjab National Bank,"121, Model Town, Kochi, Kerala - 322278 (Offsite ATM)",Kochi,Ernakulam,Kerala,9.986562,76.294282,00:00,21:00,0.452,33
ATM-CA86C64E,Canara Bank,"42, MG Road, Saharanpur, Uttar Pradesh - 467788 (Offsite ATM)",Saharanpur,Saharanpur,Uttar Pradesh,30.055463,77.539322,07:00,21:00,0.319,32
ATM-32337A29,Union Bank of India,"61, Main Market, Thiruvananthapuram, Kerala - 645467 (Branch ATM)",Thiruvananthapuram,Thiruvananthapuram,Kerala,8.581821,77.023058,08:00,22:00,0.104,2
ATM-948C2790,ICICI Bank,"216, Old City, Hyderabad, Telangana - 487504 (CSP Outlet)",Hyderabad,Hyderabad,Telangana,17.464618,78.590587,00:00,23:59,0.374,26
ATM-3E919005,Indian Bank,"163, Nehru Nagar, Nashik, Maharashtra - 604114 (Branch ATM)",Nashik,Nashik,Maharashtra,20.070579,73.703902,06:00,22:00,0.301,43
ATM-1A26520E,Federal Bank,"213, Bank Street, Pune, Maharashtra - 403653 (CSP Outlet)",Pune,Pune,Maharashtra,18.50847,73.929612,06:00,23:59,0.156,9
ATM-C1335E0B,IDBI Bank,"240, Sector 17, Allahabad, Uttar Pradesh - 645352 (CSP Outlet)",Allahabad,Prayagraj,Uttar Pradesh,25.501447,81.822071,08:00,22:00,0.342,18
ATM-6E2B122F,Axis Bank,"188, Nehru Nagar, Amravati, Maharashtra - 708954 (CSP Outlet)",Amravati,Amravati,Maharashtra,20.850754,77.807343,07:00,22:00,0.119,40
ATM-8E0BDE34,Indian Bank,"221, Bus Stand Road, Amritsar, Punjab - 453676 (Offsite ATM)",Amritsar,Amritsar,Punjab,31.538816,74.977732,00:00,23:59,0.475,0
ATM-DB105946,Union Bank of India,"217, Sector 17, Amravati, Maharashtra - 812899 (Branch ATM)",Amravati,Amravati,Maharashtra,21.029228,77.818998,00:00,23:59,0.221,13
ATM-C4402580,YES Bank,"179, Nehru Nagar, Alwar, Rajasthan - 193504 (Branch ATM)",Alwar,Alwar,Rajasthan,27.626059,76.706375,06:00,22:00,1.0,89
ATM-2251129E,Federal Bank,"171, MG Road, Coimbatore, Tamil Nadu - 479303 (CSP Outlet)",Coimbatore,Coimbatore,Tamil Nadu,11.070474,76.877748,08:00,21:00,0.221,24
ATM-234F736F,ICICI Bank,"117, Nehru Nagar, Panihati, West Bengal - 538370 (CSP Outlet)",Panihati,North 24 Parganas,West Bengal,22.688519,88.26967,00:00,21:00,0.682,33
ATM-3A61EFBA,Kotak Mahindra Bank,"178, Medical College Road, Gwalior, Madhya Pradesh - 815480 (Offsite ATM)",Gwalior,Gwalior,Madhya Pradesh,26.283525,78.0757,07:00,22:00,0.231,31
ATM-0034C721,State Bank of India,"76, Civil Lines, Salem, Tamil Nadu - 274122 (CSP Outlet)",Salem,Salem,Tamil Nadu,11.684606,78.17098,07:00,22:00,0.378,8
ATM-155F5F8F,Federal Bank,"60, Medical College Road, Bhubaneswar, Odisha - 836917 (CSP Outlet)",Bhubaneswar,Khordha,Odisha,20.199606,85.893374,06:00,22:00,0.152,3
ATM-D4F0B738,Central Bank of India,"184, Kacheri Road, Nuh, Haryana - 464696 (Branch ATM)",Nuh,Nuh (Mewat),Haryana,28.17478,76.933685,06:00,21:00,0.995,126
ATM-1F0A8047,IDBI Bank,"18, Old City, Chandigarh, Chandigarh - 776671 (Offsite ATM)",Chandigarh,Chandigarh,Chandigarh,30.83683,76.857988,06:00,23:59,0.588,31
ATM-379DD4F0,Federal Bank,"45, Railway Station Road, Chennai, Tamil Nadu - 388951 (Offsite ATM)",Chennai,Chennai,Tamil Nadu,13.156021,80.267432,08:00,21:00,0.194,44
ATM-7A32A593,Bank of Baroda,"89, Mandi Road, Ghaziabad, Uttar Pradesh - 422869 (Micro-ATM Kiosk)",Ghaziabad,Ghaziabad,Uttar Pradesh,28.564925,77.417128,06:00,23:59,0.576,42
ATM-3132EC6A,IDBI Bank,"186, Mandi Road, Nashik, Maharashtra - 278788 (Micro-ATM Kiosk)",Nashik,Nashik,Maharashtra,20.001918,73.890893,06:00,21:00,0.532,39
ATM-2532B199,Punjab National Bank,"184, Bank Street, Varanasi, Uttar Pradesh - 495399 (Branch ATM)",Varanasi,Varanasi,Uttar Pradesh,25.233303,83.011309,00:00,21:00,0.637,41
ATM-0307838D,HDFC Bank,"61, Sector 17, Guwahati, Assam - 213207 (CSP Outlet)",Guwahati,Kamrup Metropolitan,Assam,26.161141,91.69569,06:00,22:00,0.233,4
ATM-CFA64ACB,State Bank of India,"195, Gandhi Chowk, Bhopal, Madhya Pradesh - 309768 (Micro-ATM Kiosk)",Bhopal,Bhopal,Madhya Pradesh,23.332518,77.442531,07:00,22:00,0.128,22
ATM-99695A3C,ICICI Bank,"146, MG Road, Saharanpur, Uttar Pradesh - 537415 (Micro-ATM Kiosk)",Saharanpur,Saharanpur,Uttar Pradesh,29.867343,77.660574,07:00,23:59,0.274,44
ATM-A8802198,Federal Bank,"83, Gandhi Chowk, Warangal, Telangana - 348636 (Offsite ATM)",Warangal,Warangal,Telangana,17.945579,79.680957,07:00,23:59,0.332,5
ATM-D4BF169F,Kotak Mahindra Bank,"63, Kacheri Road, Bhilai, Chhattisgarh - 420313 (Branch ATM)",Bhilai,Durg,Chhattisgarh,21.231743,81.359591,06:00,21:00,0.307,18
ATM-A0DC4DB4,Union Bank of India,"87, Mandi Road, Alwar, Rajasthan - 165105 (CSP Outlet)",Alwar,Alwar,Rajasthan,27.537253,76.642847,06:00,23:59,0.883,44
ATM-415F8157,Union Bank of India,"2, Civil Lines, Patna, Bihar - 532300 (Offsite ATM)",Patna,Patna,Bihar,25.521391,85.103462,06:00,22:00,0.848,35
ATM-4BAB619F,Union Bank of India,"204, Gandhi Chowk, Hyderabad, Telangana - 213116 (Offsite ATM)",Hyderabad,Hyderabad,Telangana,17.410466,78.403756,00:00,21:00,0.517,43
ATM-A85AAD57,Central Bank of India,"51, Sector 17, Hyderabad, Telangana - 731990 (Branch ATM)",Hyderabad,Hyderabad,Telangana,17.307692,78.39323,07:00,23:59,0.482,6
ATM-EBDC8358,Central Bank of India,"16, Kacheri Road, Deoghar, Jharkhand - 540841 (Micro-ATM Kiosk)",Deoghar,Deoghar,Jharkhand,24.589422,86.763461,00:00,22:00,0.675,104
ATM-0C470AAC,IndusInd Bank,"47, MG Road, Bhiwandi, Maharashtra - 225191 (Offsite ATM)",Bhiwandi,Thane,Maharashtra,19.266975,73.095422,07:00,21:00,0.685,26
ATM-D441840C,Kotak Mahindra Bank,"137, Industrial Area, Ghaziabad, Uttar Pradesh - 746266 (Branch ATM)",Ghaziabad,Ghaziabad,Uttar Pradesh,28.753904,77.397444,06:00,23:59,0.163,27
ATM-96DECA58,ICICI Bank,"117, Bank Street, Sri Ganganagar, Rajasthan - 297292 (Offsite ATM)",Sri Ganganagar,Sri Ganganagar,Rajasthan,29.849528,73.972666,06:00,21:00,0.476,36
ATM-96E13F7A,Union Bank of India,"124, Sector 17, Shimla, Himachal Pradesh - 250194 (CSP Outlet)",Shimla,Shimla,Himachal Pradesh,31.20983,77.2632,06:00,22:00,0.456,45
ATM-5DB0E5A0,Indian Bank,"1, Model Town, Mysuru, Karnataka - 558343 (Branch ATM)",Mysuru,Mysuru,Karnataka,12.205841,76.670539,00:00,22:00,0.385,13
ATM-6412CBA6,State Bank of India,"163, Gandhi Chowk, Delhi, Delhi - 441546 (Branch ATM)",Delhi,New Delhi,Delhi,28.684175,77.258449,00:00,22:00,0.582,61
ATM-21A64D5E,ICICI Bank,"212, MG Road, Bhusawal, Maharashtra - 210390 (Offsite ATM)",Bhusawal,Jalgaon,Maharashtra,21.073921,75.749137,07:00,23:59,0.451,38
ATM-5ED6A139,IDBI Bank,"177, Industrial Area, Shahjahanpur, Uttar Pradesh - 336316 (Branch ATM)",Shahjahanpur,Shahjahanpur,Uttar Pradesh,27.849993,79.986171,06:00,23:59,0.103,17
ATM-C9571B03,Union Bank of India,"20, Old City, Jodhpur, Rajasthan - 205108 (Branch ATM)",Jodhpur,Jodhpur,Rajasthan,26.146382,72.973933,07:00,23:59,0.557,45
ATM-F825C08C,Federal Bank,"25, Civil Lines, Amravati, Maharashtra - 568588 (CSP Outlet)",Amravati,Amravati,Maharashtra,20.997916,77.71058,08:00,21:00,0.269,36
ATM-44EEC69D,Central Bank of India,"232, Bank Street, Madurai, Tamil Nadu - 780141 (Branch ATM)",Madurai,Madurai,Tamil Nadu,9.838065,78.119439,06:00,22:00,0.498,33
ATM-50D2F515,Punjab National Bank,"63, Main Market, Aurangabad, Maharashtra - 325324 (Branch ATM)",Aurangabad,Aurangabad,Maharashtra,19.890119,75.338448,00:00,23:59,0.37,23
ATM-F9D742F9,Federal Bank,"98, Railway Station Road, Kota, Rajasthan - 554713 (Micro-ATM Kiosk)",Kota,Kota,Rajasthan,25.227524,75.794975,06:00,22:00,0.447,5
ATM-E6B3128F,Punjab National Bank,"19, Bus Stand Road, Hyderabad, Telangana - 691260 (Micro-ATM Kiosk)",Hyderabad,Hyderabad,Telangana,17.359093,78.51505,00:00,23:59,0.268,43
ATM-FED1E3AE,Punjab National Bank,"225, Civil Lines, Indore, Madhya Pradesh - 130386 (Micro-ATM Kiosk)",Indore,Indore,Madhya Pradesh,22.817659,75.845705,07:00,23:59,0.618,4
ATM-2DB70C9A,Central Bank of India,"227, Collectorate Road, Eluru, Andhra Pradesh - 762780 (Micro-ATM Kiosk)",Eluru,Eluru,Andhra Pradesh,16.617939,81.19489,08:00,23:59,0.43,23
ATM-CC4BEB6D,Union Bank of India,"128, Old City, Chennai, Tamil Nadu - 574952 (Offsite ATM)",Chennai,Chennai,Tamil Nadu,12.999859,80.20567,08:00,21:00,0.366,20
ATM-D09FE27C,Bank of Baroda,"110, Station Road, Durgapur, West Bengal - 519147 (Branch ATM)",Durgapur,Paschim Bardhaman,West Bengal,23.543407,87.275335,06:00,23:59,0.626,23
ATM-AD6583FE,IndusInd Bank,"193, Old City, Giridih, Jharkhand - 659879 (Micro-ATM Kiosk)",Giridih,Giridih,Jharkhand,24.143336,86.25113,08:00,23:59,0.709,154
ATM-7DB1F432,Union Bank of India,"224, Collectorate Road, Bareilly, Uttar Pradesh - 646664 (Offsite ATM)",Bareilly,Bareilly,Uttar Pradesh,28.469059,79.338207,08:00,21:00,0.39,16
ATM-01D92627,Bank of India,"117, Kacheri Road, Mumbai, Maharashtra - 635226 (Branch ATM)",Mumbai,Mumbai Suburban,Maharashtra,19.073856,72.839024,07:00,22:00,0.976,166
ATM-07965D52,Bank of India,"90, Collectorate Road, Dehradun, Uttarakhand - 816311 (Offsite ATM)",Dehradun,Dehradun,Uttarakhand,30.277422,77.929034,00:00,21:00,0.59,29
ATM-FA1ECBED,State Bank of India,"198, Civil Lines, Guntur, Andhra Pradesh - 326426 (Branch ATM)",Guntur,Guntur,Andhra Pradesh,16.352257,80.432967,08:00,22:00,0.463,31
ATM-5FD8CB87,Canara Bank,"215, Collectorate Road, Srinagar, Jammu & Kashmir - 505322 (Branch ATM)",Srinagar,Srinagar,Jammu & Kashmir,34.083932,74.883726,00:00,22:00,0.502,36
ATM-AB625E27,Union Bank of India,"39, Old City, Ludhiana, Punjab - 691916 (CSP Outlet)",Ludhiana,Ludhiana,Punjab,31.004618,75.875813,00:00,23:59,0.481,27
ATM-028445D0,IndusInd Bank,"218, Collectorate Road, Rourkela, Odisha - 268174 (Offsite ATM)",Rourkela,Sundargarh,Odisha,22.336827,84.949876,00:00,21:00,0.533,19
ATM-CAD6B780,Axis Bank,"137, Civil Lines, Solapur, Maharashtra - 645477 (Branch ATM)",Solapur,Solapur,Maharashtra,17.575867,75.802109,00:00,22:00,0.193,32
ATM-F5CD765B,ICICI Bank,"140, Ring Road, Deoghar, Jharkhand - 723775 (Branch ATM)",Deoghar,Deoghar,Jharkhand,24.436321,86.633687,00:00,22:00,0.902,47
ATM-FB1BB0D4,Union Bank of India,"78, Gandhi Chowk, Ahmedabad, Gujarat - 622381 (Micro-ATM Kiosk)",Ahmedabad,Ahmedabad,Gujarat,23.1172,72.561021,08:00,22:00,0.16,29
ATM-C8CB2D6B,IDBI Bank,"185, Main Market, Bikaner, Rajasthan - 514967 (Offsite ATM)",Bikaner,Bikaner,Rajasthan,28.042932,73.246466,07:00,21:00,0.651,14
ATM-BF71C91D,Bank of India,"113, Railway Station Road, Indore, Madhya Pradesh - 382554 (Offsite ATM)",Indore,Indore,Madhya Pradesh,22.646795,75.867616,00:00,21:00,0.567,10
ATM-78786D00,HDFC Bank,"3, Sector 17, Cyberabad, Telangana - 716848 (Branch ATM)",Cyberabad,Ranga Reddy,Telangana,17.501603,78.342434,06:00,23:59,0.5,21
ATM-2677BA98,Indian Bank,"19, Sector 17, Mathura, Uttar Pradesh - 596991 (Micro-ATM Kiosk)",Mathura,Mathura,Uttar Pradesh,27.501037,77.636425,08:00,22:00,0.478,129
ATM-3256BB39,Bank of India,"34, Main Market, Hyderabad, Telangana - 467156 (CSP Outlet)",Hyderabad,Hyderabad,Telangana,17.306446,78.482865,06:00,21:00,0.195,36
ATM-79013617,IDBI Bank,"29, Railway Station Road, Firozabad, Uttar Pradesh - 611807 (Micro-ATM Kiosk)",Firozabad,Firozabad,Uttar Pradesh,27.239318,78.500973,06:00,21:00,0.288,30
ATM-9F305A97,HDFC Bank,"77, Station Road, Bharatpur, Rajasthan - 436498 (Branch ATM)",Bharatpur,Bharatpur,Rajasthan,27.313276,77.458001,08:00,21:00,0.594,111
ATM-525FA8DA,HDFC Bank,"126, Medical College Road, Guwahati, Assam - 757965 (CSP Outlet)",Guwahati,Kamrup Metropolitan,Assam,26.188483,91.796413,00:00,23:59,0.605,7
ATM-2377FCD1,Central Bank of India,"34, Station Road, Siliguri, West Bengal - 132869 (Branch ATM)",Siliguri,Darjeeling,West Bengal,26.731057,88.487423,06:00,21:00,0.372,17
ATM-D1D7C685,HDFC Bank,"72, Mandi Road, Bhopal, Madhya Pradesh - 814998 (Micro-ATM Kiosk)",Bhopal,Bhopal,Madhya Pradesh,23.344474,77.507007,00:00,22:00,0.338,8
ATM-68354156,Kotak Mahindra Bank,"226, Industrial Area, Firozabad, Uttar Pradesh - 727573 (CSP Outlet)",Firozabad,Firozabad,Uttar Pradesh,27.086267,78.401843,08:00,22:00,0.507,18
ATM-B391A7DA,IDBI Bank,"237, Mandi Road, Sri Ganganagar, Rajasthan - 273854 (Branch ATM)",Sri Ganganagar,Sri Ganganagar,Rajasthan,29.998063,73.78636,00:00,22:00,0.158,24
ATM-366010C6,IndusInd Bank,"39, Bank Street, Nuh, Haryana - 157590 (Offsite ATM)",Nuh,Nuh (Mewat),Haryana,28.200007,77.008262,07:00,21:00,1.0,6
ATM-9F2D2742,Indian Bank,"115, Civil Lines, Mysuru, Karnataka - 801673 (CSP Outlet)",Mysuru,Mysuru,Karnataka,12.214168,76.726447,00:00,22:00,0.325,20
ATM-50C39C0F,Union Bank of India,"240, Model Town, Nagpur, Maharashtra - 838912 (Micro-ATM Kiosk)",Nagpur,Nagpur,Maharashtra,21.226158,79.041064,00:00,23:59,0.308,33
ATM-6F2D6EC3,ICICI Bank,"83, MG Road, Hyderabad, Telangana - 656133 (Branch ATM)",Hyderabad,Hyderabad,Telangana,17.466629,78.5171,06:00,21:00,0.463,21
ATM-D94C504D,HDFC Bank,"215, Bus Stand Road, Cyberabad, Telangana - 765579 (CSP Outlet)",Cyberabad,Ranga Reddy,Telangana,17.429876,78.244791,06:00,22:00,0.109,0
ATM-A67DA0AE,Indian Bank,"137, Medical College Road, Ahmedabad, Gujarat - 386629 (Branch ATM)",Ahmedabad,Ahmedabad,Gujarat,23.107036,72.562302,08:00,21:00,0.327,18
ATM-2BAD3EF7,Indian Bank,"63, Main Market, Guntur, Andhra Pradesh - 821651 (Offsite ATM)",Guntur,Guntur,Andhra Pradesh,16.207458,80.392286,08:00,23:59,0.396,18
ATM-8EBE9DDF,Union Bank of India,"175, Station Road, Bhubaneswar, Odisha - 429283 (Micro-ATM Kiosk)",Bhubaneswar,Khordha,Odisha,20.307645,85.737406,00:00,23:59,0.431,25
ATM-74BF305B,YES Bank,"18, Mandi Road, Saharanpur, Uttar Pradesh - 501571 (Branch ATM)",Saharanpur,Saharanpur,Uttar Pradesh,29.903585,77.454846,00:00,22:00,0.681,14
ATM-EDC687D0,Axis Bank,"211, Station Road, Amritsar, Punjab - 827776 (Micro-ATM Kiosk)",Amritsar,Amritsar,Punjab,31.567698,74.969073,06:00,23:59,0.698,43
ATM-E02B5FF9,Indian Bank,"134, Nehru Nagar, Firozabad, Uttar Pradesh - 127423 (CSP Outlet)",Firozabad,Firozabad,Uttar Pradesh,27.098721,78.487798,06:00,22:00,0.224,26
ATM-A9D89BC5,Kotak Mahindra Bank,"205, MG Road, Mysuru, Karnataka - 784545 (CSP Outlet)",Mysuru,Mysuru,Karnataka,12.396055,76.593741,08:00,23:59,0.599,42
ATM-7F2CC658,YES Bank,"34, Main Market, Sri Ganganagar, Rajasthan - 740262 (Offsite ATM)",Sri Ganganagar,Sri Ganganagar,Rajasthan,30.007513,73.945213,07:00,21:00,0.66,14
ATM-E5DB2533,ICICI Bank,"42, Old City, Durgapur, West Bengal - 565373 (Offsite ATM)",Durgapur,Paschim Bardhaman,West Bengal,23.62716,87.371131,00:00,22:00,0.665,33
ATM-1E3B2F19,Bank of Baroda,"116, Old City, Kota, Rajasthan - 594808 (CSP Outlet)",Kota,Kota,Rajasthan,25.309106,75.964783,08:00,22:00,0.258,41
ATM-D1B843AA,Union Bank of India,"61, Station Road, Bhopal, Madhya Pradesh - 809647 (Micro-ATM Kiosk)",Bhopal,Bhopal,Madhya Pradesh,23.188161,77.390199,07:00,23:59,0.671,28
ATM-9759ACBB,Bank of India,"165, Model Town, Noida, Uttar Pradesh - 609442 (CSP Outlet)",Noida,Gautam Buddh Nagar,Uttar Pradesh,28.450192,77.442871,00:00,21:00,0.575,33
ATM-CACD5999,IndusInd Bank,"127, Sector 17, Aizawl, Mizoram - 292915 (Branch ATM)",Aizawl,Aizawl,Mizoram,23.626303,92.776594,00:00,22:00,0.323,9
ATM-FC668259,Bank of India,"135, Sector 17, Mysuru, Karnataka - 469589 (CSP Outlet)",Mysuru,Mysuru,Karnataka,12.299122,76.677311,06:00,23:59,0.572,23
ATM-11B9D3A2,Federal Bank,"141, Collectorate Road, Raipur, Chhattisgarh - 247810 (Offsite ATM)",Raipur,Raipur,Chhattisgarh,21.157912,81.657333,07:00,22:00,0.687,20
ATM-D9E70053,Axis Bank,"66, Nehru Nagar, Nagpur, Maharashtra - 802521 (Micro-ATM Kiosk)",Nagpur,Nagpur,Maharashtra,21.197974,79.104425,06:00,22:00,0.103,36
ATM-49536EF5,Axis Bank,"31, Gandhi Chowk, Giridih, Jharkhand - 465775 (Offsite ATM)",Giridih,Giridih,Jharkhand,24.270371,86.197457,00:00,23:59,1.0,163
ATM-5B48B421,Union Bank of India,"114, Main Market, Bhiwandi, Maharashtra - 249101 (Offsite ATM)",Bhiwandi,Thane,Maharashtra,19.331458,73.074241,08:00,21:00,0.376,10
ATM-D74E0321,State Bank of India,"19, Main Market, Coimbatore, Tamil Nadu - 634563 (Offsite ATM)",Coimbatore,Coimbatore,Tamil Nadu,11.081874,76.916068,07:00,23:59,0.177,18
ATM-5E53DD08,Indian Bank,"81, Gandhi Chowk, Jaipur, Rajasthan - 605266 (Branch ATM)",Jaipur,Jaipur,Rajasthan,26.89424,75.873734,00:00,23:59,0.485,22
ATM-1D15B65C,Union Bank of India,"75, Station Road, Hyderabad, Telangana - 135474 (Micro-ATM Kiosk)",Hyderabad,Hyderabad,Telangana,17.404843,78.587782,00:00,21:00,0.554,26
ATM-A0AA4E68,ICICI Bank,"21, Industrial Area, Amravati, Maharashtra - 426720 (CSP Outlet)",Amravati,Amravati,Maharashtra,21.020548,77.75152,00:00,23:59,0.179,7
ATM-082D0C6A,HDFC Bank,"136, Old City, Aurangabad, Maharashtra - 374662 (Branch ATM)",Aurangabad,Aurangabad,Maharashtra,19.890734,75.263876,06:00,22:00,0.596,30
ATM-EA8A2124,Union Bank of India,"43, MG Road, Nagpur, Maharashtra - 669943 (Offsite ATM)",Nagpur,Nagpur,Maharashtra,21.07245,79.166116,07:00,23:59,0.394,28
ATM-074BAC83,Bank of India,"152, Mandi Road, Cyberabad, Telangana - 238717 (Offsite ATM)",Cyberabad,Ranga Reddy,Telangana,17.547051,78.25024,00:00,22:00,0.635,23
ATM-C56851BB,YES Bank,"79, Bank Street, Coimbatore, Tamil Nadu - 550305 (Micro-ATM Kiosk)",Coimbatore,Coimbatore,Tamil Nadu,11.042768,76.961762,07:00,22:00,0.165,27
ATM-3B9FBFA7,ICICI Bank,"73, Bus Stand Road, Mysuru, Karnataka - 770150 (CSP Outlet)",Mysuru,Mysuru,Karnataka,12.205637,76.697631,00:00,21:00,0.398,38
ATM-B8681FA4,Kotak Mahindra Bank,"157, Model Town, Amravati, Maharashtra - 353687 (Branch ATM)",Amravati,Amravati,Maharashtra,21.007624,77.824928,06:00,22:00,0.529,42
ATM-DCABC182,IndusInd Bank,"113, Railway Station Road, Bharatpur, Rajasthan - 223785 (CSP Outlet)",Bharatpur,Bharatpur,Rajasthan,27.127346,77.456394,06:00,22:00,0.714,30
ATM-3908F641,Indian Bank,"42, Industrial Area, Shahjahanpur, Uttar Pradesh - 475906 (Branch ATM)",Shahjahanpur,Shahjahanpur,Uttar Pradesh,27.779172,79.852759,08:00,21:00,0.558,38
ATM-3E4E6269,Canara Bank,"9, Station Road, Kanpur, Uttar Pradesh - 608421 (Branch ATM)",Kanpur,Kanpur Nagar,Uttar Pradesh,26.554243,80.356253,00:00,22:00,0.622,26
ATM-0102BAB5,YES Bank,"60, Bank Street, Tiruchirappalli, Tamil Nadu - 391329 (Branch ATM)",Tiruchirappalli,Tiruchirappalli,Tamil Nadu,10.819549,78.664608,07:00,22:00,0.404,43
ATM-6A858B80,Central Bank of India,"152, MG Road, Bhiwandi, Maharashtra - 245883 (CSP Outlet)",Bhiwandi,Thane,Maharashtra,19.231867,73.015708,08:00,23:59,0.348,28
ATM-C3913558,Bank of India,"61, Medical College Road, Bikaner, Rajasthan - 622950 (CSP Outlet)",Bikaner,Bikaner,Rajasthan,28.006318,73.295232,07:00,23:59,0.429,11
ATM-5D907AB8,Punjab National Bank,"236, Nehru Nagar, Shahjahanpur, Uttar Pradesh - 699848 (Branch ATM)",Shahjahanpur,Shahjahanpur,Uttar Pradesh,27.939327,79.926219,08:00,21:00,0.244,9
ATM-815C9362,Bank of India,"170, Collectorate Road, Vadodara, Gujarat - 359931 (Offsite ATM)",Vadodara,Vadodara,Gujarat,22.24951,73.14431,06:00,21:00,0.299,9
ATM-87C77155,IndusInd Bank,"153, Bank Street, Ghaziabad, Uttar Pradesh - 370504 (Offsite ATM)",Ghaziabad,Ghaziabad,Uttar Pradesh,28.696733,77.422108,06:00,23:59,0.18,32
ATM-E5DD39DD,Axis Bank,"111, MG Road, Bengaluru, Karnataka - 806751 (Branch ATM)",Bengaluru,Bengaluru Urban,Karnataka,12.983446,77.503155,07:00,22:00,0.218,4
ATM-12332814,Axis Bank,"19, Model Town, Guwahati, Assam - 270883 (Micro-ATM Kiosk)",Guwahati,Kamrup Metropolitan,Assam,26.086164,91.645457,00:00,21:00,0.444,7
ATM-2B0F21A4,Punjab National Bank,"65, Bank Street, Vadodara, Gujarat - 620807 (Micro-ATM Kiosk)",Vadodara,Vadodara,Gujarat,22.275249,73.194006,08:00,21:00,0.421,38
ATM-F726E49F,Kotak Mahindra Bank,"218, Railway Station Road, Shahjahanpur, Uttar Pradesh - 632912 (Micro-ATM Kiosk)",Shahjahanpur,Shahjahanpur,Uttar Pradesh,27.856535,79.88935,07:00,21:00,0.435,14
ATM-CE5832FA,Canara Bank,"140, Medical College Road, Nagpur, Maharashtra - 393788 (Offsite ATM)",Nagpur,Nagpur,Maharashtra,21.212167,79.10028,00:00,21:00,0.611,22
ATM-7377B54A,Axis Bank,"192, Railway Station Road, Kanpur, Uttar Pradesh - 799291 (Offsite ATM)",Kanpur,Kanpur Nagar,Uttar Pradesh,26.416016,80.436146,00:00,22:00,0.396,43
ATM-EDD1322E,Federal Bank,"184, Old City, Patna, Bihar - 218867 (CSP Outlet)",Patna,Patna,Bihar,25.675463,85.063053,06:00,21:00,0.998,157
ATM-F3CDDBAE,Federal Bank,"101, Industrial Area, Kota, Rajasthan - 557533 (Branch ATM)",Kota,Kota,Rajasthan,25.235834,75.916133,00:00,23:59,0.388,45
ATM-53DA833D,Canara Bank,"74, Main Market, Bareilly, Uttar Pradesh - 130196 (Branch ATM)",Bareilly,Bareilly,Uttar Pradesh,28.469575,79.410731,07:00,21:00,0.312,44
ATM-E201BA82,IndusInd Bank,"154, Ring Road, Firozabad, Uttar Pradesh - 801188 (Micro-ATM Kiosk)",Firozabad,Firozabad,Uttar Pradesh,27.071076,78.465827,07:00,22:00,0.448,37
ATM-BFC6AFB4,Indian Bank,"144, Collectorate Road, Thiruvananthapuram, Kerala - 601277 (Offsite ATM)",Thiruvananthapuram,Thiruvananthapuram,Kerala,8.488968,76.952895,08:00,23:59,0.468,22
ATM-E6186C48,Kotak Mahindra Bank,"107, Civil Lines, Ludhiana, Punjab - 444122 (Micro-ATM Kiosk)",Ludhiana,Ludhiana,Punjab,30.820434,75.871022,00:00,22:00,0.1,28
ATM-14BD2FBE,Bank of Baroda,"23, Old City, Jabalpur, Madhya Pradesh - 319289 (Micro-ATM Kiosk)",Jabalpur,Jabalpur,Madhya Pradesh,23.080383,79.922362,06:00,23:59,0.595,22
ATM-DB521E56,Indian Bank,"46, Medical College Road, Durgapur, West Bengal - 854264 (CSP Outlet)",Durgapur,Paschim Bardhaman,West Bengal,23.452062,87.258715,06:00,22:00,0.419,8
ATM-23250242,State Bank of India,"178, Model Town, Panihati, West Bengal - 820294 (Branch ATM)",Panihati,North 24 Parganas,West Bengal,22.6441,88.462966,00:00,22:00,0.684,25
ATM-3C1E1886,Punjab National Bank,"124, Model Town, Bengaluru, Karnataka - 188121 (Branch ATM)",Bengaluru,Bengaluru Urban,Karnataka,12.968438,77.58733,06:00,21:00,0.511,2
ATM-E4EB9306,Indian Bank,"124, Medical College Road, Indore, Madhya Pradesh - 126488 (Offsite ATM)",Indore,Indore,Madhya Pradesh,22.760062,75.77181,08:00,23:59,0.213,43
ATM-B7993AB5,Central Bank of India,"22, MG Road, Saharanpur, Uttar Pradesh - 654137 (Offsite ATM)",Saharanpur,Saharanpur,Uttar Pradesh,29.94091,77.453975,00:00,21:00,0.419,39
ATM-17853842,HDFC Bank,"23, Industrial Area, Amravati, Maharashtra - 654236 (Offsite ATM)",Amravati,Amravati,Maharashtra,20.905219,77.836702,06:00,22:00,0.491,32
ATM-53094BED,YES Bank,"6, Sector 17, Bhubaneswar, Odisha - 246436 (Branch ATM)",Bhubaneswar,Khordha,Odisha,20.38548,85.836483,00:00,22:00,0.128,8
ATM-5265BFA3,YES Bank,"72, Nehru Nagar, Hyderabad, Telangana - 533408 (Branch ATM)",Hyderabad,Hyderabad,Telangana,17.458021,78.571665,08:00,21:00,0.31,42
ATM-20EFE68E,Punjab National Bank,"173, Station Road, Warangal, Telangana - 237401 (Offsite ATM)",Warangal,Warangal,Telangana,17.897501,79.629776,08:00,23:59,0.11,17
ATM-FAFA379E,Kotak Mahindra Bank,"205, Old City, Indore, Madhya Pradesh - 628538 (Offsite ATM)",Indore,Indore,Madhya Pradesh,22.672737,75.915097,08:00,21:00,0.636,12
ATM-36A3B707,Punjab National Bank,"231, Ring Road, Nagpur, Maharashtra - 614907 (Offsite ATM)",Nagpur,Nagpur,Maharashtra,21.064487,79.192092,08:00,23:59,0.491,35
ATM-769BF224,Federal Bank,"235, Civil Lines, Kota, Rajasthan - 280859 (Branch ATM)",Kota,Kota,Rajasthan,25.233771,75.905476,00:00,23:59,0.609,33
ATM-113438B1,IDBI Bank,"147, Medical College Road, Amritsar, Punjab - 426377 (CSP Outlet)",Amritsar,Amritsar,Punjab,31.699247,74.943599,07:00,21:00,0.583,36
ATM-4393B770,Punjab National Bank,"205, MG Road, Dhanbad, Jharkhand - 265493 (Micro-ATM Kiosk)",Dhanbad,Dhanbad,Jharkhand,23.774113,86.48153,07:00,21:00,0.561,33
ATM-09B546DD,Indian Bank,"98, Mandi Road, Indore, Madhya Pradesh - 207205 (CSP Outlet)",Indore,Indore,Madhya Pradesh,22.625219,75.935729,06:00,21:00,0.226,25
ATM-E28A3527,HDFC Bank,"219, Ring Road, Bhopal, Madhya Pradesh - 714876 (Micro-ATM Kiosk)",Bhopal,Bhopal,Madhya Pradesh,23.271493,77.361698,00:00,23:59,0.399,34
ATM-11858CEE,ICICI Bank,"132, MG Road, Kota, Rajasthan - 221957 (CSP Outlet)",Kota,Kota,Rajasthan,25.131682,75.785905,07:00,21:00,0.394,3
ATM-B51C99D0,ICICI Bank,"75, Civil Lines, Jabalpur, Madhya Pradesh - 361672 (Offsite ATM)",Jabalpur,Jabalpur,Madhya Pradesh,23.242331,79.966195,06:00,22:00,0.136,25
ATM-EA84A751,State Bank of India,"66, Old City, Gwalior, Madhya Pradesh - 679839 (Branch ATM)",Gwalior,Gwalior,Madhya Pradesh,26.125736,78.265993,07:00,22:00,0.253,28
ATM-4156BCBA,Kotak Mahindra Bank,"178, Old City, Lucknow, Uttar Pradesh - 825198 (Branch ATM)",Lucknow,Lucknow,Uttar Pradesh,26.84595,81.044915,00:00,22:00,0.685,8
ATM-FFB3D31A,State Bank of India,"47, Model Town, Nagpur, Maharashtra - 139158 (CSP Outlet)",Nagpur,Nagpur,Maharashtra,21.161892,79.17377,06:00,22:00,0.536,27
ATM-BBACCCA1,Union Bank of India,"212, Gandhi Chowk, Lucknow, Uttar Pradesh - 683448 (Offsite ATM)",Lucknow,Lucknow,Uttar Pradesh,26.91458,80.868559,00:00,21:00,0.698,33
ATM-CCB57F10,State Bank of India,"197, Old City, Nashik, Maharashtra - 598191 (Offsite ATM)",Nashik,Nashik,Maharashtra,20.10049,73.721383,07:00,21:00,0.168,36
ATM-E0FC9C7B,Bank of India,"221, Bank Street, Mumbai, Maharashtra - 834172 (Micro-ATM Kiosk)",Mumbai,Mumbai Suburban,Maharashtra,19.028886,72.802324,00:00,23:59,1.0,44
ATM-546E1F51,Bank of India,"26, Collectorate Road, Alwar, Rajasthan - 565985 (CSP Outlet)",Alwar,Alwar,Rajasthan,27.462211,76.551703,08:00,22:00,0.504,145
ATM-D9B6009D,Central Bank of India,"147, Old City, Nellore, Andhra Pradesh - 370698 (Offsite ATM)",Nellore,Nellore,Andhra Pradesh,14.335529,80.009486,07:00,23:59,0.599,15
ATM-6DFE2888,IDBI Bank,"189, Railway Station Road, Noida, Uttar Pradesh - 476670 (Branch ATM)",Noida,Gautam Buddh Nagar,Uttar Pradesh,28.57339,77.329549,06:00,23:59,0.54,31
ATM-C29201EB,Federal Bank,"134, Station Road, Deoghar, Jharkhand - 484843 (Branch ATM)",Deoghar,Deoghar,Jharkhand,24.451502,86.778051,00:00,21:00,0.784,73
ATM-BFA4BCB3,Union Bank of India,"143, Old City, Ludhiana, Punjab - 381392 (Branch ATM)",Ludhiana,Ludhiana,Punjab,30.967488,75.815558,00:00,22:00,0.698,15
ATM-EEC8BCB3,State Bank of India,"177, Kacheri Road, Raipur, Chhattisgarh - 609183 (Micro-ATM Kiosk)",Raipur,Raipur,Chhattisgarh,21.353333,81.716692,00:00,22:00,0.493,45
ATM-BC503020,Indian Bank,"208, Kacheri Road, Noida, Uttar Pradesh - 231533 (Offsite ATM)",Noida,Gautam Buddh Nagar,Uttar Pradesh,28.634194,77.379212,00:00,23:59,0.621,6
ATM-7C60A567,Canara Bank,"86, Ring Road, Jaipur, Rajasthan - 627671 (Offsite ATM)",Jaipur,Jaipur,Rajasthan,26.849966,75.743852,07:00,23:59,0.384,26
ATM-37C04FC2,HDFC Bank,"107, Mandi Road, Noida, Uttar Pradesh - 493367 (Offsite ATM)",Noida,Gautam Buddh Nagar,Uttar Pradesh,28.473182,77.49504,08:00,21:00,0.315,14
ATM-BFA36B2D,Federal Bank,"31, Civil Lines, Shahjahanpur, Uttar Pradesh - 378750 (Offsite ATM)",Shahjahanpur,Shahjahanpur,Uttar Pradesh,27.85752,79.951523,07:00,22:00,0.629,31
ATM-6845C49D,IDBI Bank,"28, Civil Lines, Jodhpur, Rajasthan - 606954 (Branch ATM)",Jodhpur,Jodhpur,Rajasthan,26.309382,73.031108,00:00,23:59,0.523,8
ATM-D29D8B2E,Central Bank of India,"180, Nehru Nagar, Kochi, Kerala - 154848 (Offsite ATM)",Kochi,Ernakulam,Kerala,9.8527,76.323346,00:00,23:59,0.25,12
ATM-FE530E14,YES Bank,"33, Industrial Area, Bharatpur, Rajasthan - 604912 (Offsite ATM)",Bharatpur,Bharatpur,Rajasthan,27.215425,77.48925,06:00,22:00,0.869,57
ATM-51AFE7C4,Union Bank of India,"85, Collectorate Road, Rourkela, Odisha - 806561 (Branch ATM)",Rourkela,Sundargarh,Odisha,22.310435,84.836123,07:00,21:00,0.698,29
ATM-A4CB2D76,Bank of India,"81, Railway Station Road, Vijayawada, Andhra Pradesh - 699851 (CSP Outlet)",Vijayawada,Krishna,Andhra Pradesh,16.452172,80.558622,06:00,23:59,0.277,19
ATM-8ABC2126,State Bank of India,"48, Main Market, Nashik, Maharashtra - 394234 (Micro-ATM Kiosk)",Nashik,Nashik,Maharashtra,19.979379,73.691758,07:00,21:00,0.41,30
ATM-62A1F153,Bank of Baroda,"104, Bus Stand Road, Jodhpur, Rajasthan - 460935 (CSP Outlet)",Jodhpur,Jodhpur,Rajasthan,26.140691,73.081103,07:00,21:00,0.43,2
ATM-644E4B32,Kotak Mahindra Bank,"35, Gandhi Chowk, Asansol, West Bengal - 177226 (Micro-ATM Kiosk)",Asansol,Paschim Bardhaman,West Bengal,23.743843,86.926395,08:00,23:59,0.502,42
ATM-3F9E8349,Indian Bank,"215, Gandhi Chowk, Jodhpur, Rajasthan - 131817 (CSP Outlet)",Jodhpur,Jodhpur,Rajasthan,26.156314,73.011414,07:00,21:00,0.23,27
ATM-0BC8EDC4,Union Bank of India,"149, Medical College Road, Cuttack, Odisha - 224355 (Offsite ATM)",Cuttack,Cuttack,Odisha,20.359216,85.924821,06:00,21:00,0.241,5
ATM-5E98A488,Bank of Baroda,"85, Mandi Road, Kolkata, West Bengal - 604801 (Offsite ATM)",Kolkata,Kolkata,West Bengal,22.581059,88.319093,00:00,22:00,0.528,139
ATM-E3C608DD,Central Bank of India,"138, Civil Lines, Jamtara, Jharkhand - 635855 (Branch ATM)",Jamtara,Jamtara,Jharkhand,24.070815,86.864515,07:00,21:00,0.461,36
ATM-6259F709,YES Bank,"94, Kacheri Road, Jabalpur, Madhya Pradesh - 808296 (CSP Outlet)",Jabalpur,Jabalpur,Madhya Pradesh,23.111058,79.980085,00:00,21:00,0.588,40
ATM-54A0163D,Canara Bank,"43, Ring Road, Firozabad, Uttar Pradesh - 431871 (Micro-ATM Kiosk)",Firozabad,Firozabad,Uttar Pradesh,27.058745,78.35877,07:00,23:59,0.244,28
ATM-88C88F12,Canara Bank,"193, Ring Road, Firozabad, Uttar Pradesh - 660811 (Micro-ATM Kiosk)",Firozabad,Firozabad,Uttar Pradesh,27.198215,78.32487,06:00,21:00,0.569,31
ATM-1E0059D3,ICICI Bank,"209, Kacheri Road, Ahmedabad, Gujarat - 583922 (CSP Outlet)",Ahmedabad,Ahmedabad,Gujarat,23.028653,72.555743,00:00,22:00,0.204,33
ATM-04D15E10,Kotak Mahindra Bank,"18, Main Market, Amritsar, Punjab - 732974 (CSP Outlet)",Amritsar,Amritsar,Punjab,31.565275,74.907697,06:00,23:59,0.382,19
ATM-04ECAE07,ICICI Bank,"218, Bus Stand Road, Sri Ganganagar, Rajasthan - 151414 (Branch ATM)",Sri Ganganagar,Sri Ganganagar,Rajasthan,29.996598,73.860242,06:00,21:00,0.271,42
ATM-906B5A9A,Union Bank of India,"221, Collectorate Road, Jamshedpur, Jharkhand - 511696 (CSP Outlet)",Jamshedpur,East Singhbhum,Jharkhand,22.719787,86.143743,06:00,23:59,0.56,38
ATM-B0D1BD8A,YES Bank,"5, Railway Station Road, Chandigarh, Chandigarh - 386335 (Branch ATM)",Chandigarh,Chandigarh,Chandigarh,30.671927,76.783368,00:00,21:00,0.643,32
ATM-85DD0595,Central Bank of India,"211, Gandhi Chowk, Patna, Bihar - 175299 (Offsite ATM)",Patna,Patna,Bihar,25.654316,85.030917,00:00,22:00,0.981,114
ATM-4DDFE9CB,Indian Bank,"166, Kacheri Road, Vijayawada, Andhra Pradesh - 258306 (Branch ATM)",Vijayawada,Krishna,Andhra Pradesh,16.519706,80.636724,00:00,23:59,0.119,41
ATM-842E69FE,Bank of Baroda,"238, Station Road, Rourkela, Odisha - 366720 (Micro-ATM Kiosk)",Rourkela,Sundargarh,Odisha,22.19691,84.796226,07:00,22:00,0.432,6
ATM-7FE058EA,Kotak Mahindra Bank,"160, Industrial Area, Bhiwandi, Maharashtra - 733243 (CSP Outlet)",Bhiwandi,Thane,Maharashtra,19.318272,73.136615,00:00,21:00,0.56,23
ATM-2379500B,Canara Bank,"168, Nehru Nagar, Kolkata, West Bengal - 379125 (CSP Outlet)",Kolkata,Kolkata,West Bengal,22.568642,88.447126,07:00,22:00,0.612,96
ATM-8417CD82,Indian Bank,"182, Industrial Area, Nagpur, Maharashtra - 319378 (CSP Outlet)",Nagpur,Nagpur,Maharashtra,21.166275,79.05793,07:00,21:00,0.611,35
ATM-015524C3,Indian Bank,"137, Kacheri Road, Aizawl, Mizoram - 782394 (Branch ATM)",Aizawl,Aizawl,Mizoram,23.701008,92.758104,00:00,23:59,0.395,35
ATM-F254126D,HDFC Bank,"114, Bank Street, Bareilly, Uttar Pradesh - 125334 (CSP Outlet)",Bareilly,Bareilly,Uttar Pradesh,28.376739,79.441629,08:00,21:00,0.172,38
ATM-8CE402BB,Bank of Baroda,"66, Kacheri Road, Vijayawada, Andhra Pradesh - 617918 (Offsite ATM)",Vijayawada,Krishna,Andhra Pradesh,16.496597,80.627115,00:00,22:00,0.55,20
ATM-D6216742,HDFC Bank,"93, Railway Station Road, Gorakhpur, Uttar Pradesh - 510786 (CSP Outlet)",Gorakhpur,Gorakhpur,Uttar Pradesh,26.751996,83.373787,06:00,22:00,0.321,26
ATM-D9E739B4,Federal Bank,"185, Nehru Nagar, Bareilly, Uttar Pradesh - 347345 (Offsite ATM)",Bareilly,Bareilly,Uttar Pradesh,28.303384,79.366624,00:00,21:00,0.133,23
ATM-7FAE0B46,Union Bank of India,"210, Bank Street, Jodhpur, Rajasthan - 788999 (Offsite ATM)",Jodhpur,Jodhpur,Rajasthan,26.142957,73.008122,08:00,23:59,0.431,21
ATM-9E12CEBB,IndusInd Bank,"183, Railway Station Road, Thiruvananthapuram, Kerala - 340279 (Offsite ATM)",Thiruvananthapuram,Thiruvananthapuram,Kerala,8.590125,76.915729,06:00,22:00,0.388,23
ATM-C8AFFFE3,Canara Bank,"201, Kacheri Road, Giridih, Jharkhand - 111133 (Branch ATM)",Giridih,Giridih,Jharkhand,24.203572,86.305784,06:00,22:00,0.884,120
ATM-42BE62EF,ICICI Bank,"154, Collectorate Road, Chennai, Tamil Nadu - 338893 (Micro-ATM Kiosk)",Chennai,Chennai,Tamil Nadu,13.12256,80.164148,07:00,21:00,0.259,39
ATM-BD879B7C,ICICI Bank,"188, Bank Street, Indore, Madhya Pradesh - 580127 (Branch ATM)",Indore,Indore,Madhya Pradesh,22.796062,75.941155,00:00,22:00,0.365,6
ATM-3B862B92,Union Bank of India,"58, Old City, Kota, Rajasthan - 120597 (Offsite ATM)",Kota,Kota,Rajasthan,25.218044,75.915132,08:00,22:00,0.259,45
ATM-3AC805F9,Canara Bank,"174, Station Road, Amravati, Maharashtra - 154897 (CSP Outlet)",Amravati,Amravati,Maharashtra,20.838285,77.851561,00:00,23:59,0.635,40
ATM-BDA0E70D,State Bank of India,"75, Bus Stand Road, Coimbatore, Tamil Nadu - 734216 (CSP Outlet)",Coimbatore,Coimbatore,Tamil Nadu,11.123703,76.933968,06:00,22:00,0.123,4
ATM-F8D1BACC,Punjab National Bank,"142, Main Market, Nagpur, Maharashtra - 430970 (Branch ATM)",Nagpur,Nagpur,Maharashtra,21.096773,79.081178,00:00,21:00,0.485,20
ATM-251D735D,IndusInd Bank,"172, Kacheri Road, Amravati, Maharashtra - 145405 (Branch ATM)",Amravati,Amravati,Maharashtra,20.830707,77.749795,07:00,21:00,0.229,40
ATM-3572C2C3,Punjab National Bank,"55, Main Market, Cuttack, Odisha - 230230 (Micro-ATM Kiosk)",Cuttack,Cuttack,Odisha,20.389265,85.79346,07:00,22:00,0.411,35
ATM-5C78A740,Bank of India,"65, Model Town, Ranchi, Jharkhand - 318688 (Offsite ATM)",Ranchi,Ranchi,Jharkhand,23.289812,85.399888,00:00,22:00,0.604,124
ATM-94791698,Bank of India,"151, Civil Lines, Firozabad, Uttar Pradesh - 316617 (CSP Outlet)",Firozabad,Firozabad,Uttar Pradesh,27.255197,78.363246,07:00,21:00,0.423,43
ATM-A5C5C2B9,Canara Bank,"204, Station Road, Shimla, Himachal Pradesh - 638203 (Offsite ATM)",Shimla,Shimla,Himachal Pradesh,31.116306,77.262639,08:00,23:59,0.199,7
ATM-88743321,Punjab National Bank,"101, Railway Station Road, Jodhpur, Rajasthan - 452869 (Branch ATM)",Jodhpur,Jodhpur,Rajasthan,26.139947,73.050374,00:00,22:00,0.199,18
ATM-4F7CCFCD,Punjab National Bank,"10, Mandi Road, Amravati, Maharashtra - 639859 (Micro-ATM Kiosk)",Amravati,Amravati,Maharashtra,20.945825,77.803479,07:00,21:00,0.337,16
ATM-6FB11631,IDBI Bank,"68, Medical College Road, Amravati, Maharashtra - 312917 (Micro-ATM Kiosk)",Amravati,Amravati,Maharashtra,21.025153,77.738294,07:00,22:00,0.33,24
ATM-79DFAA88,Federal Bank,"196, Nehru Nagar, Guwahati, Assam - 644357 (Micro-ATM Kiosk)",Guwahati,Kamrup Metropolitan,Assam,26.147525,91.719422,08:00,23:59,0.59,2
ATM-DC7F0029,Axis Bank,"125, MG Road, Nagpur, Maharashtra - 323757 (Branch ATM)",Nagpur,Nagpur,Maharashtra,21.246184,79.036335,07:00,22:00,0.437,35
ATM-5AC97553,Union Bank of India,"222, Civil Lines, Raipur, Chhattisgarh - 361151 (Branch ATM)",Raipur,Raipur,Chhattisgarh,21.333237,81.664724,08:00,23:59,0.502,0
ATM-C00C1DD2,Axis Bank,"69, Civil Lines, Delhi, Delhi - 822891 (Micro-ATM Kiosk)",Delhi,New Delhi,Delhi,28.638082,77.122057,00:00,23:59,0.724,56
ATM-C1360DBD,Punjab National Bank,"175, Station Road, Alwar, Rajasthan - 295986 (CSP Outlet)",Alwar,Alwar,Rajasthan,27.491179,76.724877,08:00,21:00,0.519,101
ATM-F6C838CE,Canara Bank,"20, Main Market, Rourkela, Odisha - 821443 (Branch ATM)",Rourkela,Sundargarh,Odisha,22.344241,84.935662,07:00,23:59,0.469,23
ATM-F4FE95A6,Indian Bank,"185, Civil Lines, Bhusawal, Maharashtra - 430675 (Branch ATM)",Bhusawal,Jalgaon,Maharashtra,21.120516,75.754278,07:00,22:00,0.208,44
ATM-BD05EDBB,IDBI Bank,"226, Ring Road, Vijayawada, Andhra Pradesh - 514953 (Micro-ATM Kiosk)",Vijayawada,Krishna,Andhra Pradesh,16.415535,80.66504,06:00,22:00,0.514,29
ATM-F9559D2B,Kotak Mahindra Bank,"233, Model Town, Aurangabad, Maharashtra - 721570 (Micro-ATM Kiosk)",Aurangabad,Aurangabad,Maharashtra,19.968305,75.26375,06:00,21:00,0.692,5
ATM-6A1FB85B,Punjab National Bank,"114, Nehru Nagar, Jodhpur, Rajasthan - 114622 (Micro-ATM Kiosk)",Jodhpur,Jodhpur,Rajasthan,26.313403,72.943971,06:00,21:00,0.643,45
ATM-B439A56A,YES Bank,"234, Medical College Road, Indore, Madhya Pradesh - 120206 (Micro-ATM Kiosk)",Indore,Indore,Madhya Pradesh,22.736323,75.808916,00:00,21:00,0.355,40
ATM-0F5E0F6E,Kotak Mahindra Bank,"6, Industrial Area, Nuh, Haryana - 546334 (Branch ATM)",Nuh,Nuh (Mewat),Haryana,28.007094,77.043104,07:00,21:00,0.869,164
ATM-EFA03C12,Bank of Baroda,"157, Old City, Shimla, Himachal Pradesh - 278283 (Branch ATM)",Shimla,Shimla,Himachal Pradesh,31.210744,77.076498,07:00,21:00,0.572,29
ATM-4D4C09B9,IndusInd Bank,"142, Ring Road, Kota, Rajasthan - 846944 (Branch ATM)",Kota,Kota,Rajasthan,25.272912,75.943802,08:00,21:00,0.587,25
ATM-752D508D,Punjab National Bank,"172, Kacheri Road, Shahjahanpur, Uttar Pradesh - 164393 (Offsite ATM)",Shahjahanpur,Shahjahanpur,Uttar Pradesh,27.963384,80.01538,06:00,23:59,0.257,38
ATM-D5FE05AF,Bank of India,"169, Bus Stand Road, Amritsar, Punjab - 250256 (Branch ATM)",Amritsar,Amritsar,Punjab,31.620301,74.945425,06:00,22:00,0.639,34
ATM-8D65AF70,IDBI Bank,"126, Sector 17, Panihati, West Bengal - 740302 (CSP Outlet)",Panihati,North 24 Parganas,West Bengal,22.612497,88.322506,00:00,21:00,0.598,42
ATM-1B40618B,ICICI Bank,"76, Railway Station Road, Allahabad, Uttar Pradesh - 503353 (CSP Outlet)",Allahabad,Prayagraj,Uttar Pradesh,25.499122,81.753941,08:00,21:00,0.614,41
ATM-00E66BAF,HDFC Bank,"73, Collectorate Road, Bharatpur, Rajasthan - 658577 (CSP Outlet)",Bharatpur,Bharatpur,Rajasthan,27.305111,77.570563,08:00,22:00,0.964,115
ATM-CF2A8F7E,Canara Bank,"146, Collectorate Road, Thiruvananthapuram, Kerala - 818953 (CSP Outlet)",Thiruvananthapuram,Thiruvananthapuram,Kerala,8.565019,76.952421,07:00,23:59,0.569,41
ATM-60D131AE,Indian Bank,"88, Bus Stand Road, Bengaluru, Karnataka - 846177 (Micro-ATM Kiosk)",Bengaluru,Bengaluru Urban,Karnataka,13.026416,77.570258,07:00,21:00,0.209,41
ATM-C82C3359,HDFC Bank,"109, MG Road, Deoghar, Jharkhand - 344893 (Branch ATM)",Deoghar,Deoghar,Jharkhand,24.381947,86.737355,08:00,21:00,0.819,46
ATM-1016905F,Federal Bank,"136, Old City, Coimbatore, Tamil Nadu - 548875 (CSP Outlet)",Coimbatore,Coimbatore,Tamil Nadu,10.942661,77.058619,07:00,22:00,0.206,33
ATM-1701935D,Bank of Baroda,"69, Medical College Road, Lucknow, Uttar Pradesh - 721771 (Offsite ATM)",Lucknow,Lucknow,Uttar Pradesh,26.793093,81.001972,07:00,21:00,0.271,14
ATM-EF1CCA70,YES Bank,"168, Ring Road, Kanpur, Uttar Pradesh - 190297 (Micro-ATM Kiosk)",Kanpur,Kanpur Nagar,Uttar Pradesh,26.341892,80.2653,06:00,23:59,0.523,43
ATM-79D13AEE,Kotak Mahindra Bank,"181, Industrial Area, Pune, Maharashtra - 153950 (Offsite ATM)",Pune,Pune,Maharashtra,18.499066,73.910759,06:00,21:00,0.362,18
ATM-195A7D21,Union Bank of India,"161, Bank Street, Siliguri, West Bengal - 532370 (Offsite ATM)",Siliguri,Darjeeling,West Bengal,26.720132,88.492782,07:00,21:00,0.593,28
ATM-4F96D903,Kotak Mahindra Bank,"186, Collectorate Road, Ranchi, Jharkhand - 833259 (CSP Outlet)",Ranchi,Ranchi,Jharkhand,23.241027,85.382258,07:00,21:00,1.0,138
ATM-4F1A2268,Bank of India,"55, Sector 17, Jodhpur, Rajasthan - 593125 (Offsite ATM)",Jodhpur,Jodhpur,Rajasthan,26.137139,73.036751,07:00,21:00,0.547,23
ATM-FA2FE697,State Bank of India,"128, Mandi Road, Coimbatore, Tamil Nadu - 437871 (Branch ATM)",Coimbatore,Coimbatore,Tamil Nadu,11.102521,76.908829,06:00,22:00,0.625,23
ATM-58D6FDF2,Canara Bank,"51, Model Town, Salem, Tamil Nadu - 219103 (Branch ATM)",Salem,Salem,Tamil Nadu,11.585949,78.219168,07:00,22:00,0.112,27
ATM-59E4FBD0,IndusInd Bank,"177, Main Market, Giridih, Jharkhand - 152956 (Micro-ATM Kiosk)",Giridih,Giridih,Jharkhand,24.168223,86.382006,00:00,22:00,0.705,141
ATM-A10FDBF9,Punjab National Bank,"208, Railway Station Road, Bhubaneswar, Odisha - 730165 (Offsite ATM)",Bhubaneswar,Khordha,Odisha,20.219911,85.717603,00:00,22:00,0.486,15
ATM-7C9C0381,Federal Bank,"182, Station Road, Bharatpur, Rajasthan - 453427 (Offsite ATM)",Bharatpur,Bharatpur,Rajasthan,27.150892,77.596154,07:00,21:00,0.632,40
ATM-DA1F5807,Canara Bank,"199, Ring Road, Chandigarh, Chandigarh - 143270 (Branch ATM)",Chandigarh,Chandigarh,Chandigarh,30.772468,76.804312,07:00,23:59,0.345,40
ATM-7176E787,IDBI Bank,"2, Civil Lines, Bhubaneswar, Odisha - 165137 (Offsite ATM)",Bhubaneswar,Khordha,Odisha,20.210906,85.831208,06:00,23:59,0.216,1
ATM-6A941943,Central Bank of India,"145, Main Market, Bareilly, Uttar Pradesh - 726110 (Micro-ATM Kiosk)",Bareilly,Bareilly,Uttar Pradesh,28.303917,79.498778,00:00,22:00,0.437,37
ATM-1A21A326,YES Bank,"166, Collectorate Road, Amritsar, Punjab - 391492 (Micro-ATM Kiosk)",Amritsar,Amritsar,Punjab,31.561575,74.944629,07:00,21:00,0.214,34
ATM-3F9BFE4C,YES Bank,"239, Station Road, Guntur, Andhra Pradesh - 529549 (Branch ATM)",Guntur,Guntur,Andhra Pradesh,16.380643,80.330208,00:00,22:00,0.23,15
ATM-21D42AAA,Bank of India,"193, Ring Road, Bhubaneswar, Odisha - 729761 (CSP Outlet)",Bhubaneswar,Khordha,Odisha,20.283991,85.810955,00:00,22:00,0.475,27
ATM-313F110C,Bank of Baroda,"181, Bus Stand Road, Srinagar, Jammu & Kashmir - 250136 (Micro-ATM Kiosk)",Srinagar,Srinagar,Jammu & Kashmir,34.081556,74.793457,07:00,23:59,0.117,17
ATM-8812D45F,ICICI Bank,"58, MG Road, Cyberabad, Telangana - 581372 (Micro-ATM Kiosk)",Cyberabad,Ranga Reddy,Telangana,17.456035,78.261818,07:00,23:59,0.12,24
ATM-B84E7412,ICICI Bank,"12, Collectorate Road, Bareilly, Uttar Pradesh - 500304 (Offsite ATM)",Bareilly,Bareilly,Uttar Pradesh,28.394194,79.463918,08:00,23:59,0.681,9
ATM-22B1A20B,Punjab National Bank,"162, Bank Street, Ahmedabad, Gujarat - 635583 (CSP Outlet)",Ahmedabad,Ahmedabad,Gujarat,23.088108,72.621008,07:00,23:59,0.483,14
ATM-DC09476E,Bank of Baroda,"214, Model Town, Siliguri, West Bengal - 755789 (CSP Outlet)",Siliguri,Darjeeling,West Bengal,26.661753,88.4016,00:00,22:00,0.279,37
ATM-3F35DA03,Bank of India,"225, Civil Lines, Aurangabad, Maharashtra - 654193 (CSP Outlet)",Aurangabad,Aurangabad,Maharashtra,19.836838,75.430238,08:00,23:59,0.483,42
ATM-80BFE253,IndusInd Bank,"91, Gandhi Chowk, Gwalior, Madhya Pradesh - 525982 (Micro-ATM Kiosk)",Gwalior,Gwalior,Madhya Pradesh,26.24451,78.108593,06:00,23:59,0.336,35
ATM-8008A5FE,YES Bank,"141, Railway Station Road, Pune, Maharashtra - 801661 (Offsite ATM)",Pune,Pune,Maharashtra,18.597063,73.851433,08:00,23:59,0.291,4
ATM-5BB846D5,Axis Bank,"207, Old City, Bhopal, Madhya Pradesh - 115815 (Micro-ATM Kiosk)",Bhopal,Bhopal,Madhya Pradesh,23.208647,77.495844,06:00,22:00,0.446,27
ATM-0464D0CD,Punjab National Bank,"90, Main Market, Bharatpur, Rajasthan - 723755 (Offsite ATM)",Bharatpur,Bharatpur,Rajasthan,27.134924,77.42953,00:00,21:00,0.541,127
ATM-479BE1E9,IDBI Bank,"178, Sector 17, Noida, Uttar Pradesh - 619452 (CSP Outlet)",Noida,Gautam Buddh Nagar,Uttar Pradesh,28.531499,77.342012,00:00,22:00,0.614,23
ATM-3B6025DF,Kotak Mahindra Bank,"109, Gandhi Chowk, Kochi, Kerala - 215107 (CSP Outlet)",Kochi,Ernakulam,Kerala,9.902104,76.301879,06:00,23:59,0.2,33
ATM-50ECEE90,Bank of India,"200, MG Road, Madurai, Tamil Nadu - 342313 (Micro-ATM Kiosk)",Madurai,Madurai,Tamil Nadu,9.994307,78.063032,07:00,22:00,0.231,24
ATM-05D360AE,HDFC Bank,"194, Industrial Area, Gorakhpur, Uttar Pradesh - 754752 (Offsite ATM)",Gorakhpur,Gorakhpur,Uttar Pradesh,26.676314,83.384378,00:00,23:59,0.266,1
ATM-902A800A,State Bank of India,"39, Gandhi Chowk, Saharanpur, Uttar Pradesh - 629266 (Offsite ATM)",Saharanpur,Saharanpur,Uttar Pradesh,29.999541,77.64399,08:00,21:00,0.3,20
ATM-26BA214B,Canara Bank,"1, Gandhi Chowk, Chandigarh, Chandigarh - 121701 (Micro-ATM Kiosk)",Chandigarh,Chandigarh,Chandigarh,30.645481,76.7898,06:00,21:00,0.523,15
ATM-71634140,HDFC Bank,"195, Old City, Bhubaneswar, Odisha - 482833 (Branch ATM)",Bhubaneswar,Khordha,Odisha,20.230159,85.730682,00:00,23:59,0.196,2
ATM-806D57BF,State Bank of India,"7, Sector 17, Warangal, Telangana - 786995 (CSP Outlet)",Warangal,Warangal,Telangana,18.019409,79.50426,07:00,23:59,0.141,23
ATM-46115403,Federal Bank,"234, Station Road, Ahmedabad, Gujarat - 849791 (Offsite ATM)",Ahmedabad,Ahmedabad,Gujarat,22.96012,72.594339,08:00,22:00,0.518,27
ATM-458419EE,Bank of India,"93, Railway Station Road, Kolkata, West Bengal - 720896 (Offsite ATM)",Kolkata,Kolkata,West Bengal,22.546275,88.436547,07:00,23:59,0.568,102
ATM-B70B14E0,ICICI Bank,"1, MG Road, Salem, Tamil Nadu - 633960 (Micro-ATM Kiosk)",Salem,Salem,Tamil Nadu,11.754349,78.119187,07:00,21:00,0.664,18
ATM-85640DD3,Bank of India,"238, Bank Street, Hyderabad, Telangana - 754724 (Offsite ATM)",Hyderabad,Hyderabad,Telangana,17.35193,78.587001,06:00,21:00,0.451,2
ATM-36D25282,HDFC Bank,"217, Main Market, Asansol, West Bengal - 400143 (Branch ATM)",Asansol,Paschim Bardhaman,West Bengal,23.648239,86.848007,06:00,22:00,0.35,35
ATM-A946B999,Union Bank of India,"93, Collectorate Road, Ghaziabad, Uttar Pradesh - 418149 (CSP Outlet)",Ghaziabad,Ghaziabad,Uttar Pradesh,28.636628,77.522773,00:00,22:00,0.577,36
ATM-B110A681,IDBI Bank,"219, Medical College Road, Mathura, Uttar Pradesh - 385230 (CSP Outlet)",Mathura,Mathura,Uttar Pradesh,27.534722,77.617294,00:00,21:00,0.552,169
ATM-1E7CDB66,Indian Bank,"123, Railway Station Road, Jamshedpur, Jharkhand - 477958 (Offsite ATM)",Jamshedpur,East Singhbhum,Jharkhand,22.739135,86.19372,07:00,21:00,0.22,9
ATM-9C637B2E,Axis Bank,"226, Mandi Road, Dhanbad, Jharkhand - 396298 (CSP Outlet)",Dhanbad,Dhanbad,Jharkhand,23.784803,86.464363,00:00,23:59,0.513,39
ATM-7E6BE0AE,Punjab National Bank,"60, Industrial Area, Kochi, Kerala - 541205 (Offsite ATM)",Kochi,Ernakulam,Kerala,9.849532,76.16153,06:00,21:00,0.455,3
ATM-6BF51EF4,Punjab National Bank,"37, Gandhi Chowk, Noida, Uttar Pradesh - 729595 (Micro-ATM Kiosk)",Noida,Gautam Buddh Nagar,Uttar Pradesh,28.585983,77.360556,08:00,21:00,0.533,0
ATM-571566B6,Bank of Baroda,"143, MG Road, Bengaluru, Karnataka - 213651 (Micro-ATM Kiosk)",Bengaluru,Bengaluru Urban,Karnataka,12.89823,77.538898,06:00,21:00,0.182,16
ATM-E3BB4CA7,Indian Bank,"203, Ring Road, Nellore, Andhra Pradesh - 853109 (Offsite ATM)",Nellore,Nellore,Andhra Pradesh,14.442084,80.016802,08:00,23:59,0.161,28
ATM-331B9B4B,Kotak Mahindra Bank,"193, Medical College Road, Bikaner, Rajasthan - 664116 (Offsite ATM)",Bikaner,Bikaner,Rajasthan,28.066846,73.205123,00:00,21:00,0.209,31
ATM-48C2C4FA,State Bank of India,"24, Old City, Coimbatore, Tamil Nadu - 229513 (Offsite ATM)",Coimbatore,Coimbatore,Tamil Nadu,11.05437,77.022129,00:00,22:00,0.304,6
ATM-59257D09,Punjab National Bank,"160, Industrial Area, Nellore, Andhra Pradesh - 445438 (Branch ATM)",Nellore,Nellore,Andhra Pradesh,14.495213,79.967239,06:00,22:00,0.15,1
ATM-041D748D,Punjab National Bank,"181, Nehru Nagar, Alwar, Rajasthan - 172694 (CSP Outlet)",Alwar,Alwar,Rajasthan,27.533071,76.653251,08:00,22:00,0.837,113
ATM-FB3F81E5,Union Bank of India,"112, Industrial Area, Mysuru, Karnataka - 579650 (Branch ATM)",Mysuru,Mysuru,Karnataka,12.363065,76.650942,06:00,21:00,0.594,25
ATM-6C63C3F5,Punjab National Bank,"150, Model Town, Gorakhpur, Uttar Pradesh - 479254 (Branch ATM)",Gorakhpur,Gorakhpur,Uttar Pradesh,26.791994,83.397372,07:00,21:00,0.277,31
ATM-BB579FFA,Federal Bank,"159, Main Market, Dhanbad, Jharkhand - 430628 (CSP Outlet)",Dhanbad,Dhanbad,Jharkhand,23.878475,86.429974,08:00,22:00,0.16,0
ATM-7D71E28A,YES Bank,"14, Civil Lines, Bhiwandi, Maharashtra - 667243 (Micro-ATM Kiosk)",Bhiwandi,Thane,Maharashtra,19.402163,73.118149,06:00,23:59,0.146,16
ATM-8F6DB5C1,Canara Bank,"172, Nehru Nagar, Indore, Madhya Pradesh - 756388 (Micro-ATM Kiosk)",Indore,Indore,Madhya Pradesh,22.718904,75.751351,08:00,23:59,0.689,26
ATM-BB5929D8,Central Bank of India,"183, Railway Station Road, Coimbatore, Tamil Nadu - 305383 (Branch ATM)",Coimbatore,Coimbatore,Tamil Nadu,11.004412,77.016172,07:00,21:00,0.463,23
ATM-2089B713,Kotak Mahindra Bank,"154, Nehru Nagar, Raipur, Chhattisgarh - 369208 (Offsite ATM)",Raipur,Raipur,Chhattisgarh,21.26309,81.626594,00:00,23:59,0.669,44
ATM-3ECCAB7D,Axis Bank,"215, Kacheri Road, Ahmedabad, Gujarat - 843654 (CSP Outlet)",Ahmedabad,Ahmedabad,Gujarat,23.020389,72.49959,08:00,21:00,0.274,45
ATM-6EF87084,State Bank of India,"176, Civil Lines, Indore, Madhya Pradesh - 153838 (Offsite ATM)",Indore,Indore,Madhya Pradesh,22.618639,75.769535,06:00,23:59,0.624,40
ATM-F9BB9A78,Central Bank of India,"13, Bank Street, Shahjahanpur, Uttar Pradesh - 462754 (Micro-ATM Kiosk)",Shahjahanpur,Shahjahanpur,Uttar Pradesh,27.920682,79.83965,06:00,23:59,0.542,19
ATM-60A4362F,State Bank of India,"113, Railway Station Road, Madurai, Tamil Nadu - 315145 (Micro-ATM Kiosk)",Madurai,Madurai,Tamil Nadu,9.98924,78.185146,06:00,21:00,0.534,11
ATM-A8DA5C4C,Punjab National Bank,"141, Sector 17, Delhi, Delhi - 440516 (Branch ATM)",Delhi,New Delhi,Delhi,28.550379,77.19895,00:00,22:00,0.64,116
ATM-C661BBA7,ICICI Bank,"132, Nehru Nagar, Chennai, Tamil Nadu - 310898 (Offsite ATM)",Chennai,Chennai,Tamil Nadu,13.137239,80.191813,00:00,22:00,0.163,15
ATM-7F74CAB1,Canara Bank,"52, Model Town, Guwahati, Assam - 820460 (Branch ATM)",Guwahati,Kamrup Metropolitan,Assam,26.049368,91.829155,00:00,22:00,0.273,20
ATM-E1D63121,Kotak Mahindra Bank,"107, Sector 17, Indore, Madhya Pradesh - 649369 (Branch ATM)",Indore,Indore,Madhya Pradesh,22.746307,75.781292,06:00,23:59,0.449,5
ATM-F6AE6484,Federal Bank,"25, Bank Street, Guntur, Andhra Pradesh - 392543 (Offsite ATM)",Guntur,Guntur,Andhra Pradesh,16.21832,80.500622,07:00,22:00,0.537,41
ATM-2AEBA4CA,Punjab National Bank,"222, Gandhi Chowk, Bhilai, Chhattisgarh - 385475 (Offsite ATM)",Bhilai,Durg,Chhattisgarh,21.244684,81.457076,07:00,23:59,0.5,11
ATM-E71838EB,Bank of Baroda,"61, Main Market, Panihati, West Bengal - 680366 (Offsite ATM)",Panihati,North 24 Parganas,West Bengal,22.626572,88.311472,06:00,22:00,0.248,23
ATM-1FB66C6A,Bank of India,"236, Railway Station Road, Nellore, Andhra Pradesh - 172474 (Offsite ATM)",Nellore,Nellore,Andhra Pradesh,14.338649,79.93641,07:00,21:00,0.624,13
ATM-3698E7BC,Federal Bank,"122, Industrial Area, Nashik, Maharashtra - 457823 (Micro-ATM Kiosk)",Nashik,Nashik,Maharashtra,19.961897,73.843511,07:00,22:00,0.275,9
ATM-9B2499C3,ICICI Bank,"200, Bank Street, Cuttack, Odisha - 549719 (CSP Outlet)",Cuttack,Cuttack,Odisha,20.551539,85.92458,06:00,21:00,0.121,12
ATM-70B9A35A,Kotak Mahindra Bank,"115, Civil Lines, Mathura, Uttar Pradesh - 466891 (Micro-ATM Kiosk)",Mathura,Mathura,Uttar Pradesh,27.42883,77.626881,06:00,23:59,0.975,139
ATM-AB1AEF22,Union Bank of India,"118, Sector 17, Guwahati, Assam - 354396 (Branch ATM)",Guwahati,Kamrup Metropolitan,Assam,26.091007,91.835688,06:00,21:00,0.464,13
ATM-DC084884,Kotak Mahindra Bank,"93, Nehru Nagar, Chennai, Tamil Nadu - 594274 (Branch ATM)",Chennai,Chennai,Tamil Nadu,13.004835,80.27772,06:00,21:00,0.414,10
ATM-1057AEA5,Kotak Mahindra Bank,"238, MG Road, Gwalior, Madhya Pradesh - 644614 (Micro-ATM Kiosk)",Gwalior,Gwalior,Madhya Pradesh,26.300048,78.130038,08:00,21:00,0.412,25
ATM-9DE7C345,Union Bank of India,"163, Kacheri Road, Thiruvananthapuram, Kerala - 691523 (CSP Outlet)",Thiruvananthapuram,Thiruvananthapuram,Kerala,8.593896,76.977592,08:00,21:00,0.263,19
ATM-67B1E704,Bank of India,"65, Main Market, Nuh, Haryana - 515240 (Offsite ATM)",Nuh,Nuh (Mewat),Haryana,28.184458,76.982163,07:00,23:59,0.7,90
ATM-65F992D3,Federal Bank,"234, Mandi Road, Ranchi, Jharkhand - 281167 (CSP Outlet)",Ranchi,Ranchi,Jharkhand,23.282415,85.269981,06:00,22:00,0.772,46
ATM-6E15CBE7,ICICI Bank,"240, Gandhi Chowk, Eluru, Andhra Pradesh - 129254 (Micro-ATM Kiosk)",Eluru,Eluru,Andhra Pradesh,16.627017,80.997953,00:00,21:00,0.194,39
ATM-5937A7B3,Punjab National Bank,"92, Ring Road, Gwalior, Madhya Pradesh - 460756 (CSP Outlet)",Gwalior,Gwalior,Madhya Pradesh,26.324776,78.101585,08:00,23:59,0.686,26
ATM-1E727698,IDBI Bank,"72, Nehru Nagar, Vijayawada, Andhra Pradesh - 450961 (Offsite ATM)",Vijayawada,Krishna,Andhra Pradesh,16.521974,80.658874,00:00,21:00,0.526,30
ATM-AC753DC7,State Bank of India,"19, Station Road, Jaipur, Rajasthan - 756767 (CSP Outlet)",Jaipur,Jaipur,Rajasthan,26.813597,75.795798,07:00,21:00,0.128,23
ATM-7EE0DF1C,State Bank of India,"215, Medical College Road, Madurai, Tamil Nadu - 443896 (Micro-ATM Kiosk)",Madurai,Madurai,Tamil Nadu,9.936964,78.154525,08:00,22:00,0.179,41
ATM-BD55EDEE,Punjab National Bank,"147, Ring Road, Madurai, Tamil Nadu - 115764 (CSP Outlet)",Madurai,Madurai,Tamil Nadu,10.024476,78.013433,00:00,23:59,0.257,40
ATM-289BC795,Axis Bank,"88, Bank Street, Bhusawal, Maharashtra - 559671 (Micro-ATM Kiosk)",Bhusawal,Jalgaon,Maharashtra,20.985176,75.680042,06:00,23:59,0.112,1
ATM-9686B3A7,YES Bank,"93, Mandi Road, Cuttack, Odisha - 815941 (Branch ATM)",Cuttack,Cuttack,Odisha,20.41471,85.914264,07:00,23:59,0.663,11
ATM-BEB9E29C,Axis Bank,"98, Mandi Road, Ranchi, Jharkhand - 340585 (Offsite ATM)",Ranchi,Ranchi,Jharkhand,23.399252,85.251011,08:00,21:00,0.606,139
ATM-85AE9CC5,YES Bank,"51, Main Market, Delhi, Delhi - 650518 (Micro-ATM Kiosk)",Delhi,New Delhi,Delhi,28.636305,77.205915,07:00,21:00,0.495,56
ATM-EAC572BB,YES Bank,"117, Station Road, Eluru, Andhra Pradesh - 405141 (Branch ATM)",Eluru,Eluru,Andhra Pradesh,16.760592,81.056333,00:00,23:59,0.439,42
ATM-23C66CEC,Central Bank of India,"145, Ring Road, Bhusawal, Maharashtra - 837381 (Offsite ATM)",Bhusawal,Jalgaon,Maharashtra,21.057764,75.760228,06:00,21:00,0.284,10
ATM-728182FD,Bank of Baroda,"221, Railway Station Road, Sri Ganganagar, Rajasthan - 789798 (CSP Outlet)",Sri Ganganagar,Sri Ganganagar,Rajasthan,29.996799,73.780045,07:00,21:00,0.324,28
ATM-1A792E7F,Union Bank of India,"126, Old City, Ludhiana, Punjab - 588888 (CSP Outlet)",Ludhiana,Ludhiana,Punjab,30.88137,75.829691,06:00,23:59,0.149,5
ATM-A1B48E40,YES Bank,"40, Bus Stand Road, Jamtara, Jharkhand - 778226 (Micro-ATM Kiosk)",Jamtara,Jamtara,Jharkhand,23.99014,86.77825,08:00,23:59,0.814,58
ATM-7FE4EB83,Kotak Mahindra Bank,"183, Main Market, Asansol, West Bengal - 370417 (Offsite ATM)",Asansol,Paschim Bardhaman,West Bengal,23.712935,86.922207,06:00,23:59,0.12,34
ATM-6C0E7976,State Bank of India,"207, Station Road, Indore, Madhya Pradesh - 637458 (Offsite ATM)",Indore,Indore,Madhya Pradesh,22.776368,75.913197,08:00,21:00,0.517,25
ATM-521375EB,ICICI Bank,"15, MG Road, Aurangabad, Maharashtra - 802112 (CSP Outlet)",Aurangabad,Aurangabad,Maharashtra,19.912202,75.331713,07:00,21:00,0.138,37
ATM-F76ACCBD,ICICI Bank,"195, Industrial Area, Shahjahanpur, Uttar Pradesh - 217316 (Offsite ATM)",Shahjahanpur,Shahjahanpur,Uttar Pradesh,27.945767,79.865249,00:00,23:59,0.489,28
ATM-1A91F565,Punjab National Bank,"30, Old City, Shahjahanpur, Uttar Pradesh - 181276 (Branch ATM)",Shahjahanpur,Shahjahanpur,Uttar Pradesh,27.939002,79.970013,07:00,21:00,0.306,40
ATM-ADCDEF55,Union Bank of India,"44, MG Road, Bharatpur, Rajasthan - 483220 (Branch ATM)",Bharatpur,Bharatpur,Rajasthan,27.276917,77.409341,08:00,21:00,0.86,71
ATM-B9D1B5DD,Kotak Mahindra Bank,"142, MG Road, Bhiwandi, Maharashtra - 439518 (Micro-ATM Kiosk)",Bhiwandi,Thane,Maharashtra,19.329384,73.074104,08:00,22:00,0.123,10
ATM-421AE11C,Union Bank of India,"106, Sector 17, Lucknow, Uttar Pradesh - 549122 (CSP Outlet)",Lucknow,Lucknow,Uttar Pradesh,26.890774,80.914731,08:00,22:00,0.463,3
ATM-E873D655,IDBI Bank,"47, Station Road, Dehradun, Uttarakhand - 441145 (Micro-ATM Kiosk)",Dehradun,Dehradun,Uttarakhand,30.308195,77.982753,08:00,23:59,0.166,16
ATM-46028EC2,ICICI Bank,"144, Mandi Road, Agra, Uttar Pradesh - 735975 (Offsite ATM)",Agra,Agra,Uttar Pradesh,27.167179,77.913262,07:00,23:59,0.482,39
ATM-7903B5D3,State Bank of India,"15, Sector 17, Jaipur, Rajasthan - 600591 (CSP Outlet)",Jaipur,Jaipur,Rajasthan,26.958659,75.857588,00:00,21:00,0.428,0
ATM-35DFB149,Bank of India,"75, Old City, Bhusawal, Maharashtra - 484907 (Offsite ATM)",Bhusawal,Jalgaon,Maharashtra,21.039893,75.867271,00:00,23:59,0.192,27
ATM-9C2457B9,Axis Bank,"11, Old City, Jabalpur, Madhya Pradesh - 596504 (Branch ATM)",Jabalpur,Jabalpur,Madhya Pradesh,23.228948,80.017747,00:00,21:00,0.249,24
ATM-0BF33904,Central Bank of India,"14, Industrial Area, Bikaner, Rajasthan - 790282 (CSP Outlet)",Bikaner,Bikaner,Rajasthan,28.046611,73.301461,07:00,23:59,0.225,26
ATM-5074E28A,Kotak Mahindra Bank,"66, Railway Station Road, Panihati, West Bengal - 195120 (CSP Outlet)",Panihati,North 24 Parganas,West Bengal,22.631685,88.378948,06:00,22:00,0.579,5
ATM-4ED62524,Union Bank of India,"75, Ring Road, Pune, Maharashtra - 232827 (Micro-ATM Kiosk)",Pune,Pune,Maharashtra,18.513473,73.939098,07:00,23:59,0.611,26
ATM-9A60EC28,YES Bank,"47, Civil Lines, Ghaziabad, Uttar Pradesh - 363382 (Offsite ATM)",Ghaziabad,Ghaziabad,Uttar Pradesh,28.701875,77.456973,00:00,21:00,0.152,21
ATM-BE368E38,YES Bank,"118, Mandi Road, Thiruvananthapuram, Kerala - 444267 (Branch ATM)",Thiruvananthapuram,Thiruvananthapuram,Kerala,8.429139,76.928594,08:00,22:00,0.371,44
ATM-6CFA40FE,IDBI Bank,"50, Industrial Area, Nellore, Andhra Pradesh - 480985 (CSP Outlet)",Nellore,Nellore,Andhra Pradesh,14.376139,79.975369,06:00,23:59,0.359,24
ATM-E70EBE0C,Bank of Baroda,"93, Industrial Area, Thiruvananthapuram, Kerala - 353179 (Offsite ATM)",Thiruvananthapuram,Thiruvananthapuram,Kerala,8.421331,77.030021,08:00,23:59,0.19,36
ATM-3C5E0B62,HDFC Bank,"86, Kacheri Road, Ahmedabad, Gujarat - 191356 (CSP Outlet)",Ahmedabad,Ahmedabad,Gujarat,23.080804,72.556143,07:00,22:00,0.467,30
ATM-81F197B4,Union Bank of India,"173, Mandi Road, Rourkela, Odisha - 344809 (Branch ATM)",Rourkela,Sundargarh,Odisha,22.361669,84.752699,00:00,21:00,0.636,7
ATM-C73E8288,Canara Bank,"122, Bus Stand Road, Guwahati, Assam - 484630 (Offsite ATM)",Guwahati,Kamrup Metropolitan,Assam,26.123471,91.74907,06:00,22:00,0.345,26
ATM-4C3B04B1,Canara Bank,"42, Medical College Road, Alwar, Rajasthan - 164916 (CSP Outlet)",Alwar,Alwar,Rajasthan,27.511974,76.661723,00:00,22:00,0.598,113
ATM-1F909631,IndusInd Bank,"205, Bank Street, Dehradun, Uttarakhand - 518694 (Branch ATM)",Dehradun,Dehradun,Uttarakhand,30.250463,78.001201,07:00,21:00,0.579,22
ATM-618B898E,HDFC Bank,"233, Kacheri Road, Durgapur, West Bengal - 479438 (Branch ATM)",Durgapur,Paschim Bardhaman,West Bengal,23.580038,87.392948,07:00,22:00,0.477,27
ATM-4B626925,Union Bank of India,"111, Gandhi Chowk, Durgapur, West Bengal - 314990 (CSP Outlet)",Durgapur,Paschim Bardhaman,West Bengal,23.512363,87.28299,08:00,22:00,0.673,15
ATM-7757A407,Canara Bank,"199, Railway Station Road, Chennai, Tamil Nadu - 367957 (Offsite ATM)",Chennai,Chennai,Tamil Nadu,13.116876,80.357373,06:00,23:59,0.557,14
ATM-86F2D9ED,Union Bank of India,"172, Ring Road, Nashik, Maharashtra - 241723 (Branch ATM)",Nashik,Nashik,Maharashtra,19.895741,73.754893,06:00,23:59,0.183,19
ATM-CF6ACB42,Federal Bank,"225, MG Road, Jamtara, Jharkhand - 168270 (Micro-ATM Kiosk)",Jamtara,Jamtara,Jharkhand,23.899142,86.699804,08:00,22:00,1.0,20
ATM-955AF5CA,Indian Bank,"19, Station Road, Hyderabad, Telangana - 462393 (Micro-ATM Kiosk)",Hyderabad,Hyderabad,Telangana,17.36092,78.55805,06:00,22:00,0.69,7
ATM-C007E259,Axis Bank,"74, Station Road, Jamtara, Jharkhand - 485561 (Branch ATM)",Jamtara,Jamtara,Jharkhand,24.01811,86.858605,00:00,23:59,0.98,139
ATM-D947A136,Union Bank of India,"37, Gandhi Chowk, Hyderabad, Telangana - 502742 (CSP Outlet)",Hyderabad,Hyderabad,Telangana,17.461981,78.42341,00:00,21:00,0.41,4
ATM-B1A3C57A,Axis Bank,"189, Medical College Road, Madurai, Tamil Nadu - 411402 (CSP Outlet)",Madurai,Madurai,Tamil Nadu,9.82838,78.012155,08:00,22:00,0.357,4
ATM-50BB0010,ICICI Bank,"122, Mandi Road, Varanasi, Uttar Pradesh - 551851 (Offsite ATM)",Varanasi,Varanasi,Uttar Pradesh,25.411481,82.87858,00:00,21:00,0.177,43
ATM-4B87604E,ICICI Bank,"93, Civil Lines, Tiruchirappalli, Tamil Nadu - 156410 (Micro-ATM Kiosk)",Tiruchirappalli,Tiruchirappalli,Tamil Nadu,10.783702,78.71308,00:00,22:00,0.476,39
ATM-6C6F6B8E,Bank of Baroda,"230, Station Road, Thiruvananthapuram, Kerala - 756180 (Branch ATM)",Thiruvananthapuram,Thiruvananthapuram,Kerala,8.572646,76.946319,07:00,21:00,0.232,35
ATM-BD78EF7F,YES Bank,"215, Bank Street, Indore, Madhya Pradesh - 736694 (Offsite ATM)",Indore,Indore,Madhya Pradesh,22.682705,75.852612,07:00,21:00,0.135,13
ATM-81BB399E,Punjab National Bank,"232, MG Road, Coimbatore, Tamil Nadu - 493152 (Branch ATM)",Coimbatore,Coimbatore,Tamil Nadu,11.010807,76.894134,08:00,23:59,0.272,17
ATM-3D1DAEAD,IndusInd Bank,"43, Collectorate Road, Hyderabad, Telangana - 209104 (Branch ATM)",Hyderabad,Hyderabad,Telangana,17.39862,78.463515,08:00,23:59,0.696,32
ATM-24A9D77F,Punjab National Bank,"196, Sector 17, Sri Ganganagar, Rajasthan - 709153 (CSP Outlet)",Sri Ganganagar,Sri Ganganagar,Rajasthan,29.816752,73.851236,07:00,23:59,0.586,10
ATM-02FD1474,State Bank of India,"65, Ring Road, Coimbatore, Tamil Nadu - 261329 (Micro-ATM Kiosk)",Coimbatore,Coimbatore,Tamil Nadu,11.088208,76.909045,00:00,23:59,0.582,33
ATM-232DCCBB,IndusInd Bank,"119, Bus Stand Road, Hyderabad, Telangana - 652476 (Branch ATM)",Hyderabad,Hyderabad,Telangana,17.348183,78.489393,08:00,22:00,0.528,29
ATM-4626DF1F,Bank of Baroda,"218, Bus Stand Road, Tiruchirappalli, Tamil Nadu - 292570 (Branch ATM)",Tiruchirappalli,Tiruchirappalli,Tamil Nadu,10.884313,78.637088,06:00,22:00,0.313,14
ATM-FDC4A4A9,Punjab National Bank,"195, Sector 17, Dhanbad, Jharkhand - 697969 (Branch ATM)",Dhanbad,Dhanbad,Jharkhand,23.885495,86.470265,08:00,22:00,0.685,14
ATM-67D84D59,Punjab National Bank,"22, Mandi Road, Mysuru, Karnataka - 595683 (CSP Outlet)",Mysuru,Mysuru,Karnataka,12.207337,76.532527,07:00,21:00,0.524,30
ATM-194FC0F9,HDFC Bank,"139, Nehru Nagar, Bareilly, Uttar Pradesh - 632127 (CSP Outlet)",Bareilly,Bareilly,Uttar Pradesh,28.290757,79.533473,07:00,22:00,0.201,29
ATM-784B9704,Bank of Baroda,"238, Collectorate Road, Agra, Uttar Pradesh - 783146 (Offsite ATM)",Agra,Agra,Uttar Pradesh,27.154738,78.107662,08:00,21:00,0.518,15
ATM-2FC36FC6,State Bank of India,"233, Sector 17, Jamtara, Jharkhand - 762260 (Offsite ATM)",Jamtara,Jamtara,Jharkhand,24.002532,86.705043,08:00,21:00,0.562,83
ATM-3FB77772,Union Bank of India,"55, Industrial Area, Kolkata, West Bengal - 135700 (CSP Outlet)",Kolkata,Kolkata,West Bengal,22.607085,88.459446,07:00,21:00,0.508,35
ATM-C801482B,Punjab National Bank,"225, Medical College Road, Ludhiana, Punjab - 301373 (Branch ATM)",Ludhiana,Ludhiana,Punjab,30.912713,75.779055,07:00,23:59,0.255,26
ATM-DC9102D5,Central Bank of India,"108, Gandhi Chowk, Cyberabad, Telangana - 789368 (Offsite ATM)",Cyberabad,Ranga Reddy,Telangana,17.458179,78.430855,00:00,23:59,0.413,5
ATM-9B5820EA,IndusInd Bank,"143, Old City, Bareilly, Uttar Pradesh - 467503 (Offsite ATM)",Bareilly,Bareilly,Uttar Pradesh,28.399201,79.399059,08:00,21:00,0.591,29
ATM-29D00A32,IDBI Bank,"176, Bus Stand Road, Ranchi, Jharkhand - 382532 (Micro-ATM Kiosk)",Ranchi,Ranchi,Jharkhand,23.364665,85.33123,07:00,21:00,0.832,128
ATM-E045B13C,ICICI Bank,"5, Model Town, Nashik, Maharashtra - 498875 (CSP Outlet)",Nashik,Nashik,Maharashtra,19.914525,73.809971,08:00,21:00,0.137,28
ATM-C0534D62,Canara Bank,"207, Bank Street, Bharatpur, Rajasthan - 619178 (CSP Outlet)",Bharatpur,Bharatpur,Rajasthan,27.244511,77.523206,08:00,23:59,0.51,168
ATM-9DE1FE97,HDFC Bank,"226, Model Town, Ahmedabad, Gujarat - 361138 (Offsite ATM)",Ahmedabad,Ahmedabad,Gujarat,22.970014,72.540689,00:00,23:59,0.553,3
ATM-CBB7AAC5,Indian Bank,"128, Old City, Bharatpur, Rajasthan - 436247 (Micro-ATM Kiosk)",Bharatpur,Bharatpur,Rajasthan,27.130114,77.548508,06:00,23:59,0.675,57
ATM-F62DB220,Axis Bank,"122, Bank Street, Panihati, West Bengal - 317377 (Branch ATM)",Panihati,North 24 Parganas,West Bengal,22.781004,88.348261,07:00,21:00,0.121,14
ATM-BA54B756,Indian Bank,"43, Main Market, Srinagar, Jammu & Kashmir - 520222 (CSP Outlet)",Srinagar,Srinagar,Jammu & Kashmir,34.078979,74.750445,06:00,22:00,0.216,10
ATM-330919AA,YES Bank,"17, Civil Lines, Coimbatore, Tamil Nadu - 333404 (Branch ATM)",Coimbatore,Coimbatore,Tamil Nadu,11.099571,76.912779,06:00,22:00,0.396,43
ATM-68FA939D,Bank of India,"73, Model Town, Chandigarh, Chandigarh - 250696 (CSP Outlet)",Chandigarh,Chandigarh,Chandigarh,30.662342,76.716591,06:00,22:00,0.535,15
ATM-C50E7625,IDBI Bank,"146, Kacheri Road, Allahabad, Uttar Pradesh - 472539 (Micro-ATM Kiosk)",Allahabad,Prayagraj,Uttar Pradesh,25.456264,81.856364,08:00,23:59,0.535,13
ATM-33E3ADF9,YES Bank,"60, Ring Road, Amritsar, Punjab - 257688 (Micro-ATM Kiosk)",Amritsar,Amritsar,Punjab,31.649123,74.966548,08:00,21:00,0.173,3
ATM-4EBAD6B3,IndusInd Bank,"91, Gandhi Chowk, Noida, Uttar Pradesh - 237996 (CSP Outlet)",Noida,Gautam Buddh Nagar,Uttar Pradesh,28.635508,77.288223,06:00,21:00,0.165,5
ATM-56765CD4,Kotak Mahindra Bank,"105, Nehru Nagar, Aizawl, Mizoram - 274482 (Branch ATM)",Aizawl,Aizawl,Mizoram,23.681088,92.702759,07:00,21:00,0.247,28
ATM-60686238,Punjab National Bank,"172, Gandhi Chowk, Shimla, Himachal Pradesh - 761556 (Branch ATM)",Shimla,Shimla,Himachal Pradesh,31.006488,77.142083,07:00,22:00,0.28,19
ATM-70ECD443,YES Bank,"102, Old City, Chennai, Tamil Nadu - 717870 (Micro-ATM Kiosk)",Chennai,Chennai,Tamil Nadu,13.180994,80.340877,08:00,21:00,0.215,7
ATM-38485BD6,Canara Bank,"6, Bank Street, Thiruvananthapuram, Kerala - 205335 (Micro-ATM Kiosk)",Thiruvananthapuram,Thiruvananthapuram,Kerala,8.617108,76.872202,00:00,23:59,0.36,21
ATM-8D69B6A7,YES Bank,"236, Industrial Area, Siliguri, West Bengal - 728344 (Micro-ATM Kiosk)",Siliguri,Darjeeling,West Bengal,26.678703,88.477182,06:00,21:00,0.317,12
ATM-7377C917,Canara Bank,"168, Bank Street, Gorakhpur, Uttar Pradesh - 187899 (Offsite ATM)",Gorakhpur,Gorakhpur,Uttar Pradesh,26.793762,83.4307,06:00,23:59,0.292,1
ATM-7AF6E3DE,Central Bank of India,"99, Bank Street, Guntur, Andhra Pradesh - 836767 (Micro-ATM Kiosk)",Guntur,Guntur,Andhra Pradesh,16.406253,80.35286,08:00,21:00,0.259,40
ATM-0B5DBF1A,YES Bank,"132, Nehru Nagar, Deoghar, Jharkhand - 375349 (Offsite ATM)",Deoghar,Deoghar,Jharkhand,24.462003,86.595447,00:00,23:59,0.71,148
ATM-42D2B63E,ICICI Bank,"198, Model Town, Ghaziabad, Uttar Pradesh - 326600 (Micro-ATM Kiosk)",Ghaziabad,Ghaziabad,Uttar Pradesh,28.686002,77.374855,08:00,22:00,0.463,42
ATM-DF1BD482,Punjab National Bank,"105, Station Road, Rourkela, Odisha - 813570 (Offsite ATM)",Rourkela,Sundargarh,Odisha,22.250635,84.805055,06:00,23:59,0.221,17
ATM-54EE81DF,IndusInd Bank,"85, Nehru Nagar, Amravati, Maharashtra - 492997 (Branch ATM)",Amravati,Amravati,Maharashtra,20.974685,77.749267,08:00,23:59,0.236,4
ATM-9448F090,Union Bank of India,"34, Sector 17, Mumbai, Maharashtra - 837592 (Offsite ATM)",Mumbai,Mumbai Suburban,Maharashtra,19.127349,72.952496,08:00,21:00,0.847,166
ATM-3F086850,HDFC Bank,"201, Nehru Nagar, Mumbai, Maharashtra - 295112 (Micro-ATM Kiosk)",Mumbai,Mumbai Suburban,Maharashtra,19.16236,72.887209,08:00,22:00,0.908,164
ATM-09017C54,YES Bank,"55, Ring Road, Bareilly, Uttar Pradesh - 127778 (Branch ATM)",Bareilly,Bareilly,Uttar Pradesh,28.262491,79.470603,00:00,23:59,0.294,35
ATM-F47197C4,Indian Bank,"177, Sector 17, Bhubaneswar, Odisha - 580953 (Branch ATM)",Bhubaneswar,Khordha,Odisha,20.396502,85.721838,00:00,21:00,0.543,43
ATM-85A2C800,HDFC Bank,"161, Ring Road, Jabalpur, Madhya Pradesh - 299757 (Branch ATM)",Jabalpur,Jabalpur,Madhya Pradesh,23.257928,80.006684,00:00,23:59,0.539,34
ATM-B79A167A,Bank of Baroda,"153, Collectorate Road, Aizawl, Mizoram - 283284 (CSP Outlet)",Aizawl,Aizawl,Mizoram,23.670187,92.754142,07:00,22:00,0.45,30
ATM-50AAC099,IndusInd Bank,"165, Bus Stand Road, Shimla, Himachal Pradesh - 536769 (Offsite ATM)",Shimla,Shimla,Himachal Pradesh,31.082299,77.067187,00:00,23:59,0.258,18
ATM-2086CDC0,Bank of Baroda,"171, Old City, Eluru, Andhra Pradesh - 503784 (Micro-ATM Kiosk)",Eluru,Eluru,Andhra Pradesh,16.713862,81.090564,08:00,21:00,0.355,35
ATM-A44DBDCF,Bank of Baroda,"192, Station Road, Warangal, Telangana - 716942 (Micro-ATM Kiosk)",Warangal,Warangal,Telangana,17.93728,79.69337,06:00,23:59,0.229,39
ATM-3FD2CE31,ICICI Bank,"238, Main Market, Shimla, Himachal Pradesh - 148843 (CSP Outlet)",Shimla,Shimla,Himachal Pradesh,31.081056,77.075856,06:00,21:00,0.197,10
ATM-82D60FBC,Union Bank of India,"81, Bank Street, Chandigarh, Chandigarh - 173554 (CSP Outlet)",Chandigarh,Chandigarh,Chandigarh,30.777542,76.884795,00:00,23:59,0.697,7
ATM-47D18B8F,Federal Bank,"131, MG Road, Firozabad, Uttar Pradesh - 795629 (Micro-ATM Kiosk)",Firozabad,Firozabad,Uttar Pradesh,27.094789,78.315978,08:00,21:00,0.183,21
ATM-17E0A93F,Kotak Mahindra Bank,"44, Collectorate Road, Solapur, Maharashtra - 440488 (Branch ATM)",Solapur,Solapur,Maharashtra,17.597642,75.837513,06:00,22:00,0.306,0
ATM-1C6B5CA7,ICICI Bank,"189, Kacheri Road, Firozabad, Uttar Pradesh - 573419 (Branch ATM)",Firozabad,Firozabad,Uttar Pradesh,27.088542,78.315997,06:00,21:00,0.398,45
ATM-EEAD3769,ICICI Bank,"73, Civil Lines, Kanpur, Uttar Pradesh - 591556 (CSP Outlet)",Kanpur,Kanpur Nagar,Uttar Pradesh,26.382133,80.430369,08:00,22:00,0.52,28
ATM-E5BCB52E,Axis Bank,"2, Bank Street, Aizawl, Mizoram - 175792 (CSP Outlet)",Aizawl,Aizawl,Mizoram,23.709694,92.813961,06:00,22:00,0.242,11
ATM-00611263,State Bank of India,"173, Bus Stand Road, Bengaluru, Karnataka - 626233 (Branch ATM)",Bengaluru,Bengaluru Urban,Karnataka,12.950659,77.570885,07:00,22:00,0.497,18
ATM-5F8AE4E2,Federal Bank,"78, Railway Station Road, Dehradun, Uttarakhand - 688274 (Micro-ATM Kiosk)",Dehradun,Dehradun,Uttarakhand,30.208962,77.94429,00:00,21:00,0.636,35
ATM-51643BF2,YES Bank,"116, Nehru Nagar, Amritsar, Punjab - 157882 (CSP Outlet)",Amritsar,Amritsar,Punjab,31.552382,74.88594,06:00,21:00,0.545,16
ATM-3AE32F9A,Kotak Mahindra Bank,"155, Nehru Nagar, Gurgaon, Haryana - 299749 (Micro-ATM Kiosk)",Gurgaon,Gurugram,Haryana,28.526102,77.110095,00:00,22:00,0.513,24
ATM-6DDABDBA,Bank of Baroda,"227, Nehru Nagar, Salem, Tamil Nadu - 342931 (CSP Outlet)",Salem,Salem,Tamil Nadu,11.720117,78.112166,00:00,22:00,0.383,9
ATM-81D07C7B,Bank of India,"156, Nehru Nagar, Rourkela, Odisha - 384739 (Offsite ATM)",Rourkela,Sundargarh,Odisha,22.177143,84.790437,00:00,21:00,0.225,15
ATM-6BCFC763,HDFC Bank,"225, Bank Street, Chennai, Tamil Nadu - 808733 (CSP Outlet)",Chennai,Chennai,Tamil Nadu,13.09457,80.24238,07:00,21:00,0.691,17
ATM-CE01B36D,State Bank of India,"64, Bus Stand Road, Saharanpur, Uttar Pradesh - 225993 (Branch ATM)",Saharanpur,Saharanpur,Uttar Pradesh,29.886337,77.572785,06:00,23:59,0.523,15
ATM-226615BB,Central Bank of India,"198, Nehru Nagar, Durgapur, West Bengal - 587468 (Micro-ATM Kiosk)",Durgapur,Paschim Bardhaman,West Bengal,23.476614,87.313829,07:00,21:00,0.49,12
ATM-1E8826FA,Kotak Mahindra Bank,"240, Railway Station Road, Dhanbad, Jharkhand - 567364 (Micro-ATM Kiosk)",Dhanbad,Dhanbad,Jharkhand,23.831374,86.390456,00:00,23:59,0.169,43
ATM-182B720A,Federal Bank,"127, Kacheri Road, Mysuru, Karnataka - 670859 (Branch ATM)",Mysuru,Mysuru,Karnataka,12.270136,76.549289,08:00,23:59,0.546,22
ATM-30CD8E84,IndusInd Bank,"238, Industrial Area, Mysuru, Karnataka - 308888 (Offsite ATM)",Mysuru,Mysuru,Karnataka,12.258742,76.731306,07:00,23:59,0.463,26
ATM-4E032E54,Axis Bank,"4, Railway Station Road, Jamtara, Jharkhand - 277348 (Branch ATM)",Jamtara,Jamtara,Jharkhand,24.026718,86.885462,08:00,21:00,0.506,128
ATM-DA7CE7BC,Bank of India,"184, Nehru Nagar, Jaipur, Rajasthan - 780172 (Offsite ATM)",Jaipur,Jaipur,Rajasthan,26.989331,75.828262,08:00,22:00,0.56,8
ATM-803FDC94,IDBI Bank,"34, Model Town, Cuttack, Odisha - 492298 (CSP Outlet)",Cuttack,Cuttack,Odisha,20.561709,85.900753,00:00,22:00,0.527,23
ATM-523B3CCE,IDBI Bank,"185, Main Market, Jamtara, Jharkhand - 525573 (Branch ATM)",Jamtara,Jamtara,Jharkhand,24.066215,86.736687,07:00,22:00,0.51,64
ATM-C2C9FF6D,Central Bank of India,"116, Gandhi Chowk, Bhilai, Chhattisgarh - 258457 (Branch ATM)",Bhilai,Durg,Chhattisgarh,21.086156,81.26788,08:00,22:00,0.696,0
ATM-00A67DE7,State Bank of India,"235, Civil Lines, Jamtara, Jharkhand - 573403 (Branch ATM)",Jamtara,Jamtara,Jharkhand,24.013471,86.881198,00:00,21:00,0.962,25
ATM-E7AD2332,Union Bank of India,"79, Sector 17, Indore, Madhya Pradesh - 719941 (Offsite ATM)",Indore,Indore,Madhya Pradesh,22.791605,75.75194,00:00,21:00,0.341,5
ATM-DFC413CF,Central Bank of India,"98, Industrial Area, Allahabad, Uttar Pradesh - 449491 (Branch ATM)",Allahabad,Prayagraj,Uttar Pradesh,25.395828,81.785395,07:00,21:00,0.576,9
ATM-112961E1,Indian Bank,"137, Ring Road, Eluru, Andhra Pradesh - 120546 (Micro-ATM Kiosk)",Eluru,Eluru,Andhra Pradesh,16.676749,80.991334,07:00,23:59,0.353,1
ATM-2858CF50,IndusInd Bank,"226, Medical College Road, Coimbatore, Tamil Nadu - 552116 (Branch ATM)",Coimbatore,Coimbatore,Tamil Nadu,10.951752,76.987959,07:00,21:00,0.571,17
ATM-403200A2,Union Bank of India,"179, Industrial Area, Amritsar, Punjab - 367956 (Offsite ATM)",Amritsar,Amritsar,Punjab,31.695343,74.921137,06:00,22:00,0.277,41
ATM-C7C85A17,YES Bank,"147, Old City, Lucknow, Uttar Pradesh - 774944 (Micro-ATM Kiosk)",Lucknow,Lucknow,Uttar Pradesh,26.759591,81.048161,08:00,23:59,0.193,29
ATM-EB93183A,Kotak Mahindra Bank,"154, MG Road, Nagpur, Maharashtra - 394306 (Branch ATM)",Nagpur,Nagpur,Maharashtra,21.065541,79.068197,07:00,23:59,0.637,35
ATM-FDB78CB2,Bank of India,"234, MG Road, Ahmedabad, Gujarat - 644607 (Branch ATM)",Ahmedabad,Ahmedabad,Gujarat,22.975956,72.671361,06:00,23:59,0.648,34
ATM-094F57DD,HDFC Bank,"225, Bank Street, Kochi, Kerala - 144598 (Offsite ATM)",Kochi,Ernakulam,Kerala,9.887505,76.247808,08:00,23:59,0.633,44
ATM-EB94C986,Punjab National Bank,"49, Civil Lines, Noida, Uttar Pradesh - 281474 (Offsite ATM)",Noida,Gautam Buddh Nagar,Uttar Pradesh,28.561209,77.298298,00:00,23:59,0.219,41
ATM-DFC7B16E,ICICI Bank,"221, Kacheri Road, Ahmedabad, Gujarat - 316387 (CSP Outlet)",Ahmedabad,Ahmedabad,Gujarat,23.101576,72.563689,08:00,21:00,0.653,36
ATM-05D8B315,State Bank of India,"172, Kacheri Road, Chandigarh, Chandigarh - 404624 (CSP Outlet)",Chandigarh,Chandigarh,Chandigarh,30.834031,76.782569,08:00,23:59,0.692,24
ATM-14E1BC2B,Kotak Mahindra Bank,"148, Gandhi Chowk, Sri Ganganagar, Rajasthan - 151475 (Offsite ATM)",Sri Ganganagar,Sri Ganganagar,Rajasthan,29.825587,73.828811,06:00,23:59,0.446,11
ATM-403F9562,ICICI Bank,"149, Station Road, Warangal, Telangana - 356272 (Offsite ATM)",Warangal,Warangal,Telangana,18.019499,79.66479,07:00,21:00,0.202,45
ATM-564A6E38,Federal Bank,"138, Industrial Area, Deoghar, Jharkhand - 462720 (Branch ATM)",Deoghar,Deoghar,Jharkhand,24.414006,86.632919,08:00,22:00,0.706,39
ATM-18026E71,HDFC Bank,"40, Sector 17, Panihati, West Bengal - 643565 (Offsite ATM)",Panihati,North 24 Parganas,West Bengal,22.700023,88.346208,00:00,22:00,0.531,44
ATM-70528136,Canara Bank,"94, Nehru Nagar, Kolkata, West Bengal - 420216 (CSP Outlet)",Kolkata,Kolkata,West Bengal,22.581858,88.327846,07:00,23:59,0.898,54
ATM-675BD8E5,Central Bank of India,"228, Collectorate Road, Lucknow, Uttar Pradesh - 704748 (CSP Outlet)",Lucknow,Lucknow,Uttar Pradesh,26.93696,81.035234,00:00,22:00,0.652,20
ATM-2AA06DF5,Bank of India,"7, Bank Street, Delhi, Delhi - 615359 (CSP Outlet)",Delhi,New Delhi,Delhi,28.508591,77.174424,06:00,22:00,0.86,79
ATM-0761C7FA,Federal Bank,"79, Station Road, Madurai, Tamil Nadu - 847425 (Offsite ATM)",Madurai,Madurai,Tamil Nadu,9.943773,78.209002,00:00,23:59,0.277,18
ATM-9C982301,Axis Bank,"3, MG Road, Bhusawal, Maharashtra - 366138 (Branch ATM)",Bhusawal,Jalgaon,Maharashtra,21.009363,75.79378,06:00,22:00,0.587,21
ATM-03158FC6,IDBI Bank,"56, Medical College Road, Aizawl, Mizoram - 232833 (Branch ATM)",Aizawl,Aizawl,Mizoram,23.819002,92.768713,06:00,21:00,0.229,32
ATM-B3C14566,IndusInd Bank,"17, Bank Street, Coimbatore, Tamil Nadu - 389716 (CSP Outlet)",Coimbatore,Coimbatore,Tamil Nadu,11.061756,76.9471,07:00,22:00,0.589,16
ATM-0D8BF4FA,HDFC Bank,"51, Bank Street, Chennai, Tamil Nadu - 670655 (Offsite ATM)",Chennai,Chennai,Tamil Nadu,13.052929,80.234188,00:00,23:59,0.145,15
ATM-D2E3E38E,IDBI Bank,"45, Main Market, Eluru, Andhra Pradesh - 564491 (Micro-ATM Kiosk)",Eluru,Eluru,Andhra Pradesh,16.622963,81.170474,00:00,22:00,0.154,11
ATM-E35ECCAA,HDFC Bank,"101, Bank Street, Ranchi, Jharkhand - 302758 (Offsite ATM)",Ranchi,Ranchi,Jharkhand,23.406531,85.342882,06:00,23:59,0.847,126
ATM-8F8CA402,HDFC Bank,"83, Sector 17, Mumbai, Maharashtra - 753554 (Micro-ATM Kiosk)",Mumbai,Mumbai Suburban,Maharashtra,19.036526,72.786853,00:00,23:59,0.485,45
ATM-7B6CC821,Kotak Mahindra Bank,"225, Medical College Road, Shahjahanpur, Uttar Pradesh - 686225 (Micro-ATM Kiosk)",Shahjahanpur,Shahjahanpur,Uttar Pradesh,27.790152,79.919044,08:00,23:59,0.19,40
ATM-E119FC7F,Kotak Mahindra Bank,"67, Industrial Area, Guwahati, Assam - 494757 (Micro-ATM Kiosk)",Guwahati,Kamrup Metropolitan,Assam,26.191836,91.815118,08:00,23:59,0.65,43
ATM-322BBE53,Union Bank of India,"72, Collectorate Road, Kochi, Kerala - 288952 (Branch ATM)",Kochi,Ernakulam,Kerala,10.036203,76.323773,00:00,22:00,0.402,11
ATM-F59096D7,Punjab National Bank,"123, Ring Road, Madurai, Tamil Nadu - 737113 (CSP Outlet)",Madurai,Madurai,Tamil Nadu,9.996084,78.038212,08:00,22:00,0.683,20
ATM-84E3C987,Central Bank of India,"12, Station Road, Kanpur, Uttar Pradesh - 455115 (CSP Outlet)",Kanpur,Kanpur Nagar,Uttar Pradesh,26.396549,80.343572,08:00,21:00,0.209,8
ATM-9156963C,Kotak Mahindra Bank,"15, Nehru Nagar, Amritsar, Punjab - 470188 (CSP Outlet)",Amritsar,Amritsar,Punjab,31.733665,74.958254,00:00,23:59,0.153,4
ATM-8E0BB833,IDBI Bank,"88, Bus Stand Road, Aizawl, Mizoram - 423470 (Micro-ATM Kiosk)",Aizawl,Aizawl,Mizoram,23.663585,92.778628,06:00,21:00,0.633,10
ATM-FB15FBB6,Bank of India,"198, Industrial Area, Cyberabad, Telangana - 522973 (CSP Outlet)",Cyberabad,Ranga Reddy,Telangana,17.54701,78.355354,06:00,21:00,0.239,16
ATM-08EA2100,Punjab National Bank,"146, Nehru Nagar, Bhopal, Madhya Pradesh - 732910 (Micro-ATM Kiosk)",Bhopal,Bhopal,Madhya Pradesh,23.276039,77.502775,08:00,22:00,0.627,34
ATM-BBC7D175,Kotak Mahindra Bank,"150, Railway Station Road, Gurgaon, Haryana - 124705 (Branch ATM)",Gurgaon,Gurugram,Haryana,28.437407,77.024334,06:00,23:59,0.535,45
ATM-BC1D0E43,Bank of India,"156, Station Road, Shahjahanpur, Uttar Pradesh - 530175 (Offsite ATM)",Shahjahanpur,Shahjahanpur,Uttar Pradesh,27.894198,80.002483,00:00,23:59,0.28,20
ATM-94011763,Axis Bank,"198, Collectorate Road, Mumbai, Maharashtra - 385171 (Micro-ATM Kiosk)",Mumbai,Mumbai Suburban,Maharashtra,19.117493,72.90009,07:00,22:00,0.861,59
ATM-968FE102,State Bank of India,"196, Model Town, Amritsar, Punjab - 370216 (Micro-ATM Kiosk)",Amritsar,Amritsar,Punjab,31.542353,74.954764,06:00,23:59,0.65,21
ATM-B2BF46CD,Kotak Mahindra Bank,"26, Bank Street, Tiruchirappalli, Tamil Nadu - 600965 (CSP Outlet)",Tiruchirappalli,Tiruchirappalli,Tamil Nadu,10.782568,78.743273,07:00,23:59,0.114,10
ATM-3D447BBF,YES Bank,"173, Nehru Nagar, Cyberabad, Telangana - 596256 (Micro-ATM Kiosk)",Cyberabad,Ranga Reddy,Telangana,17.44317,78.322057,07:00,23:59,0.4,10
ATM-88D43111,Bank of Baroda,"162, Sector 17, Hyderabad, Telangana - 330983 (Branch ATM)",Hyderabad,Hyderabad,Telangana,17.369688,78.584345,08:00,23:59,0.188,17
ATM-4DFA241B,Axis Bank,"179, Collectorate Road, Tiruchirappalli, Tamil Nadu - 157628 (Offsite ATM)",Tiruchirappalli,Tiruchirappalli,Tamil Nadu,10.837637,78.611799,07:00,21:00,0.123,36
ATM-432954CC,State Bank of India,"89, Bank Street, Bengaluru, Karnataka - 299571 (Offsite ATM)",Bengaluru,Bengaluru Urban,Karnataka,12.939747,77.659075,00:00,23:59,0.673,44
ATM-62FE798D,ICICI Bank,"141, Gandhi Chowk, Gurgaon, Haryana - 777942 (Branch ATM)",Gurgaon,Gurugram,Haryana,28.514561,77.099279,08:00,21:00,0.525,34
ATM-2CF07798,Indian Bank,"222, Civil Lines, Jodhpur, Rajasthan - 583544 (Offsite ATM)",Jodhpur,Jodhpur,Rajasthan,26.237895,73.13126,07:00,23:59,0.112,23
ATM-DC0B060E,Canara Bank,"1, Civil Lines, Hyderabad, Telangana - 574328 (Micro-ATM Kiosk)",Hyderabad,Hyderabad,Telangana,17.303338,78.441885,06:00,21:00,0.57,24
ATM-461353A9,YES Bank,"179, Kacheri Road, Delhi, Delhi - 661585 (Micro-ATM Kiosk)",Delhi,New Delhi,Delhi,28.568183,77.153447,08:00,21:00,0.97,154
ATM-1941190A,State Bank of India,"171, Station Road, Coimbatore, Tamil Nadu - 372718 (Offsite ATM)",Coimbatore,Coimbatore,Tamil Nadu,10.973087,76.893199,07:00,21:00,0.437,35
ATM-B868E5D9,Federal Bank,"133, Gandhi Chowk, Bikaner, Rajasthan - 390347 (Branch ATM)",Bikaner,Bikaner,Rajasthan,27.980651,73.246102,08:00,21:00,0.185,40
ATM-0F0A8FFD,Indian Bank,"106, Kacheri Road, Allahabad, Uttar Pradesh - 567999 (CSP Outlet)",Allahabad,Prayagraj,Uttar Pradesh,25.358602,81.760866,00:00,23:59,0.428,38
ATM-78C33E6D,State Bank of India,"85, Kacheri Road, Kolkata, West Bengal - 837433 (Offsite ATM)",Kolkata,Kolkata,West Bengal,22.586768,88.288704,08:00,21:00,1.0,19
ATM-44F26B6A,Central Bank of India,"160, Collectorate Road, Cyberabad, Telangana - 664431 (Branch ATM)",Cyberabad,Ranga Reddy,Telangana,17.386765,78.361486,07:00,21:00,0.248,41
ATM-7CB6BCAA,Indian Bank,"161, Bank Street, Ranchi, Jharkhand - 402375 (Offsite ATM)",Ranchi,Ranchi,Jharkhand,23.319918,85.259131,08:00,21:00,0.978,90
ATM-3E2383BD,Federal Bank,"197, Bank Street, Warangal, Telangana - 592885 (Offsite ATM)",Warangal,Warangal,Telangana,18.003293,79.540248,08:00,21:00,0.547,20
ATM-E0C75F2D,ICICI Bank,"6, Main Market, Bengaluru, Karnataka - 391218 (Micro-ATM Kiosk)",Bengaluru,Bengaluru Urban,Karnataka,13.035755,77.671998,06:00,22:00,0.232,17
ATM-3675DE66,State Bank of India,"199, Medical College Road, Asansol, West Bengal - 129687 (Offsite ATM)",Asansol,Paschim Bardhaman,West Bengal,23.66533,87.040572,00:00,21:00,0.405,17
ATM-80EC0921,Central Bank of India,"216, Collectorate Road, Indore, Madhya Pradesh - 824468 (Offsite ATM)",Indore,Indore,Madhya Pradesh,22.650593,75.825954,06:00,22:00,0.322,20
ATM-590E8C5D,ICICI Bank,"52, Gandhi Chowk, Mathura, Uttar Pradesh - 653911 (Offsite ATM)",Mathura,Mathura,Uttar Pradesh,27.562603,77.664967,08:00,23:59,0.961,90
ATM-60EF49A8,HDFC Bank,"132, Station Road, Vijayawada, Andhra Pradesh - 235734 (Offsite ATM)",Vijayawada,Krishna,Andhra Pradesh,16.463537,80.664616,00:00,22:00,0.689,41
ATM-C8D928DB,Kotak Mahindra Bank,"25, Main Market, Thiruvananthapuram, Kerala - 377435 (CSP Outlet)",Thiruvananthapuram,Thiruvananthapuram,Kerala,8.591703,76.917862,00:00,23:59,0.604,14
ATM-58D59C50,Indian Bank,"236, Medical College Road, Gwalior, Madhya Pradesh - 736356 (Branch ATM)",Gwalior,Gwalior,Madhya Pradesh,26.157903,78.199659,07:00,22:00,0.349,2
ATM-A46882A4,HDFC Bank,"31, Model Town, Sri Ganganagar, Rajasthan - 274227 (CSP Outlet)",Sri Ganganagar,Sri Ganganagar,Rajasthan,29.883514,73.973536,00:00,21:00,0.515,27
ATM-095FA843,ICICI Bank,"106, Model Town, Mathura, Uttar Pradesh - 427747 (Branch ATM)",Mathura,Mathura,Uttar Pradesh,27.425526,77.733506,00:00,23:59,0.492,111
ATM-613CB95E,Kotak Mahindra Bank,"218, Sector 17, Guwahati, Assam - 744371 (Branch ATM)",Guwahati,Kamrup Metropolitan,Assam,26.215174,91.821185,00:00,22:00,0.16,18
ATM-B0CD9F41,Union Bank of India,"59, Kacheri Road, Jabalpur, Madhya Pradesh - 187777 (Micro-ATM Kiosk)",Jabalpur,Jabalpur,Madhya Pradesh,23.250418,79.980366,00:00,23:59,0.4,26
ATM-3F7453A9,State Bank of India,"169, Industrial Area, Pune, Maharashtra - 584259 (CSP Outlet)",Pune,Pune,Maharashtra,18.563952,73.791748,06:00,23:59,0.258,9
ATM-B497AB15,Union Bank of India,"159, Kacheri Road, Kota, Rajasthan - 355856 (Micro-ATM Kiosk)",Kota,Kota,Rajasthan,25.301639,75.884152,06:00,21:00,0.696,28
ATM-70362E06,Indian Bank,"75, Civil Lines, Jamtara, Jharkhand - 498902 (Micro-ATM Kiosk)",Jamtara,Jamtara,Jharkhand,24.022186,86.809073,07:00,22:00,0.605,116
ATM-1FB7C201,Indian Bank,"186, Bank Street, Shimla, Himachal Pradesh - 668919 (Offsite ATM)",Shimla,Shimla,Himachal Pradesh,31.165919,77.086746,07:00,21:00,0.344,12
ATM-C6983C3E,State Bank of India,"3, Main Market, Nuh, Haryana - 783276 (CSP Outlet)",Nuh,Nuh (Mewat),Haryana,28.03337,76.957323,08:00,23:59,0.939,134
ATM-2C154181,Canara Bank,"193, Station Road, Patna, Bihar - 573155 (Offsite ATM)",Patna,Patna,Bihar,25.596357,85.104135,00:00,21:00,0.99,68
ATM-37D0EBC0,Union Bank of India,"219, Main Market, Bengaluru, Karnataka - 343127 (Branch ATM)",Bengaluru,Bengaluru Urban,Karnataka,13.021283,77.688665,08:00,22:00,0.465,30
ATM-37CDA43C,Indian Bank,"217, Mandi Road, Bhubaneswar, Odisha - 189163 (Micro-ATM Kiosk)",Bhubaneswar,Khordha,Odisha,20.22172,85.896339,06:00,21:00,0.379,1
ATM-1C02BEBC,Federal Bank,"120, Bank Street, Vijayawada, Andhra Pradesh - 597121 (Micro-ATM Kiosk)",Vijayawada,Krishna,Andhra Pradesh,16.59409,80.695948,07:00,21:00,0.229,34
ATM-E942F53E,Bank of India,"129, Kacheri Road, Cuttack, Odisha - 734457 (CSP Outlet)",Cuttack,Cuttack,Odisha,20.560788,85.828116,08:00,22:00,0.414,37
ATM-1D532028,Canara Bank,"223, MG Road, Jabalpur, Madhya Pradesh - 219482 (Micro-ATM Kiosk)",Jabalpur,Jabalpur,Madhya Pradesh,23.270132,79.976662,00:00,23:59,0.264,44
ATM-2F869CEA,HDFC Bank,"115, Bank Street, Thiruvananthapuram, Kerala - 158346 (Branch ATM)",Thiruvananthapuram,Thiruvananthapuram,Kerala,8.48032,77.018495,08:00,22:00,0.297,5
ATM-4538CFDB,ICICI Bank,"84, Ring Road, Ludhiana, Punjab - 471616 (Offsite ATM)",Ludhiana,Ludhiana,Punjab,30.93469,75.895352,08:00,22:00,0.355,14
ATM-FB0FA9DC,ICICI Bank,"57, Industrial Area, Cyberabad, Telangana - 229760 (Offsite ATM)",Cyberabad,Ranga Reddy,Telangana,17.368572,78.393441,07:00,21:00,0.661,41
ATM-0470290F,Canara Bank,"80, Ring Road, Noida, Uttar Pradesh - 171669 (CSP Outlet)",Noida,Gautam Buddh Nagar,Uttar Pradesh,28.53468,77.412938,08:00,21:00,0.324,3
ATM-DDDC7EF9,Bank of India,"188, Bank Street, Lucknow, Uttar Pradesh - 210852 (Offsite ATM)",Lucknow,Lucknow,Uttar Pradesh,26.890759,81.047596,07:00,22:00,0.448,33
ATM-A6F21F03,HDFC Bank,"215, Medical College Road, Kanpur, Uttar Pradesh - 320231 (Offsite ATM)",Kanpur,Kanpur Nagar,Uttar Pradesh,26.511174,80.410513,08:00,21:00,0.127,27
ATM-D9A70DEB,IndusInd Bank,"111, MG Road, Nuh, Haryana - 242763 (Micro-ATM Kiosk)",Nuh,Nuh (Mewat),Haryana,28.145684,76.952512,00:00,23:59,0.556,176
ATM-FD219598,Punjab National Bank,"222, MG Road, Dhanbad, Jharkhand - 646207 (Offsite ATM)",Dhanbad,Dhanbad,Jharkhand,23.726454,86.520633,07:00,23:59,0.139,4
ATM-5F71D73D,YES Bank,"87, Bus Stand Road, Jodhpur, Rajasthan - 297883 (CSP Outlet)",Jodhpur,Jodhpur,Rajasthan,26.333459,73.109577,00:00,22:00,0.271,39
ATM-F97230BA,Central Bank of India,"132, Collectorate Road, Bharatpur, Rajasthan - 699793 (Branch ATM)",Bharatpur,Bharatpur,Rajasthan,27.166956,77.407222,00:00,22:00,0.901,163
ATM-17E4CFD4,HDFC Bank,"172, Ring Road, Indore, Madhya Pradesh - 615148 (Micro-ATM Kiosk)",Indore,Indore,Madhya Pradesh,22.81381,75.962495,07:00,23:59,0.133,33
ATM-8442CC55,Canara Bank,"185, MG Road, Bikaner, Rajasthan - 673186 (Offsite ATM)",Bikaner,Bikaner,Rajasthan,28.076768,73.282116,06:00,21:00,0.327,24
ATM-8EAC6A6E,Union Bank of India,"96, Mandi Road, Bharatpur, Rajasthan - 401704 (Offsite ATM)",Bharatpur,Bharatpur,Rajasthan,27.297721,77.389739,00:00,23:59,0.699,126
ATM-45568ED0,Federal Bank,"132, Civil Lines, Cuttack, Odisha - 252384 (CSP Outlet)",Cuttack,Cuttack,Odisha,20.448882,85.859656,07:00,22:00,0.572,19
ATM-64BA2AE1,IDBI Bank,"189, Model Town, Hyderabad, Telangana - 380436 (CSP Outlet)",Hyderabad,Hyderabad,Telangana,17.486946,78.397631,06:00,21:00,0.599,23
ATM-89BCE62C,YES Bank,"235, Civil Lines, Ludhiana, Punjab - 302780 (Micro-ATM Kiosk)",Ludhiana,Ludhiana,Punjab,30.952432,75.886577,00:00,23:59,0.663,21
ATM-F64F0FA5,HDFC Bank,"42, Bus Stand Road, Sri Ganganagar, Rajasthan - 513800 (Branch ATM)",Sri Ganganagar,Sri Ganganagar,Rajasthan,29.93165,73.930715,06:00,22:00,0.593,13
ATM-50FAF135,Indian Bank,"240, Model Town, Panihati, West Bengal - 379418 (Offsite ATM)",Panihati,North 24 Parganas,West Bengal,22.68568,88.329743,08:00,21:00,0.678,4
ATM-47EF2FD2,Bank of Baroda,"199, Ring Road, Mysuru, Karnataka - 854358 (CSP Outlet)",Mysuru,Mysuru,Karnataka,12.220027,76.574149,06:00,23:59,0.637,34
ATM-97041164,ICICI Bank,"211, Railway Station Road, Shahjahanpur, Uttar Pradesh - 428682 (Branch ATM)",Shahjahanpur,Shahjahanpur,Uttar Pradesh,27.97412,79.89923,08:00,23:59,0.596,19
ATM-B655ABE3,State Bank of India,"116, Gandhi Chowk, Kolkata, West Bengal - 323474 (Branch ATM)",Kolkata,Kolkata,West Bengal,22.490366,88.406145,06:00,23:59,0.589,177
ATM-945FEEB2,IndusInd Bank,"194, Gandhi Chowk, Chandigarh, Chandigarh - 394116 (Micro-ATM Kiosk)",Chandigarh,Chandigarh,Chandigarh,30.702246,76.864534,06:00,23:59,0.64,3
ATM-293AB005,IDBI Bank,"116, Civil Lines, Gwalior, Madhya Pradesh - 704724 (CSP Outlet)",Gwalior,Gwalior,Madhya Pradesh,26.125626,78.136916,07:00,23:59,0.368,6
ATM-08B5411F,ICICI Bank,"115, Industrial Area, Ghaziabad, Uttar Pradesh - 388632 (CSP Outlet)",Ghaziabad,Ghaziabad,Uttar Pradesh,28.684724,77.417361,07:00,22:00,0.285,35
ATM-20DD97E8,Central Bank of India,"60, Old City, Bharatpur, Rajasthan - 824113 (CSP Outlet)",Bharatpur,Bharatpur,Rajasthan,27.249028,77.394684,00:00,21:00,0.566,97
ATM-010B50B5,IndusInd Bank,"233, Bank Street, Coimbatore, Tamil Nadu - 781414 (Offsite ATM)",Coimbatore,Coimbatore,Tamil Nadu,11.115182,77.02378,07:00,23:59,0.597,42
ATM-37A098B4,IDBI Bank,"83, Gandhi Chowk, Amritsar, Punjab - 147621 (CSP Outlet)",Amritsar,Amritsar,Punjab,31.559445,74.906,08:00,22:00,0.159,4
ATM-6637B90B,HDFC Bank,"30, Main Market, Vijayawada, Andhra Pradesh - 220832 (Offsite ATM)",Vijayawada,Krishna,Andhra Pradesh,16.580403,80.585138,00:00,21:00,0.244,26
ATM-9C36B627,Bank of Baroda,"193, Sector 17, Jabalpur, Madhya Pradesh - 331468 (Offsite ATM)",Jabalpur,Jabalpur,Madhya Pradesh,23.166456,80.06051,06:00,23:59,0.448,17
ATM-38F1345F,YES Bank,"193, Model Town, Bhubaneswar, Odisha - 642807 (Offsite ATM)",Bhubaneswar,Khordha,Odisha,20.257671,85.724398,08:00,21:00,0.33,27
ATM-7DDACC11,Bank of Baroda,"44, Gandhi Chowk, Salem, Tamil Nadu - 844338 (Branch ATM)",Salem,Salem,Tamil Nadu,11.658652,78.118503,07:00,21:00,0.333,1
ATM-0CFF9BA9,Indian Bank,"21, Kacheri Road, Asansol, West Bengal - 322528 (Branch ATM)",Asansol,Paschim Bardhaman,West Bengal,23.749303,86.909638,00:00,23:59,0.264,19
ATM-CE4A8518,Punjab National Bank,"174, Main Market, Alwar, Rajasthan - 413986 (CSP Outlet)",Alwar,Alwar,Rajasthan,27.49836,76.648635,00:00,22:00,0.594,119
ATM-23B9812A,YES Bank,"136, Sector 17, Aurangabad, Maharashtra - 390399 (CSP Outlet)",Aurangabad,Aurangabad,Maharashtra,19.854489,75.283327,06:00,23:59,0.379,9
ATM-BDE81BB4,ICICI Bank,"142, Kacheri Road, Bareilly, Uttar Pradesh - 794197 (Micro-ATM Kiosk)",Bareilly,Bareilly,Uttar Pradesh,28.347228,79.417725,08:00,23:59,0.516,16
ATM-8F26217C,State Bank of India,"80, Old City, Allahabad, Uttar Pradesh - 441644 (Micro-ATM Kiosk)",Allahabad,Prayagraj,Uttar Pradesh,25.34384,81.807194,08:00,22:00,0.48,40
ATM-76AD7655,Federal Bank,"103, Sector 17, Kolkata, West Bengal - 472870 (Micro-ATM Kiosk)",Kolkata,Kolkata,West Bengal,22.534874,88.460728,00:00,23:59,1.0,60
ATM-45025A40,Central Bank of India,"77, Railway Station Road, Indore, Madhya Pradesh - 253774 (Branch ATM)",Indore,Indore,Madhya Pradesh,22.683045,75.766207,06:00,22:00,0.538,38
ATM-92CD80D8,Punjab National Bank,"135, Old City, Gorakhpur, Uttar Pradesh - 802729 (CSP Outlet)",Gorakhpur,Gorakhpur,Uttar Pradesh,26.764797,83.36816,07:00,22:00,0.613,43
ATM-A3AF1A0F,HDFC Bank,"3, Gandhi Chowk, Nellore, Andhra Pradesh - 731959 (CSP Outlet)",Nellore,Nellore,Andhra Pradesh,14.506183,79.881572,06:00,23:59,0.411,28
ATM-DB18C985,Union Bank of India,"125, Railway Station Road, Nagpur, Maharashtra - 719970 (Branch ATM)",Nagpur,Nagpur,Maharashtra,21.043356,79.106421,06:00,21:00,0.305,9
ATM-7ACEB006,Punjab National Bank,"161, Sector 17, Saharanpur, Uttar Pradesh - 326162 (Branch ATM)",Saharanpur,Saharanpur,Uttar Pradesh,29.870159,77.466506,07:00,22:00,0.358,26
ATM-70ADD76F,Indian Bank,"58, Civil Lines, Kota, Rajasthan - 195414 (CSP Outlet)",Kota,Kota,Rajasthan,25.26863,75.928879,00:00,22:00,0.22,13
ATM-1E53F07C,Kotak Mahindra Bank,"190, Main Market, Cyberabad, Telangana - 454453 (Offsite ATM)",Cyberabad,Ranga Reddy,Telangana,17.494575,78.401853,00:00,23:59,0.198,40
ATM-5F22CE1C,Union Bank of India,"189, Old City, Asansol, West Bengal - 367356 (CSP Outlet)",Asansol,Paschim Bardhaman,West Bengal,23.640877,86.904148,00:00,23:59,0.627,12
ATM-A2591EAF,Bank of India,"223, Old City, Siliguri, West Bengal - 554975 (CSP Outlet)",Siliguri,Darjeeling,West Bengal,26.726343,88.45772,06:00,21:00,0.146,2
ATM-9C7A60D8,Kotak Mahindra Bank,"162, Station Road, Pune, Maharashtra - 286171 (Branch ATM)",Pune,Pune,Maharashtra,18.606099,73.882078,06:00,21:00,0.112,21
ATM-2D4C9CD1,Union Bank of India,"197, Railway Station Road, Thiruvananthapuram, Kerala - 777311 (Micro-ATM Kiosk)",Thiruvananthapuram,Thiruvananthapuram,Kerala,8.582882,76.958837,00:00,22:00,0.3,40
ATM-52D541DC,Bank of Baroda,"115, Kacheri Road, Rourkela, Odisha - 301293 (Branch ATM)",Rourkela,Sundargarh,Odisha,22.262843,84.932536,08:00,22:00,0.69,22
ATM-69FFA0DA,Kotak Mahindra Bank,"151, Gandhi Chowk, Varanasi, Uttar Pradesh - 546540 (CSP Outlet)",Varanasi,Varanasi,Uttar Pradesh,25.409228,82.879359,08:00,23:59,0.304,36
ATM-11C3D7B4,Canara Bank,"83, Industrial Area, Bhusawal, Maharashtra - 845407 (Micro-ATM Kiosk)",Bhusawal,Jalgaon,Maharashtra,21.013995,75.752947,08:00,23:59,0.259,39
