src_account,dst_account,amount,timestamp,hop_depth,is_terminal,complaint_id
2097-2425-7358,7510-6343-5525,7247.35,2026-06-09T00:26:57,1,0,20aab247-1767-4d22-b25f-ff69332fe3c6
2097-2425-7358,9514-8506-1202,46488.16,2026-06-09T00:27:13,1,0,20aab247-1767-4d22-b25f-ff69332fe3c6
2097-2425-7358,9561-7874-2843,20335.75,2026-06-09T00:27:57,1,0,20aab247-1767-4d22-b25f-ff69332fe3c6
7510-6343-5525,8750-1613-3821,5283.98,2026-06-09T00:29:23,2,0,20aab247-1767-4d22-b25f-ff69332fe3c6
7510-6343-5525,5512-7602-3356,981.77,2026-06-09T00:30:51,2,0,20aab247-1767-4d22-b25f-ff69332fe3c6
7510-6343-5525,7581-1635-7484,981.6,2026-06-09T00:31:40,2,0,20aab247-1767-4d22-b25f-ff69332fe3c6
9514-8506-1202,4734-3201-5923,46488.16,2026-06-09T00:32:57,2,0,20aab247-1767-4d22-b25f-ff69332fe3c6
9561-7874-2843,2462-4079-8237,406.96,2026-06-09T00:33:59,2,0,20aab247-1767-4d22-b25f-ff69332fe3c6
9561-7874-2843,4463-7671-8937,13678.2,2026-06-09T00:34:37,2,0,20aab247-1767-4d22-b25f-ff69332fe3c6
9561-7874-2843,9462-7126-1920,6250.59,2026-06-09T00:35:19,2,0,20aab247-1767-4d22-b25f-ff69332fe3c6
8750-1613-3821,7035-8605-9275,4755.58,2026-06-09T00:38:17,3,1,20aab247-1767-4d22-b25f-ff69332fe3c6
7581-1635-7484,7035-8605-9275,883.44,2026-06-09T00:40:19,3,1,20aab247-1767-4d22-b25f-ff69332fe3c6
5512-7602-3356,7035-8605-9275,883.59,2026-06-09T00:42:19,3,1,20aab247-1767-4d22-b25f-ff69332fe3c6
4463-7671-8937,7035-8605-9275,12310.38,2026-06-09T00:45:06,3,1,20aab247-1767-4d22-b25f-ff69332fe3c6
1449-7333-1813,4511-4626-4688,19749.62,2026-06-20T07:05:02,1,0,65d78397-22fa-447f-a6a9-b922cb316305
4511-4626-4688,1145-8767-3167,5113.27,2026-06-20T07:05:59,2,0,65d78397-22fa-447f-a6a9-b922cb316305
4511-4626-4688,3837-1138-4666,100.0,2026-06-20T07:06:58,2,0,65d78397-22fa-447f-a6a9-b922cb316305
4511-4626-4688,5135-6004-5511,14549.97,2026-06-20T07:07:34,2,0,65d78397-22fa-447f-a6a9-b922cb316305
3837-1138-4666,2045-6509-5529,90.0,2026-06-20T07:10:24,3,1,65d78397-22fa-447f-a6a9-b922cb316305
1145-8767-3167,2045-6509-5529,4601.94,2026-06-20T07:13:18,3,1,65d78397-22fa-447f-a6a9-b922cb316305
5135-6004-5511,2045-6509-5529,13094.97,2026-06-20T07:15:55,3,1,65d78397-22fa-447f-a6a9-b922cb316305
6236-3292-1417,9148-5843-5250,91591.48,2026-07-26T06:43:06,1,0,72522edd-e904-4525-8c91-f641192045c1
6236-3292-1417,7857-7628-7361,12237.68,2026-07-26T06:43:58,1,0,72522edd-e904-4525-8c91-f641192045c1
6236-3292-1417,1578-4111-6622,10288.95,2026-07-26T06:44:43,1,0,72522edd-e904-4525-8c91-f641192045c1
9148-5843-5250,3999-6499-2463,14173.66,2026-07-26T06:45:36,2,0,72522edd-e904-4525-8c91-f641192045c1
9148-5843-5250,4641-6820-4659,25376.41,2026-07-26T06:46:09,2,0,72522edd-e904-4525-8c91-f641192045c1
9148-5843-5250,6031-7889-6428,52041.41,2026-07-26T06:47:09,2,0,72522edd-e904-4525-8c91-f641192045c1
7857-7628-7361,5888-7768-1885,3728.65,2026-07-26T06:47:48,2,0,72522edd-e904-4525-8c91-f641192045c1
7857-7628-7361,3470-3250-4281,2269.5,2026-07-26T06:48:39,2,0,72522edd-e904-4525-8c91-f641192045c1
7857-7628-7361,6614-7704-8496,6239.53,2026-07-26T06:49:26,2,0,72522edd-e904-4525-8c91-f641192045c1
1578-4111-6622,2442-3120-8105,3118.01,2026-07-26T06:50:26,2,0,72522edd-e904-4525-8c91-f641192045c1
1578-4111-6622,8035-7609-8029,7170.94,2026-07-26T06:51:56,2,0,72522edd-e904-4525-8c91-f641192045c1
3999-6499-2463,5076-4707-6641,12756.29,2026-07-26T06:53:09,3,1,72522edd-e904-4525-8c91-f641192045c1
6614-7704-8496,5076-4707-6641,5615.58,2026-07-26T06:54:17,3,1,72522edd-e904-4525-8c91-f641192045c1
2442-3120-8105,5076-4707-6641,2806.21,2026-07-26T06:56:15,3,1,72522edd-e904-4525-8c91-f641192045c1
3192-6615-9031,4087-3701-7609,61058.87,2026-06-19T23:20:58,1,0,e9aeb824-4a8c-4373-abe0-f7ad4d3aad44
3192-6615-9031,1313-4742-4675,81487.44,2026-06-19T23:21:15,1,0,e9aeb824-4a8c-4373-abe0-f7ad4d3aad44
4087-3701-7609,5190-9761-1796,37823.58,2026-06-19T23:22:13,2,0,e9aeb824-4a8c-4373-abe0-f7ad4d3aad44
4087-3701-7609,1785-2771-1323,5477.9,2026-06-19T23:22:56,2,0,e9aeb824-4a8c-4373-abe0-f7ad4d3aad44
4087-3701-7609,1790-2897-7828,17757.39,2026-06-19T23:23:32,2,0,e9aeb824-4a8c-4373-abe0-f7ad4d3aad44
1313-4742-4675,2718-9381-2928,77386.3,2026-06-19T23:24:33,2,0,e9aeb824-4a8c-4373-abe0-f7ad4d3aad44
1313-4742-4675,5631-2867-2741,4101.14,2026-06-19T23:25:15,2,0,e9aeb824-4a8c-4373-abe0-f7ad4d3aad44
1785-2771-1323,1044-1208-2458,4930.11,2026-06-19T23:28:01,3,1,e9aeb824-4a8c-4373-abe0-f7ad4d3aad44
2718-9381-2928,1044-1208-2458,69647.67,2026-06-19T23:29:12,3,1,e9aeb824-4a8c-4373-abe0-f7ad4d3aad44
5631-2867-2741,1044-1208-2458,3691.03,2026-06-19T23:30:24,3,1,e9aeb824-4a8c-4373-abe0-f7ad4d3aad44
5190-9761-1796,1044-1208-2458,34041.22,2026-06-19T23:32:01,3,1,e9aeb824-4a8c-4373-abe0-f7ad4d3aad44
1646-5760-6901,6123-7979-2898,143650.36,2026-07-02T11:04:54,1,0,592ac665-e2a5-4a83-b24b-89eb9690d8ee
1646-5760-6901,2556-1751-1158,28713.89,2026-07-02T11:05:27,1,0,592ac665-e2a5-4a83-b24b-89eb9690d8ee
1646-5760-6901,3267-3793-6384,10330.53,2026-07-02T11:06:06,1,0,592ac665-e2a5-4a83-b24b-89eb9690d8ee
6123-7979-2898,3732-2852-3171,67331.32,2026-07-02T11:07:02,2,0,592ac665-e2a5-4a83-b24b-89eb9690d8ee
6123-7979-2898,1960-3611-2699,76319.04,2026-07-02T11:07:43,2,0,592ac665-e2a5-4a83-b24b-89eb9690d8ee
2556-1751-1158,3140-8914-8997,22396.59,2026-07-02T11:08:54,2,0,592ac665-e2a5-4a83-b24b-89eb9690d8ee
2556-1751-1158,2850-7738-8220,4924.2,2026-07-02T11:10:11,2,0,592ac665-e2a5-4a83-b24b-89eb9690d8ee
2556-1751-1158,1753-2037-5286,1393.1,2026-07-02T11:11:36,2,0,592ac665-e2a5-4a83-b24b-89eb9690d8ee
3267-3793-6384,5072-8895-6664,6872.25,2026-07-02T11:12:06,2,0,592ac665-e2a5-4a83-b24b-89eb9690d8ee
3267-3793-6384,7305-3435-1894,3458.28,2026-07-02T11:13:07,2,0,592ac665-e2a5-4a83-b24b-89eb9690d8ee
3140-8914-8997,7203-7607-4850,20156.93,2026-07-02T11:15:03,3,1,592ac665-e2a5-4a83-b24b-89eb9690d8ee
3732-2852-3171,7203-7607-4850,60598.19,2026-07-02T11:17:06,3,1,592ac665-e2a5-4a83-b24b-89eb9690d8ee
1753-2037-5286,7203-7607-4850,1253.79,2026-07-02T11:19:41,3,1,592ac665-e2a5-4a83-b24b-89eb9690d8ee
1960-3611-2699,7203-7607-4850,68687.14,2026-07-02T11:20:45,3,1,592ac665-e2a5-4a83-b24b-89eb9690d8ee
9328-4389-8474,6953-1889-4652,77847.03,2026-07-05T19:40:17,1,0,f44c1994-7846-4569-8c17-a91960888185
9328-4389-8474,8445-6439-8751,408845.27,2026-07-05T19:41:09,1,0,f44c1994-7846-4569-8c17-a91960888185
6953-1889-4652,9973-9552-7125,1118.56,2026-07-05T19:42:10,2,0,f44c1994-7846-4569-8c17-a91960888185
6953-1889-4652,2741-1750-3689,76728.47,2026-07-05T19:42:56,2,0,f44c1994-7846-4569-8c17-a91960888185
8445-6439-8751,8488-4122-6536,408845.27,2026-07-05T19:43:32,2,0,f44c1994-7846-4569-8c17-a91960888185
2741-1750-3689,9172-1071-9689,69055.62,2026-07-05T19:45:42,3,1,f44c1994-7846-4569-8c17-a91960888185
8488-4122-6536,9172-1071-9689,367960.74,2026-07-05T19:47:47,3,1,f44c1994-7846-4569-8c17-a91960888185
9973-9552-7125,9172-1071-9689,1006.7,2026-07-05T19:50:01,3,1,f44c1994-7846-4569-8c17-a91960888185
6273-9259-7302,5067-5482-7518,5982.41,2026-06-21T04:39:35,1,0,f2986093-d9fe-4c0a-8425-9ed431807cd6
6273-9259-7302,6617-5819-8419,21700.66,2026-06-21T04:40:04,1,0,f2986093-d9fe-4c0a-8425-9ed431807cd6
5067-5482-7518,4560-4291-4435,1176.86,2026-06-21T04:41:18,2,0,f2986093-d9fe-4c0a-8425-9ed431807cd6
5067-5482-7518,5760-6657-3173,2312.81,2026-06-21T04:42:18,2,0,f2986093-d9fe-4c0a-8425-9ed431807cd6
5067-5482-7518,3913-9255-9888,2492.74,2026-06-21T04:43:45,2,0,f2986093-d9fe-4c0a-8425-9ed431807cd6
6617-5819-8419,9564-2744-1414,21700.66,2026-06-21T04:44:39,2,0,f2986093-d9fe-4c0a-8425-9ed431807cd6
3913-9255-9888,3399-2016-5835,2243.47,2026-06-21T04:46:48,3,1,f2986093-d9fe-4c0a-8425-9ed431807cd6
9564-2744-1414,3399-2016-5835,19530.59,2026-06-21T04:49:06,3,1,f2986093-d9fe-4c0a-8425-9ed431807cd6
5760-6657-3173,3399-2016-5835,2081.53,2026-06-21T04:51:41,3,1,f2986093-d9fe-4c0a-8425-9ed431807cd6
1769-7251-7349,6122-1881-1212,7883.05,2026-07-30T18:51:53,1,0,4598ea58-71b6-4208-9b6b-174e1a253e80
1769-7251-7349,5117-4327-8259,134713.88,2026-07-30T18:52:40,1,0,4598ea58-71b6-4208-9b6b-174e1a253e80
6122-1881-1212,5819-8353-3906,7883.05,2026-07-30T18:53:53,2,0,4598ea58-71b6-4208-9b6b-174e1a253e80
5117-4327-8259,8020-5572-5329,134713.88,2026-07-30T18:54:31,2,0,4598ea58-71b6-4208-9b6b-174e1a253e80
5819-8353-3906,3518-6285-1833,7883.05,2026-07-30T18:58:49,3,1,4598ea58-71b6-4208-9b6b-174e1a253e80
8020-5572-5329,6207-9608-4603,134713.88,2026-07-30T19:00:36,3,1,4598ea58-71b6-4208-9b6b-174e1a253e80
7609-2506-6724,4495-6437-6424,336736.71,2026-08-06T04:59:34,1,0,59fe7b55-a566-45a1-b56d-cfedb1108c9b
4495-6437-6424,1144-2879-6668,76722.56,2026-08-06T05:01:02,2,0,59fe7b55-a566-45a1-b56d-cfedb1108c9b
4495-6437-6424,8301-4937-4994,144221.61,2026-08-06T05:01:33,2,0,59fe7b55-a566-45a1-b56d-cfedb1108c9b
4495-6437-6424,1653-6258-7248,115792.53,2026-08-06T05:02:35,2,0,59fe7b55-a566-45a1-b56d-cfedb1108c9b
1653-6258-7248,3742-9814-9736,104213.28,2026-08-06T05:03:43,3,1,59fe7b55-a566-45a1-b56d-cfedb1108c9b
1144-2879-6668,3742-9814-9736,69050.3,2026-08-06T05:06:33,3,1,59fe7b55-a566-45a1-b56d-cfedb1108c9b
8301-4937-4994,3742-9814-9736,129799.45,2026-08-06T05:08:41,3,1,59fe7b55-a566-45a1-b56d-cfedb1108c9b
2181-3519-1389,6434-1620-2433,22611.02,2026-07-05T21:49:42,1,0,f5517245-2eec-418a-baa9-0eb31314915a
2181-3519-1389,2200-1889-3916,63273.21,2026-07-05T21:50:08,1,0,f5517245-2eec-418a-baa9-0eb31314915a
6434-1620-2433,7381-2938-9762,22611.02,2026-07-05T21:50:38,2,0,f5517245-2eec-418a-baa9-0eb31314915a
2200-1889-3916,2189-6860-9238,63273.21,2026-07-05T21:51:14,2,0,f5517245-2eec-418a-baa9-0eb31314915a
7381-2938-9762,7473-1504-8765,22611.02,2026-07-05T21:52:54,3,0,f5517245-2eec-418a-baa9-0eb31314915a
7473-1504-8765,9941-5832-3360,22611.02,2026-07-05T21:55:10,4,1,f5517245-2eec-418a-baa9-0eb31314915a
2189-6860-9238,3019-1684-1082,63273.21,2026-07-05T21:58:36,3,1,f5517245-2eec-418a-baa9-0eb31314915a
6633-4469-7760,9397-3333-3637,106854.61,2026-08-16T05:30:27,1,0,7f2b1fbe-582e-49be-b4c1-0698b35856c2
6633-4469-7760,4014-4617-5140,251563.14,2026-08-16T05:31:12,1,0,7f2b1fbe-582e-49be-b4c1-0698b35856c2
6633-4469-7760,4183-2877-3971,53374.53,2026-08-16T05:31:38,1,0,7f2b1fbe-582e-49be-b4c1-0698b35856c2
9397-3333-3637,3100-4842-2639,47479.4,2026-08-16T05:32:28,2,0,7f2b1fbe-582e-49be-b4c1-0698b35856c2
9397-3333-3637,5671-2143-4170,59375.21,2026-08-16T05:33:35,2,0,7f2b1fbe-582e-49be-b4c1-0698b35856c2
4014-4617-5140,3762-1079-6131,38265.46,2026-08-16T05:34:22,2,0,7f2b1fbe-582e-49be-b4c1-0698b35856c2
4014-4617-5140,5033-4629-8145,213297.68,2026-08-16T05:35:22,2,0,7f2b1fbe-582e-49be-b4c1-0698b35856c2
4183-2877-3971,3879-2343-5597,53374.53,2026-08-16T05:36:46,2,0,7f2b1fbe-582e-49be-b4c1-0698b35856c2
3100-4842-2639,4485-1600-5269,42731.46,2026-08-16T05:38:55,3,1,7f2b1fbe-582e-49be-b4c1-0698b35856c2
3879-2343-5597,4485-1600-5269,48037.08,2026-08-16T05:40:45,3,1,7f2b1fbe-582e-49be-b4c1-0698b35856c2
5033-4629-8145,4485-1600-5269,191967.91,2026-08-16T05:43:34,3,1,7f2b1fbe-582e-49be-b4c1-0698b35856c2
3762-1079-6131,4485-1600-5269,34438.91,2026-08-16T05:44:45,3,1,7f2b1fbe-582e-49be-b4c1-0698b35856c2
5671-2143-4170,4485-1600-5269,53437.69,2026-08-16T05:46:15,3,1,7f2b1fbe-582e-49be-b4c1-0698b35856c2
9423-3299-8310,3935-3395-8921,438801.98,2026-06-29T14:51:32,1,0,24c80d86-56e3-4aa2-a701-63a26b25988c
3935-3395-8921,4834-1701-4387,251107.38,2026-06-29T14:52:32,2,0,24c80d86-56e3-4aa2-a701-63a26b25988c
3935-3395-8921,9485-6918-7358,187694.6,2026-06-29T14:53:08,2,0,24c80d86-56e3-4aa2-a701-63a26b25988c
9485-6918-7358,7171-7201-6985,187694.6,2026-06-29T14:56:38,3,1,24c80d86-56e3-4aa2-a701-63a26b25988c
9460-7649-6781,8976-8898-1108,113986.17,2026-06-23T00:17:27,1,0,5c9dcb72-c7a1-477c-a6cf-4062ef7522cc
9460-7649-6781,9222-3276-8207,22129.51,2026-06-23T00:17:48,1,0,5c9dcb72-c7a1-477c-a6cf-4062ef7522cc
8976-8898-1108,7793-6410-2856,113986.17,2026-06-23T00:18:48,2,0,5c9dcb72-c7a1-477c-a6cf-4062ef7522cc
9222-3276-8207,1367-4992-1706,21119.77,2026-06-23T00:19:58,2,0,5c9dcb72-c7a1-477c-a6cf-4062ef7522cc
9222-3276-8207,3095-3639-3207,1009.74,2026-06-23T00:21:27,2,0,5c9dcb72-c7a1-477c-a6cf-4062ef7522cc
3095-3639-3207,4548-8359-8723,908.77,2026-06-23T00:22:48,3,1,5c9dcb72-c7a1-477c-a6cf-4062ef7522cc
1367-4992-1706,4548-8359-8723,19007.79,2026-06-23T00:25:29,3,1,5c9dcb72-c7a1-477c-a6cf-4062ef7522cc
7793-6410-2856,4548-8359-8723,102587.55,2026-06-23T00:27:53,3,1,5c9dcb72-c7a1-477c-a6cf-4062ef7522cc
8429-2127-4765,7315-3166-2778,151118.24,2026-06-20T08:40:33,1,0,f3a949b3-e24d-41f6-a3b8-f2080b61692c
8429-2127-4765,1271-4315-9564,51585.01,2026-06-20T08:41:13,1,0,f3a949b3-e24d-41f6-a3b8-f2080b61692c
7315-3166-2778,2925-2526-8901,17464.32,2026-06-20T08:42:06,2,0,f3a949b3-e24d-41f6-a3b8-f2080b61692c
7315-3166-2778,3135-9835-1019,436.52,2026-06-20T08:43:27,2,0,f3a949b3-e24d-41f6-a3b8-f2080b61692c
7315-3166-2778,8069-9553-7892,133217.39,2026-06-20T08:44:44,2,0,f3a949b3-e24d-41f6-a3b8-f2080b61692c
1271-4315-9564,5170-8817-4809,51585.01,2026-06-20T08:46:12,2,0,f3a949b3-e24d-41f6-a3b8-f2080b61692c
3135-9835-1019,9515-1117-7144,392.87,2026-06-20T08:48:40,3,1,f3a949b3-e24d-41f6-a3b8-f2080b61692c
2925-2526-8901,9515-1117-7144,15717.89,2026-06-20T08:49:59,3,1,f3a949b3-e24d-41f6-a3b8-f2080b61692c
8069-9553-7892,9515-1117-7144,119895.65,2026-06-20T08:52:48,3,1,f3a949b3-e24d-41f6-a3b8-f2080b61692c
5170-8817-4809,9515-1117-7144,46426.51,2026-06-20T08:54:23,3,1,f3a949b3-e24d-41f6-a3b8-f2080b61692c
8904-3928-7065,8925-5157-6024,24694.08,2026-06-14T14:25:36,1,0,f3b8c40c-7e53-49ea-a7a7-d8b05169578a
8904-3928-7065,6641-7522-3262,26275.16,2026-06-14T14:26:07,1,0,f3b8c40c-7e53-49ea-a7a7-d8b05169578a
8904-3928-7065,2951-4764-8317,29687.22,2026-06-14T14:26:27,1,0,f3b8c40c-7e53-49ea-a7a7-d8b05169578a
8925-5157-6024,8133-2444-2049,3647.5,2026-06-14T14:27:02,2,0,f3b8c40c-7e53-49ea-a7a7-d8b05169578a
8925-5157-6024,5310-4633-7075,21046.58,2026-06-14T14:28:11,2,0,f3b8c40c-7e53-49ea-a7a7-d8b05169578a
6641-7522-3262,9099-8192-1175,26275.16,2026-06-14T14:28:53,2,0,f3b8c40c-7e53-49ea-a7a7-d8b05169578a
2951-4764-8317,9364-9451-4795,1183.94,2026-06-14T14:29:28,2,0,f3b8c40c-7e53-49ea-a7a7-d8b05169578a
2951-4764-8317,3776-1590-6893,19117.32,2026-06-14T14:30:35,2,0,f3b8c40c-7e53-49ea-a7a7-d8b05169578a
2951-4764-8317,4919-1004-3579,9385.96,2026-06-14T14:31:10,2,0,f3b8c40c-7e53-49ea-a7a7-d8b05169578a
9099-8192-1175,4187-8450-7618,23647.64,2026-06-14T14:32:43,3,1,f3b8c40c-7e53-49ea-a7a7-d8b05169578a
4919-1004-3579,4187-8450-7618,8447.36,2026-06-14T14:33:52,3,1,f3b8c40c-7e53-49ea-a7a7-d8b05169578a
5310-4633-7075,4187-8450-7618,18941.92,2026-06-14T14:36:34,3,1,f3b8c40c-7e53-49ea-a7a7-d8b05169578a
3776-1590-6893,4187-8450-7618,17205.59,2026-06-14T14:39:18,3,1,f3b8c40c-7e53-49ea-a7a7-d8b05169578a
8923-4985-6565,8548-1448-8896,257828.6,2026-07-14T12:15:26,1,0,049cd71d-23aa-40d1-aafe-703d4a117415
8923-4985-6565,2904-5224-2106,42136.17,2026-07-14T12:15:56,1,0,049cd71d-23aa-40d1-aafe-703d4a117415
8548-1448-8896,5067-5706-2523,125408.5,2026-07-14T12:17:01,2,0,049cd71d-23aa-40d1-aafe-703d4a117415
8548-1448-8896,7536-6603-2245,132420.1,2026-07-14T12:18:07,2,0,049cd71d-23aa-40d1-aafe-703d4a117415
2904-5224-2106,4271-4847-4965,23725.55,2026-07-14T12:18:49,2,0,049cd71d-23aa-40d1-aafe-703d4a117415
2904-5224-2106,5348-4387-4755,18410.62,2026-07-14T12:19:25,2,0,049cd71d-23aa-40d1-aafe-703d4a117415
5067-5706-2523,6167-9066-5501,112867.65,2026-07-14T12:22:02,3,1,049cd71d-23aa-40d1-aafe-703d4a117415
7536-6603-2245,6167-9066-5501,119178.09,2026-07-14T12:24:15,3,1,049cd71d-23aa-40d1-aafe-703d4a117415
4271-4847-4965,6167-9066-5501,21353.0,2026-07-14T12:26:16,3,1,049cd71d-23aa-40d1-aafe-703d4a117415
8490-2972-9490,6171-1137-1193,298145.37,2026-07-02T02:16:21,1,0,eac9ecd1-f78b-4645-a63d-8c61550864a5
8490-2972-9490,4452-7216-2650,87311.0,2026-07-02T02:16:48,1,0,eac9ecd1-f78b-4645-a63d-8c61550864a5
6171-1137-1193,7866-7099-6981,298145.37,2026-07-02T02:18:12,2,0,eac9ecd1-f78b-4645-a63d-8c61550864a5
4452-7216-2650,4744-2636-5422,3962.04,2026-07-02T02:19:12,2,0,eac9ecd1-f78b-4645-a63d-8c61550864a5
4452-7216-2650,4863-8081-7240,38855.25,2026-07-02T02:20:39,2,0,eac9ecd1-f78b-4645-a63d-8c61550864a5
4452-7216-2650,4212-3389-3450,44493.71,2026-07-02T02:21:40,2,0,eac9ecd1-f78b-4645-a63d-8c61550864a5
4744-2636-5422,5166-8807-2577,3565.84,2026-07-02T02:23:22,3,1,eac9ecd1-f78b-4645-a63d-8c61550864a5
7866-7099-6981,5166-8807-2577,268330.83,2026-07-02T02:26:21,3,1,eac9ecd1-f78b-4645-a63d-8c61550864a5
4863-8081-7240,5166-8807-2577,34969.72,2026-07-02T02:27:36,3,1,eac9ecd1-f78b-4645-a63d-8c61550864a5
9821-3859-5663,6326-9363-8987,171082.17,2026-08-23T02:29:54,1,0,da7f4b4c-2f03-4f07-ab43-3a6b6819430a
9821-3859-5663,8322-2284-7243,306056.71,2026-08-23T02:30:44,1,0,da7f4b4c-2f03-4f07-ab43-3a6b6819430a
6326-9363-8987,2168-2296-3654,81996.33,2026-08-23T02:31:34,2,0,da7f4b4c-2f03-4f07-ab43-3a6b6819430a
6326-9363-8987,6629-4739-6136,89085.84,2026-08-23T02:32:21,2,0,da7f4b4c-2f03-4f07-ab43-3a6b6819430a
8322-2284-7243,9535-8377-7782,244683.36,2026-08-23T02:33:51,2,0,da7f4b4c-2f03-4f07-ab43-3a6b6819430a
8322-2284-7243,3741-4012-1378,11294.18,2026-08-23T02:34:27,2,0,da7f4b4c-2f03-4f07-ab43-3a6b6819430a
8322-2284-7243,3048-4844-5122,50079.17,2026-08-23T02:35:22,2,0,da7f4b4c-2f03-4f07-ab43-3a6b6819430a
3741-4012-1378,5053-5655-8260,10164.76,2026-08-23T02:36:38,3,1,da7f4b4c-2f03-4f07-ab43-3a6b6819430a
9535-8377-7782,5053-5655-8260,220215.02,2026-08-23T02:39:02,3,1,da7f4b4c-2f03-4f07-ab43-3a6b6819430a
2168-2296-3654,5053-5655-8260,73796.7,2026-08-23T02:41:02,3,1,da7f4b4c-2f03-4f07-ab43-3a6b6819430a
9987-8288-3213,9835-3900-8480,9795.58,2026-06-28T01:02:38,1,0,b9778d90-61e6-40fe-a434-e7715d577188
9987-8288-3213,8126-9576-9745,310345.59,2026-06-28T01:03:04,1,0,b9778d90-61e6-40fe-a434-e7715d577188
9987-8288-3213,6073-6688-8891,115765.53,2026-06-28T01:03:22,1,0,b9778d90-61e6-40fe-a434-e7715d577188
9835-3900-8480,8816-5908-1149,2250.91,2026-06-28T01:04:42,2,0,b9778d90-61e6-40fe-a434-e7715d577188
9835-3900-8480,8052-5799-4788,7544.67,2026-06-28T01:05:39,2,0,b9778d90-61e6-40fe-a434-e7715d577188
8126-9576-9745,4614-5308-2297,109185.1,2026-06-28T01:06:57,2,0,b9778d90-61e6-40fe-a434-e7715d577188
8126-9576-9745,7917-4924-9464,201160.49,2026-06-28T01:07:45,2,0,b9778d90-61e6-40fe-a434-e7715d577188
6073-6688-8891,3988-3238-5744,115765.53,2026-06-28T01:08:22,2,0,b9778d90-61e6-40fe-a434-e7715d577188
8052-5799-4788,1813-9764-1362,6790.2,2026-06-28T01:09:58,3,1,b9778d90-61e6-40fe-a434-e7715d577188
4614-5308-2297,1813-9764-1362,98266.59,2026-06-28T01:10:59,3,1,b9778d90-61e6-40fe-a434-e7715d577188
8816-5908-1149,1813-9764-1362,2025.82,2026-06-28T01:12:26,3,1,b9778d90-61e6-40fe-a434-e7715d577188
7917-4924-9464,1813-9764-1362,181044.44,2026-06-28T01:14:29,3,1,b9778d90-61e6-40fe-a434-e7715d577188
2314-3393-1918,7429-2169-9899,322893.92,2026-07-21T10:27:38,1,0,13c84566-c9f6-459b-b2bd-d1146b39f1b6
2314-3393-1918,8702-3975-4148,59548.93,2026-07-21T10:28:33,1,0,13c84566-c9f6-459b-b2bd-d1146b39f1b6
7429-2169-9899,4263-8550-2539,322893.92,2026-07-21T10:29:36,2,0,13c84566-c9f6-459b-b2bd-d1146b39f1b6
8702-3975-4148,3598-1691-9534,11297.06,2026-07-21T10:30:46,2,0,13c84566-c9f6-459b-b2bd-d1146b39f1b6
8702-3975-4148,3001-5150-8884,48251.87,2026-07-21T10:31:29,2,0,13c84566-c9f6-459b-b2bd-d1146b39f1b6
3001-5150-8884,4982-1146-1688,43426.68,2026-07-21T10:33:57,3,1,13c84566-c9f6-459b-b2bd-d1146b39f1b6
4263-8550-2539,4982-1146-1688,290604.53,2026-07-21T10:36:35,3,1,13c84566-c9f6-459b-b2bd-d1146b39f1b6
3598-1691-9534,4982-1146-1688,10167.35,2026-07-21T10:39:02,3,1,13c84566-c9f6-459b-b2bd-d1146b39f1b6
1979-6824-3521,9787-2759-3061,574.34,2026-07-04T07:23:58,1,0,4bcdc273-ea0d-4422-a282-8ab23c7db40f
1979-6824-3521,8992-4812-6189,8673.4,2026-07-04T07:24:10,1,0,4bcdc273-ea0d-4422-a282-8ab23c7db40f
1979-6824-3521,6690-8187-4161,5393.25,2026-07-04T07:24:51,1,0,4bcdc273-ea0d-4422-a282-8ab23c7db40f
9787-2759-3061,5510-3627-2128,188.66,2026-07-04T07:25:39,2,0,4bcdc273-ea0d-4422-a282-8ab23c7db40f
9787-2759-3061,9702-3539-8362,385.68,2026-07-04T07:26:49,2,0,4bcdc273-ea0d-4422-a282-8ab23c7db40f
8992-4812-6189,4912-6254-2037,7697.08,2026-07-04T07:27:52,2,0,4bcdc273-ea0d-4422-a282-8ab23c7db40f
8992-4812-6189,9830-7348-4110,976.32,2026-07-04T07:28:42,2,0,4bcdc273-ea0d-4422-a282-8ab23c7db40f
6690-8187-4161,1717-3126-3926,5393.25,2026-07-04T07:30:07,2,0,4bcdc273-ea0d-4422-a282-8ab23c7db40f
9830-7348-4110,7002-4616-2161,878.69,2026-07-04T07:33:04,3,1,4bcdc273-ea0d-4422-a282-8ab23c7db40f
1717-3126-3926,7002-4616-2161,4853.92,2026-07-04T07:35:50,3,1,4bcdc273-ea0d-4422-a282-8ab23c7db40f
4912-6254-2037,7002-4616-2161,6927.37,2026-07-04T07:37:36,3,1,4bcdc273-ea0d-4422-a282-8ab23c7db40f
9702-3539-8362,7002-4616-2161,347.11,2026-07-04T07:40:21,3,1,4bcdc273-ea0d-4422-a282-8ab23c7db40f
5510-3627-2128,7002-4616-2161,169.79,2026-07-04T07:42:39,3,1,4bcdc273-ea0d-4422-a282-8ab23c7db40f
2276-4537-9511,2658-4784-9710,439614.75,2026-06-06T17:08:02,1,0,d64f51bb-59e7-47c9-b2b0-a67e5767e840
2658-4784-9710,7802-2728-6864,439614.75,2026-06-06T17:09:15,2,0,d64f51bb-59e7-47c9-b2b0-a67e5767e840
7802-2728-6864,9268-6529-3591,439614.75,2026-06-06T17:12:31,3,0,d64f51bb-59e7-47c9-b2b0-a67e5767e840
9268-6529-3591,6319-7090-7755,439614.75,2026-06-06T17:16:46,4,1,d64f51bb-59e7-47c9-b2b0-a67e5767e840
9939-4504-7145,5162-6898-8412,32865.26,2026-07-15T05:07:33,1,0,016d891c-d86e-42d6-9e59-7035de58e2eb
9939-4504-7145,8331-7505-1003,11419.09,2026-07-15T05:07:56,1,0,016d891c-d86e-42d6-9e59-7035de58e2eb
9939-4504-7145,1567-5660-1267,24269.41,2026-07-15T05:08:23,1,0,016d891c-d86e-42d6-9e59-7035de58e2eb
5162-6898-8412,2544-1618-8542,32865.26,2026-07-15T05:09:15,2,0,016d891c-d86e-42d6-9e59-7035de58e2eb
8331-7505-1003,5198-5920-2505,11419.09,2026-07-15T05:10:21,2,0,016d891c-d86e-42d6-9e59-7035de58e2eb
1567-5660-1267,3832-8999-2562,20760.25,2026-07-15T05:10:56,2,0,016d891c-d86e-42d6-9e59-7035de58e2eb
1567-5660-1267,5921-1612-7251,3509.16,2026-07-15T05:11:53,2,0,016d891c-d86e-42d6-9e59-7035de58e2eb
5921-1612-7251,9591-1674-6231,3158.24,2026-07-15T05:13:12,3,1,016d891c-d86e-42d6-9e59-7035de58e2eb
2544-1618-8542,9591-1674-6231,29578.73,2026-07-15T05:14:18,3,1,016d891c-d86e-42d6-9e59-7035de58e2eb
5198-5920-2505,9591-1674-6231,10277.18,2026-07-15T05:16:15,3,1,016d891c-d86e-42d6-9e59-7035de58e2eb
8076-5747-7460,3165-6507-2352,464812.18,2026-08-11T09:30:28,1,0,f5648e25-e072-482e-9d6d-d20adcb428be
3165-6507-2352,9221-8118-3136,144408.48,2026-08-11T09:31:29,2,0,f5648e25-e072-482e-9d6d-d20adcb428be
3165-6507-2352,3209-8879-4245,320403.7,2026-08-11T09:32:46,2,0,f5648e25-e072-482e-9d6d-d20adcb428be
3209-8879-4245,2843-7776-7939,320403.7,2026-08-11T09:35:19,3,1,f5648e25-e072-482e-9d6d-d20adcb428be
3773-6729-8245,3389-8216-1735,29201.74,2026-07-19T07:39:44,1,0,242f3e76-d2ae-40c8-b387-3194438e24e4
3773-6729-8245,4825-4271-7124,89317.14,2026-07-19T07:40:12,1,0,242f3e76-d2ae-40c8-b387-3194438e24e4
3773-6729-8245,3555-2405-2841,103340.66,2026-07-19T07:40:52,1,0,242f3e76-d2ae-40c8-b387-3194438e24e4
3389-8216-1735,9573-5237-9991,161.41,2026-07-19T07:41:38,2,0,242f3e76-d2ae-40c8-b387-3194438e24e4
3389-8216-1735,8913-3315-1301,16540.05,2026-07-19T07:42:25,2,0,242f3e76-d2ae-40c8-b387-3194438e24e4
3389-8216-1735,7170-9631-1712,12500.28,2026-07-19T07:43:37,2,0,242f3e76-d2ae-40c8-b387-3194438e24e4
4825-4271-7124,1312-5792-7332,89317.14,2026-07-19T07:44:21,2,0,242f3e76-d2ae-40c8-b387-3194438e24e4
3555-2405-2841,9709-2442-4054,32824.02,2026-07-19T07:45:50,2,0,242f3e76-d2ae-40c8-b387-3194438e24e4
3555-2405-2841,4258-9202-8503,16686.02,2026-07-19T07:46:21,2,0,242f3e76-d2ae-40c8-b387-3194438e24e4
3555-2405-2841,1352-1651-5053,53830.62,2026-07-19T07:47:23,2,0,242f3e76-d2ae-40c8-b387-3194438e24e4
9709-2442-4054,3485-6599-7436,29541.62,2026-07-19T07:48:34,3,1,242f3e76-d2ae-40c8-b387-3194438e24e4
7170-9631-1712,3485-6599-7436,11250.25,2026-07-19T07:50:52,3,1,242f3e76-d2ae-40c8-b387-3194438e24e4
8913-3315-1301,3485-6599-7436,14886.04,2026-07-19T07:53:05,3,1,242f3e76-d2ae-40c8-b387-3194438e24e4
8359-9883-3158,3270-9869-4314,15411.96,2026-07-22T20:20:41,1,0,992fb8c2-f641-4d16-94d9-99568f86dbe4
3270-9869-4314,3378-3589-6201,13562.7,2026-07-22T20:21:22,2,0,992fb8c2-f641-4d16-94d9-99568f86dbe4
3270-9869-4314,2111-9732-2939,1849.26,2026-07-22T20:22:48,2,0,992fb8c2-f641-4d16-94d9-99568f86dbe4
2111-9732-2939,4079-2749-3155,1849.26,2026-07-22T20:24:35,3,1,992fb8c2-f641-4d16-94d9-99568f86dbe4
4804-4783-1427,2302-8808-3196,44486.38,2026-08-25T23:23:22,1,0,a1828b98-e119-4261-a9ad-15c05cf4b254
4804-4783-1427,9230-8680-7126,73839.8,2026-08-25T23:23:46,1,0,a1828b98-e119-4261-a9ad-15c05cf4b254
2302-8808-3196,4646-4323-4351,5001.95,2026-08-25T23:25:11,2,0,a1828b98-e119-4261-a9ad-15c05cf4b254
2302-8808-3196,2083-3901-8197,39484.43,2026-08-25T23:25:56,2,0,a1828b98-e119-4261-a9ad-15c05cf4b254
9230-8680-7126,6126-7457-9784,67843.82,2026-08-25T23:26:32,2,0,a1828b98-e119-4261-a9ad-15c05cf4b254
9230-8680-7126,9605-1630-9530,5995.98,2026-08-25T23:27:17,2,0,a1828b98-e119-4261-a9ad-15c05cf4b254
4646-4323-4351,7521-5989-5684,4501.76,2026-08-25T23:29:11,3,1,a1828b98-e119-4261-a9ad-15c05cf4b254
9605-1630-9530,7521-5989-5684,5396.38,2026-08-25T23:31:17,3,1,a1828b98-e119-4261-a9ad-15c05cf4b254
2083-3901-8197,7521-5989-5684,35535.99,2026-08-25T23:32:28,3,1,a1828b98-e119-4261-a9ad-15c05cf4b254
6126-7457-9784,7521-5989-5684,61059.44,2026-08-25T23:34:42,3,1,a1828b98-e119-4261-a9ad-15c05cf4b254
8387-1408-3930,4308-8449-2477,93946.55,2026-07-16T04:43:17,1,0,14b4e845-f86e-49e1-bd64-156f2f0db786
8387-1408-3930,5097-6309-3686,48899.7,2026-07-16T04:43:50,1,0,14b4e845-f86e-49e1-bd64-156f2f0db786
4308-8449-2477,3619-7204-7235,23981.51,2026-07-16T04:44:31,2,0,14b4e845-f86e-49e1-bd64-156f2f0db786
4308-8449-2477,1719-3799-6491,2688.54,2026-07-16T04:45:50,2,0,14b4e845-f86e-49e1-bd64-156f2f0db786
4308-8449-2477,3459-3656-3369,67276.5,2026-07-16T04:46:32,2,0,14b4e845-f86e-49e1-bd64-156f2f0db786
5097-6309-3686,9904-1094-9084,45460.12,2026-07-16T04:47:31,2,0,14b4e845-f86e-49e1-bd64-156f2f0db786
5097-6309-3686,4897-4553-8794,3439.58,2026-07-16T04:48:57,2,0,14b4e845-f86e-49e1-bd64-156f2f0db786
3619-7204-7235,1902-6718-1601,21583.36,2026-07-16T04:50:01,3,1,14b4e845-f86e-49e1-bd64-156f2f0db786
1719-3799-6491,1902-6718-1601,2419.69,2026-07-16T04:51:43,3,1,14b4e845-f86e-49e1-bd64-156f2f0db786
4897-4553-8794,1902-6718-1601,3095.62,2026-07-16T04:53:05,3,1,14b4e845-f86e-49e1-bd64-156f2f0db786
3906-8460-6901,2525-5903-6289,404711.01,2026-06-17T13:19:22,1,0,f42e8e22-a787-4efd-9850-ea346ffe638c
2525-5903-6289,2063-5797-8713,44220.05,2026-06-17T13:20:25,2,0,f42e8e22-a787-4efd-9850-ea346ffe638c
2525-5903-6289,3204-2999-5496,323414.51,2026-06-17T13:21:41,2,0,f42e8e22-a787-4efd-9850-ea346ffe638c
2525-5903-6289,6393-9635-7779,37076.45,2026-06-17T13:23:10,2,0,f42e8e22-a787-4efd-9850-ea346ffe638c
6393-9635-7779,9132-9514-9154,33368.8,2026-06-17T13:24:33,3,1,f42e8e22-a787-4efd-9850-ea346ffe638c
3204-2999-5496,9132-9514-9154,291073.06,2026-06-17T13:25:57,3,1,f42e8e22-a787-4efd-9850-ea346ffe638c
2063-5797-8713,9132-9514-9154,39798.05,2026-06-17T13:28:38,3,1,f42e8e22-a787-4efd-9850-ea346ffe638c
7783-1745-6468,4478-1185-4296,44605.32,2026-08-08T20:29:35,1,0,8eb45a6d-4da8-4666-8fcb-110148d0ec83
7783-1745-6468,5614-5168-2111,191571.89,2026-08-08T20:30:28,1,0,8eb45a6d-4da8-4666-8fcb-110148d0ec83
4478-1185-4296,3877-4178-6415,44605.32,2026-08-08T20:31:51,2,0,8eb45a6d-4da8-4666-8fcb-110148d0ec83
5614-5168-2111,3224-8888-3545,191571.89,2026-08-08T20:33:01,2,0,8eb45a6d-4da8-4666-8fcb-110148d0ec83
3877-4178-6415,9537-5904-6169,44605.32,2026-08-08T20:36:23,3,1,8eb45a6d-4da8-4666-8fcb-110148d0ec83
3224-8888-3545,3446-5595-1510,191571.89,2026-08-08T20:38:49,3,1,8eb45a6d-4da8-4666-8fcb-110148d0ec83
4070-2914-6050,6152-1518-5448,302164.97,2026-06-09T16:14:12,1,0,2e641f28-0b97-4aac-800f-c8fede52edd1
4070-2914-6050,7780-2422-9143,19732.03,2026-06-09T16:14:24,1,0,2e641f28-0b97-4aac-800f-c8fede52edd1
4070-2914-6050,4893-7088-8404,79396.29,2026-06-09T16:15:04,1,0,2e641f28-0b97-4aac-800f-c8fede52edd1
6152-1518-5448,9579-6084-6363,144040.88,2026-06-09T16:16:03,2,0,2e641f28-0b97-4aac-800f-c8fede52edd1
6152-1518-5448,3347-2609-9456,27256.72,2026-06-09T16:16:35,2,0,2e641f28-0b97-4aac-800f-c8fede52edd1
6152-1518-5448,3174-4361-1598,130867.37,2026-06-09T16:18:01,2,0,2e641f28-0b97-4aac-800f-c8fede52edd1
7780-2422-9143,6114-4438-6257,19732.03,2026-06-09T16:18:43,2,0,2e641f28-0b97-4aac-800f-c8fede52edd1
4893-7088-8404,2927-5467-3446,14781.57,2026-06-09T16:19:26,2,0,2e641f28-0b97-4aac-800f-c8fede52edd1
4893-7088-8404,3580-5483-2875,32253.62,2026-06-09T16:20:41,2,0,2e641f28-0b97-4aac-800f-c8fede52edd1
4893-7088-8404,1249-9422-2677,32361.1,2026-06-09T16:21:50,2,0,2e641f28-0b97-4aac-800f-c8fede52edd1
3580-5483-2875,1881-2410-7987,29028.26,2026-06-09T16:24:20,3,1,2e641f28-0b97-4aac-800f-c8fede52edd1
9579-6084-6363,1881-2410-7987,129636.79,2026-06-09T16:26:48,3,1,2e641f28-0b97-4aac-800f-c8fede52edd1
1249-9422-2677,1881-2410-7987,29124.99,2026-06-09T16:28:30,3,1,2e641f28-0b97-4aac-800f-c8fede52edd1
6114-4438-6257,1881-2410-7987,17758.83,2026-06-09T16:31:13,3,1,2e641f28-0b97-4aac-800f-c8fede52edd1
3159-2522-8672,8464-6085-8625,213831.41,2026-06-26T02:41:14,1,0,fd05c6cf-e479-44c1-9f92-72bf5ad10abd
8464-6085-8625,7423-4004-6412,190357.69,2026-06-26T02:41:45,2,0,fd05c6cf-e479-44c1-9f92-72bf5ad10abd
8464-6085-8625,6320-8426-8987,23473.72,2026-06-26T02:42:25,2,0,fd05c6cf-e479-44c1-9f92-72bf5ad10abd
7423-4004-6412,2752-6339-2162,190357.69,2026-06-26T02:46:47,3,0,fd05c6cf-e479-44c1-9f92-72bf5ad10abd
2752-6339-2162,4992-9977-3605,190357.69,2026-06-26T02:49:50,4,1,fd05c6cf-e479-44c1-9f92-72bf5ad10abd
8132-6606-9921,4869-3835-2276,246676.57,2026-07-21T13:17:00,1,0,3efde4db-9660-4c9a-8917-0fe09a2ddfc6
8132-6606-9921,8972-2873-8584,52902.34,2026-07-21T13:17:48,1,0,3efde4db-9660-4c9a-8917-0fe09a2ddfc6
8132-6606-9921,6330-2599-8294,28232.81,2026-07-21T13:18:01,1,0,3efde4db-9660-4c9a-8917-0fe09a2ddfc6
4869-3835-2276,1003-3403-3444,4967.49,2026-07-21T13:18:44,2,0,3efde4db-9660-4c9a-8917-0fe09a2ddfc6
4869-3835-2276,8421-9704-5775,106650.45,2026-07-21T13:19:57,2,0,3efde4db-9660-4c9a-8917-0fe09a2ddfc6
4869-3835-2276,7389-8326-4205,135058.64,2026-07-21T13:20:32,2,0,3efde4db-9660-4c9a-8917-0fe09a2ddfc6
8972-2873-8584,5819-2022-7049,52902.34,2026-07-21T13:21:59,2,0,3efde4db-9660-4c9a-8917-0fe09a2ddfc6
6330-2599-8294,2797-5623-1510,643.08,2026-07-21T13:23:09,2,0,3efde4db-9660-4c9a-8917-0fe09a2ddfc6
6330-2599-8294,4854-8073-7459,27589.73,2026-07-21T13:23:52,2,0,3efde4db-9660-4c9a-8917-0fe09a2ddfc6
5819-2022-7049,3056-3200-1190,47612.11,2026-07-21T13:24:54,3,1,3efde4db-9660-4c9a-8917-0fe09a2ddfc6
8421-9704-5775,3056-3200-1190,95985.4,2026-07-21T13:26:49,3,1,3efde4db-9660-4c9a-8917-0fe09a2ddfc6
7389-8326-4205,3056-3200-1190,121552.78,2026-07-21T13:28:42,3,1,3efde4db-9660-4c9a-8917-0fe09a2ddfc6
4854-8073-7459,3056-3200-1190,24830.76,2026-07-21T13:31:41,3,1,3efde4db-9660-4c9a-8917-0fe09a2ddfc6
8373-7303-6821,4044-7959-1121,245392.36,2026-06-19T19:41:45,1,0,41dbe1d1-a5b2-4337-93c8-f76fd8970569
4044-7959-1121,9948-7012-1548,48743.38,2026-06-19T19:42:22,2,0,41dbe1d1-a5b2-4337-93c8-f76fd8970569
4044-7959-1121,1620-8917-7038,196648.98,2026-06-19T19:43:25,2,0,41dbe1d1-a5b2-4337-93c8-f76fd8970569
9948-7012-1548,8740-2279-9834,48743.38,2026-06-19T19:47:49,3,1,41dbe1d1-a5b2-4337-93c8-f76fd8970569
8681-8438-9399,6431-7897-6782,69122.55,2026-06-24T19:33:27,1,0,eac3dee5-3fe9-4c0f-8e60-277311c887d6
8681-8438-9399,5827-5738-3744,423605.33,2026-06-24T19:34:13,1,0,eac3dee5-3fe9-4c0f-8e60-277311c887d6
6431-7897-6782,5780-1447-5699,69122.55,2026-06-24T19:35:14,2,0,eac3dee5-3fe9-4c0f-8e60-277311c887d6
5827-5738-3744,3171-5603-5509,63744.61,2026-06-24T19:36:22,2,0,eac3dee5-3fe9-4c0f-8e60-277311c887d6
5827-5738-3744,5209-1232-2827,359860.72,2026-06-24T19:37:15,2,0,eac3dee5-3fe9-4c0f-8e60-277311c887d6
5209-1232-2827,2382-3376-3525,323874.65,2026-06-24T19:39:51,3,1,eac3dee5-3fe9-4c0f-8e60-277311c887d6
5780-1447-5699,2382-3376-3525,62210.3,2026-06-24T19:41:47,3,1,eac3dee5-3fe9-4c0f-8e60-277311c887d6
3171-5603-5509,2382-3376-3525,57370.15,2026-06-24T19:44:20,3,1,eac3dee5-3fe9-4c0f-8e60-277311c887d6
1860-3745-8602,8802-5937-8803,87085.86,2026-07-16T07:38:06,1,0,f080688b-db20-4c6c-ac58-2dc654fd431a
1860-3745-8602,9724-4828-7222,245540.44,2026-07-16T07:38:43,1,0,f080688b-db20-4c6c-ac58-2dc654fd431a
8802-5937-8803,1672-2595-9704,2182.95,2026-07-16T07:40:04,2,0,f080688b-db20-4c6c-ac58-2dc654fd431a
8802-5937-8803,6797-8074-5466,46872.44,2026-07-16T07:41:17,2,0,f080688b-db20-4c6c-ac58-2dc654fd431a
8802-5937-8803,6488-5429-5375,38030.47,2026-07-16T07:42:20,2,0,f080688b-db20-4c6c-ac58-2dc654fd431a
9724-4828-7222,1138-2113-1195,245540.44,2026-07-16T07:43:16,2,0,f080688b-db20-4c6c-ac58-2dc654fd431a
6488-5429-5375,2506-1931-4552,34227.42,2026-07-16T07:44:31,3,1,f080688b-db20-4c6c-ac58-2dc654fd431a
1672-2595-9704,2506-1931-4552,1964.66,2026-07-16T07:46:48,3,1,f080688b-db20-4c6c-ac58-2dc654fd431a
1138-2113-1195,2506-1931-4552,220986.4,2026-07-16T07:49:10,3,1,f080688b-db20-4c6c-ac58-2dc654fd431a
6797-8074-5466,2506-1931-4552,42185.2,2026-07-16T07:50:24,3,1,f080688b-db20-4c6c-ac58-2dc654fd431a
8429-5528-7995,6298-5216-3653,35799.38,2026-06-04T23:38:10,1,0,77f439e6-1b94-4bfc-9da4-e575ae50db8d
8429-5528-7995,2212-5543-2022,129451.88,2026-06-04T23:38:32,1,0,77f439e6-1b94-4bfc-9da4-e575ae50db8d
8429-5528-7995,7271-7366-6450,203938.64,2026-06-04T23:39:16,1,0,77f439e6-1b94-4bfc-9da4-e575ae50db8d
6298-5216-3653,5243-2692-1571,18538.75,2026-06-04T23:40:35,2,0,77f439e6-1b94-4bfc-9da4-e575ae50db8d
6298-5216-3653,2194-2153-5105,17260.63,2026-06-04T23:42:04,2,0,77f439e6-1b94-4bfc-9da4-e575ae50db8d
2212-5543-2022,1060-9444-9039,95680.59,2026-06-04T23:43:28,2,0,77f439e6-1b94-4bfc-9da4-e575ae50db8d
2212-5543-2022,8833-8144-7617,33771.29,2026-06-04T23:43:58,2,0,77f439e6-1b94-4bfc-9da4-e575ae50db8d
7271-7366-6450,6880-6463-5961,83083.52,2026-06-04T23:44:33,2,0,77f439e6-1b94-4bfc-9da4-e575ae50db8d
7271-7366-6450,7563-1904-2485,84239.37,2026-06-04T23:45:14,2,0,77f439e6-1b94-4bfc-9da4-e575ae50db8d
7271-7366-6450,6985-9759-6571,36615.75,2026-06-04T23:46:08,2,0,77f439e6-1b94-4bfc-9da4-e575ae50db8d
8833-8144-7617,4163-1415-4907,30394.16,2026-06-04T23:47:16,3,1,77f439e6-1b94-4bfc-9da4-e575ae50db8d
7563-1904-2485,4163-1415-4907,75815.43,2026-06-04T23:49:24,3,1,77f439e6-1b94-4bfc-9da4-e575ae50db8d
2194-2153-5105,4163-1415-4907,15534.57,2026-06-04T23:50:26,3,1,77f439e6-1b94-4bfc-9da4-e575ae50db8d
6880-6463-5961,4163-1415-4907,74775.17,2026-06-04T23:52:58,3,1,77f439e6-1b94-4bfc-9da4-e575ae50db8d
5243-2692-1571,4163-1415-4907,16684.88,2026-06-04T23:55:21,3,1,77f439e6-1b94-4bfc-9da4-e575ae50db8d
3440-4817-2180,3319-9010-1312,460096.63,2026-07-20T15:14:54,1,0,937ac607-42a3-491f-b780-7d1dafe5d98a
3319-9010-1312,1235-3822-1818,460096.63,2026-07-20T15:16:21,2,0,937ac607-42a3-491f-b780-7d1dafe5d98a
1235-3822-1818,2870-9145-4613,460096.63,2026-07-20T15:17:37,3,1,937ac607-42a3-491f-b780-7d1dafe5d98a
6312-2979-9943,6268-4493-1746,299542.38,2026-08-03T14:59:11,1,0,d5b96a62-592a-4eb7-8997-6ab8ff7736d3
6268-4493-1746,3753-7060-3703,147015.65,2026-08-03T14:59:49,2,0,d5b96a62-592a-4eb7-8997-6ab8ff7736d3
6268-4493-1746,8187-4991-1666,152526.73,2026-08-03T15:00:29,2,0,d5b96a62-592a-4eb7-8997-6ab8ff7736d3
3753-7060-3703,7819-8798-3079,147015.65,2026-08-03T15:02:21,3,0,d5b96a62-592a-4eb7-8997-6ab8ff7736d3
7819-8798-3079,3859-1616-3949,147015.65,2026-08-03T15:06:24,4,1,d5b96a62-592a-4eb7-8997-6ab8ff7736d3
7861-1074-4860,2925-9686-2567,299286.98,2026-07-29T04:53:15,1,0,e1388a96-e808-4692-bd91-a69f5bdff57d
2925-9686-2567,4409-5528-1869,108563.78,2026-07-29T04:54:28,2,0,e1388a96-e808-4692-bd91-a69f5bdff57d
2925-9686-2567,4173-2846-3444,190723.2,2026-07-29T04:55:57,2,0,e1388a96-e808-4692-bd91-a69f5bdff57d
4173-2846-3444,8424-1709-2710,190723.2,2026-07-29T05:00:06,3,0,e1388a96-e808-4692-bd91-a69f5bdff57d
8424-1709-2710,8947-9436-2901,190723.2,2026-07-29T05:01:24,4,1,e1388a96-e808-4692-bd91-a69f5bdff57d
4256-6336-4769,6343-4731-2606,336514.36,2026-06-29T13:43:26,1,0,768196b6-304f-45a9-8306-6916133b3a6b
6343-4731-2606,8936-1890-8141,198658.48,2026-06-29T13:44:07,2,0,768196b6-304f-45a9-8306-6916133b3a6b
6343-4731-2606,3374-4541-8454,137855.88,2026-06-29T13:44:59,2,0,768196b6-304f-45a9-8306-6916133b3a6b
8936-1890-8141,3236-2820-8627,198658.48,2026-06-29T13:47:56,3,0,768196b6-304f-45a9-8306-6916133b3a6b
3236-2820-8627,3568-3784-4763,198658.48,2026-06-29T13:49:18,4,1,768196b6-304f-45a9-8306-6916133b3a6b
8581-5573-1237,8014-5041-5060,128470.02,2026-08-11T01:35:38,1,0,991a43c8-0c61-4dd3-8d57-ebcc3d5d0a2c
8581-5573-1237,6362-8114-4643,10991.27,2026-08-11T01:36:21,1,0,991a43c8-0c61-4dd3-8d57-ebcc3d5d0a2c
8581-5573-1237,3440-1083-7844,22046.42,2026-08-11T01:36:59,1,0,991a43c8-0c61-4dd3-8d57-ebcc3d5d0a2c
8014-5041-5060,7662-4571-3174,91013.09,2026-08-11T01:38:11,2,0,991a43c8-0c61-4dd3-8d57-ebcc3d5d0a2c
8014-5041-5060,6872-5846-4916,37089.43,2026-08-11T01:39:18,2,0,991a43c8-0c61-4dd3-8d57-ebcc3d5d0a2c
8014-5041-5060,2486-1260-8860,367.5,2026-08-11T01:40:13,2,0,991a43c8-0c61-4dd3-8d57-ebcc3d5d0a2c
6362-8114-4643,2158-7305-6454,10991.27,2026-08-11T01:41:16,2,0,991a43c8-0c61-4dd3-8d57-ebcc3d5d0a2c
3440-1083-7844,9887-4393-2326,1963.73,2026-08-11T01:42:10,2,0,991a43c8-0c61-4dd3-8d57-ebcc3d5d0a2c
3440-1083-7844,6500-1898-9433,19989.56,2026-08-11T01:43:21,2,0,991a43c8-0c61-4dd3-8d57-ebcc3d5d0a2c
3440-1083-7844,6963-1844-2818,100.0,2026-08-11T01:43:59,2,0,991a43c8-0c61-4dd3-8d57-ebcc3d5d0a2c
6963-1844-2818,6778-5380-9250,90.0,2026-08-11T01:45:34,3,1,991a43c8-0c61-4dd3-8d57-ebcc3d5d0a2c
6500-1898-9433,6778-5380-9250,17990.6,2026-08-11T01:47:36,3,1,991a43c8-0c61-4dd3-8d57-ebcc3d5d0a2c
6872-5846-4916,6778-5380-9250,33380.49,2026-08-11T01:50:06,3,1,991a43c8-0c61-4dd3-8d57-ebcc3d5d0a2c
9887-4393-2326,6778-5380-9250,1767.36,2026-08-11T01:51:43,3,1,991a43c8-0c61-4dd3-8d57-ebcc3d5d0a2c
2158-7305-6454,6778-5380-9250,9892.14,2026-08-11T01:54:11,3,1,991a43c8-0c61-4dd3-8d57-ebcc3d5d0a2c
8501-2430-2313,3929-5724-2260,48952.15,2026-07-18T04:24:02,1,0,89c205fa-3e32-4330-aa76-d9cf358f017e
8501-2430-2313,2791-3699-5521,222176.88,2026-07-18T04:24:52,1,0,89c205fa-3e32-4330-aa76-d9cf358f017e
3929-5724-2260,8764-6680-7883,48952.15,2026-07-18T04:25:50,2,0,89c205fa-3e32-4330-aa76-d9cf358f017e
2791-3699-5521,9513-6503-7745,222176.88,2026-07-18T04:26:57,2,0,89c205fa-3e32-4330-aa76-d9cf358f017e
8764-6680-7883,5982-3161-6021,48952.15,2026-07-18T04:28:40,3,0,89c205fa-3e32-4330-aa76-d9cf358f017e
5982-3161-6021,1775-3430-6785,48952.15,2026-07-18T04:30:52,4,1,89c205fa-3e32-4330-aa76-d9cf358f017e
9513-6503-7745,3873-3514-3641,222176.88,2026-07-18T04:32:52,3,1,89c205fa-3e32-4330-aa76-d9cf358f017e
4022-4361-1568,6192-6633-3423,69155.32,2026-07-11T14:39:38,1,0,26019e25-2e85-4517-9eb3-d90c2faadbd6
4022-4361-1568,7109-8347-9845,61996.47,2026-07-11T14:40:17,1,0,26019e25-2e85-4517-9eb3-d90c2faadbd6
4022-4361-1568,3663-9743-5940,14916.98,2026-07-11T14:40:59,1,0,26019e25-2e85-4517-9eb3-d90c2faadbd6
6192-6633-3423,3409-8243-6549,45095.72,2026-07-11T14:41:30,2,0,26019e25-2e85-4517-9eb3-d90c2faadbd6
6192-6633-3423,2840-8847-1656,9806.35,2026-07-11T14:42:20,2,0,26019e25-2e85-4517-9eb3-d90c2faadbd6
6192-6633-3423,3284-2914-6047,14253.25,2026-07-11T14:43:40,2,0,26019e25-2e85-4517-9eb3-d90c2faadbd6
7109-8347-9845,2431-9385-7462,35141.14,2026-07-11T14:44:48,2,0,26019e25-2e85-4517-9eb3-d90c2faadbd6
7109-8347-9845,4185-9035-6206,26855.33,2026-07-11T14:45:27,2,0,26019e25-2e85-4517-9eb3-d90c2faadbd6
3663-9743-5940,6651-6756-6047,9522.42,2026-07-11T14:46:43,2,0,26019e25-2e85-4517-9eb3-d90c2faadbd6
3663-9743-5940,8300-2435-4533,5394.56,2026-07-11T14:47:31,2,0,26019e25-2e85-4517-9eb3-d90c2faadbd6
2840-8847-1656,3353-4404-5968,8825.72,2026-07-11T14:49:38,3,1,26019e25-2e85-4517-9eb3-d90c2faadbd6
4185-9035-6206,3353-4404-5968,24169.8,2026-07-11T14:52:14,3,1,26019e25-2e85-4517-9eb3-d90c2faadbd6
6651-6756-6047,3353-4404-5968,8570.18,2026-07-11T14:55:11,3,1,26019e25-2e85-4517-9eb3-d90c2faadbd6
3409-8243-6549,3353-4404-5968,40586.15,2026-07-11T14:57:41,3,1,26019e25-2e85-4517-9eb3-d90c2faadbd6
7254-5742-9037,5947-5979-9095,153192.48,2026-08-02T11:25:08,1,0,1c5170cd-fa3f-4b76-b9c8-402917ddde13
5947-5979-9095,5917-8742-3034,137135.85,2026-08-02T11:26:09,2,0,1c5170cd-fa3f-4b76-b9c8-402917ddde13
5947-5979-9095,5713-7834-3938,16056.63,2026-08-02T11:26:56,2,0,1c5170cd-fa3f-4b76-b9c8-402917ddde13
5713-7834-3938,8799-2959-7114,16056.63,2026-08-02T11:30:07,3,0,1c5170cd-fa3f-4b76-b9c8-402917ddde13
8799-2959-7114,1958-3394-6237,16056.63,2026-08-02T11:33:05,4,1,1c5170cd-fa3f-4b76-b9c8-402917ddde13
7873-6832-1798,5778-9677-2258,222754.51,2026-06-14T03:50:50,1,0,a714dce4-1dc9-429d-8958-c9c1c032ab30
7873-6832-1798,9419-4175-4002,149741.75,2026-06-14T03:51:20,1,0,a714dce4-1dc9-429d-8958-c9c1c032ab30
5778-9677-2258,6939-2570-9755,14187.85,2026-06-14T03:52:13,2,0,a714dce4-1dc9-429d-8958-c9c1c032ab30
5778-9677-2258,6761-3354-1211,183235.13,2026-06-14T03:52:49,2,0,a714dce4-1dc9-429d-8958-c9c1c032ab30
5778-9677-2258,3243-9489-5610,25331.53,2026-06-14T03:54:16,2,0,a714dce4-1dc9-429d-8958-c9c1c032ab30
9419-4175-4002,2867-7837-8544,69340.23,2026-06-14T03:55:05,2,0,a714dce4-1dc9-429d-8958-c9c1c032ab30
9419-4175-4002,2251-2909-3150,31066.35,2026-06-14T03:56:13,2,0,a714dce4-1dc9-429d-8958-c9c1c032ab30
9419-4175-4002,1284-8856-6705,49335.17,2026-06-14T03:57:30,2,0,a714dce4-1dc9-429d-8958-c9c1c032ab30
6761-3354-1211,2287-7960-2830,164911.62,2026-06-14T04:00:09,3,1,a714dce4-1dc9-429d-8958-c9c1c032ab30
3243-9489-5610,2287-7960-2830,22798.38,2026-06-14T04:01:22,3,1,a714dce4-1dc9-429d-8958-c9c1c032ab30
1284-8856-6705,2287-7960-2830,44401.65,2026-06-14T04:02:29,3,1,a714dce4-1dc9-429d-8958-c9c1c032ab30
6939-2570-9755,2287-7960-2830,12769.06,2026-06-14T04:03:37,3,1,a714dce4-1dc9-429d-8958-c9c1c032ab30
2251-2909-3150,2287-7960-2830,27959.72,2026-06-14T04:06:17,3,1,a714dce4-1dc9-429d-8958-c9c1c032ab30
4027-6759-1479,3384-5544-6698,255177.48,2026-06-23T10:45:49,1,0,526024a1-3a6b-4484-bed8-3fd06fc601ee
3384-5544-6698,2119-2623-1229,79675.53,2026-06-23T10:46:19,2,0,526024a1-3a6b-4484-bed8-3fd06fc601ee
3384-5544-6698,9664-4555-4138,98124.15,2026-06-23T10:47:19,2,0,526024a1-3a6b-4484-bed8-3fd06fc601ee
3384-5544-6698,5617-3814-9800,77377.8,2026-06-23T10:47:55,2,0,526024a1-3a6b-4484-bed8-3fd06fc601ee
9664-4555-4138,3025-8633-2807,88311.74,2026-06-23T10:49:58,3,1,526024a1-3a6b-4484-bed8-3fd06fc601ee
2119-2623-1229,3025-8633-2807,71707.98,2026-06-23T10:52:30,3,1,526024a1-3a6b-4484-bed8-3fd06fc601ee
5617-3814-9800,3025-8633-2807,69640.02,2026-06-23T10:54:19,3,1,526024a1-3a6b-4484-bed8-3fd06fc601ee
4700-7672-5761,4093-2140-8793,3886.88,2026-07-01T10:52:30,1,0,e10ef17d-9868-400a-a3b7-2b580764ab11
4700-7672-5761,7020-3937-1209,22936.07,2026-07-01T10:53:23,1,0,e10ef17d-9868-400a-a3b7-2b580764ab11
4093-2140-8793,3764-2060-6959,3886.88,2026-07-01T10:54:05,2,0,e10ef17d-9868-400a-a3b7-2b580764ab11
7020-3937-1209,7958-9177-5563,22936.07,2026-07-01T10:55:23,2,0,e10ef17d-9868-400a-a3b7-2b580764ab11
3764-2060-6959,8795-7626-8938,3886.88,2026-07-01T10:58:33,3,0,e10ef17d-9868-400a-a3b7-2b580764ab11
8795-7626-8938,9017-9147-4781,3886.88,2026-07-01T11:02:13,4,1,e10ef17d-9868-400a-a3b7-2b580764ab11
7958-9177-5563,3934-7269-6356,22936.07,2026-07-01T11:03:52,3,1,e10ef17d-9868-400a-a3b7-2b580764ab11
9064-8635-4308,9157-9032-9270,329681.16,2026-07-23T12:38:33,1,0,e7966b38-f9b8-431e-8a04-49ef9563400a
9064-8635-4308,5287-9887-6629,24624.23,2026-07-23T12:38:50,1,0,e7966b38-f9b8-431e-8a04-49ef9563400a
9157-9032-9270,1538-3897-5965,329681.16,2026-07-23T12:40:16,2,0,e7966b38-f9b8-431e-8a04-49ef9563400a
5287-9887-6629,8986-2792-9037,20727.74,2026-07-23T12:41:21,2,0,e7966b38-f9b8-431e-8a04-49ef9563400a
5287-9887-6629,9837-8697-8797,3896.49,2026-07-23T12:42:28,2,0,e7966b38-f9b8-431e-8a04-49ef9563400a
1538-3897-5965,3100-7003-6715,296713.04,2026-07-23T12:44:42,3,1,e7966b38-f9b8-431e-8a04-49ef9563400a
9837-8697-8797,3100-7003-6715,3506.84,2026-07-23T12:46:30,3,1,e7966b38-f9b8-431e-8a04-49ef9563400a
8986-2792-9037,3100-7003-6715,18654.97,2026-07-23T12:48:22,3,1,e7966b38-f9b8-431e-8a04-49ef9563400a
6113-2391-2073,2875-6531-3781,199972.02,2026-07-25T14:57:05,1,0,d9edfa23-3268-4685-9584-abea64fca862
6113-2391-2073,1322-9821-6343,218152.51,2026-07-25T14:57:32,1,0,d9edfa23-3268-4685-9584-abea64fca862
2875-6531-3781,7394-6282-2601,168375.66,2026-07-25T14:58:23,2,0,d9edfa23-3268-4685-9584-abea64fca862
2875-6531-3781,9001-2639-4373,31596.36,2026-07-25T14:59:32,2,0,d9edfa23-3268-4685-9584-abea64fca862
1322-9821-6343,9779-4507-5708,218152.51,2026-07-25T15:00:18,2,0,d9edfa23-3268-4685-9584-abea64fca862
9779-4507-5708,5478-2102-9700,196337.26,2026-07-25T15:01:44,3,1,d9edfa23-3268-4685-9584-abea64fca862
7394-6282-2601,5478-2102-9700,151538.09,2026-07-25T15:03:22,3,1,d9edfa23-3268-4685-9584-abea64fca862
9001-2639-4373,5478-2102-9700,28436.72,2026-07-25T15:05:31,3,1,d9edfa23-3268-4685-9584-abea64fca862
8425-9971-3958,9457-4056-9178,185502.5,2026-08-15T08:43:40,1,0,b4d568ae-2318-4276-8be7-a1dbaf6a6a10
9457-4056-9178,9728-8106-1981,900.19,2026-08-15T08:44:19,2,0,b4d568ae-2318-4276-8be7-a1dbaf6a6a10
9457-4056-9178,9556-4287-6968,152302.26,2026-08-15T08:45:09,2,0,b4d568ae-2318-4276-8be7-a1dbaf6a6a10
9457-4056-9178,8577-3420-4938,32300.06,2026-08-15T08:45:56,2,0,b4d568ae-2318-4276-8be7-a1dbaf6a6a10
9556-4287-6968,3456-4144-1453,137072.03,2026-08-15T08:48:41,3,1,b4d568ae-2318-4276-8be7-a1dbaf6a6a10
9728-8106-1981,3456-4144-1453,810.17,2026-08-15T08:50:36,3,1,b4d568ae-2318-4276-8be7-a1dbaf6a6a10
8577-3420-4938,3456-4144-1453,29070.05,2026-08-15T08:51:56,3,1,b4d568ae-2318-4276-8be7-a1dbaf6a6a10
3883-1691-8960,1906-2375-6143,180070.92,2026-07-23T10:14:31,1,0,639158bb-5f90-4dc0-b3ef-76d222a69e43
1906-2375-6143,2479-7502-3302,91203.47,2026-07-23T10:16:00,2,0,639158bb-5f90-4dc0-b3ef-76d222a69e43
1906-2375-6143,4867-2833-9196,88867.45,2026-07-23T10:17:29,2,0,639158bb-5f90-4dc0-b3ef-76d222a69e43
2479-7502-3302,6395-7388-4865,91203.47,2026-07-23T10:22:28,3,0,639158bb-5f90-4dc0-b3ef-76d222a69e43
6395-7388-4865,5498-8200-7690,91203.47,2026-07-23T10:24:33,4,1,639158bb-5f90-4dc0-b3ef-76d222a69e43
6185-9941-7943,5036-5550-3374,413081.7,2026-08-16T18:50:12,1,0,cfcb42ce-e938-4ed7-8e7a-0f1f4dcaa12d
6185-9941-7943,6947-8786-7025,75140.29,2026-08-16T18:50:25,1,0,cfcb42ce-e938-4ed7-8e7a-0f1f4dcaa12d
5036-5550-3374,6067-6945-2999,84013.69,2026-08-16T18:51:19,2,0,cfcb42ce-e938-4ed7-8e7a-0f1f4dcaa12d
5036-5550-3374,9763-4872-8248,329068.01,2026-08-16T18:52:08,2,0,cfcb42ce-e938-4ed7-8e7a-0f1f4dcaa12d
6947-8786-7025,8190-6196-7656,75140.29,2026-08-16T18:53:28,2,0,cfcb42ce-e938-4ed7-8e7a-0f1f4dcaa12d
8190-6196-7656,7920-2644-3627,67626.26,2026-08-16T18:55:32,3,1,cfcb42ce-e938-4ed7-8e7a-0f1f4dcaa12d
9763-4872-8248,7920-2644-3627,296161.21,2026-08-16T18:58:16,3,1,cfcb42ce-e938-4ed7-8e7a-0f1f4dcaa12d
6067-6945-2999,7920-2644-3627,75612.32,2026-08-16T18:59:19,3,1,cfcb42ce-e938-4ed7-8e7a-0f1f4dcaa12d
3229-1050-7564,6006-6140-2347,392281.32,2026-07-09T00:58:59,1,0,1d6b5800-595b-4ce7-a0ab-c5b32587d0d2
6006-6140-2347,3131-7722-6233,108298.09,2026-07-09T01:00:20,2,0,1d6b5800-595b-4ce7-a0ab-c5b32587d0d2
6006-6140-2347,8397-8837-3187,52769.7,2026-07-09T01:01:46,2,0,1d6b5800-595b-4ce7-a0ab-c5b32587d0d2
6006-6140-2347,5270-3842-6367,231213.53,2026-07-09T01:03:15,2,0,1d6b5800-595b-4ce7-a0ab-c5b32587d0d2
3131-7722-6233,1815-7570-8027,97468.28,2026-07-09T01:04:34,3,1,1d6b5800-595b-4ce7-a0ab-c5b32587d0d2
8397-8837-3187,1815-7570-8027,47492.73,2026-07-09T01:06:46,3,1,1d6b5800-595b-4ce7-a0ab-c5b32587d0d2
5270-3842-6367,1815-7570-8027,208092.18,2026-07-09T01:09:24,3,1,1d6b5800-595b-4ce7-a0ab-c5b32587d0d2
4328-4121-5361,9096-7259-3133,135646.92,2026-06-02T19:50:39,1,0,f456e4c1-a816-450e-94dd-d634dcc7be30
4328-4121-5361,8066-4385-4531,58711.23,2026-06-02T19:50:58,1,0,f456e4c1-a816-450e-94dd-d634dcc7be30
9096-7259-3133,7056-8506-2404,135646.92,2026-06-02T19:51:28,2,0,f456e4c1-a816-450e-94dd-d634dcc7be30
8066-4385-4531,7283-7935-5198,58711.23,2026-06-02T19:52:02,2,0,f456e4c1-a816-450e-94dd-d634dcc7be30
7056-8506-2404,1745-1087-5155,135646.92,2026-06-02T19:55:11,3,0,f456e4c1-a816-450e-94dd-d634dcc7be30
1745-1087-5155,3166-1673-3938,135646.92,2026-06-02T19:57:17,4,1,f456e4c1-a816-450e-94dd-d634dcc7be30
7283-7935-5198,6198-9690-8093,58711.23,2026-06-02T19:58:53,3,1,f456e4c1-a816-450e-94dd-d634dcc7be30
6907-8046-5635,5321-9470-6128,139210.11,2026-08-15T06:54:38,1,0,8c3ca97d-e0c8-4b81-8557-c9e7c9e5d379
6907-8046-5635,8139-3703-6169,16859.37,2026-08-15T06:55:28,1,0,8c3ca97d-e0c8-4b81-8557-c9e7c9e5d379
5321-9470-6128,1587-8704-5263,139210.11,2026-08-15T06:56:08,2,0,8c3ca97d-e0c8-4b81-8557-c9e7c9e5d379
8139-3703-6169,1668-8233-6841,2891.73,2026-08-15T06:56:45,2,0,8c3ca97d-e0c8-4b81-8557-c9e7c9e5d379
8139-3703-6169,8949-8499-9077,13967.64,2026-08-15T06:58:10,2,0,8c3ca97d-e0c8-4b81-8557-c9e7c9e5d379
8949-8499-9077,9618-3958-7822,12570.88,2026-08-15T06:59:41,3,1,8c3ca97d-e0c8-4b81-8557-c9e7c9e5d379
1587-8704-5263,9618-3958-7822,125289.1,2026-08-15T07:01:23,3,1,8c3ca97d-e0c8-4b81-8557-c9e7c9e5d379
1668-8233-6841,9618-3958-7822,2602.56,2026-08-15T07:02:38,3,1,8c3ca97d-e0c8-4b81-8557-c9e7c9e5d379
6300-3519-1473,8540-8861-8439,167489.67,2026-08-21T23:41:44,1,0,5b0b95ad-cee1-4613-8329-8bce6d6a33f3
8540-8861-8439,8423-6323-3118,8482.36,2026-08-21T23:42:49,2,0,5b0b95ad-cee1-4613-8329-8bce6d6a33f3
8540-8861-8439,4463-1797-5635,41056.85,2026-08-21T23:44:08,2,0,5b0b95ad-cee1-4613-8329-8bce6d6a33f3
8540-8861-8439,6294-1909-2158,117950.46,2026-08-21T23:45:02,2,0,5b0b95ad-cee1-4613-8329-8bce6d6a33f3
8423-6323-3118,8083-6080-3151,7634.12,2026-08-21T23:46:14,3,1,5b0b95ad-cee1-4613-8329-8bce6d6a33f3
4463-1797-5635,8083-6080-3151,36951.16,2026-08-21T23:48:11,3,1,5b0b95ad-cee1-4613-8329-8bce6d6a33f3
6294-1909-2158,8083-6080-3151,106155.41,2026-08-21T23:50:05,3,1,5b0b95ad-cee1-4613-8329-8bce6d6a33f3
8112-7979-2522,9410-6599-8594,341361.47,2026-08-19T23:29:11,1,0,07885aec-11e4-49d1-a6f9-2e78db649c70
9410-6599-8594,9596-2375-5762,122683.99,2026-08-19T23:29:49,2,0,07885aec-11e4-49d1-a6f9-2e78db649c70
9410-6599-8594,8671-8165-2297,108511.18,2026-08-19T23:30:37,2,0,07885aec-11e4-49d1-a6f9-2e78db649c70
9410-6599-8594,8825-5921-3434,110166.3,2026-08-19T23:31:13,2,0,07885aec-11e4-49d1-a6f9-2e78db649c70
8671-8165-2297,9248-1266-2866,97660.06,2026-08-19T23:33:12,3,1,07885aec-11e4-49d1-a6f9-2e78db649c70
8825-5921-3434,9248-1266-2866,99149.67,2026-08-19T23:34:17,3,1,07885aec-11e4-49d1-a6f9-2e78db649c70
9596-2375-5762,9248-1266-2866,110415.59,2026-08-19T23:35:57,3,1,07885aec-11e4-49d1-a6f9-2e78db649c70
5342-6592-4066,4032-2281-5248,292391.92,2026-06-24T20:12:50,1,0,08fa8b57-3f62-4e78-9268-6a748ad4d435
4032-2281-5248,3813-8817-8539,292391.92,2026-06-24T20:14:04,2,0,08fa8b57-3f62-4e78-9268-6a748ad4d435
3813-8817-8539,6910-7471-5958,292391.92,2026-06-24T20:15:26,3,0,08fa8b57-3f62-4e78-9268-6a748ad4d435
6910-7471-5958,4083-1439-4428,292391.92,2026-06-24T20:18:29,4,1,08fa8b57-3f62-4e78-9268-6a748ad4d435
4127-2410-5930,3427-8765-7912,171372.67,2026-07-18T17:19:52,1,0,74058798-3294-4c15-9e97-3c096b3a6306
4127-2410-5930,1357-2908-3721,133700.71,2026-07-18T17:20:30,1,0,74058798-3294-4c15-9e97-3c096b3a6306
3427-8765-7912,1834-6469-1129,85584.25,2026-07-18T17:21:54,2,0,74058798-3294-4c15-9e97-3c096b3a6306
3427-8765-7912,2682-8074-7810,85788.42,2026-07-18T17:22:42,2,0,74058798-3294-4c15-9e97-3c096b3a6306
1357-2908-3721,8993-4799-1994,52098.69,2026-07-18T17:24:09,2,0,74058798-3294-4c15-9e97-3c096b3a6306
1357-2908-3721,9655-1311-7914,63114.19,2026-07-18T17:25:20,2,0,74058798-3294-4c15-9e97-3c096b3a6306
1357-2908-3721,6174-2040-5388,18487.83,2026-07-18T17:26:36,2,0,74058798-3294-4c15-9e97-3c096b3a6306
8993-4799-1994,7829-6902-8738,46888.82,2026-07-18T17:27:56,3,1,74058798-3294-4c15-9e97-3c096b3a6306
9655-1311-7914,7829-6902-8738,56802.77,2026-07-18T17:29:07,3,1,74058798-3294-4c15-9e97-3c096b3a6306
1834-6469-1129,7829-6902-8738,77025.82,2026-07-18T17:30:27,3,1,74058798-3294-4c15-9e97-3c096b3a6306
2682-8074-7810,7829-6902-8738,77209.58,2026-07-18T17:33:27,3,1,74058798-3294-4c15-9e97-3c096b3a6306
6174-2040-5388,7829-6902-8738,16639.05,2026-07-18T17:34:33,3,1,74058798-3294-4c15-9e97-3c096b3a6306
3862-9248-1523,6533-8055-2867,5837.18,2026-08-27T22:21:25,1,0,1c1e09f9-4537-4d14-a24c-b98596833934
6533-8055-2867,6820-1764-5382,1769.05,2026-08-27T22:22:40,2,0,1c1e09f9-4537-4d14-a24c-b98596833934
6533-8055-2867,3476-9444-2706,4068.13,2026-08-27T22:23:58,2,0,1c1e09f9-4537-4d14-a24c-b98596833934
6820-1764-5382,9311-2727-3736,1769.05,2026-08-27T22:27:39,3,1,1c1e09f9-4537-4d14-a24c-b98596833934
8233-9288-9165,2626-3527-6959,129464.41,2026-08-27T11:10:27,1,0,c1089085-8378-409f-8878-3899184dbe8f
8233-9288-9165,6482-3257-3014,149300.16,2026-08-27T11:10:55,1,0,c1089085-8378-409f-8878-3899184dbe8f
8233-9288-9165,4307-8194-7811,195928.31,2026-08-27T11:11:31,1,0,c1089085-8378-409f-8878-3899184dbe8f
2626-3527-6959,7909-4738-3260,92459.92,2026-08-27T11:13:01,2,0,c1089085-8378-409f-8878-3899184dbe8f
2626-3527-6959,8025-7773-7706,17277.98,2026-08-27T11:14:04,2,0,c1089085-8378-409f-8878-3899184dbe8f
2626-3527-6959,8516-9456-6927,19726.51,2026-08-27T11:14:44,2,0,c1089085-8378-409f-8878-3899184dbe8f
6482-3257-3014,3473-1947-9516,14754.31,2026-08-27T11:15:14,2,0,c1089085-8378-409f-8878-3899184dbe8f
6482-3257-3014,5845-7869-7586,129073.82,2026-08-27T11:16:09,2,0,c1089085-8378-409f-8878-3899184dbe8f
6482-3257-3014,5986-6139-6638,5472.03,2026-08-27T11:17:18,2,0,c1089085-8378-409f-8878-3899184dbe8f
4307-8194-7811,7627-4232-5940,70293.6,2026-08-27T11:18:21,2,0,c1089085-8378-409f-8878-3899184dbe8f
4307-8194-7811,2380-1605-9805,87758.85,2026-08-27T11:19:24,2,0,c1089085-8378-409f-8878-3899184dbe8f
4307-8194-7811,6480-7389-3064,37875.86,2026-08-27T11:20:44,2,0,c1089085-8378-409f-8878-3899184dbe8f
7627-4232-5940,5255-9314-6807,63264.24,2026-08-27T11:23:20,3,1,c1089085-8378-409f-8878-3899184dbe8f
8025-7773-7706,5255-9314-6807,15550.18,2026-08-27T11:25:33,3,1,c1089085-8378-409f-8878-3899184dbe8f
5986-6139-6638,5255-9314-6807,4924.83,2026-08-27T11:27:03,3,1,c1089085-8378-409f-8878-3899184dbe8f
7909-4738-3260,5255-9314-6807,83213.93,2026-08-27T11:29:34,3,1,c1089085-8378-409f-8878-3899184dbe8f
8516-9456-6927,5255-9314-6807,17753.86,2026-08-27T11:31:03,3,1,c1089085-8378-409f-8878-3899184dbe8f
3293-7187-9514,5057-2724-6371,146757.96,2026-07-08T17:15:58,1,0,6749c979-699d-48b9-8186-e83553167754
3293-7187-9514,9461-4154-6919,5086.92,2026-07-08T17:16:16,1,0,6749c979-699d-48b9-8186-e83553167754
3293-7187-9514,8443-2605-3401,6251.03,2026-07-08T17:16:51,1,0,6749c979-699d-48b9-8186-e83553167754
5057-2724-6371,9172-7937-8210,109781.68,2026-07-08T17:17:52,2,0,6749c979-699d-48b9-8186-e83553167754
5057-2724-6371,9020-7830-3668,28349.85,2026-07-08T17:18:55,2,0,6749c979-699d-48b9-8186-e83553167754
5057-2724-6371,3364-9286-3082,8626.43,2026-07-08T17:19:35,2,0,6749c979-699d-48b9-8186-e83553167754
9461-4154-6919,7055-5744-1659,5086.92,2026-07-08T17:20:38,2,0,6749c979-699d-48b9-8186-e83553167754
8443-2605-3401,8961-1458-3340,2090.9,2026-07-08T17:22:07,2,0,6749c979-699d-48b9-8186-e83553167754
8443-2605-3401,3328-7910-1797,4160.13,2026-07-08T17:23:08,2,0,6749c979-699d-48b9-8186-e83553167754
7055-5744-1659,8411-6534-7181,4578.23,2026-07-08T17:25:40,3,1,6749c979-699d-48b9-8186-e83553167754
8961-1458-3340,8411-6534-7181,1881.81,2026-07-08T17:27:44,3,1,6749c979-699d-48b9-8186-e83553167754
3364-9286-3082,8411-6534-7181,7763.79,2026-07-08T17:29:41,3,1,6749c979-699d-48b9-8186-e83553167754
3328-7910-1797,8411-6534-7181,3744.12,2026-07-08T17:32:23,3,1,6749c979-699d-48b9-8186-e83553167754
7478-6554-9863,8259-5544-2450,334140.07,2026-07-05T21:04:49,1,0,9f5e5166-3c7b-4d41-98f0-d6f4a9660173
8259-5544-2450,3028-2395-4152,66677.3,2026-07-05T21:05:31,2,0,9f5e5166-3c7b-4d41-98f0-d6f4a9660173
8259-5544-2450,9877-1866-9548,267462.77,2026-07-05T21:07:00,2,0,9f5e5166-3c7b-4d41-98f0-d6f4a9660173
9877-1866-9548,9741-6249-7583,267462.77,2026-07-05T21:10:30,3,1,9f5e5166-3c7b-4d41-98f0-d6f4a9660173
9649-6199-7258,2491-2878-2627,261905.56,2026-06-28T13:40:21,1,0,17565c97-3a84-4fd0-a5cd-a2f221f33e98
9649-6199-7258,9876-3755-5675,155788.4,2026-06-28T13:40:57,1,0,17565c97-3a84-4fd0-a5cd-a2f221f33e98
2491-2878-2627,1958-5882-7388,261905.56,2026-06-28T13:41:33,2,0,17565c97-3a84-4fd0-a5cd-a2f221f33e98
9876-3755-5675,1849-4318-4925,155788.4,2026-06-28T13:42:51,2,0,17565c97-3a84-4fd0-a5cd-a2f221f33e98
1958-5882-7388,5412-1993-6215,261905.56,2026-06-28T13:45:49,3,1,17565c97-3a84-4fd0-a5cd-a2f221f33e98
1849-4318-4925,5409-2663-5035,155788.4,2026-06-28T13:50:04,3,1,17565c97-3a84-4fd0-a5cd-a2f221f33e98
2374-9199-4333,7116-9854-3755,223869.1,2026-06-19T19:35:40,1,0,4c040b37-7be5-4bac-ad11-a7932432604a
7116-9854-3755,1016-8612-5739,223869.1,2026-06-19T19:36:51,2,0,4c040b37-7be5-4bac-ad11-a7932432604a
1016-8612-5739,6757-4485-9361,223869.1,2026-06-19T19:39:03,3,0,4c040b37-7be5-4bac-ad11-a7932432604a
6757-4485-9361,2469-7476-3014,223869.1,2026-06-19T19:43:35,4,1,4c040b37-7be5-4bac-ad11-a7932432604a
9270-6215-6613,5282-8417-5473,99140.72,2026-07-29T04:35:09,1,0,79ac2f6f-6d9f-47af-9ad4-a306da30ca4b
9270-6215-6613,5029-6269-6597,101757.08,2026-07-29T04:35:49,1,0,79ac2f6f-6d9f-47af-9ad4-a306da30ca4b
9270-6215-6613,4450-8533-6381,132709.84,2026-07-29T04:36:43,1,0,79ac2f6f-6d9f-47af-9ad4-a306da30ca4b
5282-8417-5473,2270-9825-1507,22347.71,2026-07-29T04:37:24,2,0,79ac2f6f-6d9f-47af-9ad4-a306da30ca4b
5282-8417-5473,8293-3022-6783,64259.08,2026-07-29T04:38:23,2,0,79ac2f6f-6d9f-47af-9ad4-a306da30ca4b
5282-8417-5473,7166-6864-7336,12533.93,2026-07-29T04:38:54,2,0,79ac2f6f-6d9f-47af-9ad4-a306da30ca4b
5029-6269-6597,5967-4623-4838,101757.08,2026-07-29T04:39:55,2,0,79ac2f6f-6d9f-47af-9ad4-a306da30ca4b
4450-8533-6381,4425-1116-4212,22587.34,2026-07-29T04:41:00,2,0,79ac2f6f-6d9f-47af-9ad4-a306da30ca4b
4450-8533-6381,7489-2817-5544,91830.49,2026-07-29T04:42:06,2,0,79ac2f6f-6d9f-47af-9ad4-a306da30ca4b
4450-8533-6381,9197-9093-3793,18292.01,2026-07-29T04:42:52,2,0,79ac2f6f-6d9f-47af-9ad4-a306da30ca4b
8293-3022-6783,8437-1032-7997,57833.17,2026-07-29T04:45:52,3,1,79ac2f6f-6d9f-47af-9ad4-a306da30ca4b
7489-2817-5544,8437-1032-7997,82647.44,2026-07-29T04:47:47,3,1,79ac2f6f-6d9f-47af-9ad4-a306da30ca4b
2270-9825-1507,8437-1032-7997,20112.94,2026-07-29T04:50:14,3,1,79ac2f6f-6d9f-47af-9ad4-a306da30ca4b
7166-6864-7336,8437-1032-7997,11280.54,2026-07-29T04:52:51,3,1,79ac2f6f-6d9f-47af-9ad4-a306da30ca4b
7882-9723-8354,1084-7420-4188,68286.99,2026-06-03T13:18:25,1,0,33e1df40-c7f0-455a-8409-ae67e2774577
7882-9723-8354,6483-2340-1415,9653.22,2026-06-03T13:18:47,1,0,33e1df40-c7f0-455a-8409-ae67e2774577
1084-7420-4188,8863-8077-1393,68286.99,2026-06-03T13:19:54,2,0,33e1df40-c7f0-455a-8409-ae67e2774577
6483-2340-1415,4905-6583-1891,100.0,2026-06-03T13:21:24,2,0,33e1df40-c7f0-455a-8409-ae67e2774577
6483-2340-1415,6465-9514-4878,9578.4,2026-06-03T13:22:34,2,0,33e1df40-c7f0-455a-8409-ae67e2774577
4905-6583-1891,3089-2015-8240,90.0,2026-06-03T13:24:52,3,1,33e1df40-c7f0-455a-8409-ae67e2774577
6465-9514-4878,3089-2015-8240,8620.56,2026-06-03T13:25:59,3,1,33e1df40-c7f0-455a-8409-ae67e2774577
8863-8077-1393,3089-2015-8240,61458.29,2026-06-03T13:27:50,3,1,33e1df40-c7f0-455a-8409-ae67e2774577
8428-7290-8605,2659-6564-1425,61041.75,2026-08-05T16:13:20,1,0,dbd14202-c7a0-4ec3-b3c6-c44a7476e560
8428-7290-8605,8439-9474-6377,40203.69,2026-08-05T16:14:07,1,0,dbd14202-c7a0-4ec3-b3c6-c44a7476e560
2659-6564-1425,5198-6822-7897,36217.83,2026-08-05T16:14:40,2,0,dbd14202-c7a0-4ec3-b3c6-c44a7476e560
2659-6564-1425,8887-8284-4046,13107.09,2026-08-05T16:15:58,2,0,dbd14202-c7a0-4ec3-b3c6-c44a7476e560
2659-6564-1425,4983-3255-1722,11716.82,2026-08-05T16:16:37,2,0,dbd14202-c7a0-4ec3-b3c6-c44a7476e560
8439-9474-6377,9481-3369-1939,40203.69,2026-08-05T16:17:22,2,0,dbd14202-c7a0-4ec3-b3c6-c44a7476e560
8887-8284-4046,6595-4102-8794,11796.38,2026-08-05T16:19:21,3,1,dbd14202-c7a0-4ec3-b3c6-c44a7476e560
5198-6822-7897,6595-4102-8794,32596.05,2026-08-05T16:21:33,3,1,dbd14202-c7a0-4ec3-b3c6-c44a7476e560
4983-3255-1722,6595-4102-8794,10545.14,2026-08-05T16:22:53,3,1,dbd14202-c7a0-4ec3-b3c6-c44a7476e560
9481-3369-1939,6595-4102-8794,36183.32,2026-08-05T16:23:58,3,1,dbd14202-c7a0-4ec3-b3c6-c44a7476e560
4772-8643-4492,8876-6431-7158,446866.61,2026-08-21T14:34:47,1,0,081a06a4-d6dc-486d-8a66-5a98e0de73fb
8876-6431-7158,6863-1491-2887,446866.61,2026-08-21T14:35:26,2,0,081a06a4-d6dc-486d-8a66-5a98e0de73fb
6863-1491-2887,1486-4262-4241,446866.61,2026-08-21T14:37:38,3,1,081a06a4-d6dc-486d-8a66-5a98e0de73fb
5029-3925-4211,3884-5289-2657,403034.38,2026-08-05T15:13:12,1,0,b6580d54-ccae-470a-9491-2be386162ab4
3884-5289-2657,6544-4444-5998,403034.38,2026-08-05T15:14:11,2,0,b6580d54-ccae-470a-9491-2be386162ab4
6544-4444-5998,2941-3366-3142,403034.38,2026-08-05T15:18:34,3,1,b6580d54-ccae-470a-9491-2be386162ab4
5006-1756-4098,5819-3434-6368,8744.06,2026-07-14T04:19:10,1,0,6aec42ae-fb36-4e7c-8635-3af2fee64e35
5006-1756-4098,5049-1872-5588,24191.1,2026-07-14T04:19:24,1,0,6aec42ae-fb36-4e7c-8635-3af2fee64e35
5006-1756-4098,3071-9327-9011,38067.71,2026-07-14T04:20:06,1,0,6aec42ae-fb36-4e7c-8635-3af2fee64e35
5819-3434-6368,9609-8918-9106,6704.25,2026-07-14T04:21:16,2,0,6aec42ae-fb36-4e7c-8635-3af2fee64e35
5819-3434-6368,8762-5396-7569,2039.81,2026-07-14T04:22:43,2,0,6aec42ae-fb36-4e7c-8635-3af2fee64e35
5049-1872-5588,3575-7129-5170,16890.8,2026-07-14T04:23:31,2,0,6aec42ae-fb36-4e7c-8635-3af2fee64e35
5049-1872-5588,2388-3200-2376,7300.3,2026-07-14T04:24:33,2,0,6aec42ae-fb36-4e7c-8635-3af2fee64e35
3071-9327-9011,9151-6194-5473,17538.72,2026-07-14T04:25:31,2,0,6aec42ae-fb36-4e7c-8635-3af2fee64e35
3071-9327-9011,7264-1404-3942,20528.99,2026-07-14T04:26:19,2,0,6aec42ae-fb36-4e7c-8635-3af2fee64e35
8762-5396-7569,6902-1627-9946,1835.83,2026-07-14T04:27:44,3,1,6aec42ae-fb36-4e7c-8635-3af2fee64e35
9609-8918-9106,6902-1627-9946,6033.82,2026-07-14T04:30:28,3,1,6aec42ae-fb36-4e7c-8635-3af2fee64e35
9151-6194-5473,6902-1627-9946,15784.85,2026-07-14T04:32:58,3,1,6aec42ae-fb36-4e7c-8635-3af2fee64e35
2388-3200-2376,6902-1627-9946,6570.27,2026-07-14T04:35:34,3,1,6aec42ae-fb36-4e7c-8635-3af2fee64e35
5906-5617-6679,7647-1194-8733,273188.91,2026-07-22T06:13:38,1,0,5c1b91d3-6b70-4513-af49-d7bedd335aa4
5906-5617-6679,9399-3445-7512,142942.83,2026-07-22T06:14:25,1,0,5c1b91d3-6b70-4513-af49-d7bedd335aa4
7647-1194-8733,2406-6129-4077,64690.15,2026-07-22T06:15:23,2,0,5c1b91d3-6b70-4513-af49-d7bedd335aa4
7647-1194-8733,8025-7843-4433,208498.76,2026-07-22T06:16:48,2,0,5c1b91d3-6b70-4513-af49-d7bedd335aa4
9399-3445-7512,6567-4694-7867,15030.6,2026-07-22T06:17:37,2,0,5c1b91d3-6b70-4513-af49-d7bedd335aa4
9399-3445-7512,7974-7608-9808,127912.23,2026-07-22T06:18:15,2,0,5c1b91d3-6b70-4513-af49-d7bedd335aa4
7974-7608-9808,9757-7331-4085,115121.01,2026-07-22T06:19:57,3,1,5c1b91d3-6b70-4513-af49-d7bedd335aa4
2406-6129-4077,9757-7331-4085,58221.14,2026-07-22T06:21:35,3,1,5c1b91d3-6b70-4513-af49-d7bedd335aa4
8025-7843-4433,9757-7331-4085,187648.88,2026-07-22T06:22:57,3,1,5c1b91d3-6b70-4513-af49-d7bedd335aa4
6567-4694-7867,9757-7331-4085,13527.54,2026-07-22T06:24:00,3,1,5c1b91d3-6b70-4513-af49-d7bedd335aa4
5650-4373-4818,9591-2146-8449,200287.72,2026-08-19T14:38:17,1,0,e57bef39-4aa3-4b0c-9cc7-553d5279cbea
5650-4373-4818,1941-7039-9495,176841.79,2026-08-19T14:38:35,1,0,e57bef39-4aa3-4b0c-9cc7-553d5279cbea
9591-2146-8449,3128-4369-6075,200287.72,2026-08-19T14:39:32,2,0,e57bef39-4aa3-4b0c-9cc7-553d5279cbea
1941-7039-9495,4325-9232-8519,108571.35,2026-08-19T14:40:11,2,0,e57bef39-4aa3-4b0c-9cc7-553d5279cbea
1941-7039-9495,5512-4304-1121,68270.44,2026-08-19T14:41:14,2,0,e57bef39-4aa3-4b0c-9cc7-553d5279cbea
5512-4304-1121,8476-6681-5873,61443.4,2026-08-19T14:43:59,3,1,e57bef39-4aa3-4b0c-9cc7-553d5279cbea
3128-4369-6075,8476-6681-5873,180258.95,2026-08-19T14:45:21,3,1,e57bef39-4aa3-4b0c-9cc7-553d5279cbea
4325-9232-8519,8476-6681-5873,97714.22,2026-08-19T14:48:17,3,1,e57bef39-4aa3-4b0c-9cc7-553d5279cbea
1715-4927-3587,9810-5782-2093,191985.92,2026-08-07T08:18:35,1,0,af162134-d796-4368-a5cd-0ecf92576a65
1715-4927-3587,4559-9085-7738,30751.01,2026-08-07T08:19:34,1,0,af162134-d796-4368-a5cd-0ecf92576a65
9810-5782-2093,1731-8572-1437,86119.29,2026-08-07T08:20:29,2,0,af162134-d796-4368-a5cd-0ecf92576a65
9810-5782-2093,2199-8567-7244,81655.25,2026-08-07T08:21:19,2,0,af162134-d796-4368-a5cd-0ecf92576a65
9810-5782-2093,6630-7542-4185,24211.38,2026-08-07T08:22:24,2,0,af162134-d796-4368-a5cd-0ecf92576a65
4559-9085-7738,3643-3794-1295,16239.92,2026-08-07T08:23:01,2,0,af162134-d796-4368-a5cd-0ecf92576a65
4559-9085-7738,2646-3903-5819,14511.09,2026-08-07T08:23:31,2,0,af162134-d796-4368-a5cd-0ecf92576a65
1731-8572-1437,7399-6051-8274,77507.36,2026-08-07T08:24:31,3,1,af162134-d796-4368-a5cd-0ecf92576a65
2199-8567-7244,7399-6051-8274,73489.73,2026-08-07T08:27:29,3,1,af162134-d796-4368-a5cd-0ecf92576a65
3643-3794-1295,7399-6051-8274,14615.93,2026-08-07T08:28:40,3,1,af162134-d796-4368-a5cd-0ecf92576a65
2646-3903-5819,7399-6051-8274,13059.98,2026-08-07T08:30:23,3,1,af162134-d796-4368-a5cd-0ecf92576a65
6630-7542-4185,7399-6051-8274,21790.24,2026-08-07T08:31:51,3,1,af162134-d796-4368-a5cd-0ecf92576a65
3736-1721-7810,2764-6359-6286,21352.13,2026-06-13T17:03:54,1,0,420e009e-8579-40ed-8bb7-ef77213eb74a
3736-1721-7810,4105-4393-9875,22499.1,2026-06-13T17:04:45,1,0,420e009e-8579-40ed-8bb7-ef77213eb74a
3736-1721-7810,7472-8010-2979,1034.71,2026-06-13T17:05:37,1,0,420e009e-8579-40ed-8bb7-ef77213eb74a
2764-6359-6286,7735-5940-9185,21352.13,2026-06-13T17:06:13,2,0,420e009e-8579-40ed-8bb7-ef77213eb74a
4105-4393-9875,5127-2552-6314,22499.1,2026-06-13T17:07:23,2,0,420e009e-8579-40ed-8bb7-ef77213eb74a
7472-8010-2979,6440-3872-6209,1034.71,2026-06-13T17:08:47,2,0,420e009e-8579-40ed-8bb7-ef77213eb74a
5127-2552-6314,4811-1347-3032,20249.19,2026-06-13T17:11:21,3,1,420e009e-8579-40ed-8bb7-ef77213eb74a
7735-5940-9185,4811-1347-3032,19216.92,2026-06-13T17:12:28,3,1,420e009e-8579-40ed-8bb7-ef77213eb74a
6440-3872-6209,4811-1347-3032,931.24,2026-06-13T17:13:47,3,1,420e009e-8579-40ed-8bb7-ef77213eb74a
6385-3199-5556,1648-9533-7797,66815.85,2026-07-21T18:00:30,1,0,e8c53766-2a4b-4f6c-9b46-4cdb5431b46d
6385-3199-5556,5726-1388-4752,139945.84,2026-07-21T18:01:22,1,0,e8c53766-2a4b-4f6c-9b46-4cdb5431b46d
1648-9533-7797,9543-6269-4007,17696.85,2026-07-21T18:02:47,2,0,e8c53766-2a4b-4f6c-9b46-4cdb5431b46d
1648-9533-7797,8247-1099-2058,49119.0,2026-07-21T18:04:17,2,0,e8c53766-2a4b-4f6c-9b46-4cdb5431b46d
5726-1388-4752,4871-9313-2280,139945.84,2026-07-21T18:05:14,2,0,e8c53766-2a4b-4f6c-9b46-4cdb5431b46d
9543-6269-4007,5675-8344-4299,15927.16,2026-07-21T18:07:54,3,1,e8c53766-2a4b-4f6c-9b46-4cdb5431b46d
4871-9313-2280,5675-8344-4299,125951.26,2026-07-21T18:09:44,3,1,e8c53766-2a4b-4f6c-9b46-4cdb5431b46d
8247-1099-2058,5675-8344-4299,44207.1,2026-07-21T18:11:48,3,1,e8c53766-2a4b-4f6c-9b46-4cdb5431b46d
1324-7249-8002,5918-9801-3503,452895.05,2026-07-25T18:38:10,1,0,2cbad68f-7a67-461e-bfb1-bc427d182a0a
5918-9801-3503,7146-8878-2178,388601.54,2026-07-25T18:38:52,2,0,2cbad68f-7a67-461e-bfb1-bc427d182a0a
5918-9801-3503,6459-3238-8688,64293.51,2026-07-25T18:40:08,2,0,2cbad68f-7a67-461e-bfb1-bc427d182a0a
6459-3238-8688,7292-9020-6043,64293.51,2026-07-25T18:43:52,3,0,2cbad68f-7a67-461e-bfb1-bc427d182a0a
7292-9020-6043,3039-7304-3660,64293.51,2026-07-25T18:45:41,4,1,2cbad68f-7a67-461e-bfb1-bc427d182a0a
9349-9005-7032,1945-7313-7947,9910.31,2026-07-06T22:21:37,1,0,ff485811-f6c2-4108-825a-7d5749e17700
9349-9005-7032,5043-4970-8827,139264.36,2026-07-06T22:22:30,1,0,ff485811-f6c2-4108-825a-7d5749e17700
9349-9005-7032,1565-6921-1462,3638.59,2026-07-06T22:22:50,1,0,ff485811-f6c2-4108-825a-7d5749e17700
1945-7313-7947,7515-2316-9495,2361.55,2026-07-06T22:24:13,2,0,ff485811-f6c2-4108-825a-7d5749e17700
1945-7313-7947,4093-7929-3716,7548.76,2026-07-06T22:25:25,2,0,ff485811-f6c2-4108-825a-7d5749e17700
5043-4970-8827,2456-2790-6642,50157.11,2026-07-06T22:26:05,2,0,ff485811-f6c2-4108-825a-7d5749e17700
5043-4970-8827,3338-5407-4432,28761.35,2026-07-06T22:27:01,2,0,ff485811-f6c2-4108-825a-7d5749e17700
5043-4970-8827,7520-6047-1105,60345.9,2026-07-06T22:27:42,2,0,ff485811-f6c2-4108-825a-7d5749e17700
1565-6921-1462,2806-8383-4482,526.03,2026-07-06T22:29:09,2,0,ff485811-f6c2-4108-825a-7d5749e17700
1565-6921-1462,4041-4292-1966,676.94,2026-07-06T22:30:34,2,0,ff485811-f6c2-4108-825a-7d5749e17700
1565-6921-1462,3993-4143-5249,2435.62,2026-07-06T22:31:21,2,0,ff485811-f6c2-4108-825a-7d5749e17700
4093-7929-3716,1685-2586-4458,6793.88,2026-07-06T22:32:21,3,1,ff485811-f6c2-4108-825a-7d5749e17700
7515-2316-9495,1685-2586-4458,2125.4,2026-07-06T22:34:58,3,1,ff485811-f6c2-4108-825a-7d5749e17700
4041-4292-1966,1685-2586-4458,609.25,2026-07-06T22:36:41,3,1,ff485811-f6c2-4108-825a-7d5749e17700
2456-2790-6642,1685-2586-4458,45141.4,2026-07-06T22:39:34,3,1,ff485811-f6c2-4108-825a-7d5749e17700
2806-8383-4482,1685-2586-4458,473.43,2026-07-06T22:42:34,3,1,ff485811-f6c2-4108-825a-7d5749e17700
6833-6410-2641,8486-7583-3275,449416.62,2026-07-16T11:14:59,1,0,99f77796-36d4-4e9a-922c-99ddff522d2e
8486-7583-3275,7036-8404-8785,449416.62,2026-07-16T11:16:01,2,0,99f77796-36d4-4e9a-922c-99ddff522d2e
7036-8404-8785,6901-1749-6333,449416.62,2026-07-16T11:19:54,3,1,99f77796-36d4-4e9a-922c-99ddff522d2e
6707-8010-8800,2645-7305-5814,13720.85,2026-08-04T00:07:05,1,0,12d56738-c2dc-4b23-8c5b-efa6eb781fb2
6707-8010-8800,4196-3345-9520,91366.64,2026-08-04T00:07:44,1,0,12d56738-c2dc-4b23-8c5b-efa6eb781fb2
6707-8010-8800,9267-1520-3094,66296.63,2026-08-04T00:08:28,1,0,12d56738-c2dc-4b23-8c5b-efa6eb781fb2
2645-7305-5814,2465-2728-8125,7549.69,2026-08-04T00:09:44,2,0,12d56738-c2dc-4b23-8c5b-efa6eb781fb2
2645-7305-5814,1478-3625-6349,2490.65,2026-08-04T00:10:56,2,0,12d56738-c2dc-4b23-8c5b-efa6eb781fb2
2645-7305-5814,7283-5593-4610,3680.51,2026-08-04T00:12:16,2,0,12d56738-c2dc-4b23-8c5b-efa6eb781fb2
4196-3345-9520,2059-6623-7176,1326.7,2026-08-04T00:13:04,2,0,12d56738-c2dc-4b23-8c5b-efa6eb781fb2
4196-3345-9520,7252-8159-4823,7156.92,2026-08-04T00:13:46,2,0,12d56738-c2dc-4b23-8c5b-efa6eb781fb2
4196-3345-9520,4662-5244-2895,82883.02,2026-08-04T00:14:40,2,0,12d56738-c2dc-4b23-8c5b-efa6eb781fb2
9267-1520-3094,7359-7941-6237,66296.63,2026-08-04T00:15:59,2,0,12d56738-c2dc-4b23-8c5b-efa6eb781fb2
7252-8159-4823,1150-9819-8546,6441.23,2026-08-04T00:18:43,3,1,12d56738-c2dc-4b23-8c5b-efa6eb781fb2
7359-7941-6237,1150-9819-8546,59666.97,2026-08-04T00:20:41,3,1,12d56738-c2dc-4b23-8c5b-efa6eb781fb2
1478-3625-6349,1150-9819-8546,2241.58,2026-08-04T00:23:06,3,1,12d56738-c2dc-4b23-8c5b-efa6eb781fb2
2465-2728-8125,1150-9819-8546,6794.72,2026-08-04T00:25:22,3,1,12d56738-c2dc-4b23-8c5b-efa6eb781fb2
4662-5244-2895,1150-9819-8546,74594.72,2026-08-04T00:26:37,3,1,12d56738-c2dc-4b23-8c5b-efa6eb781fb2
4534-9110-5775,7171-1963-6458,8569.53,2026-08-26T02:55:57,1,0,53f7e704-26e6-40f4-bcea-3b321c130618
4534-9110-5775,3501-4450-4687,44577.69,2026-08-26T02:56:08,1,0,53f7e704-26e6-40f4-bcea-3b321c130618
4534-9110-5775,1861-3933-8987,216243.99,2026-08-26T02:56:40,1,0,53f7e704-26e6-40f4-bcea-3b321c130618
7171-1963-6458,4196-9978-7451,118.14,2026-08-26T02:57:58,2,0,53f7e704-26e6-40f4-bcea-3b321c130618
7171-1963-6458,2594-3144-6298,8451.39,2026-08-26T02:58:47,2,0,53f7e704-26e6-40f4-bcea-3b321c130618
3501-4450-4687,5769-3372-4436,32307.03,2026-08-26T02:59:40,2,0,53f7e704-26e6-40f4-bcea-3b321c130618
3501-4450-4687,4573-4205-1149,12270.66,2026-08-26T03:01:04,2,0,53f7e704-26e6-40f4-bcea-3b321c130618
1861-3933-8987,2573-6825-8763,216243.99,2026-08-26T03:01:45,2,0,53f7e704-26e6-40f4-bcea-3b321c130618
4573-4205-1149,2946-4946-7498,11043.59,2026-08-26T03:04:13,3,1,53f7e704-26e6-40f4-bcea-3b321c130618
2594-3144-6298,2946-4946-7498,7606.25,2026-08-26T03:06:01,3,1,53f7e704-26e6-40f4-bcea-3b321c130618
4196-9978-7451,2946-4946-7498,106.33,2026-08-26T03:08:25,3,1,53f7e704-26e6-40f4-bcea-3b321c130618
5509-8292-7018,2966-2910-2353,434091.42,2026-06-16T17:04:36,1,0,74915159-4860-416f-b505-7ffc1ab6dee3
2966-2910-2353,8856-5484-2549,120901.52,2026-06-16T17:05:12,2,0,74915159-4860-416f-b505-7ffc1ab6dee3
2966-2910-2353,3967-7290-8932,100457.71,2026-06-16T17:05:53,2,0,74915159-4860-416f-b505-7ffc1ab6dee3
2966-2910-2353,8105-5888-3051,212732.19,2026-06-16T17:06:57,2,0,74915159-4860-416f-b505-7ffc1ab6dee3
8856-5484-2549,3948-1087-8327,108811.37,2026-06-16T17:08:12,3,1,74915159-4860-416f-b505-7ffc1ab6dee3
8105-5888-3051,3948-1087-8327,191458.97,2026-06-16T17:09:32,3,1,74915159-4860-416f-b505-7ffc1ab6dee3
3967-7290-8932,3948-1087-8327,90411.94,2026-06-16T17:10:36,3,1,74915159-4860-416f-b505-7ffc1ab6dee3
9919-3811-7931,1001-5068-5925,67407.88,2026-08-11T23:25:05,1,0,7e153fbb-5eac-4f3c-9e04-b11256036993
9919-3811-7931,1756-9510-5807,82566.34,2026-08-11T23:25:37,1,0,7e153fbb-5eac-4f3c-9e04-b11256036993
9919-3811-7931,9750-8289-3291,16814.44,2026-08-11T23:25:49,1,0,7e153fbb-5eac-4f3c-9e04-b11256036993
1001-5068-5925,3198-4539-6882,67407.88,2026-08-11T23:26:36,2,0,7e153fbb-5eac-4f3c-9e04-b11256036993
1756-9510-5807,7255-3675-7554,10181.21,2026-08-11T23:27:49,2,0,7e153fbb-5eac-4f3c-9e04-b11256036993
1756-9510-5807,8472-2364-5164,72385.13,2026-08-11T23:29:05,2,0,7e153fbb-5eac-4f3c-9e04-b11256036993
9750-8289-3291,9379-3687-7876,4045.85,2026-08-11T23:29:39,2,0,7e153fbb-5eac-4f3c-9e04-b11256036993
9750-8289-3291,3514-6183-8104,11459.32,2026-08-11T23:30:13,2,0,7e153fbb-5eac-4f3c-9e04-b11256036993
9750-8289-3291,7208-1424-5055,1309.27,2026-08-11T23:31:00,2,0,7e153fbb-5eac-4f3c-9e04-b11256036993
7255-3675-7554,3879-9625-6022,9163.09,2026-08-11T23:33:43,3,1,7e153fbb-5eac-4f3c-9e04-b11256036993
9379-3687-7876,3879-9625-6022,3641.26,2026-08-11T23:35:56,3,1,7e153fbb-5eac-4f3c-9e04-b11256036993
3198-4539-6882,3879-9625-6022,60667.09,2026-08-11T23:38:50,3,1,7e153fbb-5eac-4f3c-9e04-b11256036993
3514-6183-8104,3879-9625-6022,10313.39,2026-08-11T23:40:39,3,1,7e153fbb-5eac-4f3c-9e04-b11256036993
7597-8812-3090,1155-9414-3547,56354.91,2026-08-10T18:59:21,1,0,fbb75b21-4f16-4393-b273-2661dd26e771
7597-8812-3090,3070-3337-7206,181446.97,2026-08-10T18:59:54,1,0,fbb75b21-4f16-4393-b273-2661dd26e771
1155-9414-3547,3999-8191-6799,7608.02,2026-08-10T19:00:41,2,0,fbb75b21-4f16-4393-b273-2661dd26e771
1155-9414-3547,8678-9228-5699,48746.89,2026-08-10T19:01:30,2,0,fbb75b21-4f16-4393-b273-2661dd26e771
3070-3337-7206,2476-2302-2256,141022.73,2026-08-10T19:02:36,2,0,fbb75b21-4f16-4393-b273-2661dd26e771
3070-3337-7206,4932-2534-3705,40424.24,2026-08-10T19:03:57,2,0,fbb75b21-4f16-4393-b273-2661dd26e771
4932-2534-3705,7643-1227-4115,36381.82,2026-08-10T19:06:32,3,1,fbb75b21-4f16-4393-b273-2661dd26e771
8678-9228-5699,7643-1227-4115,43872.2,2026-08-10T19:09:07,3,1,fbb75b21-4f16-4393-b273-2661dd26e771
3999-8191-6799,7643-1227-4115,6847.22,2026-08-10T19:12:04,3,1,fbb75b21-4f16-4393-b273-2661dd26e771
8350-3761-9577,3864-2230-7013,378345.44,2026-06-23T01:48:19,1,0,b89ae70d-ebc9-4b20-931d-f919e4644ae5
3864-2230-7013,2855-6537-5092,188167.54,2026-06-23T01:49:08,2,0,b89ae70d-ebc9-4b20-931d-f919e4644ae5
3864-2230-7013,9832-2931-5752,190177.9,2026-06-23T01:50:14,2,0,b89ae70d-ebc9-4b20-931d-f919e4644ae5
2855-6537-5092,8999-1942-6828,188167.54,2026-06-23T01:51:15,3,0,b89ae70d-ebc9-4b20-931d-f919e4644ae5
8999-1942-6828,6729-4050-7587,188167.54,2026-06-23T01:53:45,4,1,b89ae70d-ebc9-4b20-931d-f919e4644ae5
3518-7729-3029,1113-3549-5098,10691.04,2026-06-10T04:10:41,1,0,b4fca3e3-e09d-4ab9-8d09-4686d1915bc8
3518-7729-3029,4704-8711-7477,228721.69,2026-06-10T04:11:08,1,0,b4fca3e3-e09d-4ab9-8d09-4686d1915bc8
1113-3549-5098,8110-1095-6885,3064.46,2026-06-10T04:11:56,2,0,b4fca3e3-e09d-4ab9-8d09-4686d1915bc8
1113-3549-5098,4251-2813-4105,7626.58,2026-06-10T04:12:28,2,0,b4fca3e3-e09d-4ab9-8d09-4686d1915bc8
4704-8711-7477,2946-7899-9012,33361.77,2026-06-10T04:13:46,2,0,b4fca3e3-e09d-4ab9-8d09-4686d1915bc8
4704-8711-7477,9119-3087-6322,195359.92,2026-06-10T04:15:09,2,0,b4fca3e3-e09d-4ab9-8d09-4686d1915bc8
4251-2813-4105,9192-1223-4874,6863.92,2026-06-10T04:17:55,3,1,b4fca3e3-e09d-4ab9-8d09-4686d1915bc8
8110-1095-6885,9192-1223-4874,2758.01,2026-06-10T04:18:56,3,1,b4fca3e3-e09d-4ab9-8d09-4686d1915bc8
9119-3087-6322,9192-1223-4874,175823.93,2026-06-10T04:20:06,3,1,b4fca3e3-e09d-4ab9-8d09-4686d1915bc8
4061-5087-5606,5317-5052-8031,304916.88,2026-08-10T16:25:16,1,0,d4a43226-2378-49a4-9dd3-0c46a9d9bc5d
5317-5052-8031,3968-4091-3436,52526.69,2026-08-10T16:25:58,2,0,d4a43226-2378-49a4-9dd3-0c46a9d9bc5d
5317-5052-8031,4758-2973-3167,1161.03,2026-08-10T16:27:23,2,0,d4a43226-2378-49a4-9dd3-0c46a9d9bc5d
5317-5052-8031,7574-1628-5486,251229.16,2026-08-10T16:28:07,2,0,d4a43226-2378-49a4-9dd3-0c46a9d9bc5d
4758-2973-3167,6956-5596-6751,1044.93,2026-08-10T16:29:38,3,1,d4a43226-2378-49a4-9dd3-0c46a9d9bc5d
3968-4091-3436,6956-5596-6751,47274.02,2026-08-10T16:30:38,3,1,d4a43226-2378-49a4-9dd3-0c46a9d9bc5d
7574-1628-5486,6956-5596-6751,226106.24,2026-08-10T16:32:14,3,1,d4a43226-2378-49a4-9dd3-0c46a9d9bc5d
4028-5133-9049,6476-5986-2827,3529.25,2026-06-29T08:32:17,1,0,b8d8a86a-3d1c-41b6-a7a9-3b40dde0f2b1
4028-5133-9049,2587-1223-3134,14181.57,2026-06-29T08:33:00,1,0,b8d8a86a-3d1c-41b6-a7a9-3b40dde0f2b1
6476-5986-2827,2429-2742-3137,1761.4,2026-06-29T08:33:42,2,0,b8d8a86a-3d1c-41b6-a7a9-3b40dde0f2b1
6476-5986-2827,2971-1672-4120,1767.85,2026-06-29T08:34:33,2,0,b8d8a86a-3d1c-41b6-a7a9-3b40dde0f2b1
2587-1223-3134,3517-1717-3094,4939.27,2026-06-29T08:35:43,2,0,b8d8a86a-3d1c-41b6-a7a9-3b40dde0f2b1
2587-1223-3134,4140-7851-5137,5792.82,2026-06-29T08:37:12,2,0,b8d8a86a-3d1c-41b6-a7a9-3b40dde0f2b1
2587-1223-3134,6690-6996-8347,3449.47,2026-06-29T08:37:50,2,0,b8d8a86a-3d1c-41b6-a7a9-3b40dde0f2b1
4140-7851-5137,9723-9412-2228,5213.54,2026-06-29T08:40:26,3,1,b8d8a86a-3d1c-41b6-a7a9-3b40dde0f2b1
6690-6996-8347,9723-9412-2228,3104.52,2026-06-29T08:42:17,3,1,b8d8a86a-3d1c-41b6-a7a9-3b40dde0f2b1
3517-1717-3094,9723-9412-2228,4445.34,2026-06-29T08:43:37,3,1,b8d8a86a-3d1c-41b6-a7a9-3b40dde0f2b1
8461-9254-9602,5971-4609-5855,138755.49,2026-08-18T17:00:03,1,0,111a7208-5cfc-4810-8fd3-ddf4b83dd503
8461-9254-9602,5399-2951-3803,159332.95,2026-08-18T17:00:30,1,0,111a7208-5cfc-4810-8fd3-ddf4b83dd503
5971-4609-5855,4440-9758-2903,138755.49,2026-08-18T17:01:00,2,0,111a7208-5cfc-4810-8fd3-ddf4b83dd503
5399-2951-3803,9999-5326-3189,159332.95,2026-08-18T17:01:56,2,0,111a7208-5cfc-4810-8fd3-ddf4b83dd503
4440-9758-2903,4592-5582-3895,138755.49,2026-08-18T17:04:01,3,0,111a7208-5cfc-4810-8fd3-ddf4b83dd503
4592-5582-3895,2743-7258-5216,138755.49,2026-08-18T17:08:43,4,1,111a7208-5cfc-4810-8fd3-ddf4b83dd503
9999-5326-3189,5403-4341-7479,159332.95,2026-08-18T17:10:22,3,0,111a7208-5cfc-4810-8fd3-ddf4b83dd503
5403-4341-7479,8848-2535-9125,159332.95,2026-08-18T17:12:08,4,1,111a7208-5cfc-4810-8fd3-ddf4b83dd503
3955-5621-1344,3669-3911-7458,174371.91,2026-07-02T18:40:04,1,0,0b4d1b72-5989-40da-a319-108f43e7247b
3955-5621-1344,4077-2137-3351,218032.59,2026-07-02T18:40:20,1,0,0b4d1b72-5989-40da-a319-108f43e7247b
3669-3911-7458,2633-7191-7291,84851.94,2026-07-02T18:41:39,2,0,0b4d1b72-5989-40da-a319-108f43e7247b
3669-3911-7458,1339-2802-1222,84345.25,2026-07-02T18:42:59,2,0,0b4d1b72-5989-40da-a319-108f43e7247b
3669-3911-7458,1716-3165-5068,5174.73,2026-07-02T18:44:23,2,0,0b4d1b72-5989-40da-a319-108f43e7247b
4077-2137-3351,3672-6036-6435,200597.28,2026-07-02T18:44:56,2,0,0b4d1b72-5989-40da-a319-108f43e7247b
4077-2137-3351,8846-3531-4994,17435.31,2026-07-02T18:46:18,2,0,0b4d1b72-5989-40da-a319-108f43e7247b
1339-2802-1222,4713-7998-7314,75910.73,2026-07-02T18:48:41,3,1,0b4d1b72-5989-40da-a319-108f43e7247b
2633-7191-7291,4713-7998-7314,76366.75,2026-07-02T18:50:30,3,1,0b4d1b72-5989-40da-a319-108f43e7247b
3672-6036-6435,4713-7998-7314,180537.55,2026-07-02T18:51:44,3,1,0b4d1b72-5989-40da-a319-108f43e7247b
1716-3165-5068,4713-7998-7314,4657.26,2026-07-02T18:52:57,3,1,0b4d1b72-5989-40da-a319-108f43e7247b
6906-2389-1710,3475-3917-8022,2518.24,2026-07-09T20:24:56,1,0,9dfe64ad-c535-41a1-98a6-85cdc7e81b3a
6906-2389-1710,9691-6486-3971,1839.61,2026-07-09T20:25:37,1,0,9dfe64ad-c535-41a1-98a6-85cdc7e81b3a
6906-2389-1710,7967-3461-5940,6904.96,2026-07-09T20:25:51,1,0,9dfe64ad-c535-41a1-98a6-85cdc7e81b3a
3475-3917-8022,7399-8318-8838,2518.24,2026-07-09T20:27:13,2,0,9dfe64ad-c535-41a1-98a6-85cdc7e81b3a
9691-6486-3971,2481-6292-3089,1839.61,2026-07-09T20:27:54,2,0,9dfe64ad-c535-41a1-98a6-85cdc7e81b3a
7967-3461-5940,7782-6463-3264,4197.25,2026-07-09T20:28:55,2,0,9dfe64ad-c535-41a1-98a6-85cdc7e81b3a
7967-3461-5940,5028-7278-7859,1209.15,2026-07-09T20:30:10,2,0,9dfe64ad-c535-41a1-98a6-85cdc7e81b3a
7967-3461-5940,9144-9826-9745,1498.57,2026-07-09T20:30:54,2,0,9dfe64ad-c535-41a1-98a6-85cdc7e81b3a
7782-6463-3264,2804-1976-6723,3777.52,2026-07-09T20:33:42,3,1,9dfe64ad-c535-41a1-98a6-85cdc7e81b3a
5028-7278-7859,2804-1976-6723,1088.24,2026-07-09T20:35:00,3,1,9dfe64ad-c535-41a1-98a6-85cdc7e81b3a
7399-8318-8838,2804-1976-6723,2266.42,2026-07-09T20:37:56,3,1,9dfe64ad-c535-41a1-98a6-85cdc7e81b3a
3257-2920-3344,1431-7958-7089,212422.89,2026-07-11T08:21:33,1,0,8a189656-c38d-41c5-b9f3-5ee9433603df
3257-2920-3344,1886-2736-2208,142694.89,2026-07-11T08:21:48,1,0,8a189656-c38d-41c5-b9f3-5ee9433603df
1431-7958-7089,3988-8696-3295,212422.89,2026-07-11T08:23:05,2,0,8a189656-c38d-41c5-b9f3-5ee9433603df
1886-2736-2208,1216-5698-2822,78227.85,2026-07-11T08:24:13,2,0,8a189656-c38d-41c5-b9f3-5ee9433603df
1886-2736-2208,3554-1983-1526,64467.04,2026-07-11T08:25:10,2,0,8a189656-c38d-41c5-b9f3-5ee9433603df
3554-1983-1526,3569-5453-2506,58020.34,2026-07-11T08:26:26,3,1,8a189656-c38d-41c5-b9f3-5ee9433603df
3988-8696-3295,3569-5453-2506,191180.6,2026-07-11T08:27:54,3,1,8a189656-c38d-41c5-b9f3-5ee9433603df
1216-5698-2822,3569-5453-2506,70405.06,2026-07-11T08:30:05,3,1,8a189656-c38d-41c5-b9f3-5ee9433603df
8821-6131-7637,3700-1895-7086,221265.89,2026-08-18T05:43:27,1,0,488d1340-ecd2-42d7-a1d6-e55c5e255b2f
8821-6131-7637,7950-4190-5422,13846.63,2026-08-18T05:43:38,1,0,488d1340-ecd2-42d7-a1d6-e55c5e255b2f
3700-1895-7086,1179-6064-4075,125772.8,2026-08-18T05:44:44,2,0,488d1340-ecd2-42d7-a1d6-e55c5e255b2f
3700-1895-7086,4305-1530-4937,89307.28,2026-08-18T05:45:33,2,0,488d1340-ecd2-42d7-a1d6-e55c5e255b2f
3700-1895-7086,5410-2393-1735,6185.81,2026-08-18T05:46:15,2,0,488d1340-ecd2-42d7-a1d6-e55c5e255b2f
7950-4190-5422,2595-6428-7672,251.91,2026-08-18T05:47:15,2,0,488d1340-ecd2-42d7-a1d6-e55c5e255b2f
7950-4190-5422,9250-2654-9227,12262.5,2026-08-18T05:48:28,2,0,488d1340-ecd2-42d7-a1d6-e55c5e255b2f
7950-4190-5422,3460-1388-7260,1332.22,2026-08-18T05:49:54,2,0,488d1340-ecd2-42d7-a1d6-e55c5e255b2f
9250-2654-9227,8331-3149-6554,11036.25,2026-08-18T05:52:13,3,1,488d1340-ecd2-42d7-a1d6-e55c5e255b2f
3460-1388-7260,8331-3149-6554,1199.0,2026-08-18T05:54:44,3,1,488d1340-ecd2-42d7-a1d6-e55c5e255b2f
5410-2393-1735,8331-3149-6554,5567.23,2026-08-18T05:57:02,3,1,488d1340-ecd2-42d7-a1d6-e55c5e255b2f
2595-1244-3336,9964-2428-9174,30977.33,2026-07-12T20:04:17,1,0,40e47a87-0f52-41c3-b7a3-f90dbb437517
2595-1244-3336,2541-8451-6139,112092.15,2026-07-12T20:04:49,1,0,40e47a87-0f52-41c3-b7a3-f90dbb437517
9964-2428-9174,5194-8242-3301,12639.19,2026-07-12T20:05:42,2,0,40e47a87-0f52-41c3-b7a3-f90dbb437517
9964-2428-9174,3031-8999-1648,18338.14,2026-07-12T20:06:55,2,0,40e47a87-0f52-41c3-b7a3-f90dbb437517
2541-8451-6139,7122-2367-7769,83827.14,2026-07-12T20:08:21,2,0,40e47a87-0f52-41c3-b7a3-f90dbb437517
2541-8451-6139,9289-8374-5306,28265.01,2026-07-12T20:09:38,2,0,40e47a87-0f52-41c3-b7a3-f90dbb437517
7122-2367-7769,7541-2195-4654,75444.43,2026-07-12T20:11:37,3,1,40e47a87-0f52-41c3-b7a3-f90dbb437517
3031-8999-1648,7541-2195-4654,16504.33,2026-07-12T20:13:59,3,1,40e47a87-0f52-41c3-b7a3-f90dbb437517
5194-8242-3301,7541-2195-4654,11375.27,2026-07-12T20:15:09,3,1,40e47a87-0f52-41c3-b7a3-f90dbb437517
8096-4268-7578,2056-6198-6610,13705.77,2026-06-30T14:57:23,1,0,1e74414f-0879-42f1-86d4-be1f92bde1b3
8096-4268-7578,8967-4483-8802,235975.95,2026-06-30T14:57:42,1,0,1e74414f-0879-42f1-86d4-be1f92bde1b3
2056-6198-6610,2022-6922-8046,8180.67,2026-06-30T14:58:25,2,0,1e74414f-0879-42f1-86d4-be1f92bde1b3
2056-6198-6610,8756-4496-1886,5525.1,2026-06-30T14:59:35,2,0,1e74414f-0879-42f1-86d4-be1f92bde1b3
8967-4483-8802,8396-7876-9597,224787.06,2026-06-30T15:00:58,2,0,1e74414f-0879-42f1-86d4-be1f92bde1b3
8967-4483-8802,4507-5250-4015,11188.89,2026-06-30T15:01:38,2,0,1e74414f-0879-42f1-86d4-be1f92bde1b3
4507-5250-4015,1162-4253-2274,10070.0,2026-06-30T15:03:52,3,1,1e74414f-0879-42f1-86d4-be1f92bde1b3
8756-4496-1886,1162-4253-2274,4972.59,2026-06-30T15:06:37,3,1,1e74414f-0879-42f1-86d4-be1f92bde1b3
8396-7876-9597,1162-4253-2274,202308.35,2026-06-30T15:08:17,3,1,1e74414f-0879-42f1-86d4-be1f92bde1b3
9182-6184-2861,7658-5305-9531,73599.22,2026-07-26T22:44:39,1,0,53d1ad82-26ce-45ca-8ed0-c1d5c7a42055
9182-6184-2861,1060-8381-3059,1238.6,2026-07-26T22:45:27,1,0,53d1ad82-26ce-45ca-8ed0-c1d5c7a42055
9182-6184-2861,8361-2596-1597,68593.13,2026-07-26T22:46:20,1,0,53d1ad82-26ce-45ca-8ed0-c1d5c7a42055
7658-5305-9531,9226-3043-9177,23124.45,2026-07-26T22:47:12,2,0,53d1ad82-26ce-45ca-8ed0-c1d5c7a42055
7658-5305-9531,8471-7783-7723,50474.77,2026-07-26T22:48:03,2,0,53d1ad82-26ce-45ca-8ed0-c1d5c7a42055
1060-8381-3059,3664-9892-8141,100.0,2026-07-26T22:49:24,2,0,53d1ad82-26ce-45ca-8ed0-c1d5c7a42055
1060-8381-3059,7251-5669-8167,510.19,2026-07-26T22:50:20,2,0,53d1ad82-26ce-45ca-8ed0-c1d5c7a42055
1060-8381-3059,5640-2625-2435,667.52,2026-07-26T22:50:56,2,0,53d1ad82-26ce-45ca-8ed0-c1d5c7a42055
8361-2596-1597,7891-4471-4651,14470.6,2026-07-26T22:51:38,2,0,53d1ad82-26ce-45ca-8ed0-c1d5c7a42055
8361-2596-1597,8448-7243-2875,54122.53,2026-07-26T22:52:37,2,0,53d1ad82-26ce-45ca-8ed0-c1d5c7a42055
9226-3043-9177,5384-5333-6036,20812.0,2026-07-26T22:55:18,3,1,53d1ad82-26ce-45ca-8ed0-c1d5c7a42055
3664-9892-8141,5384-5333-6036,90.0,2026-07-26T22:58:14,3,1,53d1ad82-26ce-45ca-8ed0-c1d5c7a42055
8471-7783-7723,5384-5333-6036,45427.29,2026-07-26T23:00:55,3,1,53d1ad82-26ce-45ca-8ed0-c1d5c7a42055
7891-4471-4651,5384-5333-6036,13023.54,2026-07-26T23:03:29,3,1,53d1ad82-26ce-45ca-8ed0-c1d5c7a42055
8045-4962-7412,7444-1845-8030,47378.42,2026-08-07T23:31:37,1,0,cfd145c6-76e3-4b45-9b0a-79cb971a91bb
7444-1845-8030,3595-8166-4784,7849.1,2026-08-07T23:33:00,2,0,cfd145c6-76e3-4b45-9b0a-79cb971a91bb
7444-1845-8030,2631-3069-9261,5621.54,2026-08-07T23:33:57,2,0,cfd145c6-76e3-4b45-9b0a-79cb971a91bb
7444-1845-8030,2939-7422-5263,33907.79,2026-08-07T23:35:12,2,0,cfd145c6-76e3-4b45-9b0a-79cb971a91bb
2631-3069-9261,4927-4633-5864,5059.39,2026-08-07T23:37:59,3,1,cfd145c6-76e3-4b45-9b0a-79cb971a91bb
2939-7422-5263,4927-4633-5864,30517.01,2026-08-07T23:39:47,3,1,cfd145c6-76e3-4b45-9b0a-79cb971a91bb
3595-8166-4784,4927-4633-5864,7064.19,2026-08-07T23:40:57,3,1,cfd145c6-76e3-4b45-9b0a-79cb971a91bb
2694-2817-8522,3010-2754-3323,28193.8,2026-06-08T02:27:58,1,0,18b3120a-d057-421a-a872-c29f78c63e76
2694-2817-8522,5627-5292-3959,367945.65,2026-06-08T02:28:09,1,0,18b3120a-d057-421a-a872-c29f78c63e76
2694-2817-8522,2520-2267-9097,1362.33,2026-06-08T02:29:02,1,0,18b3120a-d057-421a-a872-c29f78c63e76
3010-2754-3323,3945-5894-1166,28193.8,2026-06-08T02:30:29,2,0,18b3120a-d057-421a-a872-c29f78c63e76
5627-5292-3959,6616-6681-8928,367945.65,2026-06-08T02:31:38,2,0,18b3120a-d057-421a-a872-c29f78c63e76
2520-2267-9097,4159-1484-9781,1362.33,2026-06-08T02:32:09,2,0,18b3120a-d057-421a-a872-c29f78c63e76
3945-5894-1166,3270-4600-2367,25374.42,2026-06-08T02:35:09,3,1,18b3120a-d057-421a-a872-c29f78c63e76
4159-1484-9781,3270-4600-2367,1226.1,2026-06-08T02:36:20,3,1,18b3120a-d057-421a-a872-c29f78c63e76
6616-6681-8928,3270-4600-2367,331151.09,2026-06-08T02:38:19,3,1,18b3120a-d057-421a-a872-c29f78c63e76
4163-5097-3833,5605-7436-2685,187665.12,2026-07-22T19:18:45,1,0,728a28dd-c799-4260-9668-67ed9c027158
5605-7436-2685,8992-8101-8309,114028.5,2026-07-22T19:19:27,2,0,728a28dd-c799-4260-9668-67ed9c027158
5605-7436-2685,7942-5451-6222,1436.34,2026-07-22T19:20:25,2,0,728a28dd-c799-4260-9668-67ed9c027158
5605-7436-2685,2762-7275-8033,72200.28,2026-07-22T19:21:21,2,0,728a28dd-c799-4260-9668-67ed9c027158
7942-5451-6222,3947-6286-8035,1292.71,2026-07-22T19:23:06,3,1,728a28dd-c799-4260-9668-67ed9c027158
8992-8101-8309,3947-6286-8035,102625.65,2026-07-22T19:24:53,3,1,728a28dd-c799-4260-9668-67ed9c027158
2762-7275-8033,3947-6286-8035,64980.25,2026-07-22T19:26:33,3,1,728a28dd-c799-4260-9668-67ed9c027158
6268-4811-2085,5646-4476-9638,18284.24,2026-06-23T11:26:49,1,0,c0282404-78ba-4e85-ad51-99f1d5b6b5b8
6268-4811-2085,4562-2686-5555,120819.39,2026-06-23T11:27:40,1,0,c0282404-78ba-4e85-ad51-99f1d5b6b5b8
5646-4476-9638,4229-1813-9092,18284.24,2026-06-23T11:28:41,2,0,c0282404-78ba-4e85-ad51-99f1d5b6b5b8
4562-2686-5555,6355-7272-4873,2120.78,2026-06-23T11:29:19,2,0,c0282404-78ba-4e85-ad51-99f1d5b6b5b8
4562-2686-5555,1348-5670-1292,22328.09,2026-06-23T11:29:51,2,0,c0282404-78ba-4e85-ad51-99f1d5b6b5b8
4562-2686-5555,1076-8565-5659,96370.52,2026-06-23T11:31:12,2,0,c0282404-78ba-4e85-ad51-99f1d5b6b5b8
4229-1813-9092,1771-7444-5889,16455.82,2026-06-23T11:33:15,3,1,c0282404-78ba-4e85-ad51-99f1d5b6b5b8
1348-5670-1292,1771-7444-5889,20095.28,2026-06-23T11:36:02,3,1,c0282404-78ba-4e85-ad51-99f1d5b6b5b8
6355-7272-4873,1771-7444-5889,1908.7,2026-06-23T11:37:30,3,1,c0282404-78ba-4e85-ad51-99f1d5b6b5b8
1076-8565-5659,1771-7444-5889,86733.47,2026-06-23T11:39:11,3,1,c0282404-78ba-4e85-ad51-99f1d5b6b5b8
4131-7043-9807,1860-5254-1705,475684.39,2026-08-05T01:47:39,1,0,23829e63-90fd-46e1-baad-37202e0ee9dd
1860-5254-1705,5422-3790-3257,203233.09,2026-08-05T01:48:29,2,0,23829e63-90fd-46e1-baad-37202e0ee9dd
1860-5254-1705,8548-2964-3069,272451.3,2026-08-05T01:49:56,2,0,23829e63-90fd-46e1-baad-37202e0ee9dd
5422-3790-3257,9029-5596-6274,203233.09,2026-08-05T01:54:13,3,0,23829e63-90fd-46e1-baad-37202e0ee9dd
9029-5596-6274,2356-6783-4971,203233.09,2026-08-05T01:58:01,4,1,23829e63-90fd-46e1-baad-37202e0ee9dd
1987-4481-1215,4541-8670-7308,208776.62,2026-07-20T00:07:30,1,0,2bb1030d-5b81-47d8-aeed-2ab5021bbd2c
1987-4481-1215,4078-8989-2712,106349.42,2026-07-20T00:08:21,1,0,2bb1030d-5b81-47d8-aeed-2ab5021bbd2c
1987-4481-1215,6577-4418-9644,173294.44,2026-07-20T00:08:54,1,0,2bb1030d-5b81-47d8-aeed-2ab5021bbd2c
4541-8670-7308,2124-5552-7931,208776.62,2026-07-20T00:09:34,2,0,2bb1030d-5b81-47d8-aeed-2ab5021bbd2c
4078-8989-2712,2805-4941-1271,106349.42,2026-07-20T00:11:01,2,0,2bb1030d-5b81-47d8-aeed-2ab5021bbd2c
6577-4418-9644,6766-5351-2938,47656.5,2026-07-20T00:11:44,2,0,2bb1030d-5b81-47d8-aeed-2ab5021bbd2c
6577-4418-9644,2377-6806-8069,125637.94,2026-07-20T00:12:42,2,0,2bb1030d-5b81-47d8-aeed-2ab5021bbd2c
2805-4941-1271,3894-5520-9676,95714.48,2026-07-20T00:14:48,3,1,2bb1030d-5b81-47d8-aeed-2ab5021bbd2c
2377-6806-8069,3894-5520-9676,113074.15,2026-07-20T00:16:19,3,1,2bb1030d-5b81-47d8-aeed-2ab5021bbd2c
2124-5552-7931,3894-5520-9676,187898.96,2026-07-20T00:17:23,3,1,2bb1030d-5b81-47d8-aeed-2ab5021bbd2c
6766-5351-2938,3894-5520-9676,42890.85,2026-07-20T00:18:35,3,1,2bb1030d-5b81-47d8-aeed-2ab5021bbd2c
7421-7437-2659,5395-9112-4370,183636.13,2026-06-28T09:57:16,1,0,9bde5d52-ee06-44e3-b202-63d5daf75228
5395-9112-4370,1050-2544-4032,22694.54,2026-06-28T09:58:40,2,0,9bde5d52-ee06-44e3-b202-63d5daf75228
5395-9112-4370,9245-8811-6002,160941.59,2026-06-28T09:59:20,2,0,9bde5d52-ee06-44e3-b202-63d5daf75228
9245-8811-6002,6473-1341-3908,160941.59,2026-06-28T10:01:27,3,0,9bde5d52-ee06-44e3-b202-63d5daf75228
6473-1341-3908,6769-8763-1016,160941.59,2026-06-28T10:04:32,4,1,9bde5d52-ee06-44e3-b202-63d5daf75228
5762-4740-9606,3741-3401-2538,251427.96,2026-07-22T19:03:29,1,0,3f060e4f-3913-41ff-bc4f-3e896ed853d9
5762-4740-9606,2638-5990-6499,184945.08,2026-07-22T19:04:01,1,0,3f060e4f-3913-41ff-bc4f-3e896ed853d9
5762-4740-9606,8415-9039-6747,50902.95,2026-07-22T19:04:49,1,0,3f060e4f-3913-41ff-bc4f-3e896ed853d9
3741-3401-2538,3423-7722-4608,251427.96,2026-07-22T19:06:01,2,0,3f060e4f-3913-41ff-bc4f-3e896ed853d9
2638-5990-6499,8056-6888-4380,119246.73,2026-07-22T19:07:28,2,0,3f060e4f-3913-41ff-bc4f-3e896ed853d9
2638-5990-6499,2462-4175-7189,40023.53,2026-07-22T19:08:20,2,0,3f060e4f-3913-41ff-bc4f-3e896ed853d9
2638-5990-6499,2768-5487-9927,25674.83,2026-07-22T19:09:07,2,0,3f060e4f-3913-41ff-bc4f-3e896ed853d9
8415-9039-6747,3014-8101-8455,16388.28,2026-07-22T19:10:06,2,0,3f060e4f-3913-41ff-bc4f-3e896ed853d9
8415-9039-6747,6685-5725-2805,11466.87,2026-07-22T19:11:18,2,0,3f060e4f-3913-41ff-bc4f-3e896ed853d9
8415-9039-6747,1136-9174-3410,23047.8,2026-07-22T19:11:48,2,0,3f060e4f-3913-41ff-bc4f-3e896ed853d9
2768-5487-9927,8050-6771-1010,23107.35,2026-07-22T19:13:05,3,1,3f060e4f-3913-41ff-bc4f-3e896ed853d9
2462-4175-7189,8050-6771-1010,36021.18,2026-07-22T19:15:09,3,1,3f060e4f-3913-41ff-bc4f-3e896ed853d9
3423-7722-4608,8050-6771-1010,226285.16,2026-07-22T19:16:20,3,1,3f060e4f-3913-41ff-bc4f-3e896ed853d9
8078-2322-5764,1526-8752-6810,289161.79,2026-07-14T15:22:50,1,0,f515e47e-3936-4722-a804-7063e52fd6ec
1526-8752-6810,5280-5948-6091,289161.79,2026-07-14T15:23:31,2,0,f515e47e-3936-4722-a804-7063e52fd6ec
5280-5948-6091,5096-3223-7820,289161.79,2026-07-14T15:26:52,3,1,f515e47e-3936-4722-a804-7063e52fd6ec
9942-4004-7159,2573-3270-9627,10171.26,2026-07-15T10:49:22,1,0,475e5f82-c861-4025-874f-fc5624366c03
9942-4004-7159,8240-6132-9254,460655.22,2026-07-15T10:49:58,1,0,475e5f82-c861-4025-874f-fc5624366c03
2573-3270-9627,3303-5954-4975,10171.26,2026-07-15T10:51:05,2,0,475e5f82-c861-4025-874f-fc5624366c03
8240-6132-9254,1877-7433-3063,359993.15,2026-07-15T10:52:26,2,0,475e5f82-c861-4025-874f-fc5624366c03
8240-6132-9254,7601-1097-8582,100662.07,2026-07-15T10:52:59,2,0,475e5f82-c861-4025-874f-fc5624366c03
7601-1097-8582,1997-2989-9369,90595.86,2026-07-15T10:54:05,3,1,475e5f82-c861-4025-874f-fc5624366c03
1877-7433-3063,1997-2989-9369,323993.84,2026-07-15T10:56:39,3,1,475e5f82-c861-4025-874f-fc5624366c03
3303-5954-4975,1997-2989-9369,9154.13,2026-07-15T10:59:00,3,1,475e5f82-c861-4025-874f-fc5624366c03
8945-4288-2879,1000-3507-2983,290625.47,2026-08-04T17:08:41,1,0,dc47d6a2-bdc5-4af5-8899-5b61e29401bc
1000-3507-2983,8271-7401-1911,79174.98,2026-08-04T17:10:04,2,0,dc47d6a2-bdc5-4af5-8899-5b61e29401bc
1000-3507-2983,2995-5913-7628,38179.4,2026-08-04T17:11:28,2,0,dc47d6a2-bdc5-4af5-8899-5b61e29401bc
1000-3507-2983,8925-4015-4849,173271.09,2026-08-04T17:12:09,2,0,dc47d6a2-bdc5-4af5-8899-5b61e29401bc
2995-5913-7628,5742-2638-9076,34361.46,2026-08-04T17:13:44,3,1,dc47d6a2-bdc5-4af5-8899-5b61e29401bc
8925-4015-4849,5742-2638-9076,155943.98,2026-08-04T17:15:43,3,1,dc47d6a2-bdc5-4af5-8899-5b61e29401bc
8271-7401-1911,5742-2638-9076,71257.48,2026-08-04T17:17:19,3,1,dc47d6a2-bdc5-4af5-8899-5b61e29401bc
5960-1558-8282,6811-3282-8666,63633.52,2026-08-12T06:55:29,1,0,c7623aca-1e0e-4d35-9d03-385dc691d33b
6811-3282-8666,4453-6715-9602,19587.2,2026-08-12T06:56:40,2,0,c7623aca-1e0e-4d35-9d03-385dc691d33b
6811-3282-8666,7399-9405-2028,3011.46,2026-08-12T06:57:18,2,0,c7623aca-1e0e-4d35-9d03-385dc691d33b
6811-3282-8666,3858-3480-6764,41034.86,2026-08-12T06:57:52,2,0,c7623aca-1e0e-4d35-9d03-385dc691d33b
3858-3480-6764,6309-6703-7615,36931.37,2026-08-12T06:58:55,3,1,c7623aca-1e0e-4d35-9d03-385dc691d33b
7399-9405-2028,6309-6703-7615,2710.31,2026-08-12T07:01:20,3,1,c7623aca-1e0e-4d35-9d03-385dc691d33b
4453-6715-9602,6309-6703-7615,17628.48,2026-08-12T07:03:01,3,1,c7623aca-1e0e-4d35-9d03-385dc691d33b
2727-3850-7292,2054-2014-5103,166539.92,2026-06-27T22:29:45,1,0,2c274881-d6c4-47c7-9d74-f77ad8893c8d
2727-3850-7292,2875-1613-2194,288169.75,2026-06-27T22:30:06,1,0,2c274881-d6c4-47c7-9d74-f77ad8893c8d
2054-2014-5103,4272-4206-5136,77336.36,2026-06-27T22:31:03,2,0,2c274881-d6c4-47c7-9d74-f77ad8893c8d
2054-2014-5103,9046-8168-5687,56818.61,2026-06-27T22:31:34,2,0,2c274881-d6c4-47c7-9d74-f77ad8893c8d
2054-2014-5103,4694-4296-3655,32384.95,2026-06-27T22:33:01,2,0,2c274881-d6c4-47c7-9d74-f77ad8893c8d
2875-1613-2194,6582-4036-9653,288169.75,2026-06-27T22:34:02,2,0,2c274881-d6c4-47c7-9d74-f77ad8893c8d
4694-4296-3655,8190-8004-7162,29146.46,2026-06-27T22:36:14,3,1,2c274881-d6c4-47c7-9d74-f77ad8893c8d
6582-4036-9653,8190-8004-7162,259352.78,2026-06-27T22:37:26,3,1,2c274881-d6c4-47c7-9d74-f77ad8893c8d
4272-4206-5136,8190-8004-7162,69602.72,2026-06-27T22:39:35,3,1,2c274881-d6c4-47c7-9d74-f77ad8893c8d
9046-8168-5687,8190-8004-7162,51136.75,2026-06-27T22:41:12,3,1,2c274881-d6c4-47c7-9d74-f77ad8893c8d
3586-5719-2225,4955-9482-9192,272561.01,2026-06-08T16:49:43,1,0,4a5a9090-5656-47b9-ae20-d1f68b84e5f4
3586-5719-2225,6115-7540-1928,203019.95,2026-06-08T16:50:14,1,0,4a5a9090-5656-47b9-ae20-d1f68b84e5f4
3586-5719-2225,9944-2816-8716,4672.88,2026-06-08T16:51:10,1,0,4a5a9090-5656-47b9-ae20-d1f68b84e5f4
4955-9482-9192,9086-2194-1579,272561.01,2026-06-08T16:52:02,2,0,4a5a9090-5656-47b9-ae20-d1f68b84e5f4
6115-7540-1928,8844-3121-5432,2508.35,2026-06-08T16:53:13,2,0,4a5a9090-5656-47b9-ae20-d1f68b84e5f4
6115-7540-1928,1683-2704-1583,44340.54,2026-06-08T16:53:57,2,0,4a5a9090-5656-47b9-ae20-d1f68b84e5f4
6115-7540-1928,9136-9316-4690,156171.05,2026-06-08T16:54:39,2,0,4a5a9090-5656-47b9-ae20-d1f68b84e5f4
9944-2816-8716,8899-1854-7342,3756.44,2026-06-08T16:55:37,2,0,4a5a9090-5656-47b9-ae20-d1f68b84e5f4
9944-2816-8716,7180-3051-8040,140.31,2026-06-08T16:56:19,2,0,4a5a9090-5656-47b9-ae20-d1f68b84e5f4
9944-2816-8716,7993-3257-2893,776.14,2026-06-08T16:56:49,2,0,4a5a9090-5656-47b9-ae20-d1f68b84e5f4
8899-1854-7342,2255-1928-3076,3380.8,2026-06-08T16:58:25,3,1,4a5a9090-5656-47b9-ae20-d1f68b84e5f4
9086-2194-1579,2255-1928-3076,245304.91,2026-06-08T17:01:18,3,1,4a5a9090-5656-47b9-ae20-d1f68b84e5f4
7180-3051-8040,2255-1928-3076,126.28,2026-06-08T17:03:08,3,1,4a5a9090-5656-47b9-ae20-d1f68b84e5f4
8844-3121-5432,2255-1928-3076,2257.52,2026-06-08T17:04:17,3,1,4a5a9090-5656-47b9-ae20-d1f68b84e5f4
7993-3257-2893,2255-1928-3076,698.53,2026-06-08T17:06:47,3,1,4a5a9090-5656-47b9-ae20-d1f68b84e5f4
8266-5959-7011,5795-5001-9631,10177.71,2026-07-22T15:50:43,1,0,02544344-1314-4782-bc0b-a3bc35f09e73
8266-5959-7011,5383-6224-9870,74372.65,2026-07-22T15:50:58,1,0,02544344-1314-4782-bc0b-a3bc35f09e73
8266-5959-7011,9248-2710-1884,39182.9,2026-07-22T15:51:27,1,0,02544344-1314-4782-bc0b-a3bc35f09e73
5795-5001-9631,1587-4851-8213,10177.71,2026-07-22T15:52:38,2,0,02544344-1314-4782-bc0b-a3bc35f09e73
5383-6224-9870,5554-7294-5921,55210.95,2026-07-22T15:54:02,2,0,02544344-1314-4782-bc0b-a3bc35f09e73
5383-6224-9870,2384-1978-5572,19161.7,2026-07-22T15:55:00,2,0,02544344-1314-4782-bc0b-a3bc35f09e73
9248-2710-1884,1856-5999-1512,22989.92,2026-07-22T15:56:18,2,0,02544344-1314-4782-bc0b-a3bc35f09e73
9248-2710-1884,9872-6698-1425,13703.34,2026-07-22T15:57:15,2,0,02544344-1314-4782-bc0b-a3bc35f09e73
9248-2710-1884,6508-5301-4547,2489.64,2026-07-22T15:58:20,2,0,02544344-1314-4782-bc0b-a3bc35f09e73
1856-5999-1512,8656-4903-3160,20690.93,2026-07-22T15:59:55,3,1,02544344-1314-4782-bc0b-a3bc35f09e73
6508-5301-4547,8656-4903-3160,2240.68,2026-07-22T16:01:26,3,1,02544344-1314-4782-bc0b-a3bc35f09e73
2384-1978-5572,8656-4903-3160,17245.53,2026-07-22T16:03:16,3,1,02544344-1314-4782-bc0b-a3bc35f09e73
1587-4851-8213,8656-4903-3160,9159.94,2026-07-22T16:05:40,3,1,02544344-1314-4782-bc0b-a3bc35f09e73
5554-7294-5921,8656-4903-3160,49689.86,2026-07-22T16:07:57,3,1,02544344-1314-4782-bc0b-a3bc35f09e73
5333-3929-8271,1282-8207-1145,129283.01,2026-06-02T05:40:33,1,0,4c31755d-040b-40e2-b0c1-3ee89e71e264
5333-3929-8271,8642-1606-6877,108323.67,2026-06-02T05:40:48,1,0,4c31755d-040b-40e2-b0c1-3ee89e71e264
1282-8207-1145,3945-5227-5524,76190.53,2026-06-02T05:41:32,2,0,4c31755d-040b-40e2-b0c1-3ee89e71e264
1282-8207-1145,5252-9108-3084,53092.48,2026-06-02T05:42:16,2,0,4c31755d-040b-40e2-b0c1-3ee89e71e264
8642-1606-6877,6199-1687-4734,38583.16,2026-06-02T05:42:47,2,0,4c31755d-040b-40e2-b0c1-3ee89e71e264
8642-1606-6877,1996-5244-5217,69740.51,2026-06-02T05:43:19,2,0,4c31755d-040b-40e2-b0c1-3ee89e71e264
3945-5227-5524,6337-7084-7815,68571.48,2026-06-02T05:45:13,3,1,4c31755d-040b-40e2-b0c1-3ee89e71e264
1996-5244-5217,6337-7084-7815,62766.46,2026-06-02T05:47:53,3,1,4c31755d-040b-40e2-b0c1-3ee89e71e264
6199-1687-4734,6337-7084-7815,34724.84,2026-06-02T05:50:16,3,1,4c31755d-040b-40e2-b0c1-3ee89e71e264
3626-7034-1730,3458-1418-2740,279486.55,2026-08-14T13:22:31,1,0,86f14385-f384-4662-929c-353f299453d1
3626-7034-1730,4464-6129-9368,182849.42,2026-08-14T13:22:54,1,0,86f14385-f384-4662-929c-353f299453d1
3458-1418-2740,2285-2266-4679,89941.85,2026-08-14T13:23:58,2,0,86f14385-f384-4662-929c-353f299453d1
3458-1418-2740,9249-9982-7849,189544.7,2026-08-14T13:25:06,2,0,86f14385-f384-4662-929c-353f299453d1
4464-6129-9368,5801-4998-6385,182849.42,2026-08-14T13:25:51,2,0,86f14385-f384-4662-929c-353f299453d1
5801-4998-6385,7716-6929-2305,164564.48,2026-08-14T13:27:55,3,1,86f14385-f384-4662-929c-353f299453d1
2285-2266-4679,7716-6929-2305,80947.67,2026-08-14T13:30:12,3,1,86f14385-f384-4662-929c-353f299453d1
9249-9982-7849,7716-6929-2305,170590.23,2026-08-14T13:32:24,3,1,86f14385-f384-4662-929c-353f299453d1
5013-7678-3263,5264-5700-6596,3874.64,2026-06-13T12:47:58,1,0,3ef33c17-7b8f-47c7-9b71-09ac3e14eaf4
5013-7678-3263,6142-2932-2335,86298.5,2026-06-13T12:48:19,1,0,3ef33c17-7b8f-47c7-9b71-09ac3e14eaf4
5013-7678-3263,7692-7898-9274,26107.54,2026-06-13T12:49:17,1,0,3ef33c17-7b8f-47c7-9b71-09ac3e14eaf4
5264-5700-6596,8068-1392-3735,3874.64,2026-06-13T12:49:51,2,0,3ef33c17-7b8f-47c7-9b71-09ac3e14eaf4
6142-2932-2335,3088-7591-4955,16311.98,2026-06-13T12:51:18,2,0,3ef33c17-7b8f-47c7-9b71-09ac3e14eaf4
6142-2932-2335,5806-2950-6518,69986.52,2026-06-13T12:52:34,2,0,3ef33c17-7b8f-47c7-9b71-09ac3e14eaf4
7692-7898-9274,8368-8138-5739,17874.35,2026-06-13T12:53:50,2,0,3ef33c17-7b8f-47c7-9b71-09ac3e14eaf4
7692-7898-9274,8816-3205-4005,8233.19,2026-06-13T12:55:17,2,0,3ef33c17-7b8f-47c7-9b71-09ac3e14eaf4
5806-2950-6518,2587-4805-5871,62987.87,2026-06-13T12:56:23,3,1,3ef33c17-7b8f-47c7-9b71-09ac3e14eaf4
8368-8138-5739,2587-4805-5871,16086.92,2026-06-13T12:58:28,3,1,3ef33c17-7b8f-47c7-9b71-09ac3e14eaf4
8068-1392-3735,2587-4805-5871,3487.18,2026-06-13T13:00:17,3,1,3ef33c17-7b8f-47c7-9b71-09ac3e14eaf4
3088-7591-4955,2587-4805-5871,14680.78,2026-06-13T13:01:22,3,1,3ef33c17-7b8f-47c7-9b71-09ac3e14eaf4
8053-9505-5558,6150-2629-6690,24330.28,2026-07-26T20:09:51,1,0,796866d5-c371-4cba-bbae-0bd8a5d82ebd
8053-9505-5558,5666-3713-2942,224743.08,2026-07-26T20:10:39,1,0,796866d5-c371-4cba-bbae-0bd8a5d82ebd
8053-9505-5558,5716-5486-8973,148277.79,2026-07-26T20:11:02,1,0,796866d5-c371-4cba-bbae-0bd8a5d82ebd
6150-2629-6690,9844-9813-4197,24330.28,2026-07-26T20:11:32,2,0,796866d5-c371-4cba-bbae-0bd8a5d82ebd
5666-3713-2942,7987-8288-9534,80607.25,2026-07-26T20:12:58,2,0,796866d5-c371-4cba-bbae-0bd8a5d82ebd
5666-3713-2942,3067-8435-5832,39998.93,2026-07-26T20:13:45,2,0,796866d5-c371-4cba-bbae-0bd8a5d82ebd
5666-3713-2942,2795-2965-8281,104136.9,2026-07-26T20:15:02,2,0,796866d5-c371-4cba-bbae-0bd8a5d82ebd
5716-5486-8973,5523-8429-9402,73210.47,2026-07-26T20:15:59,2,0,796866d5-c371-4cba-bbae-0bd8a5d82ebd
5716-5486-8973,2213-6157-1628,75067.32,2026-07-26T20:17:22,2,0,796866d5-c371-4cba-bbae-0bd8a5d82ebd
2213-6157-1628,4607-4205-5346,67560.59,2026-07-26T20:19:24,3,1,796866d5-c371-4cba-bbae-0bd8a5d82ebd
9844-9813-4197,4607-4205-5346,21897.25,2026-07-26T20:20:40,3,1,796866d5-c371-4cba-bbae-0bd8a5d82ebd
7987-8288-9534,4607-4205-5346,72546.53,2026-07-26T20:22:46,3,1,796866d5-c371-4cba-bbae-0bd8a5d82ebd
5523-8429-9402,4607-4205-5346,65889.42,2026-07-26T20:24:41,3,1,796866d5-c371-4cba-bbae-0bd8a5d82ebd
2795-2965-8281,4607-4205-5346,93723.21,2026-07-26T20:27:11,3,1,796866d5-c371-4cba-bbae-0bd8a5d82ebd
4845-6713-8933,3950-5916-4799,262912.73,2026-08-06T00:07:17,1,0,dd6bbd63-b949-4585-a0e8-d172759c7959
4845-6713-8933,5786-8947-9031,64906.27,2026-08-06T00:08:15,1,0,dd6bbd63-b949-4585-a0e8-d172759c7959
4845-6713-8933,7425-6851-9903,18076.61,2026-08-06T00:09:07,1,0,dd6bbd63-b949-4585-a0e8-d172759c7959
3950-5916-4799,6694-7522-3098,262912.73,2026-08-06T00:10:26,2,0,dd6bbd63-b949-4585-a0e8-d172759c7959
5786-8947-9031,4847-1474-5766,1319.81,2026-08-06T00:11:52,2,0,dd6bbd63-b949-4585-a0e8-d172759c7959
5786-8947-9031,5389-9314-4524,63586.46,2026-08-06T00:12:38,2,0,dd6bbd63-b949-4585-a0e8-d172759c7959
7425-6851-9903,5271-1895-5396,8007.71,2026-08-06T00:13:48,2,0,dd6bbd63-b949-4585-a0e8-d172759c7959
7425-6851-9903,8954-4587-6567,10068.9,2026-08-06T00:15:14,2,0,dd6bbd63-b949-4585-a0e8-d172759c7959
8954-4587-6567,7212-2478-6460,9062.01,2026-08-06T00:17:52,3,1,dd6bbd63-b949-4585-a0e8-d172759c7959
5389-9314-4524,7212-2478-6460,57227.81,2026-08-06T00:19:58,3,1,dd6bbd63-b949-4585-a0e8-d172759c7959
6694-7522-3098,7212-2478-6460,236621.46,2026-08-06T00:21:18,3,1,dd6bbd63-b949-4585-a0e8-d172759c7959
5271-1895-5396,7212-2478-6460,7206.94,2026-08-06T00:22:47,3,1,dd6bbd63-b949-4585-a0e8-d172759c7959
4847-1474-5766,7212-2478-6460,1187.83,2026-08-06T00:24:29,3,1,dd6bbd63-b949-4585-a0e8-d172759c7959
1591-1328-9627,9216-7519-8944,44818.72,2026-06-02T22:28:20,1,0,313089c7-2e12-4743-b5b3-d9f186b51a82
9216-7519-8944,5051-1553-5463,26783.22,2026-06-02T22:28:54,2,0,313089c7-2e12-4743-b5b3-d9f186b51a82
9216-7519-8944,3025-7190-7565,16396.91,2026-06-02T22:29:25,2,0,313089c7-2e12-4743-b5b3-d9f186b51a82
9216-7519-8944,3149-5423-2391,1638.6,2026-06-02T22:30:01,2,0,313089c7-2e12-4743-b5b3-d9f186b51a82
3025-7190-7565,5950-5490-8518,14757.22,2026-06-02T22:31:34,3,1,313089c7-2e12-4743-b5b3-d9f186b51a82
3149-5423-2391,5950-5490-8518,1474.74,2026-06-02T22:33:28,3,1,313089c7-2e12-4743-b5b3-d9f186b51a82
5051-1553-5463,5950-5490-8518,24104.9,2026-06-02T22:35:03,3,1,313089c7-2e12-4743-b5b3-d9f186b51a82
5007-7265-1282,7449-7106-9955,38603.88,2026-08-03T12:51:48,1,0,85a752ca-4662-49aa-9929-9addf457e724
5007-7265-1282,2774-8409-4671,79713.71,2026-08-03T12:52:34,1,0,85a752ca-4662-49aa-9929-9addf457e724
7449-7106-9955,2562-3773-4402,38603.88,2026-08-03T12:53:59,2,0,85a752ca-4662-49aa-9929-9addf457e724
2774-8409-4671,9575-4808-1965,36984.93,2026-08-03T12:54:48,2,0,85a752ca-4662-49aa-9929-9addf457e724
2774-8409-4671,9084-5129-7747,42728.78,2026-08-03T12:55:54,2,0,85a752ca-4662-49aa-9929-9addf457e724
9084-5129-7747,4862-6272-8559,38455.9,2026-08-03T12:57:59,3,1,85a752ca-4662-49aa-9929-9addf457e724
9575-4808-1965,4862-6272-8559,33286.44,2026-08-03T12:59:09,3,1,85a752ca-4662-49aa-9929-9addf457e724
2562-3773-4402,4862-6272-8559,34743.49,2026-08-03T13:00:25,3,1,85a752ca-4662-49aa-9929-9addf457e724
3722-4233-8169,1639-7949-9113,237897.91,2026-08-01T07:43:37,1,0,8742c84c-b560-41e9-ba22-94193fce509f
1639-7949-9113,7850-7543-1151,159638.01,2026-08-01T07:44:27,2,0,8742c84c-b560-41e9-ba22-94193fce509f
1639-7949-9113,5861-2926-8134,29142.71,2026-08-01T07:45:15,2,0,8742c84c-b560-41e9-ba22-94193fce509f
1639-7949-9113,5820-5441-9560,49117.19,2026-08-01T07:46:08,2,0,8742c84c-b560-41e9-ba22-94193fce509f
5820-5441-9560,9591-8763-1160,44205.47,2026-08-01T07:47:30,3,1,8742c84c-b560-41e9-ba22-94193fce509f
7850-7543-1151,9591-8763-1160,143674.21,2026-08-01T07:48:30,3,1,8742c84c-b560-41e9-ba22-94193fce509f
5861-2926-8134,9591-8763-1160,26228.44,2026-08-01T07:49:42,3,1,8742c84c-b560-41e9-ba22-94193fce509f
3563-2093-6741,4703-6651-1231,246585.59,2026-07-14T16:50:09,1,0,49cd3c11-aaf2-4a20-a5c2-fbe8f1d22521
3563-2093-6741,4156-5498-5656,81355.92,2026-07-14T16:50:31,1,0,49cd3c11-aaf2-4a20-a5c2-fbe8f1d22521
3563-2093-6741,7982-6009-7017,156740.82,2026-07-14T16:50:52,1,0,49cd3c11-aaf2-4a20-a5c2-fbe8f1d22521
4703-6651-1231,7274-6409-5542,95353.85,2026-07-14T16:51:27,2,0,49cd3c11-aaf2-4a20-a5c2-fbe8f1d22521
4703-6651-1231,8756-4429-3754,143582.73,2026-07-14T16:52:52,2,0,49cd3c11-aaf2-4a20-a5c2-fbe8f1d22521
4703-6651-1231,1043-4798-4546,7649.01,2026-07-14T16:53:54,2,0,49cd3c11-aaf2-4a20-a5c2-fbe8f1d22521
4156-5498-5656,2921-4944-7442,59219.65,2026-07-14T16:54:44,2,0,49cd3c11-aaf2-4a20-a5c2-fbe8f1d22521
4156-5498-5656,7181-7316-8773,15362.43,2026-07-14T16:56:14,2,0,49cd3c11-aaf2-4a20-a5c2-fbe8f1d22521
4156-5498-5656,6816-6107-9552,6773.85,2026-07-14T16:57:19,2,0,49cd3c11-aaf2-4a20-a5c2-fbe8f1d22521
7982-6009-7017,8133-6704-3916,18501.22,2026-07-14T16:58:28,2,0,49cd3c11-aaf2-4a20-a5c2-fbe8f1d22521
7982-6009-7017,1414-6991-8636,117814.64,2026-07-14T16:59:45,2,0,49cd3c11-aaf2-4a20-a5c2-fbe8f1d22521
7982-6009-7017,6668-7948-4502,20424.96,2026-07-14T17:00:52,2,0,49cd3c11-aaf2-4a20-a5c2-fbe8f1d22521
7274-6409-5542,8843-7525-1719,85818.47,2026-07-14T17:02:24,3,1,49cd3c11-aaf2-4a20-a5c2-fbe8f1d22521
7181-7316-8773,8843-7525-1719,13826.19,2026-07-14T17:05:09,3,1,49cd3c11-aaf2-4a20-a5c2-fbe8f1d22521
6668-7948-4502,8843-7525-1719,18382.46,2026-07-14T17:07:26,3,1,49cd3c11-aaf2-4a20-a5c2-fbe8f1d22521
6816-6107-9552,8843-7525-1719,6096.46,2026-07-14T17:10:01,3,1,49cd3c11-aaf2-4a20-a5c2-fbe8f1d22521
1043-4798-4546,8843-7525-1719,6884.11,2026-07-14T17:11:05,3,1,49cd3c11-aaf2-4a20-a5c2-fbe8f1d22521
3898-3156-2356,2956-1918-8264,47834.08,2026-08-05T09:59:08,1,0,d633f26e-d900-4864-9a41-776f88156fe4
3898-3156-2356,2021-6148-2597,120418.73,2026-08-05T09:59:39,1,0,d633f26e-d900-4864-9a41-776f88156fe4
2956-1918-8264,7000-9459-1232,47834.08,2026-08-05T10:01:09,2,0,d633f26e-d900-4864-9a41-776f88156fe4
2021-6148-2597,4161-9216-3416,120418.73,2026-08-05T10:02:25,2,0,d633f26e-d900-4864-9a41-776f88156fe4
7000-9459-1232,3833-1052-6098,47834.08,2026-08-05T10:04:35,3,0,d633f26e-d900-4864-9a41-776f88156fe4
3833-1052-6098,2410-8585-2444,47834.08,2026-08-05T10:06:04,4,1,d633f26e-d900-4864-9a41-776f88156fe4
4161-9216-3416,1171-4563-7136,120418.73,2026-08-05T10:09:01,3,1,d633f26e-d900-4864-9a41-776f88156fe4
3174-6087-1873,5703-3916-5570,124825.97,2026-06-30T10:53:18,1,0,f451faa2-fdf4-4a4b-b90d-7ebf282d17b5
3174-6087-1873,3300-6169-7782,35860.02,2026-06-30T10:53:46,1,0,f451faa2-fdf4-4a4b-b90d-7ebf282d17b5
5703-3916-5570,6957-6715-9569,39164.87,2026-06-30T10:54:52,2,0,f451faa2-fdf4-4a4b-b90d-7ebf282d17b5
5703-3916-5570,8367-3793-1601,38893.28,2026-06-30T10:56:12,2,0,f451faa2-fdf4-4a4b-b90d-7ebf282d17b5
5703-3916-5570,7318-3551-9813,46767.82,2026-06-30T10:57:35,2,0,f451faa2-fdf4-4a4b-b90d-7ebf282d17b5
3300-6169-7782,4575-8662-5273,4567.06,2026-06-30T10:58:47,2,0,f451faa2-fdf4-4a4b-b90d-7ebf282d17b5
3300-6169-7782,1515-2889-9471,31292.96,2026-06-30T10:59:40,2,0,f451faa2-fdf4-4a4b-b90d-7ebf282d17b5
6957-6715-9569,8790-6483-6516,35248.38,2026-06-30T11:00:52,3,1,f451faa2-fdf4-4a4b-b90d-7ebf282d17b5
7318-3551-9813,8790-6483-6516,42091.04,2026-06-30T11:02:51,3,1,f451faa2-fdf4-4a4b-b90d-7ebf282d17b5
1515-2889-9471,8790-6483-6516,28163.66,2026-06-30T11:05:34,3,1,f451faa2-fdf4-4a4b-b90d-7ebf282d17b5
4575-8662-5273,8790-6483-6516,4110.35,2026-06-30T11:07:29,3,1,f451faa2-fdf4-4a4b-b90d-7ebf282d17b5
8367-3793-1601,8790-6483-6516,35003.95,2026-06-30T11:09:01,3,1,f451faa2-fdf4-4a4b-b90d-7ebf282d17b5
5918-1657-4838,2767-7897-7977,16199.01,2026-06-04T07:55:36,1,0,ec8eda6c-7639-4e3d-af73-373156a4e516
5918-1657-4838,5413-7565-1467,34225.47,2026-06-04T07:56:22,1,0,ec8eda6c-7639-4e3d-af73-373156a4e516
5918-1657-4838,3687-9391-3726,183253.81,2026-06-04T07:56:35,1,0,ec8eda6c-7639-4e3d-af73-373156a4e516
2767-7897-7977,7487-3708-8546,5967.84,2026-06-04T07:58:01,2,0,ec8eda6c-7639-4e3d-af73-373156a4e516
2767-7897-7977,1013-3416-4283,10231.17,2026-06-04T07:58:44,2,0,ec8eda6c-7639-4e3d-af73-373156a4e516
5413-7565-1467,1081-8820-3610,16074.85,2026-06-04T07:59:49,2,0,ec8eda6c-7639-4e3d-af73-373156a4e516
5413-7565-1467,6647-2636-8713,18150.62,2026-06-04T08:00:43,2,0,ec8eda6c-7639-4e3d-af73-373156a4e516
3687-9391-3726,3105-6215-3187,33719.26,2026-06-04T08:02:05,2,0,ec8eda6c-7639-4e3d-af73-373156a4e516
3687-9391-3726,7551-6359-5639,149534.55,2026-06-04T08:02:57,2,0,ec8eda6c-7639-4e3d-af73-373156a4e516
1013-3416-4283,9215-1026-7523,9208.05,2026-06-04T08:05:19,3,1,ec8eda6c-7639-4e3d-af73-373156a4e516
7551-6359-5639,9215-1026-7523,134581.1,2026-06-04T08:06:46,3,1,ec8eda6c-7639-4e3d-af73-373156a4e516
1081-8820-3610,9215-1026-7523,14467.36,2026-06-04T08:09:09,3,1,ec8eda6c-7639-4e3d-af73-373156a4e516
3105-6215-3187,9215-1026-7523,30347.33,2026-06-04T08:10:58,3,1,ec8eda6c-7639-4e3d-af73-373156a4e516
6647-2636-8713,9215-1026-7523,16335.56,2026-06-04T08:12:51,3,1,ec8eda6c-7639-4e3d-af73-373156a4e516
8617-2353-6673,2661-7626-1200,56225.31,2026-07-22T09:22:14,1,0,444ce2d6-16e2-47a4-8453-6f1759334f16
8617-2353-6673,3635-6226-3109,33542.85,2026-07-22T09:22:43,1,0,444ce2d6-16e2-47a4-8453-6f1759334f16
8617-2353-6673,9306-7291-8449,15993.17,2026-07-22T09:23:21,1,0,444ce2d6-16e2-47a4-8453-6f1759334f16
2661-7626-1200,6977-2829-3930,7396.17,2026-07-22T09:24:12,2,0,444ce2d6-16e2-47a4-8453-6f1759334f16
2661-7626-1200,7947-9711-7282,35533.81,2026-07-22T09:25:21,2,0,444ce2d6-16e2-47a4-8453-6f1759334f16
2661-7626-1200,2310-3463-1113,13295.33,2026-07-22T09:25:53,2,0,444ce2d6-16e2-47a4-8453-6f1759334f16
3635-6226-3109,7050-5134-7974,6533.93,2026-07-22T09:26:41,2,0,444ce2d6-16e2-47a4-8453-6f1759334f16
3635-6226-3109,6528-5852-1385,10097.07,2026-07-22T09:27:13,2,0,444ce2d6-16e2-47a4-8453-6f1759334f16
3635-6226-3109,9892-5378-3928,16911.85,2026-07-22T09:28:08,2,0,444ce2d6-16e2-47a4-8453-6f1759334f16
9306-7291-8449,9084-8063-5500,15993.17,2026-07-22T09:29:00,2,0,444ce2d6-16e2-47a4-8453-6f1759334f16
9084-8063-5500,2253-6350-7107,14393.85,2026-07-22T09:31:17,3,1,444ce2d6-16e2-47a4-8453-6f1759334f16
6528-5852-1385,2253-6350-7107,9087.36,2026-07-22T09:33:05,3,1,444ce2d6-16e2-47a4-8453-6f1759334f16
9892-5378-3928,2253-6350-7107,15220.66,2026-07-22T09:36:03,3,1,444ce2d6-16e2-47a4-8453-6f1759334f16
7050-5134-7974,2253-6350-7107,5880.54,2026-07-22T09:37:05,3,1,444ce2d6-16e2-47a4-8453-6f1759334f16
6977-2829-3930,2253-6350-7107,6656.55,2026-07-22T09:39:28,3,1,444ce2d6-16e2-47a4-8453-6f1759334f16
2907-4139-5275,9422-9833-4993,469.85,2026-07-30T05:40:51,1,0,e7d5c912-c580-4b74-8375-2941ed563244
2907-4139-5275,1800-7131-8748,18820.52,2026-07-30T05:41:12,1,0,e7d5c912-c580-4b74-8375-2941ed563244
9422-9833-4993,5668-5467-1082,469.85,2026-07-30T05:42:08,2,0,e7d5c912-c580-4b74-8375-2941ed563244
1800-7131-8748,8576-6212-2591,17325.67,2026-07-30T05:43:23,2,0,e7d5c912-c580-4b74-8375-2941ed563244
1800-7131-8748,4626-4683-1296,1494.85,2026-07-30T05:44:31,2,0,e7d5c912-c580-4b74-8375-2941ed563244
8576-6212-2591,6580-6237-6674,15593.1,2026-07-30T05:45:50,3,1,e7d5c912-c580-4b74-8375-2941ed563244
5668-5467-1082,6580-6237-6674,422.86,2026-07-30T05:47:58,3,1,e7d5c912-c580-4b74-8375-2941ed563244
4626-4683-1296,6580-6237-6674,1345.36,2026-07-30T05:49:49,3,1,e7d5c912-c580-4b74-8375-2941ed563244
8971-6657-2361,9676-7048-5981,11768.86,2026-07-08T16:17:10,1,0,a2213fae-251e-49d0-85e5-4b15e272f437
9676-7048-5981,3731-6761-8070,5214.3,2026-07-08T16:18:38,2,0,a2213fae-251e-49d0-85e5-4b15e272f437
9676-7048-5981,7805-1383-5651,6395.66,2026-07-08T16:19:14,2,0,a2213fae-251e-49d0-85e5-4b15e272f437
9676-7048-5981,9040-4845-7148,158.9,2026-07-08T16:19:55,2,0,a2213fae-251e-49d0-85e5-4b15e272f437
9040-4845-7148,4567-7851-5569,143.01,2026-07-08T16:21:41,3,1,a2213fae-251e-49d0-85e5-4b15e272f437
7805-1383-5651,4567-7851-5569,5756.09,2026-07-08T16:24:02,3,1,a2213fae-251e-49d0-85e5-4b15e272f437
3731-6761-8070,4567-7851-5569,4692.87,2026-07-08T16:26:10,3,1,a2213fae-251e-49d0-85e5-4b15e272f437
5690-8363-3571,7554-5725-1054,251695.87,2026-08-07T15:26:15,1,0,e1185783-d81e-4a4f-9bca-3fea9861f477
7554-5725-1054,7280-7850-7852,251695.87,2026-08-07T15:27:11,2,0,e1185783-d81e-4a4f-9bca-3fea9861f477
7280-7850-7852,1374-6325-5095,251695.87,2026-08-07T15:28:53,3,0,e1185783-d81e-4a4f-9bca-3fea9861f477
1374-6325-5095,1372-7378-9377,251695.87,2026-08-07T15:33:34,4,1,e1185783-d81e-4a4f-9bca-3fea9861f477
3870-8736-4273,3173-5800-2061,20727.46,2026-07-22T14:09:15,1,0,5a4cd9d5-7dda-46fd-b5fe-6ea1b1953afa
3870-8736-4273,1506-4391-8555,104919.34,2026-07-22T14:09:36,1,0,5a4cd9d5-7dda-46fd-b5fe-6ea1b1953afa
3173-5800-2061,3609-5011-8572,18057.16,2026-07-22T14:10:49,2,0,5a4cd9d5-7dda-46fd-b5fe-6ea1b1953afa
3173-5800-2061,2144-1112-1529,2670.3,2026-07-22T14:11:23,2,0,5a4cd9d5-7dda-46fd-b5fe-6ea1b1953afa
1506-4391-8555,9751-1388-8184,18117.04,2026-07-22T14:12:18,2,0,5a4cd9d5-7dda-46fd-b5fe-6ea1b1953afa
1506-4391-8555,8877-1979-5799,35693.19,2026-07-22T14:13:38,2,0,5a4cd9d5-7dda-46fd-b5fe-6ea1b1953afa
1506-4391-8555,7527-1653-6953,51109.12,2026-07-22T14:14:45,2,0,5a4cd9d5-7dda-46fd-b5fe-6ea1b1953afa
9751-1388-8184,5333-2591-6407,16305.34,2026-07-22T14:15:54,3,1,5a4cd9d5-7dda-46fd-b5fe-6ea1b1953afa
2144-1112-1529,5333-2591-6407,2403.27,2026-07-22T14:17:25,3,1,5a4cd9d5-7dda-46fd-b5fe-6ea1b1953afa
3609-5011-8572,5333-2591-6407,16251.44,2026-07-22T14:19:21,3,1,5a4cd9d5-7dda-46fd-b5fe-6ea1b1953afa
8877-1979-5799,5333-2591-6407,32123.87,2026-07-22T14:21:33,3,1,5a4cd9d5-7dda-46fd-b5fe-6ea1b1953afa
7527-1653-6953,5333-2591-6407,45998.21,2026-07-22T14:22:51,3,1,5a4cd9d5-7dda-46fd-b5fe-6ea1b1953afa
6942-5771-6024,3593-5992-8787,66773.25,2026-08-14T18:28:09,1,0,2516a1cb-b1b2-4fdb-9fad-dd5a7e8aca87
6942-5771-6024,8206-5831-3530,31917.45,2026-08-14T18:28:38,1,0,2516a1cb-b1b2-4fdb-9fad-dd5a7e8aca87
6942-5771-6024,3106-3400-5789,43051.75,2026-08-14T18:29:35,1,0,2516a1cb-b1b2-4fdb-9fad-dd5a7e8aca87
3593-5992-8787,3553-9209-6149,65007.89,2026-08-14T18:31:00,2,0,2516a1cb-b1b2-4fdb-9fad-dd5a7e8aca87
3593-5992-8787,9574-7133-7192,1765.36,2026-08-14T18:31:41,2,0,2516a1cb-b1b2-4fdb-9fad-dd5a7e8aca87
8206-5831-3530,4683-6067-4382,6028.16,2026-08-14T18:32:49,2,0,2516a1cb-b1b2-4fdb-9fad-dd5a7e8aca87
8206-5831-3530,4675-3459-5559,25889.29,2026-08-14T18:33:50,2,0,2516a1cb-b1b2-4fdb-9fad-dd5a7e8aca87
3106-3400-5789,4741-4318-6956,26021.64,2026-08-14T18:34:37,2,0,2516a1cb-b1b2-4fdb-9fad-dd5a7e8aca87
3106-3400-5789,1538-7528-2619,8268.48,2026-08-14T18:35:58,2,0,2516a1cb-b1b2-4fdb-9fad-dd5a7e8aca87
3106-3400-5789,6398-9313-2100,8761.63,2026-08-14T18:37:19,2,0,2516a1cb-b1b2-4fdb-9fad-dd5a7e8aca87
1538-7528-2619,3907-1659-5354,7441.63,2026-08-14T18:38:30,3,1,2516a1cb-b1b2-4fdb-9fad-dd5a7e8aca87
6398-9313-2100,3907-1659-5354,7885.47,2026-08-14T18:39:38,3,1,2516a1cb-b1b2-4fdb-9fad-dd5a7e8aca87
4675-3459-5559,3907-1659-5354,23300.36,2026-08-14T18:41:07,3,1,2516a1cb-b1b2-4fdb-9fad-dd5a7e8aca87
2610-9797-1836,2196-4218-8836,23266.65,2026-06-28T01:18:54,1,0,aeb2f9d5-6de9-4e2d-8e83-6dfdacfb1693
2610-9797-1836,2907-8240-2366,121738.65,2026-06-28T01:19:23,1,0,aeb2f9d5-6de9-4e2d-8e83-6dfdacfb1693
2196-4218-8836,8252-4191-8475,13089.58,2026-06-28T01:20:14,2,0,aeb2f9d5-6de9-4e2d-8e83-6dfdacfb1693
2196-4218-8836,1008-5124-7671,4778.92,2026-06-28T01:21:00,2,0,aeb2f9d5-6de9-4e2d-8e83-6dfdacfb1693
2196-4218-8836,5435-9070-3892,5398.15,2026-06-28T01:22:02,2,0,aeb2f9d5-6de9-4e2d-8e83-6dfdacfb1693
2907-8240-2366,8988-1106-6229,121738.65,2026-06-28T01:23:29,2,0,aeb2f9d5-6de9-4e2d-8e83-6dfdacfb1693
5435-9070-3892,9824-3992-4171,4858.34,2026-06-28T01:26:06,3,1,aeb2f9d5-6de9-4e2d-8e83-6dfdacfb1693
8252-4191-8475,9824-3992-4171,11780.62,2026-06-28T01:27:46,3,1,aeb2f9d5-6de9-4e2d-8e83-6dfdacfb1693
1008-5124-7671,9824-3992-4171,4301.03,2026-06-28T01:29:24,3,1,aeb2f9d5-6de9-4e2d-8e83-6dfdacfb1693
8988-1106-6229,9824-3992-4171,109564.78,2026-06-28T01:31:05,3,1,aeb2f9d5-6de9-4e2d-8e83-6dfdacfb1693
3587-3574-6335,8762-7830-5413,131339.76,2026-07-01T08:14:49,1,0,dcf059b4-66ae-4020-a684-a78ff59c3dd9
3587-3574-6335,4747-5306-8732,5622.03,2026-07-01T08:15:18,1,0,dcf059b4-66ae-4020-a684-a78ff59c3dd9
3587-3574-6335,5974-7075-3375,107787.19,2026-07-01T08:15:53,1,0,dcf059b4-66ae-4020-a684-a78ff59c3dd9
8762-7830-5413,5492-1319-4313,49188.66,2026-07-01T08:17:16,2,0,dcf059b4-66ae-4020-a684-a78ff59c3dd9
8762-7830-5413,4417-5193-5829,82151.1,2026-07-01T08:18:21,2,0,dcf059b4-66ae-4020-a684-a78ff59c3dd9
4747-5306-8732,5488-2750-2219,306.53,2026-07-01T08:19:37,2,0,dcf059b4-66ae-4020-a684-a78ff59c3dd9
4747-5306-8732,4983-3628-6332,5315.5,2026-07-01T08:20:09,2,0,dcf059b4-66ae-4020-a684-a78ff59c3dd9
5974-7075-3375,5093-5589-7144,47643.57,2026-07-01T08:21:19,2,0,dcf059b4-66ae-4020-a684-a78ff59c3dd9
5974-7075-3375,1971-2661-1919,60143.62,2026-07-01T08:21:56,2,0,dcf059b4-66ae-4020-a684-a78ff59c3dd9
4983-3628-6332,4276-2441-8180,4783.95,2026-07-01T08:24:09,3,1,dcf059b4-66ae-4020-a684-a78ff59c3dd9
4417-5193-5829,4276-2441-8180,73935.99,2026-07-01T08:26:16,3,1,dcf059b4-66ae-4020-a684-a78ff59c3dd9
5093-5589-7144,4276-2441-8180,42879.21,2026-07-01T08:28:54,3,1,dcf059b4-66ae-4020-a684-a78ff59c3dd9
5488-2750-2219,4276-2441-8180,275.88,2026-07-01T08:31:25,3,1,dcf059b4-66ae-4020-a684-a78ff59c3dd9
1971-2661-1919,4276-2441-8180,54129.26,2026-07-01T08:34:20,3,1,dcf059b4-66ae-4020-a684-a78ff59c3dd9
6263-8673-4730,6934-6456-4260,301713.46,2026-08-05T18:53:34,1,0,c88ce2dc-7093-4191-9d05-f9b0c2e0dba9
6263-8673-4730,5243-5183-1379,133739.37,2026-08-05T18:53:47,1,0,c88ce2dc-7093-4191-9d05-f9b0c2e0dba9
6934-6456-4260,8163-1525-9261,301713.46,2026-08-05T18:55:12,2,0,c88ce2dc-7093-4191-9d05-f9b0c2e0dba9
5243-5183-1379,2099-2237-2509,14121.38,2026-08-05T18:56:33,2,0,c88ce2dc-7093-4191-9d05-f9b0c2e0dba9
5243-5183-1379,2840-9712-3592,119617.99,2026-08-05T18:57:42,2,0,c88ce2dc-7093-4191-9d05-f9b0c2e0dba9
2099-2237-2509,6413-2196-3976,12709.24,2026-08-05T18:59:25,3,1,c88ce2dc-7093-4191-9d05-f9b0c2e0dba9
2840-9712-3592,6413-2196-3976,107656.19,2026-08-05T19:02:09,3,1,c88ce2dc-7093-4191-9d05-f9b0c2e0dba9
8163-1525-9261,6413-2196-3976,271542.11,2026-08-05T19:03:46,3,1,c88ce2dc-7093-4191-9d05-f9b0c2e0dba9
4690-6281-7998,5241-4651-6351,162497.28,2026-07-14T23:42:47,1,0,389c4ac8-e04a-429a-bfeb-367d15f7365d
5241-4651-6351,3500-4094-3429,63777.17,2026-07-14T23:43:23,2,0,389c4ac8-e04a-429a-bfeb-367d15f7365d
5241-4651-6351,4377-6054-3975,98720.11,2026-07-14T23:44:01,2,0,389c4ac8-e04a-429a-bfeb-367d15f7365d
3500-4094-3429,4304-5963-3675,63777.17,2026-07-14T23:46:49,3,1,389c4ac8-e04a-429a-bfeb-367d15f7365d
3017-7145-1416,4417-7232-1806,388697.78,2026-06-11T07:47:53,1,0,a167ea6b-a869-4fc1-82ac-80bb0ff3f13f
3017-7145-1416,8320-8185-7540,93890.32,2026-06-11T07:48:14,1,0,a167ea6b-a869-4fc1-82ac-80bb0ff3f13f
4417-7232-1806,2971-9013-6871,388697.78,2026-06-11T07:49:31,2,0,a167ea6b-a869-4fc1-82ac-80bb0ff3f13f
8320-8185-7540,6895-8831-5182,17188.86,2026-06-11T07:50:52,2,0,a167ea6b-a869-4fc1-82ac-80bb0ff3f13f
8320-8185-7540,9335-2834-8486,23232.56,2026-06-11T07:51:41,2,0,a167ea6b-a869-4fc1-82ac-80bb0ff3f13f
8320-8185-7540,1264-1118-7226,53468.9,2026-06-11T07:52:25,2,0,a167ea6b-a869-4fc1-82ac-80bb0ff3f13f
2971-9013-6871,3305-5079-3905,349828.0,2026-06-11T07:53:41,3,1,a167ea6b-a869-4fc1-82ac-80bb0ff3f13f
6895-8831-5182,3305-5079-3905,15469.97,2026-06-11T07:56:18,3,1,a167ea6b-a869-4fc1-82ac-80bb0ff3f13f
9335-2834-8486,3305-5079-3905,20909.3,2026-06-11T07:59:08,3,1,a167ea6b-a869-4fc1-82ac-80bb0ff3f13f
1264-1118-7226,3305-5079-3905,48122.01,2026-06-11T08:01:01,3,1,a167ea6b-a869-4fc1-82ac-80bb0ff3f13f
3480-3975-6981,3660-1491-9151,265345.79,2026-07-13T10:20:54,1,0,6614349f-b0ab-4b15-badf-e983807fdb55
3660-1491-9151,6260-1466-1423,40131.84,2026-07-13T10:21:26,2,0,6614349f-b0ab-4b15-badf-e983807fdb55
3660-1491-9151,6432-1466-8708,20887.55,2026-07-13T10:22:06,2,0,6614349f-b0ab-4b15-badf-e983807fdb55
3660-1491-9151,1560-3364-7679,204326.41,2026-07-13T10:22:40,2,0,6614349f-b0ab-4b15-badf-e983807fdb55
6260-1466-1423,8802-8692-5208,36118.66,2026-07-13T10:25:04,3,1,6614349f-b0ab-4b15-badf-e983807fdb55
1560-3364-7679,8802-8692-5208,183893.77,2026-07-13T10:27:35,3,1,6614349f-b0ab-4b15-badf-e983807fdb55
6432-1466-8708,8802-8692-5208,18798.79,2026-07-13T10:30:24,3,1,6614349f-b0ab-4b15-badf-e983807fdb55
3336-4695-2346,2553-7616-5625,168817.97,2026-06-24T19:09:05,1,0,19ecc62e-d1b6-4c20-af36-8224115c47c6
3336-4695-2346,2724-5092-4706,49111.91,2026-06-24T19:09:32,1,0,19ecc62e-d1b6-4c20-af36-8224115c47c6
3336-4695-2346,5106-4024-5933,19467.97,2026-06-24T19:09:51,1,0,19ecc62e-d1b6-4c20-af36-8224115c47c6
2553-7616-5625,1786-4242-3984,62483.78,2026-06-24T19:11:14,2,0,19ecc62e-d1b6-4c20-af36-8224115c47c6
2553-7616-5625,1234-3342-1558,106334.19,2026-06-24T19:12:14,2,0,19ecc62e-d1b6-4c20-af36-8224115c47c6
2724-5092-4706,7646-8407-4519,11993.77,2026-06-24T19:13:25,2,0,19ecc62e-d1b6-4c20-af36-8224115c47c6
2724-5092-4706,8425-5305-9943,14138.76,2026-06-24T19:14:11,2,0,19ecc62e-d1b6-4c20-af36-8224115c47c6
2724-5092-4706,8206-2930-5576,22979.38,2026-06-24T19:14:47,2,0,19ecc62e-d1b6-4c20-af36-8224115c47c6
5106-4024-5933,7988-1416-9901,1506.1,2026-06-24T19:15:46,2,0,19ecc62e-d1b6-4c20-af36-8224115c47c6
5106-4024-5933,3068-2549-4721,17961.87,2026-06-24T19:17:11,2,0,19ecc62e-d1b6-4c20-af36-8224115c47c6
3068-2549-4721,7513-9370-4192,16165.68,2026-06-24T19:19:38,3,1,19ecc62e-d1b6-4c20-af36-8224115c47c6
8206-2930-5576,7513-9370-4192,20681.44,2026-06-24T19:22:13,3,1,19ecc62e-d1b6-4c20-af36-8224115c47c6
1234-3342-1558,7513-9370-4192,95700.77,2026-06-24T19:24:25,3,1,19ecc62e-d1b6-4c20-af36-8224115c47c6
9838-4775-9697,7135-3600-2640,193104.65,2026-06-29T19:30:00,1,0,b8e06c47-ce9c-4cff-bdc3-650955d5de73
7135-3600-2640,3491-9860-7947,11916.04,2026-06-29T19:31:27,2,0,b8e06c47-ce9c-4cff-bdc3-650955d5de73
7135-3600-2640,4312-5561-1801,105918.03,2026-06-29T19:32:57,2,0,b8e06c47-ce9c-4cff-bdc3-650955d5de73
7135-3600-2640,7567-5857-7386,75270.58,2026-06-29T19:33:46,2,0,b8e06c47-ce9c-4cff-bdc3-650955d5de73
4312-5561-1801,8879-3625-4972,95326.23,2026-06-29T19:35:06,3,1,b8e06c47-ce9c-4cff-bdc3-650955d5de73
3491-9860-7947,8879-3625-4972,10724.44,2026-06-29T19:36:37,3,1,b8e06c47-ce9c-4cff-bdc3-650955d5de73
7567-5857-7386,8879-3625-4972,67743.52,2026-06-29T19:38:12,3,1,b8e06c47-ce9c-4cff-bdc3-650955d5de73
3487-4372-8264,5513-6365-1176,38868.27,2026-07-30T08:21:10,1,0,3e17c354-064f-4cc4-a0ec-97132c19ed54
5513-6365-1176,8718-4804-8180,33651.49,2026-07-30T08:22:36,2,0,3e17c354-064f-4cc4-a0ec-97132c19ed54
5513-6365-1176,5895-3045-9867,990.11,2026-07-30T08:23:08,2,0,3e17c354-064f-4cc4-a0ec-97132c19ed54
5513-6365-1176,8444-3517-2153,4226.67,2026-07-30T08:24:15,2,0,3e17c354-064f-4cc4-a0ec-97132c19ed54
8718-4804-8180,6940-4953-9102,30286.34,2026-07-30T08:26:10,3,1,3e17c354-064f-4cc4-a0ec-97132c19ed54
8444-3517-2153,6940-4953-9102,3804.0,2026-07-30T08:28:48,3,1,3e17c354-064f-4cc4-a0ec-97132c19ed54
5895-3045-9867,6940-4953-9102,891.1,2026-07-30T08:31:43,3,1,3e17c354-064f-4cc4-a0ec-97132c19ed54
6843-2361-1211,8955-4977-9109,489277.18,2026-08-11T21:24:00,1,0,e7664c04-2d1c-498b-9020-7726945eeceb
8955-4977-9109,8993-7157-9502,237298.47,2026-08-11T21:25:18,2,0,e7664c04-2d1c-498b-9020-7726945eeceb
8955-4977-9109,7268-1689-2766,136448.98,2026-08-11T21:26:14,2,0,e7664c04-2d1c-498b-9020-7726945eeceb
8955-4977-9109,2615-2555-2924,115529.73,2026-08-11T21:27:34,2,0,e7664c04-2d1c-498b-9020-7726945eeceb
2615-2555-2924,4539-3961-1395,103976.76,2026-08-11T21:28:46,3,1,e7664c04-2d1c-498b-9020-7726945eeceb
7268-1689-2766,4539-3961-1395,122804.08,2026-08-11T21:31:19,3,1,e7664c04-2d1c-498b-9020-7726945eeceb
8993-7157-9502,4539-3961-1395,213568.62,2026-08-11T21:34:03,3,1,e7664c04-2d1c-498b-9020-7726945eeceb
5532-8307-1783,8507-5311-3631,277713.66,2026-06-03T12:47:09,1,0,a5d6c995-fd6b-462d-b270-6eec83061a4f
5532-8307-1783,4430-9966-6273,174481.25,2026-06-03T12:47:50,1,0,a5d6c995-fd6b-462d-b270-6eec83061a4f
8507-5311-3631,6186-6010-2659,277713.66,2026-06-03T12:49:18,2,0,a5d6c995-fd6b-462d-b270-6eec83061a4f
4430-9966-6273,4050-7270-4312,42184.73,2026-06-03T12:50:36,2,0,a5d6c995-fd6b-462d-b270-6eec83061a4f
4430-9966-6273,5336-8953-6744,101222.04,2026-06-03T12:51:25,2,0,a5d6c995-fd6b-462d-b270-6eec83061a4f
4430-9966-6273,6521-8172-6922,31074.49,2026-06-03T12:52:30,2,0,a5d6c995-fd6b-462d-b270-6eec83061a4f
6186-6010-2659,5315-3388-6573,249942.29,2026-06-03T12:54:20,3,1,a5d6c995-fd6b-462d-b270-6eec83061a4f
5336-8953-6744,5315-3388-6573,91099.84,2026-06-03T12:56:54,3,1,a5d6c995-fd6b-462d-b270-6eec83061a4f
4050-7270-4312,5315-3388-6573,37966.26,2026-06-03T12:59:12,3,1,a5d6c995-fd6b-462d-b270-6eec83061a4f
8250-1668-5028,3539-5485-1431,69965.31,2026-06-22T18:38:13,1,0,b1db9606-2c20-421c-8e84-c6604c59e2a0
8250-1668-5028,9101-4677-4587,27109.96,2026-06-22T18:38:24,1,0,b1db9606-2c20-421c-8e84-c6604c59e2a0
8250-1668-5028,5019-4700-8214,121114.69,2026-06-22T18:39:09,1,0,b1db9606-2c20-421c-8e84-c6604c59e2a0
3539-5485-1431,7342-5284-6963,24221.17,2026-06-22T18:40:02,2,0,b1db9606-2c20-421c-8e84-c6604c59e2a0
3539-5485-1431,5318-8066-7065,45744.14,2026-06-22T18:41:16,2,0,b1db9606-2c20-421c-8e84-c6604c59e2a0
9101-4677-4587,3109-2583-9314,9753.56,2026-06-22T18:42:31,2,0,b1db9606-2c20-421c-8e84-c6604c59e2a0
9101-4677-4587,8794-9771-6136,12470.12,2026-06-22T18:43:18,2,0,b1db9606-2c20-421c-8e84-c6604c59e2a0
9101-4677-4587,2717-4732-6707,4886.29,2026-06-22T18:44:25,2,0,b1db9606-2c20-421c-8e84-c6604c59e2a0
5019-4700-8214,1942-6695-8809,10509.7,2026-06-22T18:45:55,2,0,b1db9606-2c20-421c-8e84-c6604c59e2a0
5019-4700-8214,3422-2044-6806,81263.12,2026-06-22T18:47:10,2,0,b1db9606-2c20-421c-8e84-c6604c59e2a0
5019-4700-8214,2071-5523-5128,29341.87,2026-06-22T18:48:14,2,0,b1db9606-2c20-421c-8e84-c6604c59e2a0
3422-2044-6806,1111-1867-6871,73136.81,2026-06-22T18:50:53,3,1,b1db9606-2c20-421c-8e84-c6604c59e2a0
5318-8066-7065,1111-1867-6871,41169.73,2026-06-22T18:53:26,3,1,b1db9606-2c20-421c-8e84-c6604c59e2a0
2717-4732-6707,1111-1867-6871,4397.66,2026-06-22T18:55:42,3,1,b1db9606-2c20-421c-8e84-c6604c59e2a0
1942-6695-8809,1111-1867-6871,9458.73,2026-06-22T18:57:05,3,1,b1db9606-2c20-421c-8e84-c6604c59e2a0
3109-2583-9314,1111-1867-6871,8778.2,2026-06-22T18:58:20,3,1,b1db9606-2c20-421c-8e84-c6604c59e2a0
7347-7677-7247,8772-3269-6624,157573.14,2026-07-06T05:01:35,1,0,84b1c154-8aee-4375-934a-33911da4a8e6
7347-7677-7247,3998-2570-6098,30351.39,2026-07-06T05:02:07,1,0,84b1c154-8aee-4375-934a-33911da4a8e6
7347-7677-7247,6818-3906-8051,118773.9,2026-07-06T05:02:50,1,0,84b1c154-8aee-4375-934a-33911da4a8e6
8772-3269-6624,7113-2564-3760,97898.34,2026-07-06T05:03:39,2,0,84b1c154-8aee-4375-934a-33911da4a8e6
8772-3269-6624,1028-9669-1206,6849.84,2026-07-06T05:04:20,2,0,84b1c154-8aee-4375-934a-33911da4a8e6
8772-3269-6624,1076-6355-7303,52824.96,2026-07-06T05:05:12,2,0,84b1c154-8aee-4375-934a-33911da4a8e6
3998-2570-6098,3898-8220-3908,910.66,2026-07-06T05:06:38,2,0,84b1c154-8aee-4375-934a-33911da4a8e6
3998-2570-6098,9312-3438-8292,413.05,2026-07-06T05:07:14,2,0,84b1c154-8aee-4375-934a-33911da4a8e6
3998-2570-6098,1497-1635-9807,29027.68,2026-07-06T05:07:50,2,0,84b1c154-8aee-4375-934a-33911da4a8e6
6818-3906-8051,8449-9978-7370,22554.4,2026-07-06T05:08:41,2,0,84b1c154-8aee-4375-934a-33911da4a8e6
6818-3906-8051,8338-2906-2072,96219.5,2026-07-06T05:09:23,2,0,84b1c154-8aee-4375-934a-33911da4a8e6
1028-9669-1206,6251-9639-9715,6164.86,2026-07-06T05:11:59,3,1,84b1c154-8aee-4375-934a-33911da4a8e6
8449-9978-7370,6251-9639-9715,20298.96,2026-07-06T05:13:16,3,1,84b1c154-8aee-4375-934a-33911da4a8e6
9312-3438-8292,6251-9639-9715,371.74,2026-07-06T05:15:36,3,1,84b1c154-8aee-4375-934a-33911da4a8e6
7113-2564-3760,6251-9639-9715,88108.51,2026-07-06T05:17:38,3,1,84b1c154-8aee-4375-934a-33911da4a8e6
7370-6011-9152,1903-9643-1682,47673.0,2026-06-23T17:26:35,1,0,82562edd-e0ba-402a-8ee9-357205149c7c
7370-6011-9152,4081-2461-6031,185596.21,2026-06-23T17:27:32,1,0,82562edd-e0ba-402a-8ee9-357205149c7c
1903-9643-1682,6763-9810-1859,47673.0,2026-06-23T17:28:54,2,0,82562edd-e0ba-402a-8ee9-357205149c7c
4081-2461-6031,9335-7075-1732,185596.21,2026-06-23T17:30:22,2,0,82562edd-e0ba-402a-8ee9-357205149c7c
6763-9810-1859,4335-9114-4387,47673.0,2026-06-23T17:33:48,3,1,82562edd-e0ba-402a-8ee9-357205149c7c
9335-7075-1732,1077-4938-6419,185596.21,2026-06-23T17:35:33,3,0,82562edd-e0ba-402a-8ee9-357205149c7c
1077-4938-6419,1733-3554-3321,185596.21,2026-06-23T17:39:06,4,1,82562edd-e0ba-402a-8ee9-357205149c7c
6074-4356-5466,1167-7813-7777,50915.58,2026-07-11T22:56:51,1,0,9273823b-6ff9-4a3e-bcbd-c4afa7760729
6074-4356-5466,7178-5556-4104,32282.35,2026-07-11T22:57:03,1,0,9273823b-6ff9-4a3e-bcbd-c4afa7760729
1167-7813-7777,2874-2888-3603,50915.58,2026-07-11T22:58:30,2,0,9273823b-6ff9-4a3e-bcbd-c4afa7760729
7178-5556-4104,5202-7524-5666,12888.56,2026-07-11T22:59:25,2,0,9273823b-6ff9-4a3e-bcbd-c4afa7760729
7178-5556-4104,9786-5693-5664,10724.52,2026-07-11T23:00:26,2,0,9273823b-6ff9-4a3e-bcbd-c4afa7760729
7178-5556-4104,5284-2777-2956,8669.27,2026-07-11T23:01:02,2,0,9273823b-6ff9-4a3e-bcbd-c4afa7760729
5202-7524-5666,8177-3338-8242,11599.7,2026-07-11T23:02:07,3,1,9273823b-6ff9-4a3e-bcbd-c4afa7760729
5284-2777-2956,8177-3338-8242,7802.34,2026-07-11T23:03:31,3,1,9273823b-6ff9-4a3e-bcbd-c4afa7760729
9786-5693-5664,8177-3338-8242,9652.07,2026-07-11T23:05:43,3,1,9273823b-6ff9-4a3e-bcbd-c4afa7760729
3875-6736-8569,1924-7411-7226,423425.44,2026-06-18T09:49:05,1,0,b9efb0d4-a4f4-4931-90f3-ff78771b814f
1924-7411-7226,8190-1414-8217,253640.09,2026-06-18T09:49:53,2,0,b9efb0d4-a4f4-4931-90f3-ff78771b814f
1924-7411-7226,2136-5026-9659,169785.35,2026-06-18T09:50:30,2,0,b9efb0d4-a4f4-4931-90f3-ff78771b814f
8190-1414-8217,7068-1629-3350,253640.09,2026-06-18T09:55:20,3,0,b9efb0d4-a4f4-4931-90f3-ff78771b814f
7068-1629-3350,1957-7349-2960,253640.09,2026-06-18T09:59:59,4,1,b9efb0d4-a4f4-4931-90f3-ff78771b814f
8805-7325-5627,7336-8367-4893,201326.4,2026-07-24T21:00:24,1,0,7c717cd0-dbd9-4eb9-bc29-51ed472dd2ae
8805-7325-5627,9037-5096-6654,7969.09,2026-07-24T21:01:20,1,0,7c717cd0-dbd9-4eb9-bc29-51ed472dd2ae
8805-7325-5627,8454-8850-3509,78806.24,2026-07-24T21:01:31,1,0,7c717cd0-dbd9-4eb9-bc29-51ed472dd2ae
7336-8367-4893,9871-4718-7590,183613.93,2026-07-24T21:02:30,2,0,7c717cd0-dbd9-4eb9-bc29-51ed472dd2ae
7336-8367-4893,3048-6782-4409,13177.67,2026-07-24T21:03:21,2,0,7c717cd0-dbd9-4eb9-bc29-51ed472dd2ae
7336-8367-4893,7648-7899-7844,4534.8,2026-07-24T21:04:06,2,0,7c717cd0-dbd9-4eb9-bc29-51ed472dd2ae
9037-5096-6654,6954-8591-9981,2659.17,2026-07-24T21:05:06,2,0,7c717cd0-dbd9-4eb9-bc29-51ed472dd2ae
9037-5096-6654,7688-7140-6028,1681.28,2026-07-24T21:06:25,2,0,7c717cd0-dbd9-4eb9-bc29-51ed472dd2ae
9037-5096-6654,4498-7436-3315,3628.64,2026-07-24T21:07:30,2,0,7c717cd0-dbd9-4eb9-bc29-51ed472dd2ae
8454-8850-3509,8257-1390-4382,78806.24,2026-07-24T21:08:24,2,0,7c717cd0-dbd9-4eb9-bc29-51ed472dd2ae
8257-1390-4382,7738-6185-8677,70925.62,2026-07-24T21:10:58,3,1,7c717cd0-dbd9-4eb9-bc29-51ed472dd2ae
3048-6782-4409,7738-6185-8677,11859.9,2026-07-24T21:13:16,3,1,7c717cd0-dbd9-4eb9-bc29-51ed472dd2ae
6954-8591-9981,7738-6185-8677,2393.25,2026-07-24T21:16:08,3,1,7c717cd0-dbd9-4eb9-bc29-51ed472dd2ae
4498-7436-3315,7738-6185-8677,3265.78,2026-07-24T21:17:18,3,1,7c717cd0-dbd9-4eb9-bc29-51ed472dd2ae
9871-4718-7590,7738-6185-8677,165252.54,2026-07-24T21:18:24,3,1,7c717cd0-dbd9-4eb9-bc29-51ed472dd2ae
4326-3467-4489,2081-6946-6169,781.01,2026-08-22T01:22:46,1,0,eff51edc-1b13-480b-a030-8c3ea18719f7
4326-3467-4489,8317-8783-6547,8227.48,2026-08-22T01:23:05,1,0,eff51edc-1b13-480b-a030-8c3ea18719f7
2081-6946-6169,8693-5607-5086,781.01,2026-08-22T01:23:42,2,0,eff51edc-1b13-480b-a030-8c3ea18719f7
8317-8783-6547,8746-7215-8813,4586.99,2026-08-22T01:25:11,2,0,eff51edc-1b13-480b-a030-8c3ea18719f7
8317-8783-6547,3792-1326-6937,3640.49,2026-08-22T01:26:12,2,0,eff51edc-1b13-480b-a030-8c3ea18719f7
8693-5607-5086,5916-7449-3449,702.91,2026-08-22T01:28:53,3,1,eff51edc-1b13-480b-a030-8c3ea18719f7
3792-1326-6937,5916-7449-3449,3276.44,2026-08-22T01:30:30,3,1,eff51edc-1b13-480b-a030-8c3ea18719f7
8746-7215-8813,5916-7449-3449,4128.29,2026-08-22T01:32:15,3,1,eff51edc-1b13-480b-a030-8c3ea18719f7
3769-6983-5140,9411-5591-9526,305497.17,2026-07-03T06:35:08,1,0,39bbd07a-64ed-4ba2-b4ef-d0068e183420
9411-5591-9526,5310-8355-8093,29401.14,2026-07-03T06:36:25,2,0,39bbd07a-64ed-4ba2-b4ef-d0068e183420
9411-5591-9526,6529-1662-5470,276096.03,2026-07-03T06:36:57,2,0,39bbd07a-64ed-4ba2-b4ef-d0068e183420
6529-1662-5470,4270-8702-7226,276096.03,2026-07-03T06:39:36,3,0,39bbd07a-64ed-4ba2-b4ef-d0068e183420
4270-8702-7226,7009-9398-7955,276096.03,2026-07-03T06:42:20,4,1,39bbd07a-64ed-4ba2-b4ef-d0068e183420
4160-9008-5614,2364-8370-2389,269698.91,2026-07-31T19:42:39,1,0,bdcd6829-de73-4bbc-925f-402ca73d8582
4160-9008-5614,6220-9336-2859,182485.92,2026-07-31T19:43:00,1,0,bdcd6829-de73-4bbc-925f-402ca73d8582
2364-8370-2389,2235-1158-1220,269698.91,2026-07-31T19:44:17,2,0,bdcd6829-de73-4bbc-925f-402ca73d8582
6220-9336-2859,6421-2733-2998,31911.36,2026-07-31T19:45:45,2,0,bdcd6829-de73-4bbc-925f-402ca73d8582
6220-9336-2859,1920-3272-4268,150574.56,2026-07-31T19:46:20,2,0,bdcd6829-de73-4bbc-925f-402ca73d8582
6421-2733-2998,8799-4232-9115,28720.22,2026-07-31T19:47:43,3,1,bdcd6829-de73-4bbc-925f-402ca73d8582
1920-3272-4268,8799-4232-9115,135517.1,2026-07-31T19:50:33,3,1,bdcd6829-de73-4bbc-925f-402ca73d8582
2235-1158-1220,8799-4232-9115,242729.02,2026-07-31T19:51:43,3,1,bdcd6829-de73-4bbc-925f-402ca73d8582
4102-3031-2241,4064-6265-4730,49616.02,2026-06-27T17:17:12,1,0,1559c280-3778-4bbc-b450-e05be9d1d233
4064-6265-4730,5676-4575-7988,8917.14,2026-06-27T17:18:00,2,0,1559c280-3778-4bbc-b450-e05be9d1d233
4064-6265-4730,5111-6648-4944,30350.84,2026-06-27T17:19:27,2,0,1559c280-3778-4bbc-b450-e05be9d1d233
4064-6265-4730,9692-1114-5123,10348.04,2026-06-27T17:20:40,2,0,1559c280-3778-4bbc-b450-e05be9d1d233
5111-6648-4944,5299-6227-8385,27315.76,2026-06-27T17:23:23,3,1,1559c280-3778-4bbc-b450-e05be9d1d233
9692-1114-5123,5299-6227-8385,9313.24,2026-06-27T17:25:25,3,1,1559c280-3778-4bbc-b450-e05be9d1d233
5676-4575-7988,5299-6227-8385,8025.43,2026-06-27T17:26:54,3,1,1559c280-3778-4bbc-b450-e05be9d1d233
8617-8563-6314,8596-8608-8408,170488.56,2026-08-23T03:55:33,1,0,b56e3efd-cca7-4660-b5e4-65174f253fbe
8617-8563-6314,3501-3327-7317,223835.28,2026-08-23T03:56:23,1,0,b56e3efd-cca7-4660-b5e4-65174f253fbe
8596-8608-8408,3830-3474-4013,25120.9,2026-08-23T03:57:10,2,0,b56e3efd-cca7-4660-b5e4-65174f253fbe
8596-8608-8408,4555-2553-1268,96434.81,2026-08-23T03:58:33,2,0,b56e3efd-cca7-4660-b5e4-65174f253fbe
8596-8608-8408,7410-8737-3455,48932.85,2026-08-23T03:59:49,2,0,b56e3efd-cca7-4660-b5e4-65174f253fbe
3501-3327-7317,1979-6789-2736,19412.03,2026-08-23T04:00:52,2,0,b56e3efd-cca7-4660-b5e4-65174f253fbe
3501-3327-7317,2096-6296-8810,168842.81,2026-08-23T04:01:41,2,0,b56e3efd-cca7-4660-b5e4-65174f253fbe
3501-3327-7317,5740-3317-4852,35580.44,2026-08-23T04:02:38,2,0,b56e3efd-cca7-4660-b5e4-65174f253fbe
7410-8737-3455,2034-1290-8324,44039.56,2026-08-23T04:04:09,3,1,b56e3efd-cca7-4660-b5e4-65174f253fbe
4555-2553-1268,2034-1290-8324,86791.33,2026-08-23T04:07:05,3,1,b56e3efd-cca7-4660-b5e4-65174f253fbe
5740-3317-4852,2034-1290-8324,32022.4,2026-08-23T04:09:05,3,1,b56e3efd-cca7-4660-b5e4-65174f253fbe
1979-6789-2736,2034-1290-8324,17470.83,2026-08-23T04:11:46,3,1,b56e3efd-cca7-4660-b5e4-65174f253fbe
2096-6296-8810,2034-1290-8324,151958.53,2026-08-23T04:13:27,3,1,b56e3efd-cca7-4660-b5e4-65174f253fbe
4883-5081-9005,8696-1317-6135,86815.87,2026-07-15T20:24:02,1,0,49af9f90-9c7d-4523-8910-429756d2dd3d
4883-5081-9005,9371-2566-7293,262290.51,2026-07-15T20:24:58,1,0,49af9f90-9c7d-4523-8910-429756d2dd3d
4883-5081-9005,3430-6269-2332,108347.85,2026-07-15T20:25:57,1,0,49af9f90-9c7d-4523-8910-429756d2dd3d
8696-1317-6135,5040-4659-1050,3677.25,2026-07-15T20:27:02,2,0,49af9f90-9c7d-4523-8910-429756d2dd3d
8696-1317-6135,6361-6835-8906,83138.62,2026-07-15T20:27:52,2,0,49af9f90-9c7d-4523-8910-429756d2dd3d
9371-2566-7293,2972-5843-1992,262290.51,2026-07-15T20:29:09,2,0,49af9f90-9c7d-4523-8910-429756d2dd3d
3430-6269-2332,7930-1178-5885,76693.0,2026-07-15T20:29:57,2,0,49af9f90-9c7d-4523-8910-429756d2dd3d
3430-6269-2332,5276-4346-3360,31654.85,2026-07-15T20:30:50,2,0,49af9f90-9c7d-4523-8910-429756d2dd3d
5276-4346-3360,2765-5481-8470,28489.36,2026-07-15T20:33:20,3,1,49af9f90-9c7d-4523-8910-429756d2dd3d
7930-1178-5885,2765-5481-8470,69023.7,2026-07-15T20:34:36,3,1,49af9f90-9c7d-4523-8910-429756d2dd3d
6361-6835-8906,2765-5481-8470,74824.76,2026-07-15T20:37:27,3,1,49af9f90-9c7d-4523-8910-429756d2dd3d
7144-1417-8114,6306-7480-3916,4151.41,2026-06-20T23:19:55,1,0,d0fd987e-87fb-418c-804f-d8912a1746dd
7144-1417-8114,6351-1565-5635,43734.96,2026-06-20T23:20:09,1,0,d0fd987e-87fb-418c-804f-d8912a1746dd
7144-1417-8114,6308-1645-9383,26788.35,2026-06-20T23:20:34,1,0,d0fd987e-87fb-418c-804f-d8912a1746dd
6306-7480-3916,6629-2139-9068,1053.02,2026-06-20T23:21:37,2,0,d0fd987e-87fb-418c-804f-d8912a1746dd
6306-7480-3916,7562-9931-2018,3098.39,2026-06-20T23:22:59,2,0,d0fd987e-87fb-418c-804f-d8912a1746dd
6351-1565-5635,4725-4920-1925,39548.69,2026-06-20T23:23:59,2,0,d0fd987e-87fb-418c-804f-d8912a1746dd
6351-1565-5635,1396-1859-4694,4186.27,2026-06-20T23:25:24,2,0,d0fd987e-87fb-418c-804f-d8912a1746dd
6308-1645-9383,7484-1315-9359,4950.1,2026-06-20T23:26:06,2,0,d0fd987e-87fb-418c-804f-d8912a1746dd
6308-1645-9383,5745-9064-1385,3785.43,2026-06-20T23:26:58,2,0,d0fd987e-87fb-418c-804f-d8912a1746dd
6308-1645-9383,7798-2113-1657,18052.82,2026-06-20T23:28:21,2,0,d0fd987e-87fb-418c-804f-d8912a1746dd
5745-9064-1385,7132-9370-7363,3406.89,2026-06-20T23:29:46,3,1,d0fd987e-87fb-418c-804f-d8912a1746dd
7484-1315-9359,7132-9370-7363,4455.09,2026-06-20T23:31:27,3,1,d0fd987e-87fb-418c-804f-d8912a1746dd
4725-4920-1925,7132-9370-7363,35593.82,2026-06-20T23:33:24,3,1,d0fd987e-87fb-418c-804f-d8912a1746dd
7798-2113-1657,7132-9370-7363,16247.54,2026-06-20T23:35:49,3,1,d0fd987e-87fb-418c-804f-d8912a1746dd
1396-1859-4694,7132-9370-7363,3767.64,2026-06-20T23:37:03,3,1,d0fd987e-87fb-418c-804f-d8912a1746dd
4279-5892-4511,5970-6913-8598,175.16,2026-07-21T03:54:44,1,0,199ac960-70e9-41c7-b7ed-63def0824088
4279-5892-4511,1890-4765-5134,4332.83,2026-07-21T03:55:25,1,0,199ac960-70e9-41c7-b7ed-63def0824088
4279-5892-4511,4552-9373-1390,7381.74,2026-07-21T03:56:13,1,0,199ac960-70e9-41c7-b7ed-63def0824088
5970-6913-8598,5071-2272-2757,100.0,2026-07-21T03:57:02,2,0,199ac960-70e9-41c7-b7ed-63def0824088
5970-6913-8598,1004-1511-1819,100.0,2026-07-21T03:57:35,2,0,199ac960-70e9-41c7-b7ed-63def0824088
5970-6913-8598,1183-5493-1000,100.0,2026-07-21T03:59:01,2,0,199ac960-70e9-41c7-b7ed-63def0824088
1890-4765-5134,2967-5948-3323,4332.83,2026-07-21T03:59:47,2,0,199ac960-70e9-41c7-b7ed-63def0824088
4552-9373-1390,1497-8807-3860,406.82,2026-07-21T04:00:34,2,0,199ac960-70e9-41c7-b7ed-63def0824088
4552-9373-1390,1235-2844-2410,6501.69,2026-07-21T04:01:13,2,0,199ac960-70e9-41c7-b7ed-63def0824088
4552-9373-1390,4847-8458-5475,473.22,2026-07-21T04:02:14,2,0,199ac960-70e9-41c7-b7ed-63def0824088
5071-2272-2757,5613-8850-4321,90.0,2026-07-21T04:03:17,3,1,199ac960-70e9-41c7-b7ed-63def0824088
1235-2844-2410,5613-8850-4321,5851.52,2026-07-21T04:04:47,3,1,199ac960-70e9-41c7-b7ed-63def0824088
4847-8458-5475,5613-8850-4321,425.9,2026-07-21T04:07:10,3,1,199ac960-70e9-41c7-b7ed-63def0824088
1183-5493-1000,5613-8850-4321,90.0,2026-07-21T04:09:05,3,1,199ac960-70e9-41c7-b7ed-63def0824088
2967-5948-3323,5613-8850-4321,3899.55,2026-07-21T04:10:34,3,1,199ac960-70e9-41c7-b7ed-63def0824088
2448-7017-8475,9922-3685-7115,14120.54,2026-06-21T18:27:52,1,0,775260ed-c830-4263-bb74-066e894d9e4d
2448-7017-8475,7082-9859-3387,44510.78,2026-06-21T18:28:25,1,0,775260ed-c830-4263-bb74-066e894d9e4d
9922-3685-7115,9884-7681-6903,5424.32,2026-06-21T18:29:51,2,0,775260ed-c830-4263-bb74-066e894d9e4d
9922-3685-7115,8073-2416-5148,8696.22,2026-06-21T18:30:55,2,0,775260ed-c830-4263-bb74-066e894d9e4d
7082-9859-3387,3376-6597-9850,15931.96,2026-06-21T18:32:21,2,0,775260ed-c830-4263-bb74-066e894d9e4d
7082-9859-3387,3612-3285-4372,15833.13,2026-06-21T18:32:51,2,0,775260ed-c830-4263-bb74-066e894d9e4d
7082-9859-3387,7493-2339-7864,12745.69,2026-06-21T18:33:35,2,0,775260ed-c830-4263-bb74-066e894d9e4d
3376-6597-9850,6752-7684-2743,14338.76,2026-06-21T18:35:57,3,1,775260ed-c830-4263-bb74-066e894d9e4d
3612-3285-4372,6752-7684-2743,14249.82,2026-06-21T18:38:33,3,1,775260ed-c830-4263-bb74-066e894d9e4d
7493-2339-7864,6752-7684-2743,11471.12,2026-06-21T18:40:37,3,1,775260ed-c830-4263-bb74-066e894d9e4d
8073-2416-5148,6752-7684-2743,7826.6,2026-06-21T18:41:46,3,1,775260ed-c830-4263-bb74-066e894d9e4d
9884-7681-6903,6752-7684-2743,4881.89,2026-06-21T18:43:37,3,1,775260ed-c830-4263-bb74-066e894d9e4d
4129-1385-1265,5846-2983-4392,455146.88,2026-06-28T09:45:08,1,0,b5c289c2-1aa2-48bd-8f70-65a74c3fdaec
5846-2983-4392,7912-6857-7602,455146.88,2026-06-28T09:45:38,2,0,b5c289c2-1aa2-48bd-8f70-65a74c3fdaec
7912-6857-7602,8838-1686-9050,455146.88,2026-06-28T09:46:46,3,0,b5c289c2-1aa2-48bd-8f70-65a74c3fdaec
8838-1686-9050,7287-9831-2605,455146.88,2026-06-28T09:49:34,4,1,b5c289c2-1aa2-48bd-8f70-65a74c3fdaec
1447-7225-1633,2422-8780-5131,93722.35,2026-07-16T21:31:33,1,0,85a0c242-06dd-4cc0-90a0-3dd36c8330ac
1447-7225-1633,9908-2508-2359,61938.12,2026-07-16T21:32:07,1,0,85a0c242-06dd-4cc0-90a0-3dd36c8330ac
2422-8780-5131,6075-8392-4548,38063.26,2026-07-16T21:33:20,2,0,85a0c242-06dd-4cc0-90a0-3dd36c8330ac
2422-8780-5131,7727-2555-1168,55659.09,2026-07-16T21:34:18,2,0,85a0c242-06dd-4cc0-90a0-3dd36c8330ac
9908-2508-2359,9776-1798-5148,4790.1,2026-07-16T21:34:59,2,0,85a0c242-06dd-4cc0-90a0-3dd36c8330ac
9908-2508-2359,2927-9466-9046,57148.02,2026-07-16T21:36:07,2,0,85a0c242-06dd-4cc0-90a0-3dd36c8330ac
7727-2555-1168,5080-1093-7345,50093.18,2026-07-16T21:38:50,3,1,85a0c242-06dd-4cc0-90a0-3dd36c8330ac
2927-9466-9046,5080-1093-7345,51433.22,2026-07-16T21:39:55,3,1,85a0c242-06dd-4cc0-90a0-3dd36c8330ac
9776-1798-5148,5080-1093-7345,4311.09,2026-07-16T21:42:22,3,1,85a0c242-06dd-4cc0-90a0-3dd36c8330ac
2902-2663-3694,3162-1387-8177,229553.66,2026-08-03T03:58:29,1,0,ad91989e-d6fd-4360-a4f2-902ecf9c3bf4
3162-1387-8177,7034-9904-2742,100111.09,2026-08-03T03:59:03,2,0,ad91989e-d6fd-4360-a4f2-902ecf9c3bf4
3162-1387-8177,7858-8760-1549,58566.63,2026-08-03T04:00:03,2,0,ad91989e-d6fd-4360-a4f2-902ecf9c3bf4
3162-1387-8177,5569-8148-7918,70875.94,2026-08-03T04:00:40,2,0,ad91989e-d6fd-4360-a4f2-902ecf9c3bf4
5569-8148-7918,8829-2094-4039,63788.35,2026-08-03T04:01:54,3,1,ad91989e-d6fd-4360-a4f2-902ecf9c3bf4
7858-8760-1549,8829-2094-4039,52709.97,2026-08-03T04:03:32,3,1,ad91989e-d6fd-4360-a4f2-902ecf9c3bf4
7034-9904-2742,8829-2094-4039,90099.98,2026-08-03T04:05:19,3,1,ad91989e-d6fd-4360-a4f2-902ecf9c3bf4
5356-9692-1145,3245-6235-4992,311561.92,2026-08-19T00:16:59,1,0,b8c7d3b7-0ed7-42b9-9554-5f86e6fae231
5356-9692-1145,8870-4498-4091,17624.42,2026-08-19T00:17:44,1,0,b8c7d3b7-0ed7-42b9-9554-5f86e6fae231
3245-6235-4992,3080-9353-3382,108550.99,2026-08-19T00:18:54,2,0,b8c7d3b7-0ed7-42b9-9554-5f86e6fae231
3245-6235-4992,2114-8826-9411,86722.55,2026-08-19T00:20:16,2,0,b8c7d3b7-0ed7-42b9-9554-5f86e6fae231
3245-6235-4992,2189-3698-5047,116288.39,2026-08-19T00:21:06,2,0,b8c7d3b7-0ed7-42b9-9554-5f86e6fae231
8870-4498-4091,7402-8369-4681,155.23,2026-08-19T00:22:32,2,0,b8c7d3b7-0ed7-42b9-9554-5f86e6fae231
8870-4498-4091,3086-8853-9348,17469.19,2026-08-19T00:23:35,2,0,b8c7d3b7-0ed7-42b9-9554-5f86e6fae231
3080-9353-3382,1654-7054-5544,97695.89,2026-08-19T00:25:34,3,1,b8c7d3b7-0ed7-42b9-9554-5f86e6fae231
3086-8853-9348,1654-7054-5544,15722.27,2026-08-19T00:27:12,3,1,b8c7d3b7-0ed7-42b9-9554-5f86e6fae231
2189-3698-5047,1654-7054-5544,104659.55,2026-08-19T00:28:51,3,1,b8c7d3b7-0ed7-42b9-9554-5f86e6fae231
7402-8369-4681,1654-7054-5544,139.71,2026-08-19T00:30:40,3,1,b8c7d3b7-0ed7-42b9-9554-5f86e6fae231
3248-8689-6522,9022-6610-9728,112548.49,2026-07-12T05:51:14,1,0,2eb6dbed-33e4-4caf-8d5a-1fef02ed8d90
9022-6610-9728,5734-9413-4732,85943.68,2026-07-12T05:52:20,2,0,2eb6dbed-33e4-4caf-8d5a-1fef02ed8d90
9022-6610-9728,6129-6311-4922,26604.81,2026-07-12T05:53:33,2,0,2eb6dbed-33e4-4caf-8d5a-1fef02ed8d90
5734-9413-4732,5833-4112-6922,85943.68,2026-07-12T05:57:35,3,1,2eb6dbed-33e4-4caf-8d5a-1fef02ed8d90
3841-2920-5775,5047-4370-6527,108137.82,2026-07-31T16:11:36,1,0,3003b31d-99df-43df-bb13-2d53e3756566
3841-2920-5775,3999-9142-7143,231843.37,2026-07-31T16:12:02,1,0,3003b31d-99df-43df-bb13-2d53e3756566
3841-2920-5775,5024-7416-8935,111358.44,2026-07-31T16:12:47,1,0,3003b31d-99df-43df-bb13-2d53e3756566
5047-4370-6527,8450-5539-9374,17474.83,2026-07-31T16:13:20,2,0,3003b31d-99df-43df-bb13-2d53e3756566
5047-4370-6527,7889-4263-5353,90662.99,2026-07-31T16:14:14,2,0,3003b31d-99df-43df-bb13-2d53e3756566
3999-9142-7143,1672-2151-5544,231843.37,2026-07-31T16:14:50,2,0,3003b31d-99df-43df-bb13-2d53e3756566
5024-7416-8935,7934-4356-1654,36870.27,2026-07-31T16:15:47,2,0,3003b31d-99df-43df-bb13-2d53e3756566
5024-7416-8935,1981-1161-2825,21803.8,2026-07-31T16:16:34,2,0,3003b31d-99df-43df-bb13-2d53e3756566
5024-7416-8935,6531-5541-5656,52684.37,2026-07-31T16:17:39,2,0,3003b31d-99df-43df-bb13-2d53e3756566
7889-4263-5353,2493-5419-8966,81596.69,2026-07-31T16:19:10,3,1,3003b31d-99df-43df-bb13-2d53e3756566
1981-1161-2825,2493-5419-8966,19623.42,2026-07-31T16:21:28,3,1,3003b31d-99df-43df-bb13-2d53e3756566
8450-5539-9374,2493-5419-8966,15727.35,2026-07-31T16:23:03,3,1,3003b31d-99df-43df-bb13-2d53e3756566
7934-4356-1654,2493-5419-8966,33183.24,2026-07-31T16:24:58,3,1,3003b31d-99df-43df-bb13-2d53e3756566
4496-4804-2644,7693-8276-8250,474760.34,2026-08-18T02:07:37,1,0,a5f0a56f-3d75-4adb-a24d-bf4a5c2c8e29
7693-8276-8250,9868-5451-4360,474760.34,2026-08-18T02:09:03,2,0,a5f0a56f-3d75-4adb-a24d-bf4a5c2c8e29
9868-5451-4360,9176-9315-7355,474760.34,2026-08-18T02:13:37,3,1,a5f0a56f-3d75-4adb-a24d-bf4a5c2c8e29
3758-7619-4393,6148-6787-7637,125566.6,2026-06-11T07:02:38,1,0,0d7c1b6f-3357-483e-9460-6aa987059634
6148-6787-7637,1397-4998-2059,64267.49,2026-06-11T07:03:44,2,0,0d7c1b6f-3357-483e-9460-6aa987059634
6148-6787-7637,8409-1358-7371,61299.11,2026-06-11T07:04:42,2,0,0d7c1b6f-3357-483e-9460-6aa987059634
8409-1358-7371,5257-8840-3590,61299.11,2026-06-11T07:06:25,3,0,0d7c1b6f-3357-483e-9460-6aa987059634
5257-8840-3590,4206-1594-7249,61299.11,2026-06-11T07:08:58,4,1,0d7c1b6f-3357-483e-9460-6aa987059634
1820-5102-2298,5180-8423-3441,13662.72,2026-08-22T12:08:22,1,0,da62d481-eda2-406c-8f5c-b99e8ff0456f
1820-5102-2298,5803-3320-8141,2739.52,2026-08-22T12:09:11,1,0,da62d481-eda2-406c-8f5c-b99e8ff0456f
1820-5102-2298,5563-4047-4753,95493.69,2026-08-22T12:10:08,1,0,da62d481-eda2-406c-8f5c-b99e8ff0456f
5180-8423-3441,4870-1281-4201,13662.72,2026-08-22T12:11:16,2,0,da62d481-eda2-406c-8f5c-b99e8ff0456f
5803-3320-8141,9748-3033-8578,2739.52,2026-08-22T12:12:21,2,0,da62d481-eda2-406c-8f5c-b99e8ff0456f
5563-4047-4753,5024-1143-6332,95493.69,2026-08-22T12:13:45,2,0,da62d481-eda2-406c-8f5c-b99e8ff0456f
9748-3033-8578,1792-8685-3554,2465.57,2026-08-22T12:15:15,3,1,da62d481-eda2-406c-8f5c-b99e8ff0456f
4870-1281-4201,1792-8685-3554,12296.45,2026-08-22T12:16:50,3,1,da62d481-eda2-406c-8f5c-b99e8ff0456f
5024-1143-6332,1792-8685-3554,85944.32,2026-08-22T12:18:04,3,1,da62d481-eda2-406c-8f5c-b99e8ff0456f
2098-7183-3226,5705-8549-9665,493826.02,2026-07-21T12:23:35,1,0,b69868ef-1995-4ecd-8e76-4d82e693c26d
5705-8549-9665,8645-9514-6798,200567.88,2026-07-21T12:24:59,2,0,b69868ef-1995-4ecd-8e76-4d82e693c26d
5705-8549-9665,7638-5119-9576,14627.01,2026-07-21T12:25:52,2,0,b69868ef-1995-4ecd-8e76-4d82e693c26d
5705-8549-9665,7679-3734-9243,278631.13,2026-07-21T12:26:46,2,0,b69868ef-1995-4ecd-8e76-4d82e693c26d
8645-9514-6798,8371-3291-5947,180511.09,2026-07-21T12:28:04,3,1,b69868ef-1995-4ecd-8e76-4d82e693c26d
7638-5119-9576,8371-3291-5947,13164.31,2026-07-21T12:29:36,3,1,b69868ef-1995-4ecd-8e76-4d82e693c26d
7679-3734-9243,8371-3291-5947,250768.02,2026-07-21T12:31:23,3,1,b69868ef-1995-4ecd-8e76-4d82e693c26d
5020-3384-2659,7128-1870-6743,9093.85,2026-08-14T18:23:27,1,0,12406ae6-e43b-449e-aeb7-30bb4f59e594
5020-3384-2659,8620-7333-8100,3262.01,2026-08-14T18:23:39,1,0,12406ae6-e43b-449e-aeb7-30bb4f59e594
7128-1870-6743,6084-9302-3718,9093.85,2026-08-14T18:24:09,2,0,12406ae6-e43b-449e-aeb7-30bb4f59e594
8620-7333-8100,9347-4583-9537,3262.01,2026-08-14T18:25:02,2,0,12406ae6-e43b-449e-aeb7-30bb4f59e594
6084-9302-3718,5668-7028-1834,9093.85,2026-08-14T18:29:27,3,0,12406ae6-e43b-449e-aeb7-30bb4f59e594
5668-7028-1834,8100-9420-1592,9093.85,2026-08-14T18:33:17,4,1,12406ae6-e43b-449e-aeb7-30bb4f59e594
9347-4583-9537,6409-8206-5376,3262.01,2026-08-14T18:34:53,3,0,12406ae6-e43b-449e-aeb7-30bb4f59e594
6409-8206-5376,7461-4608-1686,3262.01,2026-08-14T18:36:04,4,1,12406ae6-e43b-449e-aeb7-30bb4f59e594
3484-7994-9962,5180-4450-1009,18956.5,2026-08-10T01:57:01,1,0,96d6368b-b206-40c5-be1c-ce023ad0e743
3484-7994-9962,2085-3677-1613,10787.79,2026-08-10T01:57:16,1,0,96d6368b-b206-40c5-be1c-ce023ad0e743
3484-7994-9962,5350-8907-2082,1193.23,2026-08-10T01:57:49,1,0,96d6368b-b206-40c5-be1c-ce023ad0e743
5180-4450-1009,6416-6349-9629,3799.88,2026-08-10T01:58:46,2,0,96d6368b-b206-40c5-be1c-ce023ad0e743
5180-4450-1009,3549-9520-5570,15113.41,2026-08-10T02:00:02,2,0,96d6368b-b206-40c5-be1c-ce023ad0e743
5180-4450-1009,5018-4706-1364,100.0,2026-08-10T02:00:38,2,0,96d6368b-b206-40c5-be1c-ce023ad0e743
2085-3677-1613,8607-3510-2615,10787.79,2026-08-10T02:01:52,2,0,96d6368b-b206-40c5-be1c-ce023ad0e743
5350-8907-2082,6426-5900-2329,287.41,2026-08-10T02:02:49,2,0,96d6368b-b206-40c5-be1c-ce023ad0e743
5350-8907-2082,4973-3661-8883,359.72,2026-08-10T02:03:20,2,0,96d6368b-b206-40c5-be1c-ce023ad0e743
5350-8907-2082,2086-6143-1932,546.1,2026-08-10T02:04:21,2,0,96d6368b-b206-40c5-be1c-ce023ad0e743
5018-4706-1364,3701-6506-3608,90.0,2026-08-10T02:06:36,3,1,96d6368b-b206-40c5-be1c-ce023ad0e743
3549-9520-5570,3701-6506-3608,13602.07,2026-08-10T02:07:46,3,1,96d6368b-b206-40c5-be1c-ce023ad0e743
6426-5900-2329,3701-6506-3608,258.67,2026-08-10T02:09:40,3,1,96d6368b-b206-40c5-be1c-ce023ad0e743
1841-1034-8720,1535-3186-5774,390118.43,2026-07-18T21:32:12,1,0,1e7839a6-333c-44a6-963e-a84c358827f9
1535-3186-5774,1662-3706-6075,390118.43,2026-07-18T21:33:03,2,0,1e7839a6-333c-44a6-963e-a84c358827f9
1662-3706-6075,3784-7403-9034,390118.43,2026-07-18T21:34:30,3,1,1e7839a6-333c-44a6-963e-a84c358827f9
3271-2064-8574,5259-3578-9435,19790.6,2026-08-14T02:39:56,1,0,5590142d-e505-41b2-a7b3-3b43da4d6fcb
3271-2064-8574,2574-9133-4666,3333.9,2026-08-14T02:40:38,1,0,5590142d-e505-41b2-a7b3-3b43da4d6fcb
3271-2064-8574,5648-1524-7445,3341.19,2026-08-14T02:41:03,1,0,5590142d-e505-41b2-a7b3-3b43da4d6fcb
5259-3578-9435,3436-3543-1602,13648.7,2026-08-14T02:41:42,2,0,5590142d-e505-41b2-a7b3-3b43da4d6fcb
5259-3578-9435,2301-1962-2928,6141.9,2026-08-14T02:43:01,2,0,5590142d-e505-41b2-a7b3-3b43da4d6fcb
2574-9133-4666,7715-3008-5956,989.99,2026-08-14T02:43:54,2,0,5590142d-e505-41b2-a7b3-3b43da4d6fcb
2574-9133-4666,4436-8753-1554,2343.91,2026-08-14T02:45:17,2,0,5590142d-e505-41b2-a7b3-3b43da4d6fcb
5648-1524-7445,7512-6301-8366,1466.6,2026-08-14T02:46:29,2,0,5590142d-e505-41b2-a7b3-3b43da4d6fcb
5648-1524-7445,3177-6356-7919,1874.59,2026-08-14T02:46:59,2,0,5590142d-e505-41b2-a7b3-3b43da4d6fcb
7715-3008-5956,4932-9401-9115,890.99,2026-08-14T02:48:24,3,1,5590142d-e505-41b2-a7b3-3b43da4d6fcb
2301-1962-2928,4932-9401-9115,5527.71,2026-08-14T02:49:25,3,1,5590142d-e505-41b2-a7b3-3b43da4d6fcb
3436-3543-1602,4932-9401-9115,12283.83,2026-08-14T02:51:43,3,1,5590142d-e505-41b2-a7b3-3b43da4d6fcb
4436-8753-1554,4932-9401-9115,2109.52,2026-08-14T02:54:21,3,1,5590142d-e505-41b2-a7b3-3b43da4d6fcb
6447-9273-5480,7401-9662-4222,6553.2,2026-07-15T13:43:15,1,0,771b8489-ec4b-4e26-9c70-55aa7b503af5
6447-9273-5480,8126-1645-8453,5156.74,2026-07-15T13:44:05,1,0,771b8489-ec4b-4e26-9c70-55aa7b503af5
6447-9273-5480,9964-5754-9827,23398.64,2026-07-15T13:44:44,1,0,771b8489-ec4b-4e26-9c70-55aa7b503af5
7401-9662-4222,4651-8360-5336,1271.56,2026-07-15T13:45:14,2,0,771b8489-ec4b-4e26-9c70-55aa7b503af5
7401-9662-4222,5919-1634-4759,2455.06,2026-07-15T13:45:59,2,0,771b8489-ec4b-4e26-9c70-55aa7b503af5
7401-9662-4222,5163-7468-5347,2826.58,2026-07-15T13:47:20,2,0,771b8489-ec4b-4e26-9c70-55aa7b503af5
8126-1645-8453,9220-6016-1838,5156.74,2026-07-15T13:48:21,2,0,771b8489-ec4b-4e26-9c70-55aa7b503af5
9964-5754-9827,4847-7373-6383,23398.64,2026-07-15T13:49:02,2,0,771b8489-ec4b-4e26-9c70-55aa7b503af5
5919-1634-4759,3127-5230-3769,2209.55,2026-07-15T13:51:27,3,1,771b8489-ec4b-4e26-9c70-55aa7b503af5
9220-6016-1838,3127-5230-3769,4641.07,2026-07-15T13:52:53,3,1,771b8489-ec4b-4e26-9c70-55aa7b503af5
4651-8360-5336,3127-5230-3769,1144.4,2026-07-15T13:55:52,3,1,771b8489-ec4b-4e26-9c70-55aa7b503af5
5163-7468-5347,3127-5230-3769,2543.92,2026-07-15T13:58:02,3,1,771b8489-ec4b-4e26-9c70-55aa7b503af5
1054-4924-2081,3932-2857-8393,494.72,2026-06-06T21:51:58,1,0,a777bff3-400c-44b2-b09a-bff84193849c
1054-4924-2081,6530-2989-9199,40883.18,2026-06-06T21:52:50,1,0,a777bff3-400c-44b2-b09a-bff84193849c
3932-2857-8393,3890-7355-4101,100.0,2026-06-06T21:54:18,2,0,a777bff3-400c-44b2-b09a-bff84193849c
3932-2857-8393,9934-5100-1298,466.54,2026-06-06T21:54:52,2,0,a777bff3-400c-44b2-b09a-bff84193849c
6530-2989-9199,4181-8842-6757,8375.14,2026-06-06T21:56:11,2,0,a777bff3-400c-44b2-b09a-bff84193849c
6530-2989-9199,1488-6573-7377,27865.68,2026-06-06T21:57:11,2,0,a777bff3-400c-44b2-b09a-bff84193849c
6530-2989-9199,8084-2696-9395,4642.37,2026-06-06T21:58:28,2,0,a777bff3-400c-44b2-b09a-bff84193849c
1488-6573-7377,1687-1596-8420,25079.11,2026-06-06T22:00:41,3,1,a777bff3-400c-44b2-b09a-bff84193849c
8084-2696-9395,1687-1596-8420,4178.13,2026-06-06T22:02:28,3,1,a777bff3-400c-44b2-b09a-bff84193849c
9934-5100-1298,1687-1596-8420,419.89,2026-06-06T22:03:28,3,1,a777bff3-400c-44b2-b09a-bff84193849c
4181-8842-6757,1687-1596-8420,7537.63,2026-06-06T22:06:15,3,1,a777bff3-400c-44b2-b09a-bff84193849c
3890-7355-4101,1687-1596-8420,90.0,2026-06-06T22:07:29,3,1,a777bff3-400c-44b2-b09a-bff84193849c
6582-2962-1532,6194-5031-6112,245764.17,2026-07-25T21:37:53,1,0,400a29f2-5878-4bd0-ba39-1eaed11f36ca
6582-2962-1532,9799-7973-5807,29720.8,2026-07-25T21:38:12,1,0,400a29f2-5878-4bd0-ba39-1eaed11f36ca
6582-2962-1532,1637-2746-1899,38552.19,2026-07-25T21:38:55,1,0,400a29f2-5878-4bd0-ba39-1eaed11f36ca
6194-5031-6112,1428-5671-6369,245764.17,2026-07-25T21:39:36,2,0,400a29f2-5878-4bd0-ba39-1eaed11f36ca
9799-7973-5807,6939-2857-2559,29720.8,2026-07-25T21:40:22,2,0,400a29f2-5878-4bd0-ba39-1eaed11f36ca
1637-2746-1899,2291-4793-1804,38552.19,2026-07-25T21:41:09,2,0,400a29f2-5878-4bd0-ba39-1eaed11f36ca
2291-4793-1804,2645-7613-1667,34696.97,2026-07-25T21:44:01,3,1,400a29f2-5878-4bd0-ba39-1eaed11f36ca
6939-2857-2559,2645-7613-1667,26748.72,2026-07-25T21:46:35,3,1,400a29f2-5878-4bd0-ba39-1eaed11f36ca
1428-5671-6369,2645-7613-1667,221187.75,2026-07-25T21:49:35,3,1,400a29f2-5878-4bd0-ba39-1eaed11f36ca
8687-6916-7651,2751-5330-3601,9425.92,2026-07-27T20:20:57,1,0,6ddcf3e7-1319-4023-ae80-1c52991299f2
8687-6916-7651,5056-2343-6473,188178.36,2026-07-27T20:21:17,1,0,6ddcf3e7-1319-4023-ae80-1c52991299f2
8687-6916-7651,3758-4033-2701,31984.85,2026-07-27T20:21:27,1,0,6ddcf3e7-1319-4023-ae80-1c52991299f2
2751-5330-3601,9071-9971-4897,9425.92,2026-07-27T20:22:00,2,0,6ddcf3e7-1319-4023-ae80-1c52991299f2
5056-2343-6473,5795-6640-3231,157707.66,2026-07-27T20:23:15,2,0,6ddcf3e7-1319-4023-ae80-1c52991299f2
5056-2343-6473,7627-7742-5713,15857.61,2026-07-27T20:23:52,2,0,6ddcf3e7-1319-4023-ae80-1c52991299f2
5056-2343-6473,5413-5080-3042,14613.09,2026-07-27T20:24:58,2,0,6ddcf3e7-1319-4023-ae80-1c52991299f2
3758-4033-2701,3170-1658-4782,31984.85,2026-07-27T20:25:43,2,0,6ddcf3e7-1319-4023-ae80-1c52991299f2
7627-7742-5713,1046-4443-2814,14271.85,2026-07-27T20:26:44,3,1,6ddcf3e7-1319-4023-ae80-1c52991299f2
9071-9971-4897,1046-4443-2814,8483.33,2026-07-27T20:28:02,3,1,6ddcf3e7-1319-4023-ae80-1c52991299f2
3170-1658-4782,1046-4443-2814,28786.36,2026-07-27T20:30:53,3,1,6ddcf3e7-1319-4023-ae80-1c52991299f2
5506-8264-4302,3390-4387-7376,10977.37,2026-07-09T05:53:17,1,0,75335b0e-0c32-464e-be69-50f6624bd79a
5506-8264-4302,6786-4080-4977,188325.79,2026-07-09T05:54:17,1,0,75335b0e-0c32-464e-be69-50f6624bd79a
5506-8264-4302,9026-9010-5487,245301.9,2026-07-09T05:54:40,1,0,75335b0e-0c32-464e-be69-50f6624bd79a
3390-4387-7376,1225-8753-9676,477.67,2026-07-09T05:55:29,2,0,75335b0e-0c32-464e-be69-50f6624bd79a
3390-4387-7376,2069-8445-6699,10499.7,2026-07-09T05:56:52,2,0,75335b0e-0c32-464e-be69-50f6624bd79a
6786-4080-4977,1280-4840-8961,188325.79,2026-07-09T05:57:46,2,0,75335b0e-0c32-464e-be69-50f6624bd79a
9026-9010-5487,7075-9552-5174,109964.84,2026-07-09T05:59:07,2,0,75335b0e-0c32-464e-be69-50f6624bd79a
9026-9010-5487,2619-5453-9462,135337.06,2026-07-09T06:00:33,2,0,75335b0e-0c32-464e-be69-50f6624bd79a
2619-5453-9462,3442-1320-6363,121803.35,2026-07-09T06:03:11,3,1,75335b0e-0c32-464e-be69-50f6624bd79a
2069-8445-6699,3442-1320-6363,9449.73,2026-07-09T06:05:12,3,1,75335b0e-0c32-464e-be69-50f6624bd79a
1280-4840-8961,3442-1320-6363,169493.21,2026-07-09T06:07:44,3,1,75335b0e-0c32-464e-be69-50f6624bd79a
7075-9552-5174,3442-1320-6363,98968.36,2026-07-09T06:09:18,3,1,75335b0e-0c32-464e-be69-50f6624bd79a
1225-8753-9676,3442-1320-6363,429.9,2026-07-09T06:12:05,3,1,75335b0e-0c32-464e-be69-50f6624bd79a
8730-4215-5012,1750-6507-6847,84901.72,2026-06-29T09:51:14,1,0,e4403846-e388-4934-8cbe-fcd8afd73691
8730-4215-5012,8723-4951-9724,74809.71,2026-06-29T09:51:28,1,0,e4403846-e388-4934-8cbe-fcd8afd73691
1750-6507-6847,8652-7756-9765,84901.72,2026-06-29T09:52:45,2,0,e4403846-e388-4934-8cbe-fcd8afd73691
8723-4951-9724,3223-4616-4514,51574.06,2026-06-29T09:54:13,2,0,e4403846-e388-4934-8cbe-fcd8afd73691
8723-4951-9724,4579-7076-2586,10608.49,2026-06-29T09:55:39,2,0,e4403846-e388-4934-8cbe-fcd8afd73691
8723-4951-9724,1599-5201-1191,12627.16,2026-06-29T09:56:48,2,0,e4403846-e388-4934-8cbe-fcd8afd73691
8652-7756-9765,9864-3736-1104,76411.55,2026-06-29T09:58:50,3,1,e4403846-e388-4934-8cbe-fcd8afd73691
3223-4616-4514,9864-3736-1104,46416.65,2026-06-29T10:01:43,3,1,e4403846-e388-4934-8cbe-fcd8afd73691
4579-7076-2586,9864-3736-1104,9547.64,2026-06-29T10:03:12,3,1,e4403846-e388-4934-8cbe-fcd8afd73691
6847-8411-3691,2597-1349-5509,50156.27,2026-06-07T08:31:48,1,0,c3b172f5-4693-449f-8933-c528f362a2df
2597-1349-5509,4208-4425-4238,50156.27,2026-06-07T08:32:26,2,0,c3b172f5-4693-449f-8933-c528f362a2df
4208-4425-4238,2931-4345-7007,50156.27,2026-06-07T08:36:06,3,1,c3b172f5-4693-449f-8933-c528f362a2df
2036-3606-8761,1124-3807-7136,14010.79,2026-07-23T14:12:09,1,0,a49959a5-34e8-4c12-9ee1-a44a8ebb8fae
2036-3606-8761,1575-9733-3868,20679.79,2026-07-23T14:12:32,1,0,a49959a5-34e8-4c12-9ee1-a44a8ebb8fae
1124-3807-7136,5360-9523-9697,14010.79,2026-07-23T14:14:02,2,0,a49959a5-34e8-4c12-9ee1-a44a8ebb8fae
1575-9733-3868,8422-3578-9730,12341.38,2026-07-23T14:14:43,2,0,a49959a5-34e8-4c12-9ee1-a44a8ebb8fae
1575-9733-3868,4532-8357-7961,8338.41,2026-07-23T14:15:51,2,0,a49959a5-34e8-4c12-9ee1-a44a8ebb8fae
8422-3578-9730,9772-8616-2491,11107.24,2026-07-23T14:17:05,3,1,a49959a5-34e8-4c12-9ee1-a44a8ebb8fae
4532-8357-7961,9772-8616-2491,7504.57,2026-07-23T14:18:34,3,1,a49959a5-34e8-4c12-9ee1-a44a8ebb8fae
5360-9523-9697,9772-8616-2491,12609.71,2026-07-23T14:19:48,3,1,a49959a5-34e8-4c12-9ee1-a44a8ebb8fae
3215-1865-9486,9831-4797-3071,434705.61,2026-08-08T01:49:37,1,0,09ee9ee8-61ca-4370-8c28-c34434e60b4f
9831-4797-3071,4956-9831-2369,434705.61,2026-08-08T01:50:28,2,0,09ee9ee8-61ca-4370-8c28-c34434e60b4f
4956-9831-2369,1721-8007-9036,434705.61,2026-08-08T01:55:05,3,1,09ee9ee8-61ca-4370-8c28-c34434e60b4f
9486-3421-8247,7916-9957-2313,256169.21,2026-06-14T02:09:18,1,0,616c245c-1c96-42fd-8407-d4ab254e5d00
7916-9957-2313,1490-1542-1188,169784.6,2026-06-14T02:09:53,2,0,616c245c-1c96-42fd-8407-d4ab254e5d00
7916-9957-2313,1447-1396-1497,86384.61,2026-06-14T02:10:28,2,0,616c245c-1c96-42fd-8407-d4ab254e5d00
1447-1396-1497,1937-1423-3453,86384.61,2026-06-14T02:12:58,3,0,616c245c-1c96-42fd-8407-d4ab254e5d00
1937-1423-3453,5749-5786-5273,86384.61,2026-06-14T02:14:38,4,1,616c245c-1c96-42fd-8407-d4ab254e5d00
8811-5705-9046,2255-3467-3879,3305.69,2026-08-12T02:37:38,1,0,66a02f3d-2e37-4ce0-a5bf-988c9c6af599
8811-5705-9046,5734-9215-1695,21826.59,2026-08-12T02:37:48,1,0,66a02f3d-2e37-4ce0-a5bf-988c9c6af599
8811-5705-9046,6146-7216-8682,161810.44,2026-08-12T02:38:03,1,0,66a02f3d-2e37-4ce0-a5bf-988c9c6af599
2255-3467-3879,3014-4863-7766,3223.37,2026-08-12T02:38:47,2,0,66a02f3d-2e37-4ce0-a5bf-988c9c6af599
2255-3467-3879,3445-5414-9383,100.0,2026-08-12T02:39:27,2,0,66a02f3d-2e37-4ce0-a5bf-988c9c6af599
5734-9215-1695,8696-1868-7663,21826.59,2026-08-12T02:40:10,2,0,66a02f3d-2e37-4ce0-a5bf-988c9c6af599
6146-7216-8682,6817-1278-9615,24944.14,2026-08-12T02:41:39,2,0,66a02f3d-2e37-4ce0-a5bf-988c9c6af599
6146-7216-8682,4027-3060-2057,26113.73,2026-08-12T02:43:05,2,0,66a02f3d-2e37-4ce0-a5bf-988c9c6af599
6146-7216-8682,1994-5387-1769,110752.57,2026-08-12T02:44:21,2,0,66a02f3d-2e37-4ce0-a5bf-988c9c6af599
3445-5414-9383,4075-9656-2051,90.0,2026-08-12T02:45:52,3,1,66a02f3d-2e37-4ce0-a5bf-988c9c6af599
4027-3060-2057,4075-9656-2051,23502.36,2026-08-12T02:47:43,3,1,66a02f3d-2e37-4ce0-a5bf-988c9c6af599
1994-5387-1769,4075-9656-2051,99677.31,2026-08-12T02:49:49,3,1,66a02f3d-2e37-4ce0-a5bf-988c9c6af599
6817-1278-9615,4075-9656-2051,22449.73,2026-08-12T02:51:28,3,1,66a02f3d-2e37-4ce0-a5bf-988c9c6af599
3138-7033-9656,4504-2705-6072,71277.2,2026-08-18T14:24:09,1,0,180656b8-ea60-4b70-963b-04f9099b8d85
3138-7033-9656,5126-2346-8568,393619.52,2026-08-18T14:24:29,1,0,180656b8-ea60-4b70-963b-04f9099b8d85
4504-2705-6072,4057-7607-4753,71277.2,2026-08-18T14:25:45,2,0,180656b8-ea60-4b70-963b-04f9099b8d85
5126-2346-8568,1381-2386-8697,393619.52,2026-08-18T14:26:39,2,0,180656b8-ea60-4b70-963b-04f9099b8d85
4057-7607-4753,2785-7035-4955,71277.2,2026-08-18T14:30:01,3,1,180656b8-ea60-4b70-963b-04f9099b8d85
1381-2386-8697,8629-2008-6569,393619.52,2026-08-18T14:31:10,3,1,180656b8-ea60-4b70-963b-04f9099b8d85
4352-4541-4423,4183-9621-5222,410931.08,2026-07-03T03:33:43,1,0,49739729-3209-45c6-a7e9-91b5f3c3255b
4352-4541-4423,6162-3001-7467,50229.99,2026-07-03T03:34:38,1,0,49739729-3209-45c6-a7e9-91b5f3c3255b
4183-9621-5222,9919-1791-4254,410931.08,2026-07-03T03:35:23,2,0,49739729-3209-45c6-a7e9-91b5f3c3255b
6162-3001-7467,7635-6292-4698,50229.99,2026-07-03T03:35:55,2,0,49739729-3209-45c6-a7e9-91b5f3c3255b
9919-1791-4254,6364-7378-2561,410931.08,2026-07-03T03:38:53,3,0,49739729-3209-45c6-a7e9-91b5f3c3255b
6364-7378-2561,9592-1137-1174,410931.08,2026-07-03T03:43:46,4,1,49739729-3209-45c6-a7e9-91b5f3c3255b
7635-6292-4698,7799-2835-3095,50229.99,2026-07-03T03:48:20,3,0,49739729-3209-45c6-a7e9-91b5f3c3255b
7799-2835-3095,8737-9148-5323,50229.99,2026-07-03T03:52:26,4,1,49739729-3209-45c6-a7e9-91b5f3c3255b
1050-4501-7418,6665-3194-1949,295718.52,2026-06-02T01:03:22,1,0,796ce11e-02c6-431c-8610-21095ac88a8d
1050-4501-7418,2249-6099-2161,76061.16,2026-06-02T01:04:06,1,0,796ce11e-02c6-431c-8610-21095ac88a8d
6665-3194-1949,3282-7672-4190,295718.52,2026-06-02T01:04:46,2,0,796ce11e-02c6-431c-8610-21095ac88a8d
2249-6099-2161,3422-2204-4934,4786.34,2026-06-02T01:05:21,2,0,796ce11e-02c6-431c-8610-21095ac88a8d
2249-6099-2161,8393-5505-6491,12732.17,2026-06-02T01:06:09,2,0,796ce11e-02c6-431c-8610-21095ac88a8d
2249-6099-2161,6532-7852-2257,58542.64,2026-06-02T01:07:32,2,0,796ce11e-02c6-431c-8610-21095ac88a8d
6532-7852-2257,9508-2572-2908,52688.38,2026-06-02T01:09:26,3,1,796ce11e-02c6-431c-8610-21095ac88a8d
3422-2204-4934,9508-2572-2908,4307.71,2026-06-02T01:12:26,3,1,796ce11e-02c6-431c-8610-21095ac88a8d
8393-5505-6491,9508-2572-2908,11458.95,2026-06-02T01:15:19,3,1,796ce11e-02c6-431c-8610-21095ac88a8d
3282-7672-4190,9508-2572-2908,266146.67,2026-06-02T01:17:36,3,1,796ce11e-02c6-431c-8610-21095ac88a8d
3523-8465-2190,4487-2637-3875,119808.52,2026-06-14T08:24:43,1,0,0a56d78b-694d-44a4-8d5c-3fa69946ca2f
3523-8465-2190,4581-5161-6579,109746.15,2026-06-14T08:25:29,1,0,0a56d78b-694d-44a4-8d5c-3fa69946ca2f
4487-2637-3875,3336-4454-9593,32985.08,2026-06-14T08:26:56,2,0,0a56d78b-694d-44a4-8d5c-3fa69946ca2f
4487-2637-3875,5321-5757-1660,71873.98,2026-06-14T08:27:38,2,0,0a56d78b-694d-44a4-8d5c-3fa69946ca2f
4487-2637-3875,2897-4966-5980,14949.46,2026-06-14T08:28:43,2,0,0a56d78b-694d-44a4-8d5c-3fa69946ca2f
4581-5161-6579,7132-3033-1874,109746.15,2026-06-14T08:29:19,2,0,0a56d78b-694d-44a4-8d5c-3fa69946ca2f
2897-4966-5980,5740-5681-3978,13454.51,2026-06-14T08:31:50,3,1,0a56d78b-694d-44a4-8d5c-3fa69946ca2f
7132-3033-1874,5740-5681-3978,98771.54,2026-06-14T08:33:11,3,1,0a56d78b-694d-44a4-8d5c-3fa69946ca2f
3336-4454-9593,5740-5681-3978,29686.57,2026-06-14T08:35:30,3,1,0a56d78b-694d-44a4-8d5c-3fa69946ca2f
5856-8474-2468,5842-3378-9769,10952.1,2026-07-29T01:17:15,1,0,6a2d52f3-62e0-4953-afa0-d2beefa09547
5856-8474-2468,6999-7293-5066,71552.66,2026-07-29T01:18:15,1,0,6a2d52f3-62e0-4953-afa0-d2beefa09547
5856-8474-2468,3407-6412-2686,413.14,2026-07-29T01:19:14,1,0,6a2d52f3-62e0-4953-afa0-d2beefa09547
5842-3378-9769,7622-1897-7681,3036.18,2026-07-29T01:20:09,2,0,6a2d52f3-62e0-4953-afa0-d2beefa09547
5842-3378-9769,1376-8749-3539,7915.92,2026-07-29T01:20:40,2,0,6a2d52f3-62e0-4953-afa0-d2beefa09547
6999-7293-5066,4737-9519-4610,1746.22,2026-07-29T01:22:03,2,0,6a2d52f3-62e0-4953-afa0-d2beefa09547
6999-7293-5066,6337-6927-4997,13000.77,2026-07-29T01:22:59,2,0,6a2d52f3-62e0-4953-afa0-d2beefa09547
6999-7293-5066,9523-3269-1286,56805.67,2026-07-29T01:24:05,2,0,6a2d52f3-62e0-4953-afa0-d2beefa09547
3407-6412-2686,7655-6877-9921,413.14,2026-07-29T01:25:18,2,0,6a2d52f3-62e0-4953-afa0-d2beefa09547
9523-3269-1286,2192-4549-1244,51125.1,2026-07-29T01:28:01,3,1,6a2d52f3-62e0-4953-afa0-d2beefa09547
6337-6927-4997,2192-4549-1244,11700.69,2026-07-29T01:30:53,3,1,6a2d52f3-62e0-4953-afa0-d2beefa09547
4737-9519-4610,2192-4549-1244,1571.6,2026-07-29T01:32:33,3,1,6a2d52f3-62e0-4953-afa0-d2beefa09547
1376-8749-3539,2192-4549-1244,7124.33,2026-07-29T01:33:48,3,1,6a2d52f3-62e0-4953-afa0-d2beefa09547
9871-3440-4942,6091-9339-5454,29975.12,2026-07-11T23:39:16,1,0,286b0955-d260-4053-9923-d40fe015fd75
9871-3440-4942,1664-1482-3690,122262.5,2026-07-11T23:39:50,1,0,286b0955-d260-4053-9923-d40fe015fd75
9871-3440-4942,8838-4665-1016,93164.92,2026-07-11T23:40:32,1,0,286b0955-d260-4053-9923-d40fe015fd75
6091-9339-5454,1417-1785-2084,17447.53,2026-07-11T23:41:41,2,0,286b0955-d260-4053-9923-d40fe015fd75
6091-9339-5454,7147-9647-1917,12527.59,2026-07-11T23:43:05,2,0,286b0955-d260-4053-9923-d40fe015fd75
1664-1482-3690,9549-4209-8263,34713.44,2026-07-11T23:43:52,2,0,286b0955-d260-4053-9923-d40fe015fd75
1664-1482-3690,7736-3353-1824,64864.59,2026-07-11T23:44:47,2,0,286b0955-d260-4053-9923-d40fe015fd75
1664-1482-3690,7035-4612-5584,22684.47,2026-07-11T23:46:03,2,0,286b0955-d260-4053-9923-d40fe015fd75
8838-4665-1016,1318-2508-9062,60568.55,2026-07-11T23:46:43,2,0,286b0955-d260-4053-9923-d40fe015fd75
8838-4665-1016,8768-7299-1781,32596.37,2026-07-11T23:47:14,2,0,286b0955-d260-4053-9923-d40fe015fd75
7147-9647-1917,4802-2461-3173,11274.83,2026-07-11T23:48:59,3,1,286b0955-d260-4053-9923-d40fe015fd75
8768-7299-1781,4802-2461-3173,29336.73,2026-07-11T23:51:56,3,1,286b0955-d260-4053-9923-d40fe015fd75
7736-3353-1824,4802-2461-3173,58378.13,2026-07-11T23:53:06,3,1,286b0955-d260-4053-9923-d40fe015fd75
2665-2287-3676,7223-2845-4585,217807.25,2026-06-26T13:37:32,1,0,1e99bdd9-5190-4807-8c9c-d6e576357371
7223-2845-4585,8663-9122-9947,217807.25,2026-06-26T13:38:38,2,0,1e99bdd9-5190-4807-8c9c-d6e576357371
8663-9122-9947,5335-1805-3763,217807.25,2026-06-26T13:43:19,3,0,1e99bdd9-5190-4807-8c9c-d6e576357371
5335-1805-3763,9360-1704-2548,217807.25,2026-06-26T13:46:09,4,1,1e99bdd9-5190-4807-8c9c-d6e576357371
2664-7526-8707,2774-3322-8589,53151.58,2026-07-27T06:08:15,1,0,500c63df-c5c0-4923-86c2-f633eeaa5d4b
2664-7526-8707,9186-9411-3790,37919.47,2026-07-27T06:08:36,1,0,500c63df-c5c0-4923-86c2-f633eeaa5d4b
2664-7526-8707,4058-2231-1229,23085.57,2026-07-27T06:09:12,1,0,500c63df-c5c0-4923-86c2-f633eeaa5d4b
2774-3322-8589,8175-4831-7979,34574.85,2026-07-27T06:10:16,2,0,500c63df-c5c0-4923-86c2-f633eeaa5d4b
2774-3322-8589,4795-9836-4981,16816.61,2026-07-27T06:11:34,2,0,500c63df-c5c0-4923-86c2-f633eeaa5d4b
2774-3322-8589,2883-9442-3903,1760.12,2026-07-27T06:12:38,2,0,500c63df-c5c0-4923-86c2-f633eeaa5d4b
9186-9411-3790,8431-8836-2000,37919.47,2026-07-27T06:13:33,2,0,500c63df-c5c0-4923-86c2-f633eeaa5d4b
4058-2231-1229,1253-6981-1036,23085.57,2026-07-27T06:14:27,2,0,500c63df-c5c0-4923-86c2-f633eeaa5d4b
2883-9442-3903,3608-2412-7444,1584.11,2026-07-27T06:16:51,3,1,500c63df-c5c0-4923-86c2-f633eeaa5d4b
1253-6981-1036,3608-2412-7444,20777.01,2026-07-27T06:18:48,3,1,500c63df-c5c0-4923-86c2-f633eeaa5d4b
8431-8836-2000,3608-2412-7444,34127.52,2026-07-27T06:20:07,3,1,500c63df-c5c0-4923-86c2-f633eeaa5d4b
2191-3273-6363,7519-8482-1646,157174.84,2026-06-27T04:04:31,1,0,2a23e938-ecc8-44f3-9307-c7e7f861af49
2191-3273-6363,9753-5399-4853,51783.53,2026-06-27T04:04:43,1,0,2a23e938-ecc8-44f3-9307-c7e7f861af49
2191-3273-6363,8044-9877-5731,174301.28,2026-06-27T04:05:39,1,0,2a23e938-ecc8-44f3-9307-c7e7f861af49
7519-8482-1646,5108-9312-5781,115710.15,2026-06-27T04:06:27,2,0,2a23e938-ecc8-44f3-9307-c7e7f861af49
7519-8482-1646,3129-5884-6533,39830.1,2026-06-27T04:07:48,2,0,2a23e938-ecc8-44f3-9307-c7e7f861af49
7519-8482-1646,9391-2081-2376,1634.59,2026-06-27T04:08:40,2,0,2a23e938-ecc8-44f3-9307-c7e7f861af49
9753-5399-4853,8825-4211-9835,14824.58,2026-06-27T04:09:27,2,0,2a23e938-ecc8-44f3-9307-c7e7f861af49
9753-5399-4853,4059-1429-8405,36958.95,2026-06-27T04:10:37,2,0,2a23e938-ecc8-44f3-9307-c7e7f861af49
8044-9877-5731,3456-8151-9287,120483.85,2026-06-27T04:11:38,2,0,2a23e938-ecc8-44f3-9307-c7e7f861af49
8044-9877-5731,9146-3521-3121,35802.5,2026-06-27T04:12:41,2,0,2a23e938-ecc8-44f3-9307-c7e7f861af49
8044-9877-5731,6244-9456-4213,18014.94,2026-06-27T04:13:26,2,0,2a23e938-ecc8-44f3-9307-c7e7f861af49
9146-3521-3121,6437-8481-1627,32222.25,2026-06-27T04:14:41,3,1,2a23e938-ecc8-44f3-9307-c7e7f861af49
8825-4211-9835,6437-8481-1627,13342.12,2026-06-27T04:17:20,3,1,2a23e938-ecc8-44f3-9307-c7e7f861af49
3456-8151-9287,6437-8481-1627,108435.47,2026-06-27T04:18:52,3,1,2a23e938-ecc8-44f3-9307-c7e7f861af49
4059-1429-8405,6437-8481-1627,33263.06,2026-06-27T04:21:07,3,1,2a23e938-ecc8-44f3-9307-c7e7f861af49
4042-5040-3180,9727-5411-7412,18515.48,2026-07-20T18:37:08,1,0,f427be93-3648-47dd-9942-4279d392905f
4042-5040-3180,4640-4187-9948,42764.8,2026-07-20T18:37:52,1,0,f427be93-3648-47dd-9942-4279d392905f
4042-5040-3180,2689-6573-7633,7666.64,2026-07-20T18:38:23,1,0,f427be93-3648-47dd-9942-4279d392905f
9727-5411-7412,4641-6625-9679,18515.48,2026-07-20T18:39:31,2,0,f427be93-3648-47dd-9942-4279d392905f
4640-4187-9948,2740-7409-7049,15348.82,2026-07-20T18:41:01,2,0,f427be93-3648-47dd-9942-4279d392905f
4640-4187-9948,6993-1420-9022,25903.39,2026-07-20T18:42:02,2,0,f427be93-3648-47dd-9942-4279d392905f
4640-4187-9948,9502-5306-7328,1512.59,2026-07-20T18:42:44,2,0,f427be93-3648-47dd-9942-4279d392905f
2689-6573-7633,2220-2854-8884,5473.36,2026-07-20T18:43:51,2,0,f427be93-3648-47dd-9942-4279d392905f
2689-6573-7633,8933-3700-1768,279.1,2026-07-20T18:44:34,2,0,f427be93-3648-47dd-9942-4279d392905f
2689-6573-7633,4262-9544-6465,1914.18,2026-07-20T18:45:24,2,0,f427be93-3648-47dd-9942-4279d392905f
2220-2854-8884,9593-2595-4901,4926.02,2026-07-20T18:47:21,3,1,f427be93-3648-47dd-9942-4279d392905f
2740-7409-7049,9593-2595-4901,13813.94,2026-07-20T18:49:40,3,1,f427be93-3648-47dd-9942-4279d392905f
9502-5306-7328,9593-2595-4901,1361.33,2026-07-20T18:52:30,3,1,f427be93-3648-47dd-9942-4279d392905f
4262-9544-6465,9593-2595-4901,1722.76,2026-07-20T18:55:08,3,1,f427be93-3648-47dd-9942-4279d392905f
8481-7273-9670,9580-8747-1985,431573.36,2026-06-03T04:10:59,1,0,eea525d4-25de-4812-9eef-e43792a7bd9f
9580-8747-1985,3126-4850-9425,122527.1,2026-06-03T04:11:39,2,0,eea525d4-25de-4812-9eef-e43792a7bd9f
9580-8747-1985,9630-6706-7589,309046.26,2026-06-03T04:12:58,2,0,eea525d4-25de-4812-9eef-e43792a7bd9f
9630-6706-7589,9829-8245-5579,309046.26,2026-06-03T04:15:14,3,0,eea525d4-25de-4812-9eef-e43792a7bd9f
9829-8245-5579,6526-5581-9869,309046.26,2026-06-03T04:18:55,4,1,eea525d4-25de-4812-9eef-e43792a7bd9f
5719-3912-9225,5989-2944-2359,217495.72,2026-07-08T07:59:49,1,0,ae5ce723-c44b-436c-ade4-8aa834df9f59
5989-2944-2359,1702-3554-6027,217495.72,2026-07-08T08:00:42,2,0,ae5ce723-c44b-436c-ade4-8aa834df9f59
1702-3554-6027,2896-6340-6199,217495.72,2026-07-08T08:01:59,3,1,ae5ce723-c44b-436c-ade4-8aa834df9f59
7974-3984-2644,5968-5659-9516,5718.1,2026-06-30T14:22:40,1,0,f63848b1-f0f6-4f5b-949a-3e384a7b5191
7974-3984-2644,9598-7276-7321,9605.9,2026-06-30T14:23:34,1,0,f63848b1-f0f6-4f5b-949a-3e384a7b5191
5968-5659-9516,5795-7771-3452,5457.13,2026-06-30T14:24:58,2,0,f63848b1-f0f6-4f5b-949a-3e384a7b5191
5968-5659-9516,1104-3125-7001,260.97,2026-06-30T14:25:41,2,0,f63848b1-f0f6-4f5b-949a-3e384a7b5191
9598-7276-7321,2734-3190-4119,312.81,2026-06-30T14:26:50,2,0,f63848b1-f0f6-4f5b-949a-3e384a7b5191
9598-7276-7321,2030-3069-4279,4893.22,2026-06-30T14:27:53,2,0,f63848b1-f0f6-4f5b-949a-3e384a7b5191
9598-7276-7321,3346-1116-5994,4399.87,2026-06-30T14:28:58,2,0,f63848b1-f0f6-4f5b-949a-3e384a7b5191
3346-1116-5994,3899-3960-6735,3959.88,2026-06-30T14:30:39,3,1,f63848b1-f0f6-4f5b-949a-3e384a7b5191
5795-7771-3452,3899-3960-6735,4911.42,2026-06-30T14:32:59,3,1,f63848b1-f0f6-4f5b-949a-3e384a7b5191
2734-3190-4119,3899-3960-6735,281.53,2026-06-30T14:35:49,3,1,f63848b1-f0f6-4f5b-949a-3e384a7b5191
1104-3125-7001,3899-3960-6735,234.87,2026-06-30T14:38:08,3,1,f63848b1-f0f6-4f5b-949a-3e384a7b5191
7265-4950-2675,1869-3976-8201,210614.11,2026-06-22T16:35:25,1,0,d0d00e56-25f9-4497-88c1-60d388636fdb
7265-4950-2675,2981-8680-3876,212405.65,2026-06-22T16:36:21,1,0,d0d00e56-25f9-4497-88c1-60d388636fdb
1869-3976-8201,6338-3978-3826,210614.11,2026-06-22T16:37:00,2,0,d0d00e56-25f9-4497-88c1-60d388636fdb
2981-8680-3876,2651-7997-6356,212405.65,2026-06-22T16:38:12,2,0,d0d00e56-25f9-4497-88c1-60d388636fdb
6338-3978-3826,3728-6326-6958,210614.11,2026-06-22T16:42:11,3,1,d0d00e56-25f9-4497-88c1-60d388636fdb
2651-7997-6356,5370-7846-3001,212405.65,2026-06-22T16:45:16,3,0,d0d00e56-25f9-4497-88c1-60d388636fdb
5370-7846-3001,4585-3647-7440,212405.65,2026-06-22T16:47:30,4,1,d0d00e56-25f9-4497-88c1-60d388636fdb
9161-2908-3956,8189-1044-4060,370577.84,2026-08-10T11:29:00,1,0,2cde2435-8f64-4c3d-bbe2-55cfc3e2f441
9161-2908-3956,3856-8211-2144,65331.75,2026-08-10T11:29:58,1,0,2cde2435-8f64-4c3d-bbe2-55cfc3e2f441
8189-1044-4060,6355-3265-9502,261474.25,2026-08-10T11:31:18,2,0,2cde2435-8f64-4c3d-bbe2-55cfc3e2f441
8189-1044-4060,4981-3140-3445,57716.17,2026-08-10T11:32:23,2,0,2cde2435-8f64-4c3d-bbe2-55cfc3e2f441
8189-1044-4060,1460-2614-3207,51387.42,2026-08-10T11:33:28,2,0,2cde2435-8f64-4c3d-bbe2-55cfc3e2f441
3856-8211-2144,9248-9288-8182,49709.03,2026-08-10T11:34:13,2,0,2cde2435-8f64-4c3d-bbe2-55cfc3e2f441
3856-8211-2144,6723-4450-7098,3267.98,2026-08-10T11:35:42,2,0,2cde2435-8f64-4c3d-bbe2-55cfc3e2f441
3856-8211-2144,9426-6855-4025,12354.74,2026-08-10T11:36:29,2,0,2cde2435-8f64-4c3d-bbe2-55cfc3e2f441
1460-2614-3207,3670-4441-2533,46248.68,2026-08-10T11:37:48,3,1,2cde2435-8f64-4c3d-bbe2-55cfc3e2f441
6355-3265-9502,3670-4441-2533,235326.82,2026-08-10T11:40:21,3,1,2cde2435-8f64-4c3d-bbe2-55cfc3e2f441
9248-9288-8182,3670-4441-2533,44738.13,2026-08-10T11:41:32,3,1,2cde2435-8f64-4c3d-bbe2-55cfc3e2f441
6723-4450-7098,3670-4441-2533,2941.18,2026-08-10T11:44:23,3,1,2cde2435-8f64-4c3d-bbe2-55cfc3e2f441
4981-3140-3445,3670-4441-2533,51944.55,2026-08-10T11:47:08,3,1,2cde2435-8f64-4c3d-bbe2-55cfc3e2f441
2354-4447-9189,2886-3378-7517,318446.21,2026-07-20T14:01:17,1,0,e0fe43fe-1904-449a-acb0-2d536d0ca305
2886-3378-7517,8542-7719-8644,318446.21,2026-07-20T14:02:35,2,0,e0fe43fe-1904-449a-acb0-2d536d0ca305
8542-7719-8644,2846-7268-7597,318446.21,2026-07-20T14:04:01,3,1,e0fe43fe-1904-449a-acb0-2d536d0ca305
8315-3228-6618,9669-8170-5074,31854.93,2026-06-23T22:02:48,1,0,7543a940-ca3e-43bb-afa7-397aafe0b97f
8315-3228-6618,4243-4507-1606,2055.31,2026-06-23T22:03:39,1,0,7543a940-ca3e-43bb-afa7-397aafe0b97f
8315-3228-6618,5810-4153-8068,21978.0,2026-06-23T22:03:58,1,0,7543a940-ca3e-43bb-afa7-397aafe0b97f
9669-8170-5074,7468-9598-3303,31854.93,2026-06-23T22:05:27,2,0,7543a940-ca3e-43bb-afa7-397aafe0b97f
4243-4507-1606,3459-5697-7153,2055.31,2026-06-23T22:06:05,2,0,7543a940-ca3e-43bb-afa7-397aafe0b97f
5810-4153-8068,6733-7234-2081,7986.66,2026-06-23T22:06:43,2,0,7543a940-ca3e-43bb-afa7-397aafe0b97f
5810-4153-8068,1020-4516-6656,13991.34,2026-06-23T22:07:19,2,0,7543a940-ca3e-43bb-afa7-397aafe0b97f
6733-7234-2081,6028-3135-4473,7187.99,2026-06-23T22:08:52,3,1,7543a940-ca3e-43bb-afa7-397aafe0b97f
1020-4516-6656,6028-3135-4473,12592.21,2026-06-23T22:09:55,3,1,7543a940-ca3e-43bb-afa7-397aafe0b97f
3459-5697-7153,6028-3135-4473,1849.78,2026-06-23T22:11:49,3,1,7543a940-ca3e-43bb-afa7-397aafe0b97f
7468-9598-3303,6028-3135-4473,28669.44,2026-06-23T22:13:18,3,1,7543a940-ca3e-43bb-afa7-397aafe0b97f
8259-2398-8065,1366-7755-4738,102456.13,2026-07-23T19:12:02,1,0,0a6bbde2-8464-47de-be67-455511de1ee8
8259-2398-8065,3129-3072-5610,132200.64,2026-07-23T19:12:22,1,0,0a6bbde2-8464-47de-be67-455511de1ee8
1366-7755-4738,5676-1530-5091,52923.64,2026-07-23T19:13:28,2,0,0a6bbde2-8464-47de-be67-455511de1ee8
1366-7755-4738,1960-3042-1276,14697.46,2026-07-23T19:14:48,2,0,0a6bbde2-8464-47de-be67-455511de1ee8
1366-7755-4738,6950-7644-9132,34835.03,2026-07-23T19:16:07,2,0,0a6bbde2-8464-47de-be67-455511de1ee8
3129-3072-5610,5116-8857-2743,132200.64,2026-07-23T19:16:45,2,0,0a6bbde2-8464-47de-be67-455511de1ee8
5676-1530-5091,1634-4395-1436,47631.28,2026-07-23T19:19:19,3,1,0a6bbde2-8464-47de-be67-455511de1ee8
5116-8857-2743,1634-4395-1436,118980.58,2026-07-23T19:21:16,3,1,0a6bbde2-8464-47de-be67-455511de1ee8
6950-7644-9132,1634-4395-1436,31351.53,2026-07-23T19:23:18,3,1,0a6bbde2-8464-47de-be67-455511de1ee8
9468-2596-7000,2759-3426-1499,82909.53,2026-07-14T14:15:46,1,0,7890f5b2-fba1-4a2b-ab39-08106fd60659
9468-2596-7000,2772-6615-1996,139773.06,2026-07-14T14:16:11,1,0,7890f5b2-fba1-4a2b-ab39-08106fd60659
2759-3426-1499,5714-6916-9694,82909.53,2026-07-14T14:16:58,2,0,7890f5b2-fba1-4a2b-ab39-08106fd60659
2772-6615-1996,4220-1406-1285,89303.28,2026-07-14T14:17:56,2,0,7890f5b2-fba1-4a2b-ab39-08106fd60659
2772-6615-1996,8128-3977-6716,42645.15,2026-07-14T14:18:39,2,0,7890f5b2-fba1-4a2b-ab39-08106fd60659
2772-6615-1996,9711-9652-6821,7824.63,2026-07-14T14:20:00,2,0,7890f5b2-fba1-4a2b-ab39-08106fd60659
8128-3977-6716,3439-2293-6787,38380.64,2026-07-14T14:22:07,3,1,7890f5b2-fba1-4a2b-ab39-08106fd60659
4220-1406-1285,3439-2293-6787,80372.95,2026-07-14T14:24:07,3,1,7890f5b2-fba1-4a2b-ab39-08106fd60659
9711-9652-6821,3439-2293-6787,7042.17,2026-07-14T14:25:58,3,1,7890f5b2-fba1-4a2b-ab39-08106fd60659
5714-6916-9694,3439-2293-6787,74618.58,2026-07-14T14:27:40,3,1,7890f5b2-fba1-4a2b-ab39-08106fd60659
1828-8322-8956,8657-3036-5133,6544.16,2026-06-29T04:54:42,1,0,e7af1b7b-4cfa-47e5-8e50-b07090d5b408
1828-8322-8956,1611-1321-5303,62833.14,2026-06-29T04:55:09,1,0,e7af1b7b-4cfa-47e5-8e50-b07090d5b408
1828-8322-8956,4865-9910-2113,186754.45,2026-06-29T04:55:23,1,0,e7af1b7b-4cfa-47e5-8e50-b07090d5b408
8657-3036-5133,1620-5876-9141,209.76,2026-06-29T04:56:22,2,0,e7af1b7b-4cfa-47e5-8e50-b07090d5b408
8657-3036-5133,7471-9670-9074,2725.15,2026-06-29T04:57:30,2,0,e7af1b7b-4cfa-47e5-8e50-b07090d5b408
8657-3036-5133,4664-2066-4254,3609.25,2026-06-29T04:58:06,2,0,e7af1b7b-4cfa-47e5-8e50-b07090d5b408
1611-1321-5303,5360-5067-4822,13593.6,2026-06-29T04:58:47,2,0,e7af1b7b-4cfa-47e5-8e50-b07090d5b408
1611-1321-5303,3854-6280-8158,49239.54,2026-06-29T04:59:55,2,0,e7af1b7b-4cfa-47e5-8e50-b07090d5b408
4865-9910-2113,1240-2097-5327,110311.92,2026-06-29T05:00:26,2,0,e7af1b7b-4cfa-47e5-8e50-b07090d5b408
4865-9910-2113,3705-8058-3286,76442.53,2026-06-29T05:01:30,2,0,e7af1b7b-4cfa-47e5-8e50-b07090d5b408
1240-2097-5327,5251-2557-9941,99280.73,2026-06-29T05:03:00,3,1,e7af1b7b-4cfa-47e5-8e50-b07090d5b408
3705-8058-3286,5251-2557-9941,68798.28,2026-06-29T05:05:13,3,1,e7af1b7b-4cfa-47e5-8e50-b07090d5b408
1620-5876-9141,5251-2557-9941,188.78,2026-06-29T05:07:52,3,1,e7af1b7b-4cfa-47e5-8e50-b07090d5b408
2368-8281-1367,9806-9251-5747,17758.54,2026-08-21T23:27:00,1,0,75b82580-1e5d-40f5-9a87-59b56276ada3
2368-8281-1367,9326-1500-2156,9327.06,2026-08-21T23:27:32,1,0,75b82580-1e5d-40f5-9a87-59b56276ada3
2368-8281-1367,9955-7537-5260,15896.25,2026-08-21T23:28:10,1,0,75b82580-1e5d-40f5-9a87-59b56276ada3
9806-9251-5747,1420-5251-9848,17758.54,2026-08-21T23:28:42,2,0,75b82580-1e5d-40f5-9a87-59b56276ada3
9326-1500-2156,4095-7230-2394,9327.06,2026-08-21T23:29:31,2,0,75b82580-1e5d-40f5-9a87-59b56276ada3
9955-7537-5260,9370-9186-5430,15896.25,2026-08-21T23:30:51,2,0,75b82580-1e5d-40f5-9a87-59b56276ada3
4095-7230-2394,1819-5376-1706,8394.35,2026-08-21T23:32:20,3,1,75b82580-1e5d-40f5-9a87-59b56276ada3
9370-9186-5430,1819-5376-1706,14306.62,2026-08-21T23:33:31,3,1,75b82580-1e5d-40f5-9a87-59b56276ada3
1420-5251-9848,1819-5376-1706,15982.69,2026-08-21T23:35:25,3,1,75b82580-1e5d-40f5-9a87-59b56276ada3
3900-8987-5654,4672-6460-7183,62194.03,2026-08-14T22:41:11,1,0,eada04a6-7813-418c-a12b-2a8d419df28b
3900-8987-5654,6800-2753-8540,30833.72,2026-08-14T22:41:39,1,0,eada04a6-7813-418c-a12b-2a8d419df28b
3900-8987-5654,7523-3977-5798,186358.85,2026-08-14T22:42:05,1,0,eada04a6-7813-418c-a12b-2a8d419df28b
4672-6460-7183,3485-2061-8273,35774.12,2026-08-14T22:42:41,2,0,eada04a6-7813-418c-a12b-2a8d419df28b
4672-6460-7183,1190-3505-6538,26419.91,2026-08-14T22:43:59,2,0,eada04a6-7813-418c-a12b-2a8d419df28b
6800-2753-8540,1005-9233-4637,30833.72,2026-08-14T22:44:46,2,0,eada04a6-7813-418c-a12b-2a8d419df28b
7523-3977-5798,8141-3252-5235,186358.85,2026-08-14T22:45:41,2,0,eada04a6-7813-418c-a12b-2a8d419df28b
8141-3252-5235,2461-5913-2210,167722.96,2026-08-14T22:46:55,3,1,eada04a6-7813-418c-a12b-2a8d419df28b
3485-2061-8273,2461-5913-2210,32196.71,2026-08-14T22:48:26,3,1,eada04a6-7813-418c-a12b-2a8d419df28b
1005-9233-4637,2461-5913-2210,27750.35,2026-08-14T22:50:47,3,1,eada04a6-7813-418c-a12b-2a8d419df28b
7674-2768-4811,8784-7678-1006,304477.89,2026-07-17T17:52:45,1,0,734ed169-316f-4f5e-b33e-4967d2043ac7
8784-7678-1006,2546-7563-6446,58347.66,2026-07-17T17:53:24,2,0,734ed169-316f-4f5e-b33e-4967d2043ac7
8784-7678-1006,1359-3712-6903,163875.03,2026-07-17T17:53:56,2,0,734ed169-316f-4f5e-b33e-4967d2043ac7
8784-7678-1006,5561-5949-9119,82255.2,2026-07-17T17:55:02,2,0,734ed169-316f-4f5e-b33e-4967d2043ac7
5561-5949-9119,5238-9818-9955,74029.68,2026-07-17T17:57:11,3,1,734ed169-316f-4f5e-b33e-4967d2043ac7
2546-7563-6446,5238-9818-9955,52512.89,2026-07-17T18:00:01,3,1,734ed169-316f-4f5e-b33e-4967d2043ac7
1359-3712-6903,5238-9818-9955,147487.53,2026-07-17T18:01:13,3,1,734ed169-316f-4f5e-b33e-4967d2043ac7
2713-4710-6348,4026-7463-7169,8943.77,2026-06-15T19:43:44,1,0,3bd79e93-6c28-4665-a20a-d329ad0f01cc
2713-4710-6348,5342-9944-7917,232107.93,2026-06-15T19:44:30,1,0,3bd79e93-6c28-4665-a20a-d329ad0f01cc
2713-4710-6348,9821-5079-7485,13700.06,2026-06-15T19:45:00,1,0,3bd79e93-6c28-4665-a20a-d329ad0f01cc
4026-7463-7169,3958-1959-8827,7069.8,2026-06-15T19:45:34,2,0,3bd79e93-6c28-4665-a20a-d329ad0f01cc
4026-7463-7169,6919-5036-7250,1391.58,2026-06-15T19:46:57,2,0,3bd79e93-6c28-4665-a20a-d329ad0f01cc
4026-7463-7169,1728-6755-2857,482.39,2026-06-15T19:47:40,2,0,3bd79e93-6c28-4665-a20a-d329ad0f01cc
5342-9944-7917,2638-9432-5258,232107.93,2026-06-15T19:48:30,2,0,3bd79e93-6c28-4665-a20a-d329ad0f01cc
9821-5079-7485,5933-3226-5894,13700.06,2026-06-15T19:49:33,2,0,3bd79e93-6c28-4665-a20a-d329ad0f01cc
1728-6755-2857,7724-1819-6355,434.15,2026-06-15T19:51:06,3,1,3bd79e93-6c28-4665-a20a-d329ad0f01cc
2638-9432-5258,7724-1819-6355,208897.14,2026-06-15T19:52:45,3,1,3bd79e93-6c28-4665-a20a-d329ad0f01cc
6919-5036-7250,7724-1819-6355,1252.42,2026-06-15T19:55:21,3,1,3bd79e93-6c28-4665-a20a-d329ad0f01cc
5933-3226-5894,7724-1819-6355,12330.05,2026-06-15T19:57:34,3,1,3bd79e93-6c28-4665-a20a-d329ad0f01cc
4616-4150-9297,1473-7965-3143,57564.83,2026-07-04T09:33:57,1,0,af9beba8-1cab-4c9e-8025-98999abb5a88
4616-4150-9297,4973-7054-5228,152131.42,2026-07-04T09:34:13,1,0,af9beba8-1cab-4c9e-8025-98999abb5a88
4616-4150-9297,7626-7246-3143,97157.43,2026-07-04T09:34:26,1,0,af9beba8-1cab-4c9e-8025-98999abb5a88
1473-7965-3143,3865-3492-5818,57564.83,2026-07-04T09:35:07,2,0,af9beba8-1cab-4c9e-8025-98999abb5a88
4973-7054-5228,8765-6089-7573,64138.35,2026-07-04T09:35:42,2,0,af9beba8-1cab-4c9e-8025-98999abb5a88
4973-7054-5228,3200-6177-2103,41979.69,2026-07-04T09:37:10,2,0,af9beba8-1cab-4c9e-8025-98999abb5a88
4973-7054-5228,7392-1454-2698,46013.38,2026-07-04T09:38:13,2,0,af9beba8-1cab-4c9e-8025-98999abb5a88
7626-7246-3143,1245-2775-8775,64463.32,2026-07-04T09:39:38,2,0,af9beba8-1cab-4c9e-8025-98999abb5a88
7626-7246-3143,9458-7489-8883,9787.87,2026-07-04T09:40:36,2,0,af9beba8-1cab-4c9e-8025-98999abb5a88
7626-7246-3143,9102-3094-4209,22906.24,2026-07-04T09:41:14,2,0,af9beba8-1cab-4c9e-8025-98999abb5a88
3865-3492-5818,1876-4340-9663,51808.35,2026-07-04T09:43:48,3,1,af9beba8-1cab-4c9e-8025-98999abb5a88
8765-6089-7573,1876-4340-9663,57724.52,2026-07-04T09:45:43,3,1,af9beba8-1cab-4c9e-8025-98999abb5a88
9102-3094-4209,1876-4340-9663,20615.62,2026-07-04T09:48:33,3,1,af9beba8-1cab-4c9e-8025-98999abb5a88
9458-7489-8883,1876-4340-9663,8809.08,2026-07-04T09:50:17,3,1,af9beba8-1cab-4c9e-8025-98999abb5a88
9422-3864-6075,3021-4810-9248,341054.37,2026-06-04T03:37:59,1,0,f01aef90-d9fa-45cd-82be-89d168cf9c7b
3021-4810-9248,1772-1515-8032,18354.7,2026-06-04T03:38:47,2,0,f01aef90-d9fa-45cd-82be-89d168cf9c7b
3021-4810-9248,5169-6005-7019,322699.67,2026-06-04T03:40:11,2,0,f01aef90-d9fa-45cd-82be-89d168cf9c7b
5169-6005-7019,9802-9048-2390,322699.67,2026-06-04T03:43:06,3,0,f01aef90-d9fa-45cd-82be-89d168cf9c7b
9802-9048-2390,5808-3725-9016,322699.67,2026-06-04T03:44:49,4,1,f01aef90-d9fa-45cd-82be-89d168cf9c7b
2192-8778-6793,1206-9894-1995,195543.69,2026-07-06T14:22:22,1,0,f792954c-c8df-44a9-9c3a-ed4fcc5f82df
2192-8778-6793,2102-7341-5045,2727.89,2026-07-06T14:22:46,1,0,f792954c-c8df-44a9-9c3a-ed4fcc5f82df
2192-8778-6793,1683-5176-6389,82920.22,2026-07-06T14:23:35,1,0,f792954c-c8df-44a9-9c3a-ed4fcc5f82df
1206-9894-1995,1585-2701-9432,195543.69,2026-07-06T14:24:09,2,0,f792954c-c8df-44a9-9c3a-ed4fcc5f82df
2102-7341-5045,2097-7962-6658,1948.0,2026-07-06T14:24:55,2,0,f792954c-c8df-44a9-9c3a-ed4fcc5f82df
2102-7341-5045,3822-5568-5163,149.58,2026-07-06T14:26:21,2,0,f792954c-c8df-44a9-9c3a-ed4fcc5f82df
2102-7341-5045,5167-6889-5286,630.31,2026-07-06T14:27:19,2,0,f792954c-c8df-44a9-9c3a-ed4fcc5f82df
1683-5176-6389,6251-4947-3020,55362.1,2026-07-06T14:28:44,2,0,f792954c-c8df-44a9-9c3a-ed4fcc5f82df
1683-5176-6389,3409-9792-8479,773.8,2026-07-06T14:29:41,2,0,f792954c-c8df-44a9-9c3a-ed4fcc5f82df
1683-5176-6389,9230-9396-5185,26784.32,2026-07-06T14:30:59,2,0,f792954c-c8df-44a9-9c3a-ed4fcc5f82df
6251-4947-3020,2714-5493-8363,49825.89,2026-07-06T14:32:31,3,1,f792954c-c8df-44a9-9c3a-ed4fcc5f82df
3409-9792-8479,2714-5493-8363,696.42,2026-07-06T14:35:21,3,1,f792954c-c8df-44a9-9c3a-ed4fcc5f82df
2097-7962-6658,2714-5493-8363,1753.2,2026-07-06T14:37:09,3,1,f792954c-c8df-44a9-9c3a-ed4fcc5f82df
5167-6889-5286,2714-5493-8363,567.28,2026-07-06T14:40:04,3,1,f792954c-c8df-44a9-9c3a-ed4fcc5f82df
3666-9543-4857,2690-3473-2846,333487.99,2026-08-27T01:48:21,1,0,37653a9f-ebef-431a-98d4-30fe69a77276
2690-3473-2846,4442-3824-9471,333487.99,2026-08-27T01:49:46,2,0,37653a9f-ebef-431a-98d4-30fe69a77276
4442-3824-9471,3387-2984-1733,333487.99,2026-08-27T01:54:14,3,1,37653a9f-ebef-431a-98d4-30fe69a77276
2032-9552-7323,8110-7216-2877,33865.01,2026-07-31T13:02:55,1,0,56a85d56-e304-4b5e-8cc7-0f3d67702876
2032-9552-7323,1742-1488-9321,247801.41,2026-07-31T13:03:50,1,0,56a85d56-e304-4b5e-8cc7-0f3d67702876
8110-7216-2877,7105-7286-2522,33865.01,2026-07-31T13:04:38,2,0,56a85d56-e304-4b5e-8cc7-0f3d67702876
1742-1488-9321,4997-2393-9361,136528.41,2026-07-31T13:05:34,2,0,56a85d56-e304-4b5e-8cc7-0f3d67702876
1742-1488-9321,1776-8906-5527,111273.0,2026-07-31T13:06:16,2,0,56a85d56-e304-4b5e-8cc7-0f3d67702876
7105-7286-2522,1276-8488-7623,30478.51,2026-07-31T13:07:16,3,1,56a85d56-e304-4b5e-8cc7-0f3d67702876
1776-8906-5527,1276-8488-7623,100145.7,2026-07-31T13:08:58,3,1,56a85d56-e304-4b5e-8cc7-0f3d67702876
4997-2393-9361,1276-8488-7623,122875.57,2026-07-31T13:10:07,3,1,56a85d56-e304-4b5e-8cc7-0f3d67702876
8091-7388-7915,2507-2209-1213,62897.98,2026-05-31T20:06:03,1,0,e269b70c-1f83-4bdf-a501-ba021af6854e
8091-7388-7915,7438-7077-5900,193803.82,2026-05-31T20:06:27,1,0,e269b70c-1f83-4bdf-a501-ba021af6854e
2507-2209-1213,5405-8691-1687,52133.62,2026-05-31T20:07:46,2,0,e269b70c-1f83-4bdf-a501-ba021af6854e
2507-2209-1213,9565-1246-7017,10764.36,2026-05-31T20:08:34,2,0,e269b70c-1f83-4bdf-a501-ba021af6854e
7438-7077-5900,7639-3610-7363,126250.8,2026-05-31T20:09:39,2,0,e269b70c-1f83-4bdf-a501-ba021af6854e
7438-7077-5900,8522-1252-9650,2696.48,2026-05-31T20:10:52,2,0,e269b70c-1f83-4bdf-a501-ba021af6854e
7438-7077-5900,4835-9846-8101,64856.55,2026-05-31T20:11:23,2,0,e269b70c-1f83-4bdf-a501-ba021af6854e
4835-9846-8101,1382-4878-3072,58370.9,2026-05-31T20:12:39,3,1,e269b70c-1f83-4bdf-a501-ba021af6854e
8522-1252-9650,1382-4878-3072,2426.83,2026-05-31T20:14:24,3,1,e269b70c-1f83-4bdf-a501-ba021af6854e
9565-1246-7017,1382-4878-3072,9687.92,2026-05-31T20:16:37,3,1,e269b70c-1f83-4bdf-a501-ba021af6854e
5959-2288-1095,7038-3280-2193,55644.02,2026-06-12T10:08:52,1,0,ec79ad46-e2be-4dce-b8b1-236a618b395f
5959-2288-1095,8552-6918-6498,27351.45,2026-06-12T10:09:10,1,0,ec79ad46-e2be-4dce-b8b1-236a618b395f
5959-2288-1095,9363-6150-2929,17047.13,2026-06-12T10:09:26,1,0,ec79ad46-e2be-4dce-b8b1-236a618b395f
7038-3280-2193,2505-7599-3257,41262.97,2026-06-12T10:10:06,2,0,ec79ad46-e2be-4dce-b8b1-236a618b395f
7038-3280-2193,8139-5362-3900,14381.05,2026-06-12T10:11:04,2,0,ec79ad46-e2be-4dce-b8b1-236a618b395f
8552-6918-6498,7003-5364-3160,25989.85,2026-06-12T10:11:57,2,0,ec79ad46-e2be-4dce-b8b1-236a618b395f
8552-6918-6498,2724-6678-5811,1361.6,2026-06-12T10:12:59,2,0,ec79ad46-e2be-4dce-b8b1-236a618b395f
9363-6150-2929,9141-1000-1295,5594.24,2026-06-12T10:13:43,2,0,ec79ad46-e2be-4dce-b8b1-236a618b395f
9363-6150-2929,1815-2038-7542,11452.89,2026-06-12T10:14:42,2,0,ec79ad46-e2be-4dce-b8b1-236a618b395f
8139-5362-3900,6375-5587-1082,12942.94,2026-06-12T10:16:44,3,1,ec79ad46-e2be-4dce-b8b1-236a618b395f
9141-1000-1295,6375-5587-1082,5034.82,2026-06-12T10:18:50,3,1,ec79ad46-e2be-4dce-b8b1-236a618b395f
1815-2038-7542,6375-5587-1082,10307.6,2026-06-12T10:20:47,3,1,ec79ad46-e2be-4dce-b8b1-236a618b395f
7003-5364-3160,6375-5587-1082,23390.86,2026-06-12T10:21:56,3,1,ec79ad46-e2be-4dce-b8b1-236a618b395f
1102-8888-2079,6757-1966-2498,418384.31,2026-08-23T20:44:44,1,0,9c6163cc-791f-44ca-afea-c0846b866c0d
6757-1966-2498,2411-6160-4046,418384.31,2026-08-23T20:45:41,2,0,9c6163cc-791f-44ca-afea-c0846b866c0d
2411-6160-4046,3230-4270-1718,418384.31,2026-08-23T20:46:49,3,1,9c6163cc-791f-44ca-afea-c0846b866c0d
1075-8927-5201,2419-9260-6116,45523.94,2026-08-18T18:46:15,1,0,237439d4-3c7b-47e0-934b-ddeaa95283b3
1075-8927-5201,6361-5801-4719,11171.58,2026-08-18T18:46:47,1,0,237439d4-3c7b-47e0-934b-ddeaa95283b3
1075-8927-5201,3307-9550-8673,28616.86,2026-08-18T18:47:04,1,0,237439d4-3c7b-47e0-934b-ddeaa95283b3
2419-9260-6116,9432-3314-8768,29130.33,2026-08-18T18:47:36,2,0,237439d4-3c7b-47e0-934b-ddeaa95283b3
2419-9260-6116,4312-6093-9821,12835.56,2026-08-18T18:48:48,2,0,237439d4-3c7b-47e0-934b-ddeaa95283b3
2419-9260-6116,2354-4493-2158,3558.05,2026-08-18T18:50:15,2,0,237439d4-3c7b-47e0-934b-ddeaa95283b3
6361-5801-4719,9585-4964-6527,133.6,2026-08-18T18:50:48,2,0,237439d4-3c7b-47e0-934b-ddeaa95283b3
6361-5801-4719,3480-7892-9682,11037.98,2026-08-18T18:52:05,2,0,237439d4-3c7b-47e0-934b-ddeaa95283b3
3307-9550-8673,5118-5908-9879,215.77,2026-08-18T18:53:26,2,0,237439d4-3c7b-47e0-934b-ddeaa95283b3
3307-9550-8673,9247-4198-9964,20846.09,2026-08-18T18:54:15,2,0,237439d4-3c7b-47e0-934b-ddeaa95283b3
3307-9550-8673,5974-3897-6208,7555.0,2026-08-18T18:54:48,2,0,237439d4-3c7b-47e0-934b-ddeaa95283b3
5118-5908-9879,6774-2311-6967,194.19,2026-08-18T18:56:14,3,1,237439d4-3c7b-47e0-934b-ddeaa95283b3
9585-4964-6527,6774-2311-6967,120.24,2026-08-18T18:58:30,3,1,237439d4-3c7b-47e0-934b-ddeaa95283b3
3480-7892-9682,6774-2311-6967,9934.18,2026-08-18T19:01:08,3,1,237439d4-3c7b-47e0-934b-ddeaa95283b3
2354-4493-2158,6774-2311-6967,3202.25,2026-08-18T19:03:37,3,1,237439d4-3c7b-47e0-934b-ddeaa95283b3
4826-2633-2365,8580-9315-7355,185328.21,2026-08-07T22:21:13,1,0,9719e6ab-e23d-48d8-9e31-934280776b9b
8580-9315-7355,8293-7374-1884,48995.51,2026-08-07T22:22:03,2,0,9719e6ab-e23d-48d8-9e31-934280776b9b
8580-9315-7355,3902-3755-1389,28076.58,2026-08-07T22:22:44,2,0,9719e6ab-e23d-48d8-9e31-934280776b9b
8580-9315-7355,7653-7077-4830,108256.12,2026-08-07T22:24:11,2,0,9719e6ab-e23d-48d8-9e31-934280776b9b
8293-7374-1884,1831-2293-6234,44095.96,2026-08-07T22:25:38,3,1,9719e6ab-e23d-48d8-9e31-934280776b9b
7653-7077-4830,1831-2293-6234,97430.51,2026-08-07T22:27:22,3,1,9719e6ab-e23d-48d8-9e31-934280776b9b
3902-3755-1389,1831-2293-6234,25268.92,2026-08-07T22:28:55,3,1,9719e6ab-e23d-48d8-9e31-934280776b9b
8177-5628-1718,2636-8257-4133,28204.04,2026-08-16T13:49:37,1,0,3e975062-35a4-4421-9529-36c21c91bbf5
8177-5628-1718,3115-8597-1811,95184.37,2026-08-16T13:50:01,1,0,3e975062-35a4-4421-9529-36c21c91bbf5
2636-8257-4133,5716-4542-5981,12415.7,2026-08-16T13:50:31,2,0,3e975062-35a4-4421-9529-36c21c91bbf5
2636-8257-4133,1199-4330-2941,15788.34,2026-08-16T13:51:28,2,0,3e975062-35a4-4421-9529-36c21c91bbf5
3115-8597-1811,2179-9892-5913,95184.37,2026-08-16T13:52:38,2,0,3e975062-35a4-4421-9529-36c21c91bbf5
2179-9892-5913,6670-4991-7124,85665.93,2026-08-16T13:54:21,3,1,3e975062-35a4-4421-9529-36c21c91bbf5
5716-4542-5981,6670-4991-7124,11174.13,2026-08-16T13:55:25,3,1,3e975062-35a4-4421-9529-36c21c91bbf5
1199-4330-2941,6670-4991-7124,14209.51,2026-08-16T13:58:25,3,1,3e975062-35a4-4421-9529-36c21c91bbf5
8020-9970-1963,9957-7338-8196,385872.08,2026-08-13T14:47:52,1,0,a951cb47-d5a6-41d9-91e7-f95bca4aa3ad
9957-7338-8196,9207-5375-3053,124674.62,2026-08-13T14:48:41,2,0,a951cb47-d5a6-41d9-91e7-f95bca4aa3ad
9957-7338-8196,4568-4175-5734,261197.46,2026-08-13T14:49:36,2,0,a951cb47-d5a6-41d9-91e7-f95bca4aa3ad
4568-4175-5734,1131-4571-3632,261197.46,2026-08-13T14:53:18,3,0,a951cb47-d5a6-41d9-91e7-f95bca4aa3ad
1131-4571-3632,7217-6129-5179,261197.46,2026-08-13T14:54:51,4,1,a951cb47-d5a6-41d9-91e7-f95bca4aa3ad
4010-2001-4060,3448-4585-4626,270674.02,2026-06-12T12:06:31,1,0,d281903c-f7e5-432c-baef-f9d7e6ff91a7
4010-2001-4060,6041-6423-2560,95589.57,2026-06-12T12:06:56,1,0,d281903c-f7e5-432c-baef-f9d7e6ff91a7
4010-2001-4060,2142-1249-1523,35359.73,2026-06-12T12:07:32,1,0,d281903c-f7e5-432c-baef-f9d7e6ff91a7
3448-4585-4626,2448-7291-7432,270674.02,2026-06-12T12:08:30,2,0,d281903c-f7e5-432c-baef-f9d7e6ff91a7
6041-6423-2560,6480-8479-6473,24235.87,2026-06-12T12:09:37,2,0,d281903c-f7e5-432c-baef-f9d7e6ff91a7
6041-6423-2560,9897-8391-6296,59267.02,2026-06-12T12:10:09,2,0,d281903c-f7e5-432c-baef-f9d7e6ff91a7
6041-6423-2560,4048-2437-3801,12086.68,2026-06-12T12:10:50,2,0,d281903c-f7e5-432c-baef-f9d7e6ff91a7
2142-1249-1523,4056-2273-5191,4632.35,2026-06-12T12:11:27,2,0,d281903c-f7e5-432c-baef-f9d7e6ff91a7
2142-1249-1523,8568-8591-1404,17328.55,2026-06-12T12:12:45,2,0,d281903c-f7e5-432c-baef-f9d7e6ff91a7
2142-1249-1523,3065-1017-8289,13398.83,2026-06-12T12:13:25,2,0,d281903c-f7e5-432c-baef-f9d7e6ff91a7
9897-8391-6296,9556-9009-1070,53340.32,2026-06-12T12:15:37,3,1,d281903c-f7e5-432c-baef-f9d7e6ff91a7
4056-2273-5191,9556-9009-1070,4169.12,2026-06-12T12:17:41,3,1,d281903c-f7e5-432c-baef-f9d7e6ff91a7
2448-7291-7432,9556-9009-1070,243606.62,2026-06-12T12:19:51,3,1,d281903c-f7e5-432c-baef-f9d7e6ff91a7
8598-8707-3743,2543-7254-9466,248724.46,2026-08-07T03:18:30,1,0,6add482c-49df-44a5-96b6-933a109e1cec
8598-8707-3743,1728-1824-6565,188312.9,2026-08-07T03:19:04,1,0,6add482c-49df-44a5-96b6-933a109e1cec
8598-8707-3743,4872-8843-9765,30437.95,2026-08-07T03:19:25,1,0,6add482c-49df-44a5-96b6-933a109e1cec
2543-7254-9466,2572-9419-3262,248724.46,2026-08-07T03:20:05,2,0,6add482c-49df-44a5-96b6-933a109e1cec
1728-1824-6565,4502-5825-9792,682.51,2026-08-07T03:20:40,2,0,6add482c-49df-44a5-96b6-933a109e1cec
1728-1824-6565,3088-4746-3216,166505.98,2026-08-07T03:21:56,2,0,6add482c-49df-44a5-96b6-933a109e1cec
1728-1824-6565,3547-1969-5128,21124.41,2026-08-07T03:22:30,2,0,6add482c-49df-44a5-96b6-933a109e1cec
4872-8843-9765,3073-1213-3090,30437.95,2026-08-07T03:23:02,2,0,6add482c-49df-44a5-96b6-933a109e1cec
4502-5825-9792,8191-9159-6884,614.26,2026-08-07T03:24:18,3,1,6add482c-49df-44a5-96b6-933a109e1cec
3073-1213-3090,8191-9159-6884,27394.16,2026-08-07T03:26:49,3,1,6add482c-49df-44a5-96b6-933a109e1cec
2572-9419-3262,8191-9159-6884,223852.01,2026-08-07T03:28:05,3,1,6add482c-49df-44a5-96b6-933a109e1cec
7670-5152-7485,1047-1941-6643,140031.69,2026-08-25T23:07:14,1,0,803bb0ca-0852-4b03-ab45-b176709081f5
1047-1941-6643,6830-7518-2572,41839.34,2026-08-25T23:08:33,2,0,803bb0ca-0852-4b03-ab45-b176709081f5
1047-1941-6643,9802-4674-3163,98192.35,2026-08-25T23:09:08,2,0,803bb0ca-0852-4b03-ab45-b176709081f5
9802-4674-3163,7195-1669-3607,98192.35,2026-08-25T23:12:37,3,0,803bb0ca-0852-4b03-ab45-b176709081f5
7195-1669-3607,5319-5062-9867,98192.35,2026-08-25T23:17:07,4,1,803bb0ca-0852-4b03-ab45-b176709081f5
2329-4326-2941,8976-1229-9209,33645.49,2026-06-01T15:47:04,1,0,3d0266a2-3fb0-4e9d-8a60-b74d7943c589
2329-4326-2941,1915-7011-7649,409246.25,2026-06-01T15:47:39,1,0,3d0266a2-3fb0-4e9d-8a60-b74d7943c589
8976-1229-9209,2378-9390-7450,33645.49,2026-06-01T15:48:32,2,0,3d0266a2-3fb0-4e9d-8a60-b74d7943c589
1915-7011-7649,5923-1592-8224,385831.36,2026-06-01T15:49:45,2,0,3d0266a2-3fb0-4e9d-8a60-b74d7943c589
1915-7011-7649,8069-7414-4216,23414.89,2026-06-01T15:50:41,2,0,3d0266a2-3fb0-4e9d-8a60-b74d7943c589
2378-9390-7450,7313-3206-8108,30280.94,2026-06-01T15:51:56,3,1,3d0266a2-3fb0-4e9d-8a60-b74d7943c589
8069-7414-4216,7313-3206-8108,21073.4,2026-06-01T15:53:23,3,1,3d0266a2-3fb0-4e9d-8a60-b74d7943c589
5923-1592-8224,7313-3206-8108,347248.22,2026-06-01T15:56:09,3,1,3d0266a2-3fb0-4e9d-8a60-b74d7943c589
5367-3478-2661,9432-9408-1643,19108.25,2026-06-06T23:46:43,1,0,bfaf334d-77da-428e-94dc-38db3c33453c
5367-3478-2661,9745-9077-2607,74689.73,2026-06-06T23:47:29,1,0,bfaf334d-77da-428e-94dc-38db3c33453c
5367-3478-2661,7677-3416-4933,102354.26,2026-06-06T23:47:54,1,0,bfaf334d-77da-428e-94dc-38db3c33453c
9432-9408-1643,4058-6990-1943,7617.12,2026-06-06T23:48:38,2,0,bfaf334d-77da-428e-94dc-38db3c33453c
9432-9408-1643,6974-9710-4864,11491.13,2026-06-06T23:49:52,2,0,bfaf334d-77da-428e-94dc-38db3c33453c
9745-9077-2607,9667-9183-7646,2637.39,2026-06-06T23:51:20,2,0,bfaf334d-77da-428e-94dc-38db3c33453c
9745-9077-2607,1458-7125-5375,68249.29,2026-06-06T23:52:19,2,0,bfaf334d-77da-428e-94dc-38db3c33453c
9745-9077-2607,7058-8649-7396,3803.05,2026-06-06T23:53:06,2,0,bfaf334d-77da-428e-94dc-38db3c33453c
7677-3416-4933,8153-7073-8736,102354.26,2026-06-06T23:54:30,2,0,bfaf334d-77da-428e-94dc-38db3c33453c
1458-7125-5375,3072-2295-3901,61424.36,2026-06-06T23:56:17,3,1,bfaf334d-77da-428e-94dc-38db3c33453c
4058-6990-1943,3072-2295-3901,6855.41,2026-06-06T23:58:30,3,1,bfaf334d-77da-428e-94dc-38db3c33453c
8153-7073-8736,3072-2295-3901,92118.83,2026-06-07T00:01:27,3,1,bfaf334d-77da-428e-94dc-38db3c33453c
7058-8649-7396,3072-2295-3901,3422.75,2026-06-07T00:02:50,3,1,bfaf334d-77da-428e-94dc-38db3c33453c
6974-9710-4864,3072-2295-3901,10342.02,2026-06-07T00:05:30,3,1,bfaf334d-77da-428e-94dc-38db3c33453c
3977-2848-4924,8425-5524-3239,396733.42,2026-06-12T10:15:17,1,0,df9873dd-1179-4d5a-9461-a19ebf012baf
8425-5524-3239,7304-3007-5684,396733.42,2026-06-12T10:15:50,2,0,df9873dd-1179-4d5a-9461-a19ebf012baf
7304-3007-5684,2906-5931-6189,396733.42,2026-06-12T10:20:36,3,0,df9873dd-1179-4d5a-9461-a19ebf012baf
2906-5931-6189,7760-4604-8502,396733.42,2026-06-12T10:22:33,4,1,df9873dd-1179-4d5a-9461-a19ebf012baf
9121-9697-6837,3327-2970-2300,309597.39,2026-08-26T00:24:16,1,0,4200d18c-b6ee-4631-b033-fa6cc275afa2
3327-2970-2300,6215-3562-4426,226526.39,2026-08-26T00:25:13,2,0,4200d18c-b6ee-4631-b033-fa6cc275afa2
3327-2970-2300,6943-5577-3887,83071.0,2026-08-26T00:26:37,2,0,4200d18c-b6ee-4631-b033-fa6cc275afa2
6215-3562-4426,1414-9667-7732,226526.39,2026-08-26T00:31:00,3,1,4200d18c-b6ee-4631-b033-fa6cc275afa2
8582-8421-3163,8044-7558-6307,229651.93,2026-07-28T04:25:05,1,0,79f4e6b5-135e-4f36-b3fb-b496fa05f716
8582-8421-3163,7663-4085-4194,176407.11,2026-07-28T04:25:55,1,0,79f4e6b5-135e-4f36-b3fb-b496fa05f716
8582-8421-3163,8668-1055-2826,64352.8,2026-07-28T04:26:39,1,0,79f4e6b5-135e-4f36-b3fb-b496fa05f716
8044-7558-6307,1595-1414-3490,229651.93,2026-07-28T04:27:39,2,0,79f4e6b5-135e-4f36-b3fb-b496fa05f716
7663-4085-4194,6239-8587-4192,176407.11,2026-07-28T04:28:16,2,0,79f4e6b5-135e-4f36-b3fb-b496fa05f716
8668-1055-2826,3022-4565-7520,19239.72,2026-07-28T04:28:53,2,0,79f4e6b5-135e-4f36-b3fb-b496fa05f716
8668-1055-2826,9668-2422-9099,24673.99,2026-07-28T04:29:56,2,0,79f4e6b5-135e-4f36-b3fb-b496fa05f716
8668-1055-2826,3694-1574-4251,20439.09,2026-07-28T04:31:07,2,0,79f4e6b5-135e-4f36-b3fb-b496fa05f716
3022-4565-7520,7119-6771-4493,17315.75,2026-07-28T04:32:25,3,1,79f4e6b5-135e-4f36-b3fb-b496fa05f716
6239-8587-4192,7119-6771-4493,158766.4,2026-07-28T04:35:09,3,1,79f4e6b5-135e-4f36-b3fb-b496fa05f716
3694-1574-4251,7119-6771-4493,18395.18,2026-07-28T04:38:03,3,1,79f4e6b5-135e-4f36-b3fb-b496fa05f716
6957-8760-4638,4694-3116-4713,50829.08,2026-06-22T05:13:19,1,0,d299dbd9-ceb9-4735-8c26-e62ada809065
6957-8760-4638,7934-7993-2427,14485.85,2026-06-22T05:14:04,1,0,d299dbd9-ceb9-4735-8c26-e62ada809065
4694-3116-4713,9284-3595-4275,50829.08,2026-06-22T05:14:58,2,0,d299dbd9-ceb9-4735-8c26-e62ada809065
7934-7993-2427,6803-4641-3996,14485.85,2026-06-22T05:16:13,2,0,d299dbd9-ceb9-4735-8c26-e62ada809065
9284-3595-4275,9751-5231-7595,50829.08,2026-06-22T05:19:15,3,0,d299dbd9-ceb9-4735-8c26-e62ada809065
9751-5231-7595,4437-4550-3502,50829.08,2026-06-22T05:20:51,4,1,d299dbd9-ceb9-4735-8c26-e62ada809065
6803-4641-3996,3522-6670-3527,14485.85,2026-06-22T05:24:54,3,0,d299dbd9-ceb9-4735-8c26-e62ada809065
3522-6670-3527,6795-7635-1936,14485.85,2026-06-22T05:27:30,4,1,d299dbd9-ceb9-4735-8c26-e62ada809065
1807-7383-4968,8844-5008-2092,3146.06,2026-05-31T15:55:00,1,0,b8ffd68a-d66a-4fc4-9be5-5ed9aaceb246
1807-7383-4968,2879-9709-1908,183594.48,2026-05-31T15:55:24,1,0,b8ffd68a-d66a-4fc4-9be5-5ed9aaceb246
1807-7383-4968,5449-7501-9057,113645.29,2026-05-31T15:55:54,1,0,b8ffd68a-d66a-4fc4-9be5-5ed9aaceb246
8844-5008-2092,7574-1939-9334,3146.06,2026-05-31T15:57:14,2,0,b8ffd68a-d66a-4fc4-9be5-5ed9aaceb246
2879-9709-1908,6986-7326-2036,61006.69,2026-05-31T15:57:46,2,0,b8ffd68a-d66a-4fc4-9be5-5ed9aaceb246
2879-9709-1908,6141-5535-8801,122587.79,2026-05-31T15:59:15,2,0,b8ffd68a-d66a-4fc4-9be5-5ed9aaceb246
5449-7501-9057,5385-2179-2269,10262.78,2026-05-31T16:00:21,2,0,b8ffd68a-d66a-4fc4-9be5-5ed9aaceb246
5449-7501-9057,6606-6405-8016,27107.33,2026-05-31T16:01:19,2,0,b8ffd68a-d66a-4fc4-9be5-5ed9aaceb246
5449-7501-9057,5450-1277-2496,76275.19,2026-05-31T16:02:40,2,0,b8ffd68a-d66a-4fc4-9be5-5ed9aaceb246
5450-1277-2496,9128-2574-3227,68647.67,2026-05-31T16:03:51,3,1,b8ffd68a-d66a-4fc4-9be5-5ed9aaceb246
7574-1939-9334,9128-2574-3227,2831.45,2026-05-31T16:06:04,3,1,b8ffd68a-d66a-4fc4-9be5-5ed9aaceb246
6606-6405-8016,9128-2574-3227,24396.6,2026-05-31T16:08:23,3,1,b8ffd68a-d66a-4fc4-9be5-5ed9aaceb246
7651-1595-9572,4532-2215-3702,5063.72,2026-07-03T07:44:44,1,0,355c2980-33d2-4113-ba6e-a48552b23d87
7651-1595-9572,7985-9037-8927,710.63,2026-07-03T07:45:22,1,0,355c2980-33d2-4113-ba6e-a48552b23d87
4532-2215-3702,9690-9761-8784,4402.37,2026-07-03T07:46:07,2,0,355c2980-33d2-4113-ba6e-a48552b23d87
4532-2215-3702,9924-7887-6773,661.35,2026-07-03T07:47:34,2,0,355c2980-33d2-4113-ba6e-a48552b23d87
7985-9037-8927,7262-6387-6058,710.63,2026-07-03T07:48:16,2,0,355c2980-33d2-4113-ba6e-a48552b23d87
9690-9761-8784,3371-1748-3597,3962.13,2026-07-03T07:49:24,3,1,355c2980-33d2-4113-ba6e-a48552b23d87
7262-6387-6058,3371-1748-3597,639.57,2026-07-03T07:51:26,3,1,355c2980-33d2-4113-ba6e-a48552b23d87
9924-7887-6773,3371-1748-3597,595.22,2026-07-03T07:53:38,3,1,355c2980-33d2-4113-ba6e-a48552b23d87
1112-1818-1019,7895-8606-7482,487453.97,2026-06-05T15:19:55,1,0,8195bd54-df04-4f19-93e4-da91a33f7f56
7895-8606-7482,8337-8375-6071,120688.17,2026-06-05T15:20:49,2,0,8195bd54-df04-4f19-93e4-da91a33f7f56
7895-8606-7482,2458-7877-4298,366765.8,2026-06-05T15:22:13,2,0,8195bd54-df04-4f19-93e4-da91a33f7f56
8337-8375-6071,4263-1616-7326,120688.17,2026-06-05T15:24:22,3,0,8195bd54-df04-4f19-93e4-da91a33f7f56
4263-1616-7326,2295-2800-6867,120688.17,2026-06-05T15:25:57,4,1,8195bd54-df04-4f19-93e4-da91a33f7f56
8634-1130-3936,6730-2804-3646,222497.55,2026-06-03T07:03:52,1,0,674518d5-10c9-4331-b365-6e982971d088
8634-1130-3936,9667-3639-8580,214801.51,2026-06-03T07:04:22,1,0,674518d5-10c9-4331-b365-6e982971d088
6730-2804-3646,6495-7446-6712,8525.55,2026-06-03T07:05:40,2,0,674518d5-10c9-4331-b365-6e982971d088
6730-2804-3646,5615-7782-8120,186541.46,2026-06-03T07:06:26,2,0,674518d5-10c9-4331-b365-6e982971d088
6730-2804-3646,5063-5891-6413,27430.55,2026-06-03T07:07:21,2,0,674518d5-10c9-4331-b365-6e982971d088
9667-3639-8580,5234-5518-8387,214801.51,2026-06-03T07:08:09,2,0,674518d5-10c9-4331-b365-6e982971d088
5615-7782-8120,6377-9200-7883,167887.31,2026-06-03T07:10:41,3,1,674518d5-10c9-4331-b365-6e982971d088
6495-7446-6712,6377-9200-7883,7673.0,2026-06-03T07:12:54,3,1,674518d5-10c9-4331-b365-6e982971d088
5063-5891-6413,6377-9200-7883,24687.5,2026-06-03T07:15:46,3,1,674518d5-10c9-4331-b365-6e982971d088
5082-3583-2697,8299-3114-2002,395317.41,2026-07-02T13:03:20,1,0,5f75dc33-db7b-4e99-ac06-6b19157d2135
8299-3114-2002,9496-6697-4157,23486.2,2026-07-02T13:04:11,2,0,5f75dc33-db7b-4e99-ac06-6b19157d2135
8299-3114-2002,5703-7763-7070,371831.21,2026-07-02T13:04:43,2,0,5f75dc33-db7b-4e99-ac06-6b19157d2135
5703-7763-7070,2050-3431-4660,371831.21,2026-07-02T13:08:08,3,0,5f75dc33-db7b-4e99-ac06-6b19157d2135
2050-3431-4660,6828-2747-3234,371831.21,2026-07-02T13:12:27,4,1,5f75dc33-db7b-4e99-ac06-6b19157d2135
6836-9663-7416,6419-6527-8722,179388.03,2026-07-01T22:29:19,1,0,d3711e9f-929e-497a-af80-c2fc840b0510
6419-6527-8722,2126-5277-6906,179388.03,2026-07-01T22:30:24,2,0,d3711e9f-929e-497a-af80-c2fc840b0510
2126-5277-6906,2187-4650-9880,179388.03,2026-07-01T22:33:44,3,1,d3711e9f-929e-497a-af80-c2fc840b0510
3581-3223-1548,4193-6079-8495,406691.35,2026-06-05T04:39:26,1,0,8eb0bc1d-d750-4fe5-9041-b5af17338336
4193-6079-8495,4800-8385-7810,248595.84,2026-06-05T04:40:49,2,0,8eb0bc1d-d750-4fe5-9041-b5af17338336
4193-6079-8495,9264-7492-9851,158095.51,2026-06-05T04:42:00,2,0,8eb0bc1d-d750-4fe5-9041-b5af17338336
9264-7492-9851,1821-3506-2469,158095.51,2026-06-05T04:45:45,3,0,8eb0bc1d-d750-4fe5-9041-b5af17338336
1821-3506-2469,5317-4085-1615,158095.51,2026-06-05T04:48:02,4,1,8eb0bc1d-d750-4fe5-9041-b5af17338336
1768-3676-3653,5592-7916-7403,12557.7,2026-06-18T10:24:58,1,0,c62559aa-2de7-4dd4-9c47-e913dce49758
1768-3676-3653,6543-3968-8347,8064.74,2026-06-18T10:25:16,1,0,c62559aa-2de7-4dd4-9c47-e913dce49758
1768-3676-3653,6517-3612-4259,6061.66,2026-06-18T10:25:39,1,0,c62559aa-2de7-4dd4-9c47-e913dce49758
5592-7916-7403,7689-8675-8224,1855.16,2026-06-18T10:26:59,2,0,c62559aa-2de7-4dd4-9c47-e913dce49758
5592-7916-7403,2109-3012-8008,10702.54,2026-06-18T10:27:38,2,0,c62559aa-2de7-4dd4-9c47-e913dce49758
6543-3968-8347,5081-1928-3843,4902.57,2026-06-18T10:28:11,2,0,c62559aa-2de7-4dd4-9c47-e913dce49758
6543-3968-8347,5554-7065-4450,3162.17,2026-06-18T10:29:16,2,0,c62559aa-2de7-4dd4-9c47-e913dce49758
6517-3612-4259,5437-3159-1764,6061.66,2026-06-18T10:29:54,2,0,c62559aa-2de7-4dd4-9c47-e913dce49758
7689-8675-8224,3169-5795-1853,1669.64,2026-06-18T10:31:01,3,1,c62559aa-2de7-4dd4-9c47-e913dce49758
5437-3159-1764,3169-5795-1853,5455.49,2026-06-18T10:33:58,3,1,c62559aa-2de7-4dd4-9c47-e913dce49758
2109-3012-8008,3169-5795-1853,9632.29,2026-06-18T10:35:57,3,1,c62559aa-2de7-4dd4-9c47-e913dce49758
5554-7065-4450,3169-5795-1853,2845.95,2026-06-18T10:38:54,3,1,c62559aa-2de7-4dd4-9c47-e913dce49758
5081-1928-3843,3169-5795-1853,4412.31,2026-06-18T10:40:35,3,1,c62559aa-2de7-4dd4-9c47-e913dce49758
5320-1819-7329,9873-4725-9795,322663.43,2026-07-21T18:57:56,1,0,5c3007df-f151-41fa-97b6-52356b7d6618
5320-1819-7329,8220-3524-8686,171952.31,2026-07-21T18:58:15,1,0,5c3007df-f151-41fa-97b6-52356b7d6618
9873-4725-9795,6623-7312-7458,18390.72,2026-07-21T18:59:16,2,0,5c3007df-f151-41fa-97b6-52356b7d6618
9873-4725-9795,9745-5616-5173,54114.21,2026-07-21T18:59:50,2,0,5c3007df-f151-41fa-97b6-52356b7d6618
9873-4725-9795,9308-3415-5053,250158.51,2026-07-21T19:00:23,2,0,5c3007df-f151-41fa-97b6-52356b7d6618
8220-3524-8686,6679-7814-1819,5103.7,2026-07-21T19:01:44,2,0,5c3007df-f151-41fa-97b6-52356b7d6618
8220-3524-8686,2211-8445-1810,122795.8,2026-07-21T19:02:51,2,0,5c3007df-f151-41fa-97b6-52356b7d6618
8220-3524-8686,8941-5773-1590,44052.8,2026-07-21T19:03:41,2,0,5c3007df-f151-41fa-97b6-52356b7d6618
9745-5616-5173,5170-5092-4609,48702.79,2026-07-21T19:05:04,3,1,5c3007df-f151-41fa-97b6-52356b7d6618
6679-7814-1819,5170-5092-4609,4593.33,2026-07-21T19:06:23,3,1,5c3007df-f151-41fa-97b6-52356b7d6618
2211-8445-1810,5170-5092-4609,110516.22,2026-07-21T19:08:49,3,1,5c3007df-f151-41fa-97b6-52356b7d6618
4151-4199-1024,9840-4203-4315,85868.91,2026-06-03T17:00:57,1,0,2d6b2b61-1fbc-4f30-9e2f-4d819a1852bb
4151-4199-1024,5749-5823-5948,117648.61,2026-06-03T17:01:28,1,0,2d6b2b61-1fbc-4f30-9e2f-4d819a1852bb
4151-4199-1024,8255-1303-5992,228241.05,2026-06-03T17:02:01,1,0,2d6b2b61-1fbc-4f30-9e2f-4d819a1852bb
9840-4203-4315,6131-4104-8343,85868.91,2026-06-03T17:03:02,2,0,2d6b2b61-1fbc-4f30-9e2f-4d819a1852bb
5749-5823-5948,4427-3620-6186,20997.94,2026-06-03T17:04:02,2,0,2d6b2b61-1fbc-4f30-9e2f-4d819a1852bb
5749-5823-5948,7784-4820-5391,55673.82,2026-06-03T17:04:41,2,0,2d6b2b61-1fbc-4f30-9e2f-4d819a1852bb
5749-5823-5948,4030-8411-9159,40976.84,2026-06-03T17:05:16,2,0,2d6b2b61-1fbc-4f30-9e2f-4d819a1852bb
8255-1303-5992,3583-3472-5683,17654.12,2026-06-03T17:05:55,2,0,2d6b2b61-1fbc-4f30-9e2f-4d819a1852bb
8255-1303-5992,2917-2168-6285,119849.36,2026-06-03T17:06:50,2,0,2d6b2b61-1fbc-4f30-9e2f-4d819a1852bb
8255-1303-5992,7725-4577-1688,90737.57,2026-06-03T17:07:29,2,0,2d6b2b61-1fbc-4f30-9e2f-4d819a1852bb
7725-4577-1688,2245-6492-5246,81663.81,2026-06-03T17:08:32,3,1,2d6b2b61-1fbc-4f30-9e2f-4d819a1852bb
4427-3620-6186,2245-6492-5246,18898.15,2026-06-03T17:09:56,3,1,2d6b2b61-1fbc-4f30-9e2f-4d819a1852bb
6131-4104-8343,2245-6492-5246,77282.02,2026-06-03T17:12:04,3,1,2d6b2b61-1fbc-4f30-9e2f-4d819a1852bb
4030-8411-9159,2245-6492-5246,36879.16,2026-06-03T17:14:17,3,1,2d6b2b61-1fbc-4f30-9e2f-4d819a1852bb
2917-2168-6285,2245-6492-5246,107864.42,2026-06-03T17:17:06,3,1,2d6b2b61-1fbc-4f30-9e2f-4d819a1852bb
3487-2546-3832,7096-5850-9378,221290.93,2026-07-07T21:43:51,1,0,d1a8f689-912a-4e69-ac0f-67dabcb6c077
7096-5850-9378,9903-7834-9778,79900.4,2026-07-07T21:45:18,2,0,d1a8f689-912a-4e69-ac0f-67dabcb6c077
7096-5850-9378,9183-7577-5881,141390.53,2026-07-07T21:46:04,2,0,d1a8f689-912a-4e69-ac0f-67dabcb6c077
9903-7834-9778,1697-7361-3910,79900.4,2026-07-07T21:49:29,3,1,d1a8f689-912a-4e69-ac0f-67dabcb6c077
6139-9532-6362,7352-7581-5616,138565.72,2026-07-04T17:35:28,1,0,b68d4b4e-fc14-491e-b16a-bee721d8fc0b
6139-9532-6362,7542-6092-2945,84544.08,2026-07-04T17:36:05,1,0,b68d4b4e-fc14-491e-b16a-bee721d8fc0b
6139-9532-6362,8132-3118-4566,124464.1,2026-07-04T17:36:34,1,0,b68d4b4e-fc14-491e-b16a-bee721d8fc0b
7352-7581-5616,4554-2847-5610,50211.2,2026-07-04T17:37:13,2,0,b68d4b4e-fc14-491e-b16a-bee721d8fc0b
7352-7581-5616,8956-9373-2833,47871.72,2026-07-04T17:38:22,2,0,b68d4b4e-fc14-491e-b16a-bee721d8fc0b
7352-7581-5616,2475-8717-8315,40482.79,2026-07-04T17:39:24,2,0,b68d4b4e-fc14-491e-b16a-bee721d8fc0b
7542-6092-2945,8077-7918-7714,84544.08,2026-07-04T17:39:55,2,0,b68d4b4e-fc14-491e-b16a-bee721d8fc0b
8132-3118-4566,6698-4222-3642,124464.1,2026-07-04T17:40:59,2,0,b68d4b4e-fc14-491e-b16a-bee721d8fc0b
2475-8717-8315,3940-5426-5002,36434.51,2026-07-04T17:43:54,3,1,b68d4b4e-fc14-491e-b16a-bee721d8fc0b
4554-2847-5610,3940-5426-5002,45190.08,2026-07-04T17:45:39,3,1,b68d4b4e-fc14-491e-b16a-bee721d8fc0b
8956-9373-2833,3940-5426-5002,43084.55,2026-07-04T17:48:26,3,1,b68d4b4e-fc14-491e-b16a-bee721d8fc0b
2023-1977-8390,9748-8081-3687,39221.19,2026-07-27T13:27:01,1,0,22d14566-8beb-4612-80c2-b5369e6017ed
2023-1977-8390,8493-8145-4998,4847.68,2026-07-27T13:27:43,1,0,22d14566-8beb-4612-80c2-b5369e6017ed
9748-8081-3687,4514-8924-7676,39221.19,2026-07-27T13:29:10,2,0,22d14566-8beb-4612-80c2-b5369e6017ed
8493-8145-4998,9885-7594-3900,2448.79,2026-07-27T13:30:29,2,0,22d14566-8beb-4612-80c2-b5369e6017ed
8493-8145-4998,7515-8452-2716,2364.72,2026-07-27T13:31:49,2,0,22d14566-8beb-4612-80c2-b5369e6017ed
8493-8145-4998,5060-8111-5992,100.0,2026-07-27T13:33:02,2,0,22d14566-8beb-4612-80c2-b5369e6017ed
5060-8111-5992,9656-8813-6330,90.0,2026-07-27T13:35:36,3,1,22d14566-8beb-4612-80c2-b5369e6017ed
7515-8452-2716,9656-8813-6330,2128.25,2026-07-27T13:37:37,3,1,22d14566-8beb-4612-80c2-b5369e6017ed
4514-8924-7676,9656-8813-6330,35299.07,2026-07-27T13:39:31,3,1,22d14566-8beb-4612-80c2-b5369e6017ed
3736-1102-9818,2645-5364-5052,34007.37,2026-08-02T05:41:28,1,0,d30597f4-b879-486a-9cae-f1238728bfa7
3736-1102-9818,2229-3087-8652,2684.63,2026-08-02T05:42:04,1,0,d30597f4-b879-486a-9cae-f1238728bfa7
3736-1102-9818,8284-7713-2913,7942.11,2026-08-02T05:42:33,1,0,d30597f4-b879-486a-9cae-f1238728bfa7
2645-5364-5052,3468-7402-7174,14283.89,2026-08-02T05:43:39,2,0,d30597f4-b879-486a-9cae-f1238728bfa7
2645-5364-5052,7039-7541-9746,1839.82,2026-08-02T05:44:48,2,0,d30597f4-b879-486a-9cae-f1238728bfa7
2645-5364-5052,7299-3798-6798,17883.66,2026-08-02T05:45:38,2,0,d30597f4-b879-486a-9cae-f1238728bfa7
2229-3087-8652,8280-5880-3236,2684.63,2026-08-02T05:46:45,2,0,d30597f4-b879-486a-9cae-f1238728bfa7
8284-7713-2913,7750-7931-5989,7942.11,2026-08-02T05:47:19,2,0,d30597f4-b879-486a-9cae-f1238728bfa7
3468-7402-7174,6766-5656-7645,12855.5,2026-08-02T05:49:24,3,1,d30597f4-b879-486a-9cae-f1238728bfa7
8280-5880-3236,6766-5656-7645,2416.17,2026-08-02T05:52:12,3,1,d30597f4-b879-486a-9cae-f1238728bfa7
7039-7541-9746,6766-5656-7645,1655.84,2026-08-02T05:53:48,3,1,d30597f4-b879-486a-9cae-f1238728bfa7
7299-3798-6798,6766-5656-7645,16095.29,2026-08-02T05:55:31,3,1,d30597f4-b879-486a-9cae-f1238728bfa7
7750-7931-5989,6766-5656-7645,7147.9,2026-08-02T05:58:14,3,1,d30597f4-b879-486a-9cae-f1238728bfa7
9744-1458-5345,6177-1161-3730,128157.75,2026-06-03T04:19:48,1,0,26ea4af7-ccf0-4d6c-a89a-eff7fe19d019
9744-1458-5345,9433-7463-1162,50858.01,2026-06-03T04:20:23,1,0,26ea4af7-ccf0-4d6c-a89a-eff7fe19d019
6177-1161-3730,2002-1296-9918,629.49,2026-06-03T04:20:59,2,0,26ea4af7-ccf0-4d6c-a89a-eff7fe19d019
6177-1161-3730,3935-5432-9759,33244.27,2026-06-03T04:22:04,2,0,26ea4af7-ccf0-4d6c-a89a-eff7fe19d019
6177-1161-3730,5139-6874-9521,94283.99,2026-06-03T04:22:53,2,0,26ea4af7-ccf0-4d6c-a89a-eff7fe19d019
9433-7463-1162,8761-5291-2736,38319.88,2026-06-03T04:24:13,2,0,26ea4af7-ccf0-4d6c-a89a-eff7fe19d019
9433-7463-1162,6695-7815-4875,9636.63,2026-06-03T04:25:26,2,0,26ea4af7-ccf0-4d6c-a89a-eff7fe19d019
9433-7463-1162,1238-3447-8324,2901.5,2026-06-03T04:26:33,2,0,26ea4af7-ccf0-4d6c-a89a-eff7fe19d019
5139-6874-9521,2590-5277-4138,84855.59,2026-06-03T04:28:42,3,1,26ea4af7-ccf0-4d6c-a89a-eff7fe19d019
8761-5291-2736,2590-5277-4138,34487.89,2026-06-03T04:30:37,3,1,26ea4af7-ccf0-4d6c-a89a-eff7fe19d019
1238-3447-8324,2590-5277-4138,2611.35,2026-06-03T04:32:38,3,1,26ea4af7-ccf0-4d6c-a89a-eff7fe19d019
8734-3654-7790,1572-1511-2851,12856.19,2026-07-30T23:08:33,1,0,c97de8c7-80ee-4df7-a71b-065a66fe8754
8734-3654-7790,4343-8007-7100,9931.77,2026-07-30T23:09:21,1,0,c97de8c7-80ee-4df7-a71b-065a66fe8754
8734-3654-7790,3013-1779-4783,19357.43,2026-07-30T23:09:58,1,0,c97de8c7-80ee-4df7-a71b-065a66fe8754
1572-1511-2851,1632-7190-3322,941.79,2026-07-30T23:11:26,2,0,c97de8c7-80ee-4df7-a71b-065a66fe8754
1572-1511-2851,3065-2914-6301,11914.4,2026-07-30T23:12:16,2,0,c97de8c7-80ee-4df7-a71b-065a66fe8754
4343-8007-7100,3046-1129-6435,9931.77,2026-07-30T23:13:01,2,0,c97de8c7-80ee-4df7-a71b-065a66fe8754
3013-1779-4783,5237-9174-6034,19357.43,2026-07-30T23:14:01,2,0,c97de8c7-80ee-4df7-a71b-065a66fe8754
3046-1129-6435,6345-3797-2579,8938.59,2026-07-30T23:16:45,3,1,c97de8c7-80ee-4df7-a71b-065a66fe8754
5237-9174-6034,6345-3797-2579,17421.69,2026-07-30T23:18:47,3,1,c97de8c7-80ee-4df7-a71b-065a66fe8754
1632-7190-3322,6345-3797-2579,847.61,2026-07-30T23:20:29,3,1,c97de8c7-80ee-4df7-a71b-065a66fe8754
3065-2914-6301,6345-3797-2579,10722.96,2026-07-30T23:22:58,3,1,c97de8c7-80ee-4df7-a71b-065a66fe8754
5081-7461-3092,4028-2497-2113,73709.01,2026-08-03T21:39:27,1,0,a647c6b8-3e10-420e-9110-b196200dff52
5081-7461-3092,8738-4880-3345,311811.96,2026-08-03T21:40:16,1,0,a647c6b8-3e10-420e-9110-b196200dff52
5081-7461-3092,8590-9104-3573,39570.34,2026-08-03T21:40:46,1,0,a647c6b8-3e10-420e-9110-b196200dff52
4028-2497-2113,3292-6122-2661,20002.45,2026-08-03T21:41:36,2,0,a647c6b8-3e10-420e-9110-b196200dff52
4028-2497-2113,7653-2894-9230,53706.56,2026-08-03T21:42:27,2,0,a647c6b8-3e10-420e-9110-b196200dff52
8738-4880-3345,2519-5232-8343,11724.14,2026-08-03T21:43:27,2,0,a647c6b8-3e10-420e-9110-b196200dff52
8738-4880-3345,8440-6034-5411,300087.82,2026-08-03T21:44:06,2,0,a647c6b8-3e10-420e-9110-b196200dff52
8590-9104-3573,2837-8557-2951,37318.88,2026-08-03T21:44:48,2,0,a647c6b8-3e10-420e-9110-b196200dff52
8590-9104-3573,6839-5919-8527,2251.46,2026-08-03T21:45:39,2,0,a647c6b8-3e10-420e-9110-b196200dff52
2837-8557-2951,2362-2124-4293,33586.99,2026-08-03T21:48:01,3,1,a647c6b8-3e10-420e-9110-b196200dff52
7653-2894-9230,2362-2124-4293,48335.9,2026-08-03T21:49:55,3,1,a647c6b8-3e10-420e-9110-b196200dff52
8440-6034-5411,2362-2124-4293,270079.04,2026-08-03T21:52:48,3,1,a647c6b8-3e10-420e-9110-b196200dff52
3852-8862-9901,4216-1157-5673,87926.12,2026-07-04T15:13:57,1,0,c8855db1-9efb-4f9c-9d9b-48099fec5e1f
3852-8862-9901,8123-4013-6176,302438.99,2026-07-04T15:14:33,1,0,c8855db1-9efb-4f9c-9d9b-48099fec5e1f
4216-1157-5673,8907-9386-1819,87926.12,2026-07-04T15:15:09,2,0,c8855db1-9efb-4f9c-9d9b-48099fec5e1f
8123-4013-6176,5792-5574-7250,302438.99,2026-07-04T15:16:10,2,0,c8855db1-9efb-4f9c-9d9b-48099fec5e1f
8907-9386-1819,2069-6085-4677,87926.12,2026-07-04T15:18:03,3,0,c8855db1-9efb-4f9c-9d9b-48099fec5e1f
2069-6085-4677,7161-8045-5292,87926.12,2026-07-04T15:22:54,4,1,c8855db1-9efb-4f9c-9d9b-48099fec5e1f
5792-5574-7250,2837-1790-9720,302438.99,2026-07-04T15:26:26,3,1,c8855db1-9efb-4f9c-9d9b-48099fec5e1f
6576-3682-2559,2392-9852-7710,9648.58,2026-08-12T03:43:31,1,0,d8b01079-b780-423b-8d0b-d5de44b6fb57
6576-3682-2559,9553-5759-5710,120760.55,2026-08-12T03:44:23,1,0,d8b01079-b780-423b-8d0b-d5de44b6fb57
6576-3682-2559,3788-5830-7387,58737.48,2026-08-12T03:45:08,1,0,d8b01079-b780-423b-8d0b-d5de44b6fb57
2392-9852-7710,6710-9518-3071,9204.29,2026-08-12T03:45:49,2,0,d8b01079-b780-423b-8d0b-d5de44b6fb57
2392-9852-7710,9492-2821-1841,444.29,2026-08-12T03:46:53,2,0,d8b01079-b780-423b-8d0b-d5de44b6fb57
9553-5759-5710,5902-9664-9854,120760.55,2026-08-12T03:47:35,2,0,d8b01079-b780-423b-8d0b-d5de44b6fb57
3788-5830-7387,9669-5902-5303,21212.5,2026-08-12T03:48:55,2,0,d8b01079-b780-423b-8d0b-d5de44b6fb57
3788-5830-7387,6385-2620-5356,37524.98,2026-08-12T03:49:58,2,0,d8b01079-b780-423b-8d0b-d5de44b6fb57
6710-9518-3071,9787-2869-2342,8283.86,2026-08-12T03:52:16,3,1,d8b01079-b780-423b-8d0b-d5de44b6fb57
9492-2821-1841,9787-2869-2342,399.86,2026-08-12T03:55:16,3,1,d8b01079-b780-423b-8d0b-d5de44b6fb57
5902-9664-9854,9787-2869-2342,108684.5,2026-08-12T03:56:18,3,1,d8b01079-b780-423b-8d0b-d5de44b6fb57
9669-5902-5303,9787-2869-2342,19091.25,2026-08-12T03:59:08,3,1,d8b01079-b780-423b-8d0b-d5de44b6fb57
6385-2620-5356,9787-2869-2342,33772.48,2026-08-12T04:00:29,3,1,d8b01079-b780-423b-8d0b-d5de44b6fb57
7068-6171-3421,7966-7929-4403,111597.24,2026-06-26T02:59:58,1,0,6aed1a86-1352-4662-bacf-47d3534764cc
7068-6171-3421,4621-7122-2465,44541.39,2026-06-26T03:00:57,1,0,6aed1a86-1352-4662-bacf-47d3534764cc
7068-6171-3421,6129-9267-9822,4482.15,2026-06-26T03:01:08,1,0,6aed1a86-1352-4662-bacf-47d3534764cc
7966-7929-4403,2307-1170-5073,108002.04,2026-06-26T03:02:00,2,0,6aed1a86-1352-4662-bacf-47d3534764cc
7966-7929-4403,9726-3058-8771,1893.52,2026-06-26T03:03:14,2,0,6aed1a86-1352-4662-bacf-47d3534764cc
7966-7929-4403,6036-3202-6163,1701.67,2026-06-26T03:04:16,2,0,6aed1a86-1352-4662-bacf-47d3534764cc
4621-7122-2465,5904-4476-8553,44541.39,2026-06-26T03:04:59,2,0,6aed1a86-1352-4662-bacf-47d3534764cc
6129-9267-9822,9129-4369-7211,691.82,2026-06-26T03:06:01,2,0,6aed1a86-1352-4662-bacf-47d3534764cc
6129-9267-9822,7587-3291-8206,1186.73,2026-06-26T03:06:46,2,0,6aed1a86-1352-4662-bacf-47d3534764cc
6129-9267-9822,2292-4555-6712,2603.61,2026-06-26T03:07:50,2,0,6aed1a86-1352-4662-bacf-47d3534764cc
7587-3291-8206,2408-6477-7321,1068.06,2026-06-26T03:09:20,3,1,6aed1a86-1352-4662-bacf-47d3534764cc
6036-3202-6163,2408-6477-7321,1531.5,2026-06-26T03:11:04,3,1,6aed1a86-1352-4662-bacf-47d3534764cc
5904-4476-8553,2408-6477-7321,40087.25,2026-06-26T03:12:41,3,1,6aed1a86-1352-4662-bacf-47d3534764cc
9726-3058-8771,2408-6477-7321,1704.17,2026-06-26T03:13:46,3,1,6aed1a86-1352-4662-bacf-47d3534764cc
8725-8965-3977,1461-3595-9924,129870.33,2026-07-23T14:23:52,1,0,2ee24722-cb10-4ca4-96af-911125d8e03f
8725-8965-3977,7911-7196-7715,66688.42,2026-07-23T14:24:26,1,0,2ee24722-cb10-4ca4-96af-911125d8e03f
1461-3595-9924,2254-1572-2717,6727.75,2026-07-23T14:25:17,2,0,2ee24722-cb10-4ca4-96af-911125d8e03f
1461-3595-9924,8566-6297-4354,123142.58,2026-07-23T14:26:40,2,0,2ee24722-cb10-4ca4-96af-911125d8e03f
7911-7196-7715,9959-1020-3217,27757.27,2026-07-23T14:27:36,2,0,2ee24722-cb10-4ca4-96af-911125d8e03f
7911-7196-7715,9034-4506-1135,30002.08,2026-07-23T14:28:12,2,0,2ee24722-cb10-4ca4-96af-911125d8e03f
7911-7196-7715,5326-3338-8972,8929.07,2026-07-23T14:29:15,2,0,2ee24722-cb10-4ca4-96af-911125d8e03f
5326-3338-8972,1735-7854-9114,8036.16,2026-07-23T14:31:43,3,1,2ee24722-cb10-4ca4-96af-911125d8e03f
9034-4506-1135,1735-7854-9114,27001.87,2026-07-23T14:34:00,3,1,2ee24722-cb10-4ca4-96af-911125d8e03f
9959-1020-3217,1735-7854-9114,24981.54,2026-07-23T14:36:12,3,1,2ee24722-cb10-4ca4-96af-911125d8e03f
9341-8443-5417,6744-2833-4885,83777.58,2026-08-27T01:09:40,1,0,8a8607e7-a12c-49b3-a504-38e033da8480
9341-8443-5417,6384-9808-8433,62582.97,2026-08-27T01:09:51,1,0,8a8607e7-a12c-49b3-a504-38e033da8480
6744-2833-4885,2731-7287-5439,83777.58,2026-08-27T01:11:10,2,0,8a8607e7-a12c-49b3-a504-38e033da8480
6384-9808-8433,9255-9564-2065,62582.97,2026-08-27T01:12:12,2,0,8a8607e7-a12c-49b3-a504-38e033da8480
2731-7287-5439,4834-4513-7630,83777.58,2026-08-27T01:14:24,3,1,8a8607e7-a12c-49b3-a504-38e033da8480
9255-9564-2065,1204-2846-6719,62582.97,2026-08-27T01:16:13,3,1,8a8607e7-a12c-49b3-a504-38e033da8480
9928-3092-7486,6712-5333-3733,90464.9,2026-08-07T07:52:28,1,0,6d35643f-b7a8-4b17-863f-62751ff9f532
6712-5333-3733,2392-1570-6834,90464.9,2026-08-07T07:53:26,2,0,6d35643f-b7a8-4b17-863f-62751ff9f532
2392-1570-6834,9105-5458-2633,90464.9,2026-08-07T07:56:50,3,1,6d35643f-b7a8-4b17-863f-62751ff9f532
2233-1974-8908,6071-2618-3366,46188.12,2026-08-24T14:35:01,1,0,941da135-8303-489c-9c32-27c2927c2f0c
2233-1974-8908,3362-5539-9912,15918.85,2026-08-24T14:35:24,1,0,941da135-8303-489c-9c32-27c2927c2f0c
2233-1974-8908,8628-1461-8776,211267.85,2026-08-24T14:35:53,1,0,941da135-8303-489c-9c32-27c2927c2f0c
6071-2618-3366,4505-3824-7868,11168.83,2026-08-24T14:36:42,2,0,941da135-8303-489c-9c32-27c2927c2f0c
6071-2618-3366,2633-2767-9742,3354.3,2026-08-24T14:37:15,2,0,941da135-8303-489c-9c32-27c2927c2f0c
6071-2618-3366,1845-1580-4152,31664.99,2026-08-24T14:38:26,2,0,941da135-8303-489c-9c32-27c2927c2f0c
3362-5539-9912,4873-7404-7784,3571.21,2026-08-24T14:39:08,2,0,941da135-8303-489c-9c32-27c2927c2f0c
3362-5539-9912,3220-2148-6904,12347.64,2026-08-24T14:40:08,2,0,941da135-8303-489c-9c32-27c2927c2f0c
8628-1461-8776,6464-1201-1425,211267.85,2026-08-24T14:41:29,2,0,941da135-8303-489c-9c32-27c2927c2f0c
6464-1201-1425,3625-2532-2788,190141.06,2026-08-24T14:44:13,3,1,941da135-8303-489c-9c32-27c2927c2f0c
4873-7404-7784,3625-2532-2788,3214.09,2026-08-24T14:46:13,3,1,941da135-8303-489c-9c32-27c2927c2f0c
2633-2767-9742,3625-2532-2788,3018.87,2026-08-24T14:47:36,3,1,941da135-8303-489c-9c32-27c2927c2f0c
5576-7676-2832,2817-3739-9964,97538.54,2026-06-18T13:56:13,1,0,1d7993bf-fdcb-44e2-b8e6-3db3e24fb78c
5576-7676-2832,2120-8765-1103,18461.06,2026-06-18T13:56:32,1,0,1d7993bf-fdcb-44e2-b8e6-3db3e24fb78c
2817-3739-9964,4009-6907-3362,97538.54,2026-06-18T13:57:07,2,0,1d7993bf-fdcb-44e2-b8e6-3db3e24fb78c
2120-8765-1103,5421-2348-3325,10182.35,2026-06-18T13:58:01,2,0,1d7993bf-fdcb-44e2-b8e6-3db3e24fb78c
2120-8765-1103,1278-5449-5998,5071.58,2026-06-18T13:59:11,2,0,1d7993bf-fdcb-44e2-b8e6-3db3e24fb78c
2120-8765-1103,8308-8773-3953,3207.13,2026-06-18T14:00:07,2,0,1d7993bf-fdcb-44e2-b8e6-3db3e24fb78c
5421-2348-3325,6883-9848-6746,9164.12,2026-06-18T14:01:11,3,1,1d7993bf-fdcb-44e2-b8e6-3db3e24fb78c
8308-8773-3953,6883-9848-6746,2886.42,2026-06-18T14:02:25,3,1,1d7993bf-fdcb-44e2-b8e6-3db3e24fb78c
1278-5449-5998,6883-9848-6746,4564.42,2026-06-18T14:05:23,3,1,1d7993bf-fdcb-44e2-b8e6-3db3e24fb78c
7629-5678-9779,5182-8847-8011,247692.8,2026-07-04T21:15:21,1,0,914c959a-dd91-4231-b02e-d6ee340b578e
7629-5678-9779,9416-7902-3079,31547.81,2026-07-04T21:15:48,1,0,914c959a-dd91-4231-b02e-d6ee340b578e
5182-8847-8011,2451-2794-1532,221871.11,2026-07-04T21:16:23,2,0,914c959a-dd91-4231-b02e-d6ee340b578e
5182-8847-8011,9039-5777-3140,25821.69,2026-07-04T21:17:39,2,0,914c959a-dd91-4231-b02e-d6ee340b578e
9416-7902-3079,7439-3094-4233,31547.81,2026-07-04T21:18:59,2,0,914c959a-dd91-4231-b02e-d6ee340b578e
9039-5777-3140,2921-4670-9647,23239.52,2026-07-04T21:20:34,3,1,914c959a-dd91-4231-b02e-d6ee340b578e
2451-2794-1532,2921-4670-9647,199684.0,2026-07-04T21:21:35,3,1,914c959a-dd91-4231-b02e-d6ee340b578e
7439-3094-4233,2921-4670-9647,28393.03,2026-07-04T21:24:10,3,1,914c959a-dd91-4231-b02e-d6ee340b578e
1238-6886-6387,4410-4568-1032,202089.19,2026-08-07T16:10:33,1,0,b0c2339d-0486-4dd6-b5e1-78d866ffb20d
4410-4568-1032,7607-8429-4920,178528.02,2026-08-07T16:11:36,2,0,b0c2339d-0486-4dd6-b5e1-78d866ffb20d
4410-4568-1032,2822-1079-1055,23561.17,2026-08-07T16:12:13,2,0,b0c2339d-0486-4dd6-b5e1-78d866ffb20d
7607-8429-4920,3494-4851-3275,178528.02,2026-08-07T16:16:08,3,0,b0c2339d-0486-4dd6-b5e1-78d866ffb20d
3494-4851-3275,9715-8533-1732,178528.02,2026-08-07T16:18:47,4,1,b0c2339d-0486-4dd6-b5e1-78d866ffb20d
9972-7967-8864,7365-5013-1665,28906.32,2026-06-29T20:19:37,1,0,7835d606-d921-4d37-a4d2-ba78c971851a
9972-7967-8864,1830-1377-9438,12600.28,2026-06-29T20:20:33,1,0,7835d606-d921-4d37-a4d2-ba78c971851a
7365-5013-1665,6215-2514-7051,28906.32,2026-06-29T20:21:47,2,0,7835d606-d921-4d37-a4d2-ba78c971851a
1830-1377-9438,3458-1297-4098,9539.6,2026-06-29T20:22:40,2,0,7835d606-d921-4d37-a4d2-ba78c971851a
1830-1377-9438,5256-1197-2120,3060.68,2026-06-29T20:23:11,2,0,7835d606-d921-4d37-a4d2-ba78c971851a
3458-1297-4098,8076-8235-3429,8585.64,2026-06-29T20:24:23,3,1,7835d606-d921-4d37-a4d2-ba78c971851a
5256-1197-2120,8076-8235-3429,2754.61,2026-06-29T20:26:45,3,1,7835d606-d921-4d37-a4d2-ba78c971851a
6215-2514-7051,8076-8235-3429,26015.69,2026-06-29T20:29:23,3,1,7835d606-d921-4d37-a4d2-ba78c971851a
3257-4645-9410,5734-1018-3445,64676.42,2026-08-18T13:26:36,1,0,3c1f4fe7-f00c-4be2-88fb-fa1989101187
3257-4645-9410,7407-3305-1551,3849.21,2026-08-18T13:26:54,1,0,3c1f4fe7-f00c-4be2-88fb-fa1989101187
5734-1018-3445,7743-6104-3617,64676.42,2026-08-18T13:28:24,2,0,3c1f4fe7-f00c-4be2-88fb-fa1989101187
7407-3305-1551,2428-3612-2551,2214.19,2026-08-18T13:29:29,2,0,3c1f4fe7-f00c-4be2-88fb-fa1989101187
7407-3305-1551,3285-6439-2756,1635.02,2026-08-18T13:30:49,2,0,3c1f4fe7-f00c-4be2-88fb-fa1989101187
7743-6104-3617,8612-3832-4589,58208.78,2026-08-18T13:32:43,3,1,3c1f4fe7-f00c-4be2-88fb-fa1989101187
3285-6439-2756,8612-3832-4589,1471.52,2026-08-18T13:34:54,3,1,3c1f4fe7-f00c-4be2-88fb-fa1989101187
2428-3612-2551,8612-3832-4589,1992.77,2026-08-18T13:35:57,3,1,3c1f4fe7-f00c-4be2-88fb-fa1989101187
4285-3083-7999,6748-2467-3049,455802.57,2026-06-04T10:43:20,1,0,d9543666-09af-4300-b47f-d96305a1c3ad
6748-2467-3049,9155-8035-8130,455802.57,2026-06-04T10:44:38,2,0,d9543666-09af-4300-b47f-d96305a1c3ad
9155-8035-8130,7255-1753-6004,455802.57,2026-06-04T10:48:25,3,0,d9543666-09af-4300-b47f-d96305a1c3ad
7255-1753-6004,4584-5912-7272,455802.57,2026-06-04T10:52:56,4,1,d9543666-09af-4300-b47f-d96305a1c3ad
9179-4358-6064,3439-5251-4848,37618.77,2026-08-06T22:29:12,1,0,56de6fda-2cee-40ac-9b34-ba9b24cbd4b6
9179-4358-6064,6729-7911-2361,47554.87,2026-08-06T22:29:28,1,0,56de6fda-2cee-40ac-9b34-ba9b24cbd4b6
3439-5251-4848,7459-8422-1062,37618.77,2026-08-06T22:30:30,2,0,56de6fda-2cee-40ac-9b34-ba9b24cbd4b6
6729-7911-2361,7556-3500-3130,28180.59,2026-08-06T22:31:56,2,0,56de6fda-2cee-40ac-9b34-ba9b24cbd4b6
6729-7911-2361,5522-2254-8240,19374.28,2026-08-06T22:32:43,2,0,56de6fda-2cee-40ac-9b34-ba9b24cbd4b6
5522-2254-8240,6924-1246-1598,17436.85,2026-08-06T22:33:56,3,1,56de6fda-2cee-40ac-9b34-ba9b24cbd4b6
7459-8422-1062,6924-1246-1598,33856.89,2026-08-06T22:35:57,3,1,56de6fda-2cee-40ac-9b34-ba9b24cbd4b6
7556-3500-3130,6924-1246-1598,25362.53,2026-08-06T22:37:37,3,1,56de6fda-2cee-40ac-9b34-ba9b24cbd4b6
7869-7199-9973,2809-3470-2423,102169.45,2026-07-22T13:10:10,1,0,a673f91f-a381-4a2d-a729-b4221fe3f940
2809-3470-2423,3680-6847-5207,82726.48,2026-07-22T13:11:22,2,0,a673f91f-a381-4a2d-a729-b4221fe3f940
2809-3470-2423,3819-1281-7548,19442.97,2026-07-22T13:12:41,2,0,a673f91f-a381-4a2d-a729-b4221fe3f940
3680-6847-5207,9703-3404-8595,82726.48,2026-07-22T13:14:44,3,1,a673f91f-a381-4a2d-a729-b4221fe3f940
5710-9199-9236,2061-9654-9467,322288.78,2026-07-26T12:37:51,1,0,98a71d0d-7986-4b18-9db4-f439403b3f74
2061-9654-9467,5254-1299-6690,233877.89,2026-07-26T12:38:32,2,0,98a71d0d-7986-4b18-9db4-f439403b3f74
2061-9654-9467,2611-2650-1716,88410.89,2026-07-26T12:39:44,2,0,98a71d0d-7986-4b18-9db4-f439403b3f74
5254-1299-6690,7577-1834-6094,233877.89,2026-07-26T12:43:20,3,1,98a71d0d-7986-4b18-9db4-f439403b3f74
3331-2646-9277,1866-1957-4319,32003.11,2026-07-31T08:19:15,1,0,f0b75593-6b5b-4664-af80-c945e2f870aa
3331-2646-9277,3673-2023-4303,13202.2,2026-07-31T08:19:28,1,0,f0b75593-6b5b-4664-af80-c945e2f870aa
1866-1957-4319,5879-8779-2913,32003.11,2026-07-31T08:20:13,2,0,f0b75593-6b5b-4664-af80-c945e2f870aa
3673-2023-4303,7798-1746-2719,6372.2,2026-07-31T08:21:26,2,0,f0b75593-6b5b-4664-af80-c945e2f870aa
3673-2023-4303,7356-3549-6812,6830.0,2026-07-31T08:22:12,2,0,f0b75593-6b5b-4664-af80-c945e2f870aa
7356-3549-6812,1154-2973-2262,6147.0,2026-07-31T08:23:55,3,1,f0b75593-6b5b-4664-af80-c945e2f870aa
7798-1746-2719,1154-2973-2262,5734.98,2026-07-31T08:25:10,3,1,f0b75593-6b5b-4664-af80-c945e2f870aa
5879-8779-2913,1154-2973-2262,28802.8,2026-07-31T08:27:17,3,1,f0b75593-6b5b-4664-af80-c945e2f870aa
8727-3254-8667,1921-4714-8666,191278.94,2026-07-17T10:06:12,1,0,728cff67-9dd9-4d70-b1d4-3362d4a246dd
8727-3254-8667,2834-7807-2733,93021.75,2026-07-17T10:06:34,1,0,728cff67-9dd9-4d70-b1d4-3362d4a246dd
8727-3254-8667,7991-1450-9388,36999.96,2026-07-17T10:07:00,1,0,728cff67-9dd9-4d70-b1d4-3362d4a246dd
1921-4714-8666,4714-1660-8330,174190.64,2026-07-17T10:07:41,2,0,728cff67-9dd9-4d70-b1d4-3362d4a246dd
1921-4714-8666,7868-2737-1114,17088.3,2026-07-17T10:08:46,2,0,728cff67-9dd9-4d70-b1d4-3362d4a246dd
2834-7807-2733,1241-3780-5208,93021.75,2026-07-17T10:09:58,2,0,728cff67-9dd9-4d70-b1d4-3362d4a246dd
7991-1450-9388,4051-3658-2991,27221.03,2026-07-17T10:11:06,2,0,728cff67-9dd9-4d70-b1d4-3362d4a246dd
7991-1450-9388,7401-1623-7298,9778.93,2026-07-17T10:11:52,2,0,728cff67-9dd9-4d70-b1d4-3362d4a246dd
1241-3780-5208,6974-3327-2465,83719.58,2026-07-17T10:14:26,3,1,728cff67-9dd9-4d70-b1d4-3362d4a246dd
4714-1660-8330,6974-3327-2465,156771.58,2026-07-17T10:17:11,3,1,728cff67-9dd9-4d70-b1d4-3362d4a246dd
7868-2737-1114,6974-3327-2465,15379.47,2026-07-17T10:20:09,3,1,728cff67-9dd9-4d70-b1d4-3362d4a246dd
4051-3658-2991,6974-3327-2465,24498.93,2026-07-17T10:23:09,3,1,728cff67-9dd9-4d70-b1d4-3362d4a246dd
7401-1623-7298,6974-3327-2465,8801.04,2026-07-17T10:26:03,3,1,728cff67-9dd9-4d70-b1d4-3362d4a246dd
9817-4639-3243,9877-5797-9247,102394.18,2026-08-16T10:51:23,1,0,58ae8bba-5642-413c-ab34-7f2ea5a8fac8
9817-4639-3243,2080-4610-1386,23820.39,2026-08-16T10:51:37,1,0,58ae8bba-5642-413c-ab34-7f2ea5a8fac8
9877-5797-9247,7034-2167-7177,102394.18,2026-08-16T10:52:37,2,0,58ae8bba-5642-413c-ab34-7f2ea5a8fac8
2080-4610-1386,5764-7623-5015,23370.63,2026-08-16T10:53:26,2,0,58ae8bba-5642-413c-ab34-7f2ea5a8fac8
2080-4610-1386,4786-6406-4812,449.76,2026-08-16T10:54:03,2,0,58ae8bba-5642-413c-ab34-7f2ea5a8fac8
5764-7623-5015,6243-8740-5043,21033.57,2026-08-16T10:55:44,3,1,58ae8bba-5642-413c-ab34-7f2ea5a8fac8
4786-6406-4812,6243-8740-5043,404.78,2026-08-16T10:57:01,3,1,58ae8bba-5642-413c-ab34-7f2ea5a8fac8
7034-2167-7177,6243-8740-5043,92154.76,2026-08-16T10:59:57,3,1,58ae8bba-5642-413c-ab34-7f2ea5a8fac8
7096-9155-9301,6592-6935-5253,83249.82,2026-07-09T10:04:34,1,0,2d7a00d6-7b06-4efc-b699-e4f274a2ef31
6592-6935-5253,8567-3634-4720,5100.85,2026-07-09T10:05:52,2,0,2d7a00d6-7b06-4efc-b699-e4f274a2ef31
6592-6935-5253,7280-1309-3515,33803.86,2026-07-09T10:06:51,2,0,2d7a00d6-7b06-4efc-b699-e4f274a2ef31
6592-6935-5253,5843-5795-8129,44345.1,2026-07-09T10:07:22,2,0,2d7a00d6-7b06-4efc-b699-e4f274a2ef31
7280-1309-3515,9709-4766-8883,30423.47,2026-07-09T10:08:29,3,1,2d7a00d6-7b06-4efc-b699-e4f274a2ef31
5843-5795-8129,9709-4766-8883,39910.59,2026-07-09T10:09:58,3,1,2d7a00d6-7b06-4efc-b699-e4f274a2ef31
8567-3634-4720,9709-4766-8883,4590.77,2026-07-09T10:11:54,3,1,2d7a00d6-7b06-4efc-b699-e4f274a2ef31
6313-8520-3966,1816-3654-3830,313470.84,2026-06-30T01:41:50,1,0,0f63fd10-6b11-424d-ba1c-c4275162ead1
6313-8520-3966,6444-5252-7462,117964.27,2026-06-30T01:42:33,1,0,0f63fd10-6b11-424d-ba1c-c4275162ead1
1816-3654-3830,1168-8296-7180,313470.84,2026-06-30T01:43:46,2,0,0f63fd10-6b11-424d-ba1c-c4275162ead1
6444-5252-7462,4383-6542-4411,30007.33,2026-06-30T01:44:54,2,0,0f63fd10-6b11-424d-ba1c-c4275162ead1
6444-5252-7462,9986-7568-8796,49709.31,2026-06-30T01:45:54,2,0,0f63fd10-6b11-424d-ba1c-c4275162ead1
6444-5252-7462,7841-3266-6867,38247.62,2026-06-30T01:47:15,2,0,0f63fd10-6b11-424d-ba1c-c4275162ead1
4383-6542-4411,7070-4855-5255,27006.6,2026-06-30T01:49:55,3,1,0f63fd10-6b11-424d-ba1c-c4275162ead1
1168-8296-7180,7070-4855-5255,282123.76,2026-06-30T01:52:12,3,1,0f63fd10-6b11-424d-ba1c-c4275162ead1
7841-3266-6867,7070-4855-5255,34422.86,2026-06-30T01:54:05,3,1,0f63fd10-6b11-424d-ba1c-c4275162ead1
8029-5216-1144,4143-6270-7741,15110.99,2026-06-09T09:03:21,1,0,46d55bac-d14a-483a-94e5-a47747c09722
8029-5216-1144,8376-1946-8760,244804.18,2026-06-09T09:03:47,1,0,46d55bac-d14a-483a-94e5-a47747c09722
4143-6270-7741,4952-9633-5254,15110.99,2026-06-09T09:04:26,2,0,46d55bac-d14a-483a-94e5-a47747c09722
8376-1946-8760,8461-4379-3953,244804.18,2026-06-09T09:04:59,2,0,46d55bac-d14a-483a-94e5-a47747c09722
4952-9633-5254,2228-8615-7078,15110.99,2026-06-09T09:08:45,3,1,46d55bac-d14a-483a-94e5-a47747c09722
8461-4379-3953,3693-1937-5825,244804.18,2026-06-09T09:10:25,3,0,46d55bac-d14a-483a-94e5-a47747c09722
3693-1937-5825,7621-4812-1530,244804.18,2026-06-09T09:13:00,4,1,46d55bac-d14a-483a-94e5-a47747c09722
3935-4066-1484,7770-1227-2567,127719.85,2026-06-08T11:11:44,1,0,9655aacc-5ee4-4c56-931a-81665285f6b2
7770-1227-2567,7919-9951-1414,127719.85,2026-06-08T11:13:09,2,0,9655aacc-5ee4-4c56-931a-81665285f6b2
7919-9951-1414,7554-4178-8301,127719.85,2026-06-08T11:17:56,3,1,9655aacc-5ee4-4c56-931a-81665285f6b2
4248-4418-4026,8517-4007-5158,116478.36,2026-07-25T03:43:10,1,0,8a4c464d-3e93-4d31-b223-2813b6eb2e16
4248-4418-4026,5581-7172-4667,291193.17,2026-07-25T03:43:48,1,0,8a4c464d-3e93-4d31-b223-2813b6eb2e16
8517-4007-5158,1532-7515-6326,97418.48,2026-07-25T03:45:02,2,0,8a4c464d-3e93-4d31-b223-2813b6eb2e16
8517-4007-5158,5261-1997-3560,3468.94,2026-07-25T03:46:16,2,0,8a4c464d-3e93-4d31-b223-2813b6eb2e16
8517-4007-5158,6731-6325-2781,15590.94,2026-07-25T03:46:56,2,0,8a4c464d-3e93-4d31-b223-2813b6eb2e16
5581-7172-4667,1782-5890-8032,93599.38,2026-07-25T03:48:07,2,0,8a4c464d-3e93-4d31-b223-2813b6eb2e16
5581-7172-4667,1974-3055-8052,117854.32,2026-07-25T03:49:18,2,0,8a4c464d-3e93-4d31-b223-2813b6eb2e16
5581-7172-4667,7877-8414-7473,79739.47,2026-07-25T03:50:35,2,0,8a4c464d-3e93-4d31-b223-2813b6eb2e16
1974-3055-8052,9112-6953-7763,106068.89,2026-07-25T03:51:37,3,1,8a4c464d-3e93-4d31-b223-2813b6eb2e16
1782-5890-8032,9112-6953-7763,84239.44,2026-07-25T03:54:08,3,1,8a4c464d-3e93-4d31-b223-2813b6eb2e16
6731-6325-2781,9112-6953-7763,14031.85,2026-07-25T03:55:29,3,1,8a4c464d-3e93-4d31-b223-2813b6eb2e16
1532-7515-6326,9112-6953-7763,87676.63,2026-07-25T03:56:38,3,1,8a4c464d-3e93-4d31-b223-2813b6eb2e16
5261-1997-3560,9112-6953-7763,3122.05,2026-07-25T03:59:30,3,1,8a4c464d-3e93-4d31-b223-2813b6eb2e16
9883-1566-4689,3570-6709-4152,236073.48,2026-08-23T10:00:21,1,0,a74c161d-d80d-4ce5-8873-f6d5c044bd7b
3570-6709-4152,1667-3522-7131,236073.48,2026-08-23T10:01:48,2,0,a74c161d-d80d-4ce5-8873-f6d5c044bd7b
1667-3522-7131,6531-5647-6383,236073.48,2026-08-23T10:06:11,3,1,a74c161d-d80d-4ce5-8873-f6d5c044bd7b
5666-4410-4172,4157-3657-5825,231329.17,2026-06-22T10:34:01,1,0,1ea1050b-3783-4f67-9c92-0bd2510922d7
4157-3657-5825,1436-6682-9820,2002.57,2026-06-22T10:34:41,2,0,1ea1050b-3783-4f67-9c92-0bd2510922d7
4157-3657-5825,4776-3006-3069,80603.24,2026-06-22T10:35:49,2,0,1ea1050b-3783-4f67-9c92-0bd2510922d7
4157-3657-5825,5414-5427-2482,148723.36,2026-06-22T10:36:22,2,0,1ea1050b-3783-4f67-9c92-0bd2510922d7
4776-3006-3069,7089-5552-3622,72542.92,2026-06-22T10:37:23,3,1,1ea1050b-3783-4f67-9c92-0bd2510922d7
5414-5427-2482,7089-5552-3622,133851.02,2026-06-22T10:38:57,3,1,1ea1050b-3783-4f67-9c92-0bd2510922d7
1436-6682-9820,7089-5552-3622,1802.31,2026-06-22T10:40:54,3,1,1ea1050b-3783-4f67-9c92-0bd2510922d7
3169-3962-7480,2245-4753-2636,43897.22,2026-08-23T17:38:34,1,0,34f4a279-9cd9-4c84-bee9-cf45814fd350
3169-3962-7480,8890-7101-4803,206075.41,2026-08-23T17:39:04,1,0,34f4a279-9cd9-4c84-bee9-cf45814fd350
2245-4753-2636,7276-2685-3324,12821.91,2026-08-23T17:40:02,2,0,34f4a279-9cd9-4c84-bee9-cf45814fd350
2245-4753-2636,1416-7975-2973,31075.31,2026-08-23T17:40:42,2,0,34f4a279-9cd9-4c84-bee9-cf45814fd350
8890-7101-4803,5431-2000-4130,206075.41,2026-08-23T17:41:22,2,0,34f4a279-9cd9-4c84-bee9-cf45814fd350
1416-7975-2973,2541-5438-4438,27967.78,2026-08-23T17:42:39,3,1,34f4a279-9cd9-4c84-bee9-cf45814fd350
7276-2685-3324,2541-5438-4438,11539.72,2026-08-23T17:44:09,3,1,34f4a279-9cd9-4c84-bee9-cf45814fd350
5431-2000-4130,2541-5438-4438,185467.87,2026-08-23T17:46:05,3,1,34f4a279-9cd9-4c84-bee9-cf45814fd350
5275-8637-3078,5117-3151-3512,331119.85,2026-07-10T21:44:13,1,0,a963ead2-81fa-43d9-b012-909280680d01
5275-8637-3078,2530-9220-9933,93230.47,2026-07-10T21:45:07,1,0,a963ead2-81fa-43d9-b012-909280680d01
5117-3151-3512,5956-9892-8915,331119.85,2026-07-10T21:46:08,2,0,a963ead2-81fa-43d9-b012-909280680d01
2530-9220-9933,4423-4841-3787,93230.47,2026-07-10T21:47:15,2,0,a963ead2-81fa-43d9-b012-909280680d01
5956-9892-8915,6575-8655-9894,331119.85,2026-07-10T21:51:05,3,1,a963ead2-81fa-43d9-b012-909280680d01
4423-4841-3787,9871-3814-6253,93230.47,2026-07-10T21:55:04,3,1,a963ead2-81fa-43d9-b012-909280680d01
1294-9321-5360,8901-3053-3757,11437.98,2026-06-04T00:49:13,1,0,f2abc379-40cb-4354-b3ad-985cb0d0acc2
1294-9321-5360,6937-5999-4550,15957.01,2026-06-04T00:50:00,1,0,f2abc379-40cb-4354-b3ad-985cb0d0acc2
8901-3053-3757,1141-2741-9737,10046.44,2026-06-04T00:50:40,2,0,f2abc379-40cb-4354-b3ad-985cb0d0acc2
8901-3053-3757,4004-6778-7647,1391.54,2026-06-04T00:51:22,2,0,f2abc379-40cb-4354-b3ad-985cb0d0acc2
6937-5999-4550,3777-3662-5025,15957.01,2026-06-04T00:52:51,2,0,f2abc379-40cb-4354-b3ad-985cb0d0acc2
1141-2741-9737,3789-8264-1651,9041.8,2026-06-04T00:54:42,3,1,f2abc379-40cb-4354-b3ad-985cb0d0acc2
4004-6778-7647,3789-8264-1651,1252.39,2026-06-04T00:56:25,3,1,f2abc379-40cb-4354-b3ad-985cb0d0acc2
3777-3662-5025,3789-8264-1651,14361.31,2026-06-04T00:58:11,3,1,f2abc379-40cb-4354-b3ad-985cb0d0acc2
1644-1307-4794,2226-1817-2382,27553.09,2026-07-12T19:00:45,1,0,4e7835e4-7aee-45a2-bcf2-1dd168f0d6b6
1644-1307-4794,4598-5024-7074,16602.23,2026-07-12T19:01:32,1,0,4e7835e4-7aee-45a2-bcf2-1dd168f0d6b6
1644-1307-4794,4289-9826-3910,152087.35,2026-07-12T19:01:43,1,0,4e7835e4-7aee-45a2-bcf2-1dd168f0d6b6
2226-1817-2382,7553-5603-7557,26850.06,2026-07-12T19:02:43,2,0,4e7835e4-7aee-45a2-bcf2-1dd168f0d6b6
2226-1817-2382,2816-7848-1899,703.03,2026-07-12T19:03:46,2,0,4e7835e4-7aee-45a2-bcf2-1dd168f0d6b6
4598-5024-7074,3842-4274-5446,16286.4,2026-07-12T19:05:08,2,0,4e7835e4-7aee-45a2-bcf2-1dd168f0d6b6
4598-5024-7074,7941-2476-8285,315.83,2026-07-12T19:05:51,2,0,4e7835e4-7aee-45a2-bcf2-1dd168f0d6b6
4289-9826-3910,5243-5638-2526,29182.26,2026-07-12T19:06:43,2,0,4e7835e4-7aee-45a2-bcf2-1dd168f0d6b6
4289-9826-3910,8131-5909-3248,46230.24,2026-07-12T19:07:25,2,0,4e7835e4-7aee-45a2-bcf2-1dd168f0d6b6
4289-9826-3910,4277-2624-7374,76674.85,2026-07-12T19:08:28,2,0,4e7835e4-7aee-45a2-bcf2-1dd168f0d6b6
4277-2624-7374,5789-3950-1737,69007.37,2026-07-12T19:11:20,3,1,4e7835e4-7aee-45a2-bcf2-1dd168f0d6b6
8131-5909-3248,5789-3950-1737,41607.22,2026-07-12T19:14:09,3,1,4e7835e4-7aee-45a2-bcf2-1dd168f0d6b6
2816-7848-1899,5789-3950-1737,632.73,2026-07-12T19:15:11,3,1,4e7835e4-7aee-45a2-bcf2-1dd168f0d6b6
3842-4274-5446,5789-3950-1737,14657.76,2026-07-12T19:17:29,3,1,4e7835e4-7aee-45a2-bcf2-1dd168f0d6b6
1674-3763-5702,4591-8295-6040,76225.75,2026-08-15T05:51:03,1,0,b6298904-c068-45a4-895b-28c8d3053fe6
1674-3763-5702,5368-5379-2274,98510.74,2026-08-15T05:51:37,1,0,b6298904-c068-45a4-895b-28c8d3053fe6
1674-3763-5702,9129-3756-4588,25245.85,2026-08-15T05:51:57,1,0,b6298904-c068-45a4-895b-28c8d3053fe6
4591-8295-6040,7201-3241-7848,76225.75,2026-08-15T05:53:02,2,0,b6298904-c068-45a4-895b-28c8d3053fe6
5368-5379-2274,8108-5361-2035,41306.17,2026-08-15T05:54:12,2,0,b6298904-c068-45a4-895b-28c8d3053fe6
5368-5379-2274,1198-1052-6552,2045.32,2026-08-15T05:54:47,2,0,b6298904-c068-45a4-895b-28c8d3053fe6
5368-5379-2274,4721-9206-6524,55159.25,2026-08-15T05:55:55,2,0,b6298904-c068-45a4-895b-28c8d3053fe6
9129-3756-4588,9743-2272-5290,8031.98,2026-08-15T05:56:56,2,0,b6298904-c068-45a4-895b-28c8d3053fe6
9129-3756-4588,8001-1817-5992,17213.87,2026-08-15T05:57:40,2,0,b6298904-c068-45a4-895b-28c8d3053fe6
4721-9206-6524,9883-8395-6757,49643.32,2026-08-15T05:59:12,3,1,b6298904-c068-45a4-895b-28c8d3053fe6
8001-1817-5992,9883-8395-6757,15492.48,2026-08-15T06:02:04,3,1,b6298904-c068-45a4-895b-28c8d3053fe6
7201-3241-7848,9883-8395-6757,68603.18,2026-08-15T06:05:02,3,1,b6298904-c068-45a4-895b-28c8d3053fe6
5864-2427-9510,9479-1549-1979,94716.96,2026-07-17T14:53:34,1,0,e835378a-5eac-4379-b99a-7d4f8d890489
5864-2427-9510,3443-8418-8788,162298.69,2026-07-17T14:54:03,1,0,e835378a-5eac-4379-b99a-7d4f8d890489
9479-1549-1979,7308-1334-5752,32960.03,2026-07-17T14:55:30,2,0,e835378a-5eac-4379-b99a-7d4f8d890489
9479-1549-1979,4869-6952-7748,58001.62,2026-07-17T14:56:27,2,0,e835378a-5eac-4379-b99a-7d4f8d890489
9479-1549-1979,8018-1545-6528,3755.31,2026-07-17T14:57:38,2,0,e835378a-5eac-4379-b99a-7d4f8d890489
3443-8418-8788,2970-9978-3222,19433.2,2026-07-17T14:58:57,2,0,e835378a-5eac-4379-b99a-7d4f8d890489
3443-8418-8788,3998-4004-7891,88605.08,2026-07-17T15:00:08,2,0,e835378a-5eac-4379-b99a-7d4f8d890489
3443-8418-8788,7722-8788-5607,54260.42,2026-07-17T15:01:21,2,0,e835378a-5eac-4379-b99a-7d4f8d890489
3998-4004-7891,5991-3771-9438,79744.57,2026-07-17T15:04:12,3,1,e835378a-5eac-4379-b99a-7d4f8d890489
2970-9978-3222,5991-3771-9438,17489.88,2026-07-17T15:06:03,3,1,e835378a-5eac-4379-b99a-7d4f8d890489
4869-6952-7748,5991-3771-9438,52201.46,2026-07-17T15:08:24,3,1,e835378a-5eac-4379-b99a-7d4f8d890489
3261-3277-2932,8461-1961-5298,89335.69,2026-06-13T12:40:26,1,0,19c41b7f-1fa9-4901-8705-2b3ed982e3bf
3261-3277-2932,7923-2273-9930,10762.47,2026-06-13T12:41:01,1,0,19c41b7f-1fa9-4901-8705-2b3ed982e3bf
3261-3277-2932,7577-8254-1487,161971.53,2026-06-13T12:41:11,1,0,19c41b7f-1fa9-4901-8705-2b3ed982e3bf
8461-1961-5298,2312-9790-3617,16904.62,2026-06-13T12:42:30,2,0,19c41b7f-1fa9-4901-8705-2b3ed982e3bf
8461-1961-5298,9036-2966-3521,8272.31,2026-06-13T12:43:59,2,0,19c41b7f-1fa9-4901-8705-2b3ed982e3bf
8461-1961-5298,7859-6289-4343,64158.76,2026-06-13T12:44:45,2,0,19c41b7f-1fa9-4901-8705-2b3ed982e3bf
7923-2273-9930,9774-4840-2427,4493.03,2026-06-13T12:45:37,2,0,19c41b7f-1fa9-4901-8705-2b3ed982e3bf
7923-2273-9930,4889-6354-5955,2881.96,2026-06-13T12:46:31,2,0,19c41b7f-1fa9-4901-8705-2b3ed982e3bf
7923-2273-9930,1315-2850-5624,3387.48,2026-06-13T12:47:29,2,0,19c41b7f-1fa9-4901-8705-2b3ed982e3bf
7577-8254-1487,5449-4801-9398,161971.53,2026-06-13T12:48:46,2,0,19c41b7f-1fa9-4901-8705-2b3ed982e3bf
9036-2966-3521,9827-2829-7787,7445.08,2026-06-13T12:51:36,3,1,19c41b7f-1fa9-4901-8705-2b3ed982e3bf
1315-2850-5624,9827-2829-7787,3048.73,2026-06-13T12:53:58,3,1,19c41b7f-1fa9-4901-8705-2b3ed982e3bf
2312-9790-3617,9827-2829-7787,15214.16,2026-06-13T12:55:41,3,1,19c41b7f-1fa9-4901-8705-2b3ed982e3bf
9774-4840-2427,9827-2829-7787,4043.73,2026-06-13T12:58:18,3,1,19c41b7f-1fa9-4901-8705-2b3ed982e3bf
7859-6289-4343,9827-2829-7787,57742.88,2026-06-13T12:59:50,3,1,19c41b7f-1fa9-4901-8705-2b3ed982e3bf
9372-2526-6383,4272-8352-1759,162672.37,2026-07-07T05:15:03,1,0,06cb9ad8-a60d-458b-8c62-e44d01545b1b
4272-8352-1759,1696-8311-1785,135087.36,2026-07-07T05:16:13,2,0,06cb9ad8-a60d-458b-8c62-e44d01545b1b
4272-8352-1759,4335-1509-9407,27585.01,2026-07-07T05:17:37,2,0,06cb9ad8-a60d-458b-8c62-e44d01545b1b
4335-1509-9407,5849-5901-9627,27585.01,2026-07-07T05:20:00,3,1,06cb9ad8-a60d-458b-8c62-e44d01545b1b
9317-6552-4012,8650-5515-2455,145644.11,2026-08-06T21:07:17,1,0,b7ac7153-0098-4af7-b8e0-5ad157f486a8
9317-6552-4012,2233-7864-9844,95578.31,2026-08-06T21:07:57,1,0,b7ac7153-0098-4af7-b8e0-5ad157f486a8
9317-6552-4012,1035-7930-2840,27285.8,2026-08-06T21:08:15,1,0,b7ac7153-0098-4af7-b8e0-5ad157f486a8
8650-5515-2455,3870-7902-4188,22547.99,2026-08-06T21:09:25,2,0,b7ac7153-0098-4af7-b8e0-5ad157f486a8
8650-5515-2455,5334-5597-5412,115504.48,2026-08-06T21:10:38,2,0,b7ac7153-0098-4af7-b8e0-5ad157f486a8
8650-5515-2455,4577-6342-7250,7591.65,2026-08-06T21:11:08,2,0,b7ac7153-0098-4af7-b8e0-5ad157f486a8
2233-7864-9844,5886-3659-7126,95578.31,2026-08-06T21:11:51,2,0,b7ac7153-0098-4af7-b8e0-5ad157f486a8
1035-7930-2840,4650-8512-6967,27285.8,2026-08-06T21:12:36,2,0,b7ac7153-0098-4af7-b8e0-5ad157f486a8
3870-7902-4188,8354-1012-3160,20293.19,2026-08-06T21:14:13,3,1,b7ac7153-0098-4af7-b8e0-5ad157f486a8
5334-5597-5412,8354-1012-3160,103954.03,2026-08-06T21:16:50,3,1,b7ac7153-0098-4af7-b8e0-5ad157f486a8
4577-6342-7250,8354-1012-3160,6832.48,2026-08-06T21:18:18,3,1,b7ac7153-0098-4af7-b8e0-5ad157f486a8
5886-3659-7126,8354-1012-3160,86020.48,2026-08-06T21:20:54,3,1,b7ac7153-0098-4af7-b8e0-5ad157f486a8
5561-1266-4982,5456-9356-9958,32023.51,2026-07-09T12:14:11,1,0,7569a2fd-279a-4b7a-aa1a-8c1141c324f1
5561-1266-4982,3406-2947-6771,306510.65,2026-07-09T12:15:06,1,0,7569a2fd-279a-4b7a-aa1a-8c1141c324f1
5456-9356-9958,8010-1629-7244,32023.51,2026-07-09T12:16:01,2,0,7569a2fd-279a-4b7a-aa1a-8c1141c324f1
3406-2947-6771,5648-2207-3119,71886.2,2026-07-09T12:17:29,2,0,7569a2fd-279a-4b7a-aa1a-8c1141c324f1
3406-2947-6771,7108-6085-8939,234624.45,2026-07-09T12:18:02,2,0,7569a2fd-279a-4b7a-aa1a-8c1141c324f1
7108-6085-8939,7288-7831-7523,211162.0,2026-07-09T12:21:01,3,1,7569a2fd-279a-4b7a-aa1a-8c1141c324f1
8010-1629-7244,7288-7831-7523,28821.16,2026-07-09T12:23:55,3,1,7569a2fd-279a-4b7a-aa1a-8c1141c324f1
5648-2207-3119,7288-7831-7523,64697.58,2026-07-09T12:26:51,3,1,7569a2fd-279a-4b7a-aa1a-8c1141c324f1
5062-4528-6252,8822-7550-9433,117697.2,2026-08-08T02:36:41,1,0,26eb2482-eba5-41c7-837d-e6738a9b829f
5062-4528-6252,8602-9117-8388,123010.28,2026-08-08T02:37:24,1,0,26eb2482-eba5-41c7-837d-e6738a9b829f
5062-4528-6252,4068-7097-8107,50221.55,2026-08-08T02:37:40,1,0,26eb2482-eba5-41c7-837d-e6738a9b829f
8822-7550-9433,2386-3535-3065,9459.55,2026-08-08T02:38:29,2,0,26eb2482-eba5-41c7-837d-e6738a9b829f
8822-7550-9433,7593-1161-1480,10331.58,2026-08-08T02:39:08,2,0,26eb2482-eba5-41c7-837d-e6738a9b829f
8822-7550-9433,1072-2089-5744,97906.06,2026-08-08T02:40:28,2,0,26eb2482-eba5-41c7-837d-e6738a9b829f
8602-9117-8388,2158-4567-5923,2446.11,2026-08-08T02:41:31,2,0,26eb2482-eba5-41c7-837d-e6738a9b829f
8602-9117-8388,2936-1273-4344,120564.17,2026-08-08T02:42:54,2,0,26eb2482-eba5-41c7-837d-e6738a9b829f
4068-7097-8107,6361-7287-5868,30109.63,2026-08-08T02:44:22,2,0,26eb2482-eba5-41c7-837d-e6738a9b829f
4068-7097-8107,3617-3218-5863,20111.92,2026-08-08T02:44:55,2,0,26eb2482-eba5-41c7-837d-e6738a9b829f
2158-4567-5923,5276-7564-3049,2201.5,2026-08-08T02:47:55,3,1,26eb2482-eba5-41c7-837d-e6738a9b829f
3617-3218-5863,5276-7564-3049,18100.73,2026-08-08T02:50:39,3,1,26eb2482-eba5-41c7-837d-e6738a9b829f
6361-7287-5868,5276-7564-3049,27098.67,2026-08-08T02:52:30,3,1,26eb2482-eba5-41c7-837d-e6738a9b829f
2386-3535-3065,5276-7564-3049,8513.59,2026-08-08T02:54:30,3,1,26eb2482-eba5-41c7-837d-e6738a9b829f
1072-2089-5744,5276-7564-3049,88115.45,2026-08-08T02:55:30,3,1,26eb2482-eba5-41c7-837d-e6738a9b829f
8055-6459-8869,5757-1110-6072,388430.03,2026-07-05T23:32:15,1,0,094a0f4d-2481-4200-8672-6265704ca4ef
5757-1110-6072,4695-2188-4181,256193.81,2026-07-05T23:32:51,2,0,094a0f4d-2481-4200-8672-6265704ca4ef
5757-1110-6072,8899-6173-7630,132236.22,2026-07-05T23:33:31,2,0,094a0f4d-2481-4200-8672-6265704ca4ef
4695-2188-4181,3402-6464-2162,256193.81,2026-07-05T23:37:02,3,1,094a0f4d-2481-4200-8672-6265704ca4ef
5886-4012-5815,5506-8349-5695,6788.41,2026-06-29T12:33:57,1,0,e9bf9f6f-41b3-4c30-81dc-3c0e7124f5ed
5886-4012-5815,1001-5438-9083,7585.59,2026-06-29T12:34:15,1,0,e9bf9f6f-41b3-4c30-81dc-3c0e7124f5ed
5506-8349-5695,8707-7775-6265,6788.41,2026-06-29T12:34:49,2,0,e9bf9f6f-41b3-4c30-81dc-3c0e7124f5ed
1001-5438-9083,6853-2471-8918,7585.59,2026-06-29T12:36:03,2,0,e9bf9f6f-41b3-4c30-81dc-3c0e7124f5ed
8707-7775-6265,6761-7283-4155,6788.41,2026-06-29T12:38:08,3,0,e9bf9f6f-41b3-4c30-81dc-3c0e7124f5ed
6761-7283-4155,9337-1023-6641,6788.41,2026-06-29T12:40:36,4,1,e9bf9f6f-41b3-4c30-81dc-3c0e7124f5ed
6853-2471-8918,5269-5444-7429,7585.59,2026-06-29T12:44:27,3,0,e9bf9f6f-41b3-4c30-81dc-3c0e7124f5ed
5269-5444-7429,1768-9059-8746,7585.59,2026-06-29T12:45:27,4,1,e9bf9f6f-41b3-4c30-81dc-3c0e7124f5ed
6103-6225-6107,9840-5526-1301,388611.29,2026-08-27T10:34:19,1,0,df3dbfc7-5989-4246-bc4f-d92a85a77df4
9840-5526-1301,9841-1395-4424,388611.29,2026-08-27T10:35:26,2,0,df3dbfc7-5989-4246-bc4f-d92a85a77df4
9841-1395-4424,9417-7090-9912,388611.29,2026-08-27T10:38:47,3,1,df3dbfc7-5989-4246-bc4f-d92a85a77df4
8287-9751-9855,3483-7418-6270,282638.95,2026-08-02T08:41:35,1,0,ed7f8d4b-2b77-4abc-8905-852067c59b7e
3483-7418-6270,8165-4385-4337,177563.45,2026-08-02T08:42:13,2,0,ed7f8d4b-2b77-4abc-8905-852067c59b7e
3483-7418-6270,4878-6612-7840,105075.5,2026-08-02T08:42:59,2,0,ed7f8d4b-2b77-4abc-8905-852067c59b7e
4878-6612-7840,1697-9283-8912,105075.5,2026-08-02T08:44:09,3,0,ed7f8d4b-2b77-4abc-8905-852067c59b7e
1697-9283-8912,2518-9861-5622,105075.5,2026-08-02T08:48:50,4,1,ed7f8d4b-2b77-4abc-8905-852067c59b7e
7386-7202-2642,6493-9800-5516,456501.46,2026-07-02T07:17:18,1,0,15e8f964-cba2-4f7a-b275-2280ec5cf81e
6493-9800-5516,4055-2954-2825,456501.46,2026-07-02T07:18:26,2,0,15e8f964-cba2-4f7a-b275-2280ec5cf81e
4055-2954-2825,1296-6137-4700,456501.46,2026-07-02T07:21:59,3,1,15e8f964-cba2-4f7a-b275-2280ec5cf81e
6953-5563-5854,1929-9713-3254,38541.85,2026-06-28T01:10:28,1,0,c3c289ea-e0b9-4fb1-a2dd-276194dd7a02
6953-5563-5854,4222-2309-8271,104566.32,2026-06-28T01:11:14,1,0,c3c289ea-e0b9-4fb1-a2dd-276194dd7a02
1929-9713-3254,7348-7687-3167,7522.79,2026-06-28T01:12:04,2,0,c3c289ea-e0b9-4fb1-a2dd-276194dd7a02
1929-9713-3254,7675-3945-5066,31019.06,2026-06-28T01:12:48,2,0,c3c289ea-e0b9-4fb1-a2dd-276194dd7a02
4222-2309-8271,1269-3125-7127,45014.58,2026-06-28T01:13:31,2,0,c3c289ea-e0b9-4fb1-a2dd-276194dd7a02
4222-2309-8271,8965-8346-1097,59551.74,2026-06-28T01:14:53,2,0,c3c289ea-e0b9-4fb1-a2dd-276194dd7a02
7348-7687-3167,9698-2437-8027,6770.51,2026-06-28T01:15:54,3,1,c3c289ea-e0b9-4fb1-a2dd-276194dd7a02
7675-3945-5066,9698-2437-8027,27917.15,2026-06-28T01:18:44,3,1,c3c289ea-e0b9-4fb1-a2dd-276194dd7a02
8965-8346-1097,9698-2437-8027,53596.57,2026-06-28T01:20:05,3,1,c3c289ea-e0b9-4fb1-a2dd-276194dd7a02
1269-3125-7127,9698-2437-8027,40513.12,2026-06-28T01:21:08,3,1,c3c289ea-e0b9-4fb1-a2dd-276194dd7a02
6553-3589-4277,7078-8659-7007,24448.29,2026-07-23T11:38:41,1,0,c15d5c5e-2839-483e-93f4-9d5382e007de
6553-3589-4277,4789-2836-4058,218054.4,2026-07-23T11:38:59,1,0,c15d5c5e-2839-483e-93f4-9d5382e007de
7078-8659-7007,6270-5223-5478,22582.49,2026-07-23T11:39:47,2,0,c15d5c5e-2839-483e-93f4-9d5382e007de
7078-8659-7007,3245-1718-6226,1865.8,2026-07-23T11:40:38,2,0,c15d5c5e-2839-483e-93f4-9d5382e007de
4789-2836-4058,2978-9978-7378,14692.67,2026-07-23T11:41:56,2,0,c15d5c5e-2839-483e-93f4-9d5382e007de
4789-2836-4058,6699-6740-9673,192546.14,2026-07-23T11:43:16,2,0,c15d5c5e-2839-483e-93f4-9d5382e007de
4789-2836-4058,4462-5643-5636,10815.58,2026-07-23T11:43:49,2,0,c15d5c5e-2839-483e-93f4-9d5382e007de
6270-5223-5478,9876-7931-1499,20324.24,2026-07-23T11:45:26,3,1,c15d5c5e-2839-483e-93f4-9d5382e007de
6699-6740-9673,9876-7931-1499,173291.53,2026-07-23T11:47:19,3,1,c15d5c5e-2839-483e-93f4-9d5382e007de
4462-5643-5636,9876-7931-1499,9734.02,2026-07-23T11:50:01,3,1,c15d5c5e-2839-483e-93f4-9d5382e007de
3245-1718-6226,9876-7931-1499,1679.22,2026-07-23T11:51:10,3,1,c15d5c5e-2839-483e-93f4-9d5382e007de
8228-4774-2477,9143-2538-6177,251465.53,2026-07-05T22:21:14,1,0,df8daa7c-5a8c-4500-a962-e7e142e32b22
8228-4774-2477,7934-1884-6682,88462.48,2026-07-05T22:21:43,1,0,df8daa7c-5a8c-4500-a962-e7e142e32b22
9143-2538-6177,5347-1927-7150,24462.87,2026-07-05T22:22:50,2,0,df8daa7c-5a8c-4500-a962-e7e142e32b22
9143-2538-6177,5328-6986-4502,176238.44,2026-07-05T22:24:07,2,0,df8daa7c-5a8c-4500-a962-e7e142e32b22
9143-2538-6177,2590-6240-8660,50764.22,2026-07-05T22:25:11,2,0,df8daa7c-5a8c-4500-a962-e7e142e32b22
7934-1884-6682,4519-8039-6408,54761.3,2026-07-05T22:25:53,2,0,df8daa7c-5a8c-4500-a962-e7e142e32b22
7934-1884-6682,7362-3016-4851,33701.18,2026-07-05T22:27:05,2,0,df8daa7c-5a8c-4500-a962-e7e142e32b22
4519-8039-6408,8766-2453-9881,49285.17,2026-07-05T22:29:54,3,1,df8daa7c-5a8c-4500-a962-e7e142e32b22
5347-1927-7150,8766-2453-9881,22016.58,2026-07-05T22:31:17,3,1,df8daa7c-5a8c-4500-a962-e7e142e32b22
7362-3016-4851,8766-2453-9881,30331.06,2026-07-05T22:33:19,3,1,df8daa7c-5a8c-4500-a962-e7e142e32b22
2590-6240-8660,8766-2453-9881,45687.8,2026-07-05T22:34:37,3,1,df8daa7c-5a8c-4500-a962-e7e142e32b22
5328-6986-4502,8766-2453-9881,158614.6,2026-07-05T22:36:04,3,1,df8daa7c-5a8c-4500-a962-e7e142e32b22
5736-5244-1654,3185-6278-4933,147377.02,2026-08-07T09:42:01,1,0,aae0b059-87a8-4f58-9661-36f49a42390b
3185-6278-4933,7161-4061-5231,122951.77,2026-08-07T09:43:29,2,0,aae0b059-87a8-4f58-9661-36f49a42390b
3185-6278-4933,3708-8197-8756,24425.25,2026-08-07T09:44:54,2,0,aae0b059-87a8-4f58-9661-36f49a42390b
7161-4061-5231,2538-5118-1002,122951.77,2026-08-07T09:46:10,3,1,aae0b059-87a8-4f58-9661-36f49a42390b
5569-5806-3265,5864-9104-2156,105023.66,2026-07-21T08:36:48,1,0,f29679b0-b947-41b0-bd6c-99823391f886
5864-9104-2156,8917-6429-6260,12167.55,2026-07-21T08:37:21,2,0,f29679b0-b947-41b0-bd6c-99823391f886
5864-9104-2156,2377-6378-5402,85532.45,2026-07-21T08:38:29,2,0,f29679b0-b947-41b0-bd6c-99823391f886
5864-9104-2156,6604-3078-7373,7323.67,2026-07-21T08:39:00,2,0,f29679b0-b947-41b0-bd6c-99823391f886
8917-6429-6260,8086-3466-3101,10950.8,2026-07-21T08:40:59,3,1,f29679b0-b947-41b0-bd6c-99823391f886
6604-3078-7373,8086-3466-3101,6591.3,2026-07-21T08:42:52,3,1,f29679b0-b947-41b0-bd6c-99823391f886
2377-6378-5402,8086-3466-3101,76979.2,2026-07-21T08:44:42,3,1,f29679b0-b947-41b0-bd6c-99823391f886
8257-1056-4396,6922-1857-4900,134856.81,2026-06-22T07:10:19,1,0,9f05ab97-13f5-42a2-aeb2-5a4942d6741a
8257-1056-4396,7200-1566-6489,49606.81,2026-06-22T07:10:31,1,0,9f05ab97-13f5-42a2-aeb2-5a4942d6741a
8257-1056-4396,6131-3776-9248,187277.41,2026-06-22T07:10:49,1,0,9f05ab97-13f5-42a2-aeb2-5a4942d6741a
6922-1857-4900,8753-7010-9295,5195.43,2026-06-22T07:11:45,2,0,9f05ab97-13f5-42a2-aeb2-5a4942d6741a
6922-1857-4900,3736-8012-8429,129661.38,2026-06-22T07:12:42,2,0,9f05ab97-13f5-42a2-aeb2-5a4942d6741a
7200-1566-6489,4127-9328-6846,34324.5,2026-06-22T07:13:58,2,0,9f05ab97-13f5-42a2-aeb2-5a4942d6741a
7200-1566-6489,7611-5298-7744,15282.31,2026-06-22T07:14:59,2,0,9f05ab97-13f5-42a2-aeb2-5a4942d6741a
6131-3776-9248,8936-9874-5551,14355.56,2026-06-22T07:16:21,2,0,9f05ab97-13f5-42a2-aeb2-5a4942d6741a
6131-3776-9248,2267-5221-9291,34985.05,2026-06-22T07:17:04,2,0,9f05ab97-13f5-42a2-aeb2-5a4942d6741a
6131-3776-9248,8000-1563-6160,137936.8,2026-06-22T07:17:47,2,0,9f05ab97-13f5-42a2-aeb2-5a4942d6741a
8753-7010-9295,9979-9743-2222,4675.89,2026-06-22T07:20:43,3,1,9f05ab97-13f5-42a2-aeb2-5a4942d6741a
3736-8012-8429,9979-9743-2222,116695.24,2026-06-22T07:23:42,3,1,9f05ab97-13f5-42a2-aeb2-5a4942d6741a
8000-1563-6160,9979-9743-2222,124143.12,2026-06-22T07:26:11,3,1,9f05ab97-13f5-42a2-aeb2-5a4942d6741a
2267-5221-9291,9979-9743-2222,31486.54,2026-06-22T07:28:45,3,1,9f05ab97-13f5-42a2-aeb2-5a4942d6741a
4163-9700-5983,5918-3828-3647,10310.15,2026-07-01T03:15:04,1,0,5cfea5fe-7ab3-4bd6-83c5-a512b6c9d142
4163-9700-5983,6587-7515-8554,44287.84,2026-07-01T03:15:46,1,0,5cfea5fe-7ab3-4bd6-83c5-a512b6c9d142
5918-3828-3647,8914-1947-6403,3211.28,2026-07-01T03:16:40,2,0,5cfea5fe-7ab3-4bd6-83c5-a512b6c9d142
5918-3828-3647,9956-5753-2104,1629.17,2026-07-01T03:17:46,2,0,5cfea5fe-7ab3-4bd6-83c5-a512b6c9d142
5918-3828-3647,7355-9555-1810,5469.7,2026-07-01T03:18:52,2,0,5cfea5fe-7ab3-4bd6-83c5-a512b6c9d142
6587-7515-8554,9442-8018-8271,38545.36,2026-07-01T03:20:18,2,0,5cfea5fe-7ab3-4bd6-83c5-a512b6c9d142
6587-7515-8554,5412-7337-4158,5742.48,2026-07-01T03:21:42,2,0,5cfea5fe-7ab3-4bd6-83c5-a512b6c9d142
5412-7337-4158,3305-7835-2370,5168.23,2026-07-01T03:22:58,3,1,5cfea5fe-7ab3-4bd6-83c5-a512b6c9d142
8914-1947-6403,3305-7835-2370,2890.15,2026-07-01T03:25:53,3,1,5cfea5fe-7ab3-4bd6-83c5-a512b6c9d142
7355-9555-1810,3305-7835-2370,4922.73,2026-07-01T03:27:45,3,1,5cfea5fe-7ab3-4bd6-83c5-a512b6c9d142
7530-6283-6370,9086-6768-2636,406322.58,2026-06-14T09:39:44,1,0,ee0c6e85-8e49-4524-bde3-aab8828c2ee2
7530-6283-6370,3820-5174-8704,82743.22,2026-06-14T09:40:15,1,0,ee0c6e85-8e49-4524-bde3-aab8828c2ee2
9086-6768-2636,5770-1941-6855,406322.58,2026-06-14T09:40:49,2,0,ee0c6e85-8e49-4524-bde3-aab8828c2ee2
3820-5174-8704,5205-5956-5260,82743.22,2026-06-14T09:41:23,2,0,ee0c6e85-8e49-4524-bde3-aab8828c2ee2
5770-1941-6855,4304-4302-9671,406322.58,2026-06-14T09:44:07,3,1,ee0c6e85-8e49-4524-bde3-aab8828c2ee2
5205-5956-5260,1686-2040-8415,82743.22,2026-06-14T09:45:12,3,0,ee0c6e85-8e49-4524-bde3-aab8828c2ee2
1686-2040-8415,5387-3521-4476,82743.22,2026-06-14T09:48:23,4,1,ee0c6e85-8e49-4524-bde3-aab8828c2ee2
1794-9856-9760,1498-5554-2133,163978.01,2026-07-31T18:40:01,1,0,51e12e51-9e7d-42b6-b550-4d5164072185
1498-5554-2133,2084-8792-8942,71285.78,2026-07-31T18:40:38,2,0,51e12e51-9e7d-42b6-b550-4d5164072185
1498-5554-2133,8978-3210-5468,58279.61,2026-07-31T18:41:27,2,0,51e12e51-9e7d-42b6-b550-4d5164072185
1498-5554-2133,6515-3504-5402,34412.62,2026-07-31T18:42:46,2,0,51e12e51-9e7d-42b6-b550-4d5164072185
6515-3504-5402,4649-5115-1308,30971.36,2026-07-31T18:45:00,3,1,51e12e51-9e7d-42b6-b550-4d5164072185
8978-3210-5468,4649-5115-1308,52451.65,2026-07-31T18:46:17,3,1,51e12e51-9e7d-42b6-b550-4d5164072185
2084-8792-8942,4649-5115-1308,64157.2,2026-07-31T18:48:48,3,1,51e12e51-9e7d-42b6-b550-4d5164072185
4821-2474-6796,3292-6441-9529,194093.86,2026-06-16T01:31:21,1,0,ffc5da05-5979-4be9-951c-698cd689b809
4821-2474-6796,5593-1287-8678,171041.16,2026-06-16T01:32:01,1,0,ffc5da05-5979-4be9-951c-698cd689b809
4821-2474-6796,4132-6114-3516,91913.68,2026-06-16T01:32:18,1,0,ffc5da05-5979-4be9-951c-698cd689b809
3292-6441-9529,9563-3604-4300,174278.35,2026-06-16T01:33:36,2,0,ffc5da05-5979-4be9-951c-698cd689b809
3292-6441-9529,1060-9206-9552,19815.51,2026-06-16T01:34:39,2,0,ffc5da05-5979-4be9-951c-698cd689b809
5593-1287-8678,7885-3607-5009,171041.16,2026-06-16T01:35:50,2,0,ffc5da05-5979-4be9-951c-698cd689b809
4132-6114-3516,6907-9988-7172,22180.93,2026-06-16T01:37:19,2,0,ffc5da05-5979-4be9-951c-698cd689b809
4132-6114-3516,5586-3715-8524,58747.94,2026-06-16T01:38:33,2,0,ffc5da05-5979-4be9-951c-698cd689b809
4132-6114-3516,7881-8873-5792,10984.81,2026-06-16T01:39:45,2,0,ffc5da05-5979-4be9-951c-698cd689b809
9563-3604-4300,7250-6927-6568,156850.52,2026-06-16T01:41:38,3,1,ffc5da05-5979-4be9-951c-698cd689b809
6907-9988-7172,7250-6927-6568,19962.84,2026-06-16T01:44:37,3,1,ffc5da05-5979-4be9-951c-698cd689b809
1060-9206-9552,7250-6927-6568,17833.96,2026-06-16T01:46:35,3,1,ffc5da05-5979-4be9-951c-698cd689b809
5586-3715-8524,7250-6927-6568,52873.15,2026-06-16T01:47:50,3,1,ffc5da05-5979-4be9-951c-698cd689b809
7881-8873-5792,7250-6927-6568,9886.33,2026-06-16T01:48:53,3,1,ffc5da05-5979-4be9-951c-698cd689b809
1927-1588-8019,5468-9882-8340,20947.37,2026-08-10T18:56:27,1,0,f4dc9b30-5cfa-415d-89fe-39a0bde365a1
1927-1588-8019,1911-5596-8635,76276.89,2026-08-10T18:57:05,1,0,f4dc9b30-5cfa-415d-89fe-39a0bde365a1
5468-9882-8340,9923-9860-1651,20947.37,2026-08-10T18:58:28,2,0,f4dc9b30-5cfa-415d-89fe-39a0bde365a1
1911-5596-8635,2061-6249-9095,3964.74,2026-08-10T18:59:23,2,0,f4dc9b30-5cfa-415d-89fe-39a0bde365a1
1911-5596-8635,1951-5956-7055,12864.07,2026-08-10T19:00:21,2,0,f4dc9b30-5cfa-415d-89fe-39a0bde365a1
1911-5596-8635,9354-7399-3746,59448.08,2026-08-10T19:00:52,2,0,f4dc9b30-5cfa-415d-89fe-39a0bde365a1
9923-9860-1651,6467-2445-9965,18852.63,2026-08-10T19:03:01,3,1,f4dc9b30-5cfa-415d-89fe-39a0bde365a1
9354-7399-3746,6467-2445-9965,53503.27,2026-08-10T19:05:42,3,1,f4dc9b30-5cfa-415d-89fe-39a0bde365a1
1951-5956-7055,6467-2445-9965,11577.66,2026-08-10T19:08:05,3,1,f4dc9b30-5cfa-415d-89fe-39a0bde365a1
2061-6249-9095,6467-2445-9965,3568.27,2026-08-10T19:09:22,3,1,f4dc9b30-5cfa-415d-89fe-39a0bde365a1
1115-7582-7357,1600-2940-1771,204318.56,2026-06-09T11:39:31,1,0,4b8d296a-a742-485d-9dc6-c6328e22300b
1115-7582-7357,8449-3161-4595,28586.27,2026-06-09T11:40:13,1,0,4b8d296a-a742-485d-9dc6-c6328e22300b
1115-7582-7357,8881-3404-3358,53236.28,2026-06-09T11:40:52,1,0,4b8d296a-a742-485d-9dc6-c6328e22300b
1600-2940-1771,6372-8540-9372,42730.51,2026-06-09T11:41:34,2,0,4b8d296a-a742-485d-9dc6-c6328e22300b
1600-2940-1771,7779-9496-4691,161588.05,2026-06-09T11:42:32,2,0,4b8d296a-a742-485d-9dc6-c6328e22300b
8449-3161-4595,4572-2640-6290,16069.64,2026-06-09T11:43:24,2,0,4b8d296a-a742-485d-9dc6-c6328e22300b
8449-3161-4595,6394-6574-1699,12498.19,2026-06-09T11:44:37,2,0,4b8d296a-a742-485d-9dc6-c6328e22300b
8449-3161-4595,6214-8208-1536,100.0,2026-06-09T11:45:24,2,0,4b8d296a-a742-485d-9dc6-c6328e22300b
8881-3404-3358,2714-2250-6101,53236.28,2026-06-09T11:45:58,2,0,4b8d296a-a742-485d-9dc6-c6328e22300b
6372-8540-9372,1806-4251-7563,38457.46,2026-06-09T11:47:12,3,1,4b8d296a-a742-485d-9dc6-c6328e22300b
7779-9496-4691,1806-4251-7563,145429.24,2026-06-09T11:50:11,3,1,4b8d296a-a742-485d-9dc6-c6328e22300b
6214-8208-1536,1806-4251-7563,90.0,2026-06-09T11:51:15,3,1,4b8d296a-a742-485d-9dc6-c6328e22300b
4572-2640-6290,1806-4251-7563,14462.68,2026-06-09T11:53:12,3,1,4b8d296a-a742-485d-9dc6-c6328e22300b
6394-6574-1699,1806-4251-7563,11248.37,2026-06-09T11:56:04,3,1,4b8d296a-a742-485d-9dc6-c6328e22300b
6851-7985-9394,5315-7750-8750,186730.34,2026-06-12T02:19:46,1,0,2a82f2c3-052e-4cc3-82ac-d11baea28742
6851-7985-9394,5807-1405-4799,62756.31,2026-06-12T02:19:57,1,0,2a82f2c3-052e-4cc3-82ac-d11baea28742
5315-7750-8750,4582-9169-9290,143682.84,2026-06-12T02:21:04,2,0,2a82f2c3-052e-4cc3-82ac-d11baea28742
5315-7750-8750,4412-2950-6817,43047.5,2026-06-12T02:22:32,2,0,2a82f2c3-052e-4cc3-82ac-d11baea28742
5807-1405-4799,7447-4414-1618,18230.75,2026-06-12T02:23:54,2,0,2a82f2c3-052e-4cc3-82ac-d11baea28742
5807-1405-4799,3239-2453-6430,16878.84,2026-06-12T02:25:11,2,0,2a82f2c3-052e-4cc3-82ac-d11baea28742
5807-1405-4799,7034-5985-3681,27646.72,2026-06-12T02:26:15,2,0,2a82f2c3-052e-4cc3-82ac-d11baea28742
4412-2950-6817,8715-5171-7369,38742.75,2026-06-12T02:27:30,3,1,2a82f2c3-052e-4cc3-82ac-d11baea28742
7447-4414-1618,8715-5171-7369,16407.68,2026-06-12T02:29:39,3,1,2a82f2c3-052e-4cc3-82ac-d11baea28742
7034-5985-3681,8715-5171-7369,24882.05,2026-06-12T02:31:41,3,1,2a82f2c3-052e-4cc3-82ac-d11baea28742
3239-2453-6430,8715-5171-7369,15190.96,2026-06-12T02:33:59,3,1,2a82f2c3-052e-4cc3-82ac-d11baea28742
1215-3647-3712,9415-2540-7627,168688.63,2026-08-09T01:15:13,1,0,68c8760b-00f2-40f5-8146-8f35bcd582f7
9415-2540-7627,4734-5912-5480,168688.63,2026-08-09T01:16:25,2,0,68c8760b-00f2-40f5-8146-8f35bcd582f7
4734-5912-5480,8976-8368-5715,168688.63,2026-08-09T01:17:31,3,1,68c8760b-00f2-40f5-8146-8f35bcd582f7
7636-5728-4954,1469-3483-7959,396429.99,2026-07-24T04:39:50,1,0,f0101d05-738a-4007-884c-a15653431c51
1469-3483-7959,7299-4066-2909,108631.97,2026-07-24T04:40:58,2,0,f0101d05-738a-4007-884c-a15653431c51
1469-3483-7959,4090-7809-7178,21978.07,2026-07-24T04:41:28,2,0,f0101d05-738a-4007-884c-a15653431c51
1469-3483-7959,8412-8531-3017,265819.95,2026-07-24T04:42:09,2,0,f0101d05-738a-4007-884c-a15653431c51
7299-4066-2909,9916-1649-2185,97768.77,2026-07-24T04:44:41,3,1,f0101d05-738a-4007-884c-a15653431c51
8412-8531-3017,9916-1649-2185,239237.96,2026-07-24T04:47:35,3,1,f0101d05-738a-4007-884c-a15653431c51
4090-7809-7178,9916-1649-2185,19780.26,2026-07-24T04:48:37,3,1,f0101d05-738a-4007-884c-a15653431c51
6364-3453-5987,7612-2970-5494,219490.74,2026-06-07T11:42:39,1,0,904fbdc5-bf6d-4cb9-b164-d3a160e12d26
6364-3453-5987,5813-1440-3690,40573.19,2026-06-07T11:43:14,1,0,904fbdc5-bf6d-4cb9-b164-d3a160e12d26
7612-2970-5494,1860-2802-7287,53136.38,2026-06-07T11:44:08,2,0,904fbdc5-bf6d-4cb9-b164-d3a160e12d26
7612-2970-5494,5035-9021-3101,166354.36,2026-06-07T11:45:25,2,0,904fbdc5-bf6d-4cb9-b164-d3a160e12d26
5813-1440-3690,3587-3993-8962,3292.32,2026-06-07T11:46:46,2,0,904fbdc5-bf6d-4cb9-b164-d3a160e12d26
5813-1440-3690,8187-7154-5304,37280.87,2026-06-07T11:48:10,2,0,904fbdc5-bf6d-4cb9-b164-d3a160e12d26
3587-3993-8962,4412-5441-5727,2963.09,2026-06-07T11:49:42,3,1,904fbdc5-bf6d-4cb9-b164-d3a160e12d26
5035-9021-3101,4412-5441-5727,149718.92,2026-06-07T11:51:50,3,1,904fbdc5-bf6d-4cb9-b164-d3a160e12d26
1860-2802-7287,4412-5441-5727,47822.74,2026-06-07T11:53:50,3,1,904fbdc5-bf6d-4cb9-b164-d3a160e12d26
6917-5521-7192,2371-7124-8900,34509.08,2026-06-23T03:36:08,1,0,8b5289e3-f7ee-421b-baed-cc64ac3d6389
6917-5521-7192,5790-4243-3438,119202.0,2026-06-23T03:36:55,1,0,8b5289e3-f7ee-421b-baed-cc64ac3d6389
6917-5521-7192,6858-2520-2875,11471.75,2026-06-23T03:37:05,1,0,8b5289e3-f7ee-421b-baed-cc64ac3d6389
2371-7124-8900,8134-7961-2552,13567.47,2026-06-23T03:38:19,2,0,8b5289e3-f7ee-421b-baed-cc64ac3d6389
2371-7124-8900,9418-4183-1848,20941.61,2026-06-23T03:39:35,2,0,8b5289e3-f7ee-421b-baed-cc64ac3d6389
5790-4243-3438,2381-6317-2508,119202.0,2026-06-23T03:41:05,2,0,8b5289e3-f7ee-421b-baed-cc64ac3d6389
6858-2520-2875,2702-1242-8960,11471.75,2026-06-23T03:42:26,2,0,8b5289e3-f7ee-421b-baed-cc64ac3d6389
2381-6317-2508,6417-8440-1866,107281.8,2026-06-23T03:44:36,3,1,8b5289e3-f7ee-421b-baed-cc64ac3d6389
9418-4183-1848,6417-8440-1866,18847.45,2026-06-23T03:46:30,3,1,8b5289e3-f7ee-421b-baed-cc64ac3d6389
2702-1242-8960,6417-8440-1866,10324.58,2026-06-23T03:49:28,3,1,8b5289e3-f7ee-421b-baed-cc64ac3d6389
8134-7961-2552,6417-8440-1866,12210.72,2026-06-23T03:51:01,3,1,8b5289e3-f7ee-421b-baed-cc64ac3d6389
1544-1864-4025,1888-4031-9228,477247.24,2026-06-28T09:12:34,1,0,688c506b-8e3d-45b4-80dd-eff4bb53cc83
1888-4031-9228,1309-6348-3262,291905.49,2026-06-28T09:13:05,2,0,688c506b-8e3d-45b4-80dd-eff4bb53cc83
1888-4031-9228,3755-5723-2565,115981.67,2026-06-28T09:13:51,2,0,688c506b-8e3d-45b4-80dd-eff4bb53cc83
1888-4031-9228,2570-5739-3513,69360.08,2026-06-28T09:15:16,2,0,688c506b-8e3d-45b4-80dd-eff4bb53cc83
1309-6348-3262,5552-1612-1516,262714.94,2026-06-28T09:18:07,3,1,688c506b-8e3d-45b4-80dd-eff4bb53cc83
2570-5739-3513,5552-1612-1516,62424.07,2026-06-28T09:19:13,3,1,688c506b-8e3d-45b4-80dd-eff4bb53cc83
3755-5723-2565,5552-1612-1516,104383.5,2026-06-28T09:20:25,3,1,688c506b-8e3d-45b4-80dd-eff4bb53cc83
2865-4403-5194,6025-4425-4663,8957.87,2026-06-10T13:05:12,1,0,ff34403c-4f70-4f30-8eb4-227fad0a19e1
2865-4403-5194,2655-4152-4732,18921.12,2026-06-10T13:06:00,1,0,ff34403c-4f70-4f30-8eb4-227fad0a19e1
2865-4403-5194,3855-6957-3974,7872.55,2026-06-10T13:06:31,1,0,ff34403c-4f70-4f30-8eb4-227fad0a19e1
6025-4425-4663,8253-8015-1081,102.24,2026-06-10T13:07:28,2,0,ff34403c-4f70-4f30-8eb4-227fad0a19e1
6025-4425-4663,3838-5320-9388,8855.63,2026-06-10T13:08:49,2,0,ff34403c-4f70-4f30-8eb4-227fad0a19e1
2655-4152-4732,8758-4973-5533,8709.01,2026-06-10T13:10:12,2,0,ff34403c-4f70-4f30-8eb4-227fad0a19e1
2655-4152-4732,6906-3905-8731,8403.29,2026-06-10T13:11:07,2,0,ff34403c-4f70-4f30-8eb4-227fad0a19e1
2655-4152-4732,4801-6836-7631,1808.82,2026-06-10T13:12:08,2,0,ff34403c-4f70-4f30-8eb4-227fad0a19e1
3855-6957-3974,9370-1992-7824,7872.55,2026-06-10T13:13:04,2,0,ff34403c-4f70-4f30-8eb4-227fad0a19e1
3838-5320-9388,3609-5727-8234,7970.07,2026-06-10T13:16:02,3,1,ff34403c-4f70-4f30-8eb4-227fad0a19e1
6906-3905-8731,3609-5727-8234,7562.96,2026-06-10T13:18:27,3,1,ff34403c-4f70-4f30-8eb4-227fad0a19e1
8758-4973-5533,3609-5727-8234,7838.11,2026-06-10T13:20:56,3,1,ff34403c-4f70-4f30-8eb4-227fad0a19e1
6555-5093-3524,4318-7361-9091,236571.91,2026-07-31T01:56:25,1,0,124e3bf0-f6d6-4056-b2d6-31747c820419
6555-5093-3524,3469-5879-2691,110121.83,2026-07-31T01:57:19,1,0,124e3bf0-f6d6-4056-b2d6-31747c820419
4318-7361-9091,6308-5447-4481,236571.91,2026-07-31T01:58:49,2,0,124e3bf0-f6d6-4056-b2d6-31747c820419
3469-5879-2691,5036-1428-7765,99477.33,2026-07-31T01:59:28,2,0,124e3bf0-f6d6-4056-b2d6-31747c820419
3469-5879-2691,2659-7443-9821,10644.5,2026-07-31T02:00:36,2,0,124e3bf0-f6d6-4056-b2d6-31747c820419
6308-5447-4481,9193-2364-2663,212914.72,2026-07-31T02:03:16,3,1,124e3bf0-f6d6-4056-b2d6-31747c820419
5036-1428-7765,9193-2364-2663,89529.6,2026-07-31T02:04:27,3,1,124e3bf0-f6d6-4056-b2d6-31747c820419
2659-7443-9821,9193-2364-2663,9580.05,2026-07-31T02:05:53,3,1,124e3bf0-f6d6-4056-b2d6-31747c820419
1066-2563-5487,7940-8896-1312,30270.05,2026-07-13T05:46:45,1,0,02a59de0-a5ce-464f-9d80-0e0767adcc6c
1066-2563-5487,3292-7334-5507,210035.36,2026-07-13T05:47:45,1,0,02a59de0-a5ce-464f-9d80-0e0767adcc6c
1066-2563-5487,4407-2930-3159,1394.63,2026-07-13T05:48:04,1,0,02a59de0-a5ce-464f-9d80-0e0767adcc6c
7940-8896-1312,5858-6643-7643,18023.19,2026-07-13T05:48:34,2,0,02a59de0-a5ce-464f-9d80-0e0767adcc6c
7940-8896-1312,4360-4133-2783,2490.94,2026-07-13T05:49:46,2,0,02a59de0-a5ce-464f-9d80-0e0767adcc6c
7940-8896-1312,8536-3272-5924,9755.92,2026-07-13T05:51:14,2,0,02a59de0-a5ce-464f-9d80-0e0767adcc6c
3292-7334-5507,8397-1419-7745,135604.86,2026-07-13T05:51:58,2,0,02a59de0-a5ce-464f-9d80-0e0767adcc6c
3292-7334-5507,4673-4579-6384,74430.5,2026-07-13T05:52:38,2,0,02a59de0-a5ce-464f-9d80-0e0767adcc6c
4407-2930-3159,5045-5458-1555,471.5,2026-07-13T05:53:21,2,0,02a59de0-a5ce-464f-9d80-0e0767adcc6c
4407-2930-3159,2332-4189-4709,741.1,2026-07-13T05:54:42,2,0,02a59de0-a5ce-464f-9d80-0e0767adcc6c
4407-2930-3159,4794-5459-5454,182.03,2026-07-13T05:55:14,2,0,02a59de0-a5ce-464f-9d80-0e0767adcc6c
5858-6643-7643,1617-2210-5113,16220.87,2026-07-13T05:56:25,3,1,02a59de0-a5ce-464f-9d80-0e0767adcc6c
4794-5459-5454,1617-2210-5113,163.83,2026-07-13T05:58:39,3,1,02a59de0-a5ce-464f-9d80-0e0767adcc6c
8397-1419-7745,1617-2210-5113,122044.37,2026-07-13T05:59:49,3,1,02a59de0-a5ce-464f-9d80-0e0767adcc6c
5045-5458-1555,1617-2210-5113,424.35,2026-07-13T06:02:12,3,1,02a59de0-a5ce-464f-9d80-0e0767adcc6c
4360-4133-2783,1617-2210-5113,2241.85,2026-07-13T06:04:19,3,1,02a59de0-a5ce-464f-9d80-0e0767adcc6c
2950-7622-9917,2185-1648-5037,379888.51,2026-08-15T22:24:24,1,0,0cb0ffe1-0348-4489-8f5a-e3f9d9b1e207
2185-1648-5037,6392-5953-5278,47811.4,2026-08-15T22:25:21,2,0,0cb0ffe1-0348-4489-8f5a-e3f9d9b1e207
2185-1648-5037,3554-1981-4432,132958.16,2026-08-15T22:26:22,2,0,0cb0ffe1-0348-4489-8f5a-e3f9d9b1e207
2185-1648-5037,6230-4235-2223,199118.95,2026-08-15T22:27:16,2,0,0cb0ffe1-0348-4489-8f5a-e3f9d9b1e207
3554-1981-4432,3215-2601-6069,119662.34,2026-08-15T22:30:00,3,1,0cb0ffe1-0348-4489-8f5a-e3f9d9b1e207
6392-5953-5278,3215-2601-6069,43030.26,2026-08-15T22:31:59,3,1,0cb0ffe1-0348-4489-8f5a-e3f9d9b1e207
6230-4235-2223,3215-2601-6069,179207.06,2026-08-15T22:34:58,3,1,0cb0ffe1-0348-4489-8f5a-e3f9d9b1e207
2507-2953-3171,8526-5900-6195,90067.34,2026-08-06T09:30:43,1,0,27a4af9b-fb79-4bf7-bbd1-0832a4e1c245
2507-2953-3171,3239-8939-2230,100215.92,2026-08-06T09:31:31,1,0,27a4af9b-fb79-4bf7-bbd1-0832a4e1c245
2507-2953-3171,4491-8145-8805,35856.99,2026-08-06T09:32:21,1,0,27a4af9b-fb79-4bf7-bbd1-0832a4e1c245
8526-5900-6195,3000-5690-3774,83767.18,2026-08-06T09:33:13,2,0,27a4af9b-fb79-4bf7-bbd1-0832a4e1c245
8526-5900-6195,5087-3486-2949,6300.16,2026-08-06T09:34:41,2,0,27a4af9b-fb79-4bf7-bbd1-0832a4e1c245
3239-8939-2230,4039-7365-2088,99485.24,2026-08-06T09:36:03,2,0,27a4af9b-fb79-4bf7-bbd1-0832a4e1c245
3239-8939-2230,7660-9976-5149,730.68,2026-08-06T09:37:14,2,0,27a4af9b-fb79-4bf7-bbd1-0832a4e1c245
4491-8145-8805,6952-5636-8971,10397.55,2026-08-06T09:38:42,2,0,27a4af9b-fb79-4bf7-bbd1-0832a4e1c245
4491-8145-8805,2065-8643-9893,12093.4,2026-08-06T09:39:48,2,0,27a4af9b-fb79-4bf7-bbd1-0832a4e1c245
4491-8145-8805,5520-9529-9613,13366.04,2026-08-06T09:40:58,2,0,27a4af9b-fb79-4bf7-bbd1-0832a4e1c245
7660-9976-5149,5853-3386-4018,657.61,2026-08-06T09:43:30,3,1,27a4af9b-fb79-4bf7-bbd1-0832a4e1c245
5087-3486-2949,5853-3386-4018,5670.14,2026-08-06T09:44:47,3,1,27a4af9b-fb79-4bf7-bbd1-0832a4e1c245
4039-7365-2088,5853-3386-4018,89536.72,2026-08-06T09:45:50,3,1,27a4af9b-fb79-4bf7-bbd1-0832a4e1c245
6952-5636-8971,5853-3386-4018,9357.8,2026-08-06T09:46:52,3,1,27a4af9b-fb79-4bf7-bbd1-0832a4e1c245
5520-9529-9613,5853-3386-4018,12029.44,2026-08-06T09:49:15,3,1,27a4af9b-fb79-4bf7-bbd1-0832a4e1c245
9343-7897-3949,1663-9387-8292,74318.54,2026-07-21T04:08:06,1,0,9b6dabbf-2c68-4eff-8f25-5bb42113e879
9343-7897-3949,2681-1084-1056,30749.07,2026-07-21T04:08:33,1,0,9b6dabbf-2c68-4eff-8f25-5bb42113e879
1663-9387-8292,8728-7678-3760,74318.54,2026-07-21T04:09:15,2,0,9b6dabbf-2c68-4eff-8f25-5bb42113e879
2681-1084-1056,3643-3293-4757,13726.8,2026-07-21T04:09:45,2,0,9b6dabbf-2c68-4eff-8f25-5bb42113e879
2681-1084-1056,3340-3426-3965,6252.02,2026-07-21T04:10:27,2,0,9b6dabbf-2c68-4eff-8f25-5bb42113e879
2681-1084-1056,3867-3539-5651,10770.25,2026-07-21T04:11:14,2,0,9b6dabbf-2c68-4eff-8f25-5bb42113e879
3643-3293-4757,2891-5034-6685,12354.12,2026-07-21T04:13:59,3,1,9b6dabbf-2c68-4eff-8f25-5bb42113e879
3867-3539-5651,2891-5034-6685,9693.22,2026-07-21T04:15:39,3,1,9b6dabbf-2c68-4eff-8f25-5bb42113e879
8728-7678-3760,2891-5034-6685,66886.69,2026-07-21T04:17:00,3,1,9b6dabbf-2c68-4eff-8f25-5bb42113e879
8154-5739-2927,6888-9017-1670,69996.49,2026-08-07T16:07:44,1,0,7b1d870f-076e-4629-bc6d-d0c4675c64ff
8154-5739-2927,8608-9588-4936,20636.66,2026-08-07T16:08:12,1,0,7b1d870f-076e-4629-bc6d-d0c4675c64ff
8154-5739-2927,1478-3091-9854,251112.98,2026-08-07T16:08:26,1,0,7b1d870f-076e-4629-bc6d-d0c4675c64ff
6888-9017-1670,5303-5717-8692,69996.49,2026-08-07T16:09:31,2,0,7b1d870f-076e-4629-bc6d-d0c4675c64ff
8608-9588-4936,1596-3871-2392,20636.66,2026-08-07T16:10:42,2,0,7b1d870f-076e-4629-bc6d-d0c4675c64ff
1478-3091-9854,4637-6641-9154,133869.33,2026-08-07T16:11:47,2,0,7b1d870f-076e-4629-bc6d-d0c4675c64ff
1478-3091-9854,1408-4724-8612,117243.65,2026-08-07T16:13:09,2,0,7b1d870f-076e-4629-bc6d-d0c4675c64ff
1408-4724-8612,6225-6438-6294,105519.28,2026-08-07T16:15:12,3,1,7b1d870f-076e-4629-bc6d-d0c4675c64ff
4637-6641-9154,6225-6438-6294,120482.4,2026-08-07T16:17:41,3,1,7b1d870f-076e-4629-bc6d-d0c4675c64ff
5303-5717-8692,6225-6438-6294,62996.84,2026-08-07T16:19:04,3,1,7b1d870f-076e-4629-bc6d-d0c4675c64ff
8043-1800-5883,3510-9516-9900,129840.89,2026-07-18T21:34:24,1,0,b13da682-8b7b-4fbd-ab28-05f1d4ba52cd
8043-1800-5883,8031-1242-7181,99608.1,2026-07-18T21:34:48,1,0,b13da682-8b7b-4fbd-ab28-05f1d4ba52cd
3510-9516-9900,7538-6215-3357,129840.89,2026-07-18T21:35:46,2,0,b13da682-8b7b-4fbd-ab28-05f1d4ba52cd
8031-1242-7181,1959-3293-6860,72822.04,2026-07-18T21:36:33,2,0,b13da682-8b7b-4fbd-ab28-05f1d4ba52cd
8031-1242-7181,4603-1335-9389,26786.06,2026-07-18T21:37:43,2,0,b13da682-8b7b-4fbd-ab28-05f1d4ba52cd
7538-6215-3357,9708-5620-4017,116856.8,2026-07-18T21:39:01,3,1,b13da682-8b7b-4fbd-ab28-05f1d4ba52cd
1959-3293-6860,9708-5620-4017,65539.84,2026-07-18T21:40:01,3,1,b13da682-8b7b-4fbd-ab28-05f1d4ba52cd
4603-1335-9389,9708-5620-4017,24107.45,2026-07-18T21:42:31,3,1,b13da682-8b7b-4fbd-ab28-05f1d4ba52cd
5040-7526-2769,9758-6538-6166,193297.56,2026-08-17T08:05:36,1,0,e0087f25-90ba-4f59-b6fb-71cb79dd6e9e
5040-7526-2769,8512-5616-1471,7697.05,2026-08-17T08:05:56,1,0,e0087f25-90ba-4f59-b6fb-71cb79dd6e9e
9758-6538-6166,4631-3365-6536,193297.56,2026-08-17T08:07:09,2,0,e0087f25-90ba-4f59-b6fb-71cb79dd6e9e
8512-5616-1471,6278-9811-3282,7697.05,2026-08-17T08:08:12,2,0,e0087f25-90ba-4f59-b6fb-71cb79dd6e9e
4631-3365-6536,7427-4011-2485,193297.56,2026-08-17T08:11:05,3,0,e0087f25-90ba-4f59-b6fb-71cb79dd6e9e
7427-4011-2485,3274-3146-1433,193297.56,2026-08-17T08:13:22,4,1,e0087f25-90ba-4f59-b6fb-71cb79dd6e9e
6278-9811-3282,4944-3885-7653,7697.05,2026-08-17T08:15:59,3,0,e0087f25-90ba-4f59-b6fb-71cb79dd6e9e
4944-3885-7653,7491-4625-3067,7697.05,2026-08-17T08:20:28,4,1,e0087f25-90ba-4f59-b6fb-71cb79dd6e9e
3570-9193-1739,9710-6870-1124,81799.35,2026-06-05T06:11:00,1,0,77c63f86-f6ee-4bdd-a4b2-7a850e9247a3
3570-9193-1739,4030-3477-1738,93742.44,2026-06-05T06:11:51,1,0,77c63f86-f6ee-4bdd-a4b2-7a850e9247a3
9710-6870-1124,2388-2012-1033,30233.57,2026-06-05T06:13:06,2,0,77c63f86-f6ee-4bdd-a4b2-7a850e9247a3
9710-6870-1124,1952-1355-4011,51565.78,2026-06-05T06:13:47,2,0,77c63f86-f6ee-4bdd-a4b2-7a850e9247a3
4030-3477-1738,9064-2048-9423,22722.31,2026-06-05T06:14:31,2,0,77c63f86-f6ee-4bdd-a4b2-7a850e9247a3
4030-3477-1738,7036-6798-6064,27892.11,2026-06-05T06:15:14,2,0,77c63f86-f6ee-4bdd-a4b2-7a850e9247a3
4030-3477-1738,1040-8364-3336,43128.02,2026-06-05T06:16:24,2,0,77c63f86-f6ee-4bdd-a4b2-7a850e9247a3
7036-6798-6064,5015-8273-1210,25102.9,2026-06-05T06:17:39,3,1,77c63f86-f6ee-4bdd-a4b2-7a850e9247a3
9064-2048-9423,5015-8273-1210,20450.08,2026-06-05T06:19:04,3,1,77c63f86-f6ee-4bdd-a4b2-7a850e9247a3
1952-1355-4011,5015-8273-1210,46409.2,2026-06-05T06:22:01,3,1,77c63f86-f6ee-4bdd-a4b2-7a850e9247a3
1040-8364-3336,5015-8273-1210,38815.22,2026-06-05T06:23:55,3,1,77c63f86-f6ee-4bdd-a4b2-7a850e9247a3
3896-8715-7849,3048-1434-3623,207389.13,2026-08-12T17:27:27,1,0,a1da7ff7-5e5b-4cb4-9be3-bad18f5e8029
3048-1434-3623,7664-2215-1980,207389.13,2026-08-12T17:28:06,2,0,a1da7ff7-5e5b-4cb4-9be3-bad18f5e8029
7664-2215-1980,7330-8828-8005,207389.13,2026-08-12T17:29:58,3,1,a1da7ff7-5e5b-4cb4-9be3-bad18f5e8029
9833-6828-3544,3261-7202-9467,435462.04,2026-08-26T02:31:51,1,0,fae8504e-054a-434a-aa66-c309b378f277
3261-7202-9467,2372-2361-5686,248086.55,2026-08-26T02:32:22,2,0,fae8504e-054a-434a-aa66-c309b378f277
3261-7202-9467,3494-6104-4154,187375.49,2026-08-26T02:33:41,2,0,fae8504e-054a-434a-aa66-c309b378f277
2372-2361-5686,2198-4394-3346,248086.55,2026-08-26T02:35:47,3,1,fae8504e-054a-434a-aa66-c309b378f277
7225-4419-3077,9771-5224-2692,63348.94,2026-07-21T05:31:32,1,0,53044d92-7db6-4a63-9044-07255be4cd08
7225-4419-3077,9042-4304-9141,374.48,2026-07-21T05:31:55,1,0,53044d92-7db6-4a63-9044-07255be4cd08
9771-5224-2692,1496-7354-6785,61215.98,2026-07-21T05:32:43,2,0,53044d92-7db6-4a63-9044-07255be4cd08
9771-5224-2692,3681-8011-7437,2132.96,2026-07-21T05:34:08,2,0,53044d92-7db6-4a63-9044-07255be4cd08
9042-4304-9141,6176-6659-4614,117.4,2026-07-21T05:35:21,2,0,53044d92-7db6-4a63-9044-07255be4cd08
9042-4304-9141,5078-9011-6987,257.08,2026-07-21T05:36:17,2,0,53044d92-7db6-4a63-9044-07255be4cd08
3681-8011-7437,7022-2971-1355,1919.66,2026-07-21T05:38:37,3,1,53044d92-7db6-4a63-9044-07255be4cd08
5078-9011-6987,7022-2971-1355,231.37,2026-07-21T05:40:51,3,1,53044d92-7db6-4a63-9044-07255be4cd08
6176-6659-4614,7022-2971-1355,105.66,2026-07-21T05:42:40,3,1,53044d92-7db6-4a63-9044-07255be4cd08
1888-7909-3070,7846-9064-3938,47136.11,2026-07-14T00:29:12,1,0,1de58e46-b869-4315-8a95-786e774b49e9
1888-7909-3070,4791-6235-1356,442216.78,2026-07-14T00:29:39,1,0,1de58e46-b869-4315-8a95-786e774b49e9
7846-9064-3938,7082-1071-4048,1051.34,2026-07-14T00:31:06,2,0,1de58e46-b869-4315-8a95-786e774b49e9
7846-9064-3938,3414-4209-5795,46084.77,2026-07-14T00:32:30,2,0,1de58e46-b869-4315-8a95-786e774b49e9
4791-6235-1356,9073-8596-3243,354677.24,2026-07-14T00:33:18,2,0,1de58e46-b869-4315-8a95-786e774b49e9
4791-6235-1356,7120-2904-9515,87539.54,2026-07-14T00:34:29,2,0,1de58e46-b869-4315-8a95-786e774b49e9
3414-4209-5795,3556-1919-5419,41476.29,2026-07-14T00:37:00,3,1,1de58e46-b869-4315-8a95-786e774b49e9
7082-1071-4048,3556-1919-5419,946.21,2026-07-14T00:38:56,3,1,1de58e46-b869-4315-8a95-786e774b49e9
7120-2904-9515,3556-1919-5419,78785.59,2026-07-14T00:40:24,3,1,1de58e46-b869-4315-8a95-786e774b49e9
7985-4284-1071,2103-3266-3482,412563.42,2026-06-23T02:22:14,1,0,8b5fc32f-a300-4fe6-90f3-df8ba6658a43
2103-3266-3482,5787-9247-5397,211565.25,2026-06-23T02:23:32,2,0,8b5fc32f-a300-4fe6-90f3-df8ba6658a43
2103-3266-3482,3072-7352-5147,94371.63,2026-06-23T02:24:03,2,0,8b5fc32f-a300-4fe6-90f3-df8ba6658a43
2103-3266-3482,9898-4334-4352,106626.53,2026-06-23T02:25:11,2,0,8b5fc32f-a300-4fe6-90f3-df8ba6658a43
3072-7352-5147,5148-5686-8124,84934.47,2026-06-23T02:27:27,3,1,8b5fc32f-a300-4fe6-90f3-df8ba6658a43
5787-9247-5397,5148-5686-8124,190408.72,2026-06-23T02:30:24,3,1,8b5fc32f-a300-4fe6-90f3-df8ba6658a43
9898-4334-4352,5148-5686-8124,95963.88,2026-06-23T02:31:30,3,1,8b5fc32f-a300-4fe6-90f3-df8ba6658a43
2533-4525-7130,1014-2268-2774,20947.57,2026-08-02T03:59:33,1,0,8913dcc3-d808-43fb-9d72-a9033f733dae
1014-2268-2774,1983-9861-1799,2779.93,2026-08-02T04:00:43,2,0,8913dcc3-d808-43fb-9d72-a9033f733dae
1014-2268-2774,4551-9583-9348,12301.73,2026-08-02T04:01:35,2,0,8913dcc3-d808-43fb-9d72-a9033f733dae
1014-2268-2774,1585-5683-5182,5865.91,2026-08-02T04:02:58,2,0,8913dcc3-d808-43fb-9d72-a9033f733dae
4551-9583-9348,6238-6771-9285,11071.56,2026-08-02T04:04:03,3,1,8913dcc3-d808-43fb-9d72-a9033f733dae
1585-5683-5182,6238-6771-9285,5279.32,2026-08-02T04:05:54,3,1,8913dcc3-d808-43fb-9d72-a9033f733dae
1983-9861-1799,6238-6771-9285,2501.94,2026-08-02T04:07:51,3,1,8913dcc3-d808-43fb-9d72-a9033f733dae
5296-1591-2494,1609-3535-8579,7958.83,2026-06-02T07:52:24,1,0,c634b2b0-3c78-4c29-8717-e02f1142c24c
5296-1591-2494,2682-7632-9636,20111.82,2026-06-02T07:53:07,1,0,c634b2b0-3c78-4c29-8717-e02f1142c24c
5296-1591-2494,4345-8925-2684,26873.21,2026-06-02T07:53:41,1,0,c634b2b0-3c78-4c29-8717-e02f1142c24c
1609-3535-8579,4263-3618-7780,2579.94,2026-06-02T07:54:45,2,0,c634b2b0-3c78-4c29-8717-e02f1142c24c
1609-3535-8579,2075-8806-1682,4325.4,2026-06-02T07:55:19,2,0,c634b2b0-3c78-4c29-8717-e02f1142c24c
1609-3535-8579,6256-1460-6453,1053.49,2026-06-02T07:56:23,2,0,c634b2b0-3c78-4c29-8717-e02f1142c24c
2682-7632-9636,9342-3672-5625,2604.95,2026-06-02T07:57:50,2,0,c634b2b0-3c78-4c29-8717-e02f1142c24c
2682-7632-9636,3608-7355-7556,14897.32,2026-06-02T07:59:03,2,0,c634b2b0-3c78-4c29-8717-e02f1142c24c
2682-7632-9636,3326-2544-8669,2609.55,2026-06-02T08:00:08,2,0,c634b2b0-3c78-4c29-8717-e02f1142c24c
4345-8925-2684,1105-3484-9444,26873.21,2026-06-02T08:00:59,2,0,c634b2b0-3c78-4c29-8717-e02f1142c24c
9342-3672-5625,5178-6188-2140,2344.46,2026-06-02T08:03:42,3,1,c634b2b0-3c78-4c29-8717-e02f1142c24c
3608-7355-7556,5178-6188-2140,13407.59,2026-06-02T08:04:58,3,1,c634b2b0-3c78-4c29-8717-e02f1142c24c
3326-2544-8669,5178-6188-2140,2348.6,2026-06-02T08:06:11,3,1,c634b2b0-3c78-4c29-8717-e02f1142c24c
2075-8806-1682,5178-6188-2140,3892.86,2026-06-02T08:08:55,3,1,c634b2b0-3c78-4c29-8717-e02f1142c24c
8731-3049-1130,8482-4666-3734,79122.11,2026-07-21T11:22:24,1,0,ae8cfccd-33d3-4a87-af9b-4a8398ef3756
8731-3049-1130,8926-8784-8686,131156.66,2026-07-21T11:23:04,1,0,ae8cfccd-33d3-4a87-af9b-4a8398ef3756
8731-3049-1130,8469-2899-2980,12007.82,2026-07-21T11:23:17,1,0,ae8cfccd-33d3-4a87-af9b-4a8398ef3756
8482-4666-3734,5565-3307-4169,79122.11,2026-07-21T11:24:05,2,0,ae8cfccd-33d3-4a87-af9b-4a8398ef3756
8926-8784-8686,6714-8920-8324,131156.66,2026-07-21T11:25:05,2,0,ae8cfccd-33d3-4a87-af9b-4a8398ef3756
8469-2899-2980,2971-8778-2774,8869.1,2026-07-21T11:25:57,2,0,ae8cfccd-33d3-4a87-af9b-4a8398ef3756
8469-2899-2980,7163-6976-8118,3138.72,2026-07-21T11:26:29,2,0,ae8cfccd-33d3-4a87-af9b-4a8398ef3756
6714-8920-8324,1263-1286-7007,118040.99,2026-07-21T11:29:28,3,1,ae8cfccd-33d3-4a87-af9b-4a8398ef3756
7163-6976-8118,1263-1286-7007,2824.85,2026-07-21T11:31:54,3,1,ae8cfccd-33d3-4a87-af9b-4a8398ef3756
2971-8778-2774,1263-1286-7007,7982.19,2026-07-21T11:34:33,3,1,ae8cfccd-33d3-4a87-af9b-4a8398ef3756
3083-2445-2244,4995-1217-8514,100712.55,2026-08-27T00:58:10,1,0,e77f74e2-16fa-4c27-88e4-c8d4838b3296
3083-2445-2244,1348-6928-5661,20197.4,2026-08-27T00:58:51,1,0,e77f74e2-16fa-4c27-88e4-c8d4838b3296
4995-1217-8514,1608-2575-1718,67717.57,2026-08-27T00:59:47,2,0,e77f74e2-16fa-4c27-88e4-c8d4838b3296
4995-1217-8514,2134-7503-3480,32994.98,2026-08-27T01:00:52,2,0,e77f74e2-16fa-4c27-88e4-c8d4838b3296
1348-6928-5661,8466-4330-4615,856.03,2026-08-27T01:01:54,2,0,e77f74e2-16fa-4c27-88e4-c8d4838b3296
1348-6928-5661,6220-5735-9316,19341.37,2026-08-27T01:02:35,2,0,e77f74e2-16fa-4c27-88e4-c8d4838b3296
6220-5735-9316,5647-4933-3552,17407.23,2026-08-27T01:04:01,3,1,e77f74e2-16fa-4c27-88e4-c8d4838b3296
1608-2575-1718,5647-4933-3552,60945.81,2026-08-27T01:06:29,3,1,e77f74e2-16fa-4c27-88e4-c8d4838b3296
2134-7503-3480,5647-4933-3552,29695.48,2026-08-27T01:08:15,3,1,e77f74e2-16fa-4c27-88e4-c8d4838b3296
8466-4330-4615,5647-4933-3552,770.43,2026-08-27T01:10:05,3,1,e77f74e2-16fa-4c27-88e4-c8d4838b3296
9160-3105-5752,1645-1563-3314,438747.87,2026-08-02T04:00:25,1,0,d7e2370a-ac03-4349-bd0d-64589eb658db
1645-1563-3314,7176-1286-6236,234642.11,2026-08-02T04:01:26,2,0,d7e2370a-ac03-4349-bd0d-64589eb658db
1645-1563-3314,2409-1394-6536,71406.58,2026-08-02T04:01:59,2,0,d7e2370a-ac03-4349-bd0d-64589eb658db
1645-1563-3314,5584-4415-3346,132699.18,2026-08-02T04:02:49,2,0,d7e2370a-ac03-4349-bd0d-64589eb658db
7176-1286-6236,1931-1617-1858,211177.9,2026-08-02T04:05:05,3,1,d7e2370a-ac03-4349-bd0d-64589eb658db
5584-4415-3346,1931-1617-1858,119429.26,2026-08-02T04:07:11,3,1,d7e2370a-ac03-4349-bd0d-64589eb658db
2409-1394-6536,1931-1617-1858,64265.92,2026-08-02T04:08:50,3,1,d7e2370a-ac03-4349-bd0d-64589eb658db
9629-4778-6503,5565-2056-6490,227996.61,2026-07-26T12:17:51,1,0,c7539bbb-8fe7-476b-8e78-5a510e3d102e
9629-4778-6503,9908-3944-1828,27376.56,2026-07-26T12:18:50,1,0,c7539bbb-8fe7-476b-8e78-5a510e3d102e
9629-4778-6503,4770-1808-5300,25202.3,2026-07-26T12:19:32,1,0,c7539bbb-8fe7-476b-8e78-5a510e3d102e
5565-2056-6490,8030-9518-2094,65126.62,2026-07-26T12:20:57,2,0,c7539bbb-8fe7-476b-8e78-5a510e3d102e
5565-2056-6490,6714-5965-8518,36516.87,2026-07-26T12:22:22,2,0,c7539bbb-8fe7-476b-8e78-5a510e3d102e
5565-2056-6490,5201-8503-1061,126353.12,2026-07-26T12:23:35,2,0,c7539bbb-8fe7-476b-8e78-5a510e3d102e
9908-3944-1828,4322-8337-9254,23017.9,2026-07-26T12:24:40,2,0,c7539bbb-8fe7-476b-8e78-5a510e3d102e
9908-3944-1828,5754-3285-2550,4358.66,2026-07-26T12:25:48,2,0,c7539bbb-8fe7-476b-8e78-5a510e3d102e
4770-1808-5300,2701-7644-8959,25202.3,2026-07-26T12:26:45,2,0,c7539bbb-8fe7-476b-8e78-5a510e3d102e
2701-7644-8959,7703-4869-8085,22682.07,2026-07-26T12:29:40,3,1,c7539bbb-8fe7-476b-8e78-5a510e3d102e
5754-3285-2550,7703-4869-8085,3922.79,2026-07-26T12:32:13,3,1,c7539bbb-8fe7-476b-8e78-5a510e3d102e
6714-5965-8518,7703-4869-8085,32865.18,2026-07-26T12:34:34,3,1,c7539bbb-8fe7-476b-8e78-5a510e3d102e
4015-7965-8082,8272-9433-9435,73568.64,2026-07-31T12:38:46,1,0,a5198c5c-0c3a-41ca-a491-30434fd27d1f
4015-7965-8082,1183-4190-8332,412715.03,2026-07-31T12:39:07,1,0,a5198c5c-0c3a-41ca-a491-30434fd27d1f
8272-9433-9435,1011-8598-5774,9085.07,2026-07-31T12:39:58,2,0,a5198c5c-0c3a-41ca-a491-30434fd27d1f
8272-9433-9435,4962-6209-9772,48898.83,2026-07-31T12:41:06,2,0,a5198c5c-0c3a-41ca-a491-30434fd27d1f
8272-9433-9435,2739-3221-6299,15584.74,2026-07-31T12:41:48,2,0,a5198c5c-0c3a-41ca-a491-30434fd27d1f
1183-4190-8332,1480-2186-5766,378228.62,2026-07-31T12:43:15,2,0,a5198c5c-0c3a-41ca-a491-30434fd27d1f
1183-4190-8332,3044-8222-2791,34486.41,2026-07-31T12:44:21,2,0,a5198c5c-0c3a-41ca-a491-30434fd27d1f
1480-2186-5766,2315-2870-6052,340405.76,2026-07-31T12:45:26,3,1,a5198c5c-0c3a-41ca-a491-30434fd27d1f
2739-3221-6299,2315-2870-6052,14026.27,2026-07-31T12:46:31,3,1,a5198c5c-0c3a-41ca-a491-30434fd27d1f
1011-8598-5774,2315-2870-6052,8176.56,2026-07-31T12:48:05,3,1,a5198c5c-0c3a-41ca-a491-30434fd27d1f
4962-6209-9772,2315-2870-6052,44008.95,2026-07-31T12:50:02,3,1,a5198c5c-0c3a-41ca-a491-30434fd27d1f
1815-4816-1272,4214-1295-3023,78862.72,2026-07-05T14:50:19,1,0,35648402-e28e-473e-bdf3-72f2f00843a1
4214-1295-3023,9309-7413-1591,31317.96,2026-07-05T14:50:58,2,0,35648402-e28e-473e-bdf3-72f2f00843a1
4214-1295-3023,9083-5509-3800,19251.39,2026-07-05T14:51:41,2,0,35648402-e28e-473e-bdf3-72f2f00843a1
4214-1295-3023,1376-7578-6646,28293.37,2026-07-05T14:53:07,2,0,35648402-e28e-473e-bdf3-72f2f00843a1
9309-7413-1591,7306-7938-3275,28186.16,2026-07-05T14:55:50,3,1,35648402-e28e-473e-bdf3-72f2f00843a1
9083-5509-3800,7306-7938-3275,17326.25,2026-07-05T14:58:50,3,1,35648402-e28e-473e-bdf3-72f2f00843a1
1376-7578-6646,7306-7938-3275,25464.03,2026-07-05T14:59:53,3,1,35648402-e28e-473e-bdf3-72f2f00843a1
5539-5998-7406,7020-7684-9127,8073.88,2026-08-06T18:22:29,1,0,c1b56311-cfcd-468f-b032-b322a4779d7c
5539-5998-7406,5189-1814-7232,58603.99,2026-08-06T18:23:00,1,0,c1b56311-cfcd-468f-b032-b322a4779d7c
5539-5998-7406,9892-9076-4412,87186.66,2026-08-06T18:23:45,1,0,c1b56311-cfcd-468f-b032-b322a4779d7c
7020-7684-9127,4254-5385-9301,5347.74,2026-08-06T18:24:55,2,0,c1b56311-cfcd-468f-b032-b322a4779d7c
7020-7684-9127,4248-5860-4746,2202.45,2026-08-06T18:25:50,2,0,c1b56311-cfcd-468f-b032-b322a4779d7c
7020-7684-9127,6786-9962-8028,523.68,2026-08-06T18:27:15,2,0,c1b56311-cfcd-468f-b032-b322a4779d7c
5189-1814-7232,9321-5763-4992,58603.99,2026-08-06T18:27:55,2,0,c1b56311-cfcd-468f-b032-b322a4779d7c
9892-9076-4412,4578-5125-5927,32534.93,2026-08-06T18:28:26,2,0,c1b56311-cfcd-468f-b032-b322a4779d7c
9892-9076-4412,4995-8055-6524,29590.48,2026-08-06T18:29:19,2,0,c1b56311-cfcd-468f-b032-b322a4779d7c
9892-9076-4412,9774-1518-6833,25061.26,2026-08-06T18:30:18,2,0,c1b56311-cfcd-468f-b032-b322a4779d7c
4248-5860-4746,8658-8320-4723,1982.2,2026-08-06T18:32:20,3,1,c1b56311-cfcd-468f-b032-b322a4779d7c
4578-5125-5927,8658-8320-4723,29281.44,2026-08-06T18:33:54,3,1,c1b56311-cfcd-468f-b032-b322a4779d7c
9774-1518-6833,8658-8320-4723,22555.13,2026-08-06T18:36:14,3,1,c1b56311-cfcd-468f-b032-b322a4779d7c
4254-5385-9301,8658-8320-4723,4812.97,2026-08-06T18:37:17,3,1,c1b56311-cfcd-468f-b032-b322a4779d7c
2801-6805-1629,3173-1079-5913,44588.34,2026-06-12T02:04:40,1,0,59620ff0-6e65-450c-b0eb-1f5cf9c93b39
2801-6805-1629,6627-1379-4030,83768.12,2026-06-12T02:05:06,1,0,59620ff0-6e65-450c-b0eb-1f5cf9c93b39
2801-6805-1629,2543-6106-4436,152500.49,2026-06-12T02:05:30,1,0,59620ff0-6e65-450c-b0eb-1f5cf9c93b39
3173-1079-5913,2288-2647-2829,44588.34,2026-06-12T02:06:09,2,0,59620ff0-6e65-450c-b0eb-1f5cf9c93b39
6627-1379-4030,7571-6864-4025,83768.12,2026-06-12T02:07:35,2,0,59620ff0-6e65-450c-b0eb-1f5cf9c93b39
2543-6106-4436,7230-4001-6635,19990.8,2026-06-12T02:08:38,2,0,59620ff0-6e65-450c-b0eb-1f5cf9c93b39
2543-6106-4436,2818-1837-9578,128239.3,2026-06-12T02:09:29,2,0,59620ff0-6e65-450c-b0eb-1f5cf9c93b39
2543-6106-4436,6955-9124-4660,4270.39,2026-06-12T02:10:50,2,0,59620ff0-6e65-450c-b0eb-1f5cf9c93b39
2288-2647-2829,5987-6636-6856,40129.51,2026-06-12T02:13:17,3,1,59620ff0-6e65-450c-b0eb-1f5cf9c93b39
2818-1837-9578,5987-6636-6856,115415.37,2026-06-12T02:16:15,3,1,59620ff0-6e65-450c-b0eb-1f5cf9c93b39
7230-4001-6635,5987-6636-6856,17991.72,2026-06-12T02:18:24,3,1,59620ff0-6e65-450c-b0eb-1f5cf9c93b39
8246-5098-7312,3300-2423-6201,461501.92,2026-08-20T07:34:41,1,0,7b169a93-178b-4f71-bb1b-23fdb468e257
3300-2423-6201,7969-5216-2663,461501.92,2026-08-20T07:35:22,2,0,7b169a93-178b-4f71-bb1b-23fdb468e257
7969-5216-2663,3617-1231-1970,461501.92,2026-08-20T07:38:10,3,0,7b169a93-178b-4f71-bb1b-23fdb468e257
3617-1231-1970,1330-4848-6505,461501.92,2026-08-20T07:39:28,4,1,7b169a93-178b-4f71-bb1b-23fdb468e257
6405-9844-3340,7861-8220-4728,191698.15,2026-07-27T19:17:01,1,0,ed103dee-5af7-4a46-afe9-6b32c829958b
7861-8220-4728,9700-9693-1630,191698.15,2026-07-27T19:17:50,2,0,ed103dee-5af7-4a46-afe9-6b32c829958b
9700-9693-1630,3379-7050-4969,191698.15,2026-07-27T19:20:32,3,1,ed103dee-5af7-4a46-afe9-6b32c829958b
4891-2754-5035,3171-8723-6927,75482.33,2026-08-26T03:08:54,1,0,9683290c-52d2-4a51-bee5-b365a5da1cfb
4891-2754-5035,7079-8234-7202,32917.77,2026-08-26T03:09:22,1,0,9683290c-52d2-4a51-bee5-b365a5da1cfb
3171-8723-6927,9541-4327-5901,75482.33,2026-08-26T03:10:07,2,0,9683290c-52d2-4a51-bee5-b365a5da1cfb
7079-8234-7202,1624-3568-8926,32917.77,2026-08-26T03:11:07,2,0,9683290c-52d2-4a51-bee5-b365a5da1cfb
9541-4327-5901,8662-3072-7386,75482.33,2026-08-26T03:15:58,3,1,9683290c-52d2-4a51-bee5-b365a5da1cfb
1624-3568-8926,8001-3314-2366,32917.77,2026-08-26T03:20:08,3,1,9683290c-52d2-4a51-bee5-b365a5da1cfb
3567-2604-5033,2237-6279-8252,114867.05,2026-08-11T07:19:51,1,0,43ff23aa-c43e-437e-a4c0-f9e96b33f211
3567-2604-5033,4568-8544-8129,259838.17,2026-08-11T07:20:33,1,0,43ff23aa-c43e-437e-a4c0-f9e96b33f211
2237-6279-8252,2326-7113-4219,22883.76,2026-08-11T07:21:23,2,0,43ff23aa-c43e-437e-a4c0-f9e96b33f211
2237-6279-8252,1925-5166-5491,91983.29,2026-08-11T07:22:42,2,0,43ff23aa-c43e-437e-a4c0-f9e96b33f211
4568-8544-8129,1560-4490-6073,144352.93,2026-08-11T07:23:50,2,0,43ff23aa-c43e-437e-a4c0-f9e96b33f211
4568-8544-8129,6672-1905-3786,115485.24,2026-08-11T07:24:35,2,0,43ff23aa-c43e-437e-a4c0-f9e96b33f211
1560-4490-6073,6701-5875-2127,129917.64,2026-08-11T07:27:07,3,1,43ff23aa-c43e-437e-a4c0-f9e96b33f211
1925-5166-5491,6701-5875-2127,82784.96,2026-08-11T07:29:11,3,1,43ff23aa-c43e-437e-a4c0-f9e96b33f211
6672-1905-3786,6701-5875-2127,103936.72,2026-08-11T07:31:57,3,1,43ff23aa-c43e-437e-a4c0-f9e96b33f211
1794-6137-2640,5006-5600-7148,278279.25,2026-08-13T08:40:21,1,0,40aaf88f-5f01-4934-ad92-20b82810e3e5
5006-5600-7148,9772-9960-3769,278279.25,2026-08-13T08:41:14,2,0,40aaf88f-5f01-4934-ad92-20b82810e3e5
9772-9960-3769,7336-9568-2991,278279.25,2026-08-13T08:45:19,3,1,40aaf88f-5f01-4934-ad92-20b82810e3e5
9805-2408-8846,7232-1206-8632,134473.01,2026-07-18T20:34:02,1,0,10c8d84e-7863-451c-969f-f56b17814aa7
7232-1206-8632,4017-1756-1700,80510.91,2026-07-18T20:34:37,2,0,10c8d84e-7863-451c-969f-f56b17814aa7
7232-1206-8632,1379-6793-3120,53962.1,2026-07-18T20:35:37,2,0,10c8d84e-7863-451c-969f-f56b17814aa7
1379-6793-3120,9734-6253-2707,53962.1,2026-07-18T20:37:23,3,1,10c8d84e-7863-451c-969f-f56b17814aa7
2318-5338-5979,5252-6953-7886,363674.16,2026-07-05T01:24:27,1,0,3b90eee9-5e6a-430e-a08a-4487a698a00b
2318-5338-5979,8743-3322-7478,93919.44,2026-07-05T01:25:04,1,0,3b90eee9-5e6a-430e-a08a-4487a698a00b
5252-6953-7886,9208-9199-7803,363674.16,2026-07-05T01:26:22,2,0,3b90eee9-5e6a-430e-a08a-4487a698a00b
8743-3322-7478,3203-7581-7253,93919.44,2026-07-05T01:27:51,2,0,3b90eee9-5e6a-430e-a08a-4487a698a00b
9208-9199-7803,4399-8516-2612,363674.16,2026-07-05T01:29:41,3,0,3b90eee9-5e6a-430e-a08a-4487a698a00b
4399-8516-2612,1762-3717-3290,363674.16,2026-07-05T01:31:36,4,1,3b90eee9-5e6a-430e-a08a-4487a698a00b
3203-7581-7253,5946-5868-7405,93919.44,2026-07-05T01:36:22,3,1,3b90eee9-5e6a-430e-a08a-4487a698a00b
5863-2809-2173,7817-2585-5885,5140.82,2026-07-25T18:29:04,1,0,18d44e98-5901-47d5-a04b-581172fa99f1
5863-2809-2173,3852-2675-7137,128942.36,2026-07-25T18:29:48,1,0,18d44e98-5901-47d5-a04b-581172fa99f1
7817-2585-5885,1445-5100-7361,1814.17,2026-07-25T18:30:54,2,0,18d44e98-5901-47d5-a04b-581172fa99f1
7817-2585-5885,6131-7178-9825,3326.65,2026-07-25T18:31:37,2,0,18d44e98-5901-47d5-a04b-581172fa99f1
3852-2675-7137,5559-9868-4602,128942.36,2026-07-25T18:32:38,2,0,18d44e98-5901-47d5-a04b-581172fa99f1
6131-7178-9825,2861-3747-8906,2993.98,2026-07-25T18:34:27,3,1,18d44e98-5901-47d5-a04b-581172fa99f1
1445-5100-7361,2861-3747-8906,1632.75,2026-07-25T18:35:32,3,1,18d44e98-5901-47d5-a04b-581172fa99f1
5559-9868-4602,2861-3747-8906,116048.12,2026-07-25T18:37:59,3,1,18d44e98-5901-47d5-a04b-581172fa99f1
3790-3101-9414,5600-8861-3032,168283.32,2026-07-05T22:43:13,1,0,4933ee31-3ea6-4746-9534-41dff64dae50
5600-8861-3032,7561-1875-8871,56358.51,2026-07-05T22:44:40,2,0,4933ee31-3ea6-4746-9534-41dff64dae50
5600-8861-3032,6483-8343-9615,96148.27,2026-07-05T22:45:30,2,0,4933ee31-3ea6-4746-9534-41dff64dae50
5600-8861-3032,9530-5129-8816,15776.54,2026-07-05T22:46:17,2,0,4933ee31-3ea6-4746-9534-41dff64dae50
9530-5129-8816,1154-8088-2261,14198.89,2026-07-05T22:48:37,3,1,4933ee31-3ea6-4746-9534-41dff64dae50
7561-1875-8871,1154-8088-2261,50722.66,2026-07-05T22:51:07,3,1,4933ee31-3ea6-4746-9534-41dff64dae50
6483-8343-9615,1154-8088-2261,86533.44,2026-07-05T22:52:59,3,1,4933ee31-3ea6-4746-9534-41dff64dae50
7005-6773-8350,7789-2693-7857,382863.51,2026-07-16T12:12:05,1,0,4c825586-b316-4f55-a207-616fe49153f6
7789-2693-7857,2163-2452-4461,116134.6,2026-07-16T12:12:42,2,0,4c825586-b316-4f55-a207-616fe49153f6
7789-2693-7857,9610-1877-7421,11106.67,2026-07-16T12:13:39,2,0,4c825586-b316-4f55-a207-616fe49153f6
7789-2693-7857,9690-3731-1775,255622.24,2026-07-16T12:14:16,2,0,4c825586-b316-4f55-a207-616fe49153f6
2163-2452-4461,9632-6397-5386,104521.14,2026-07-16T12:16:52,3,1,4c825586-b316-4f55-a207-616fe49153f6
9690-3731-1775,9632-6397-5386,230060.02,2026-07-16T12:19:38,3,1,4c825586-b316-4f55-a207-616fe49153f6
9610-1877-7421,9632-6397-5386,9996.0,2026-07-16T12:21:54,3,1,4c825586-b316-4f55-a207-616fe49153f6
9249-4684-6599,7899-4840-9981,7470.66,2026-08-08T00:04:00,1,0,5acae32b-0cc4-4048-ac45-682bdbf6905a
9249-4684-6599,3026-3509-8894,21793.52,2026-08-08T00:04:38,1,0,5acae32b-0cc4-4048-ac45-682bdbf6905a
9249-4684-6599,5562-4568-3525,59522.36,2026-08-08T00:04:59,1,0,5acae32b-0cc4-4048-ac45-682bdbf6905a
7899-4840-9981,9086-7897-3940,4334.65,2026-08-08T00:05:54,2,0,5acae32b-0cc4-4048-ac45-682bdbf6905a
7899-4840-9981,2741-3985-4078,3136.01,2026-08-08T00:07:00,2,0,5acae32b-0cc4-4048-ac45-682bdbf6905a
3026-3509-8894,5123-6215-4829,4487.23,2026-08-08T00:07:30,2,0,5acae32b-0cc4-4048-ac45-682bdbf6905a
3026-3509-8894,2537-6143-7383,4635.01,2026-08-08T00:08:42,2,0,5acae32b-0cc4-4048-ac45-682bdbf6905a
3026-3509-8894,4565-1863-4970,12671.28,2026-08-08T00:09:49,2,0,5acae32b-0cc4-4048-ac45-682bdbf6905a
5562-4568-3525,9820-8615-3221,43455.77,2026-08-08T00:10:59,2,0,5acae32b-0cc4-4048-ac45-682bdbf6905a
5562-4568-3525,5547-1526-3880,9167.48,2026-08-08T00:12:28,2,0,5acae32b-0cc4-4048-ac45-682bdbf6905a
5562-4568-3525,2763-8551-8920,6899.11,2026-08-08T00:13:11,2,0,5acae32b-0cc4-4048-ac45-682bdbf6905a
2763-8551-8920,2982-8845-4708,6209.2,2026-08-08T00:14:12,3,1,5acae32b-0cc4-4048-ac45-682bdbf6905a
9820-8615-3221,2982-8845-4708,39110.19,2026-08-08T00:16:35,3,1,5acae32b-0cc4-4048-ac45-682bdbf6905a
2741-3985-4078,2982-8845-4708,2822.41,2026-08-08T00:19:35,3,1,5acae32b-0cc4-4048-ac45-682bdbf6905a
2004-7746-5024,4845-8108-6122,21742.76,2026-08-20T06:33:28,1,0,2c829ac1-7741-44a8-a293-b53ced002eed
4845-8108-6122,5754-5398-3755,14719.6,2026-08-20T06:34:40,2,0,2c829ac1-7741-44a8-a293-b53ced002eed
4845-8108-6122,5858-5435-3544,7023.16,2026-08-20T06:36:03,2,0,2c829ac1-7741-44a8-a293-b53ced002eed
5858-5435-3544,2488-2933-9433,7023.16,2026-08-20T06:38:52,3,0,2c829ac1-7741-44a8-a293-b53ced002eed
2488-2933-9433,5669-2688-6061,7023.16,2026-08-20T06:41:58,4,1,2c829ac1-7741-44a8-a293-b53ced002eed
8658-1637-6241,3199-5916-6321,29472.88,2026-06-21T12:53:03,1,0,6dde5bda-c6e0-4240-be7a-4f5e0f68d07f
8658-1637-6241,2529-1914-9332,392586.75,2026-06-21T12:53:17,1,0,6dde5bda-c6e0-4240-be7a-4f5e0f68d07f
3199-5916-6321,3969-3874-1577,27779.18,2026-06-21T12:54:11,2,0,6dde5bda-c6e0-4240-be7a-4f5e0f68d07f
3199-5916-6321,3859-4962-8868,1693.7,2026-06-21T12:55:08,2,0,6dde5bda-c6e0-4240-be7a-4f5e0f68d07f
2529-1914-9332,9802-7286-2528,392586.75,2026-06-21T12:56:14,2,0,6dde5bda-c6e0-4240-be7a-4f5e0f68d07f
9802-7286-2528,6006-3077-5594,353328.08,2026-06-21T12:59:03,3,1,6dde5bda-c6e0-4240-be7a-4f5e0f68d07f
3969-3874-1577,6006-3077-5594,25001.26,2026-06-21T13:01:29,3,1,6dde5bda-c6e0-4240-be7a-4f5e0f68d07f
3859-4962-8868,6006-3077-5594,1524.33,2026-06-21T13:03:21,3,1,6dde5bda-c6e0-4240-be7a-4f5e0f68d07f
9827-4769-4901,4419-8743-7077,193638.57,2026-06-04T22:29:30,1,0,54fda71a-e8bc-4dbb-9648-9b6e65647377
9827-4769-4901,2679-9631-7246,37086.21,2026-06-04T22:30:29,1,0,54fda71a-e8bc-4dbb-9648-9b6e65647377
4419-8743-7077,3893-7286-3188,101259.76,2026-06-04T22:31:20,2,0,54fda71a-e8bc-4dbb-9648-9b6e65647377
4419-8743-7077,6402-6628-1341,13414.39,2026-06-04T22:32:38,2,0,54fda71a-e8bc-4dbb-9648-9b6e65647377
4419-8743-7077,8368-5407-4345,78964.42,2026-06-04T22:33:47,2,0,54fda71a-e8bc-4dbb-9648-9b6e65647377
2679-9631-7246,1135-5075-7994,17852.67,2026-06-04T22:35:10,2,0,54fda71a-e8bc-4dbb-9648-9b6e65647377
2679-9631-7246,7913-5642-6353,5402.31,2026-06-04T22:35:47,2,0,54fda71a-e8bc-4dbb-9648-9b6e65647377
2679-9631-7246,4432-6287-2574,13831.23,2026-06-04T22:36:54,2,0,54fda71a-e8bc-4dbb-9648-9b6e65647377
6402-6628-1341,7585-7181-9459,12072.95,2026-06-04T22:38:51,3,1,54fda71a-e8bc-4dbb-9648-9b6e65647377
8368-5407-4345,7585-7181-9459,71067.98,2026-06-04T22:40:49,3,1,54fda71a-e8bc-4dbb-9648-9b6e65647377
7913-5642-6353,7585-7181-9459,4862.08,2026-06-04T22:43:18,3,1,54fda71a-e8bc-4dbb-9648-9b6e65647377
1135-5075-7994,7585-7181-9459,16067.4,2026-06-04T22:46:08,3,1,54fda71a-e8bc-4dbb-9648-9b6e65647377
8214-2344-2323,4520-9578-5271,268445.18,2026-07-09T00:06:32,1,0,9ed4f011-d173-423e-b83a-0d3fa8d24db1
4520-9578-5271,7862-8080-6337,101269.26,2026-07-09T00:07:36,2,0,9ed4f011-d173-423e-b83a-0d3fa8d24db1
4520-9578-5271,1000-6549-2254,167175.92,2026-07-09T00:08:30,2,0,9ed4f011-d173-423e-b83a-0d3fa8d24db1
7862-8080-6337,5654-4399-7028,101269.26,2026-07-09T00:12:06,3,1,9ed4f011-d173-423e-b83a-0d3fa8d24db1
6311-1272-6490,7693-4757-8937,4640.61,2026-08-17T00:24:15,1,0,1ee1cdf5-3c39-4dfa-9525-8dc6e3744a33
6311-1272-6490,6622-6093-1746,8844.98,2026-08-17T00:25:15,1,0,1ee1cdf5-3c39-4dfa-9525-8dc6e3744a33
7693-4757-8937,3749-6425-8302,100.01,2026-08-17T00:26:40,2,0,1ee1cdf5-3c39-4dfa-9525-8dc6e3744a33
7693-4757-8937,3037-5926-1545,2957.73,2026-08-17T00:27:41,2,0,1ee1cdf5-3c39-4dfa-9525-8dc6e3744a33
7693-4757-8937,3130-6413-1912,1582.87,2026-08-17T00:28:30,2,0,1ee1cdf5-3c39-4dfa-9525-8dc6e3744a33
6622-6093-1746,9475-5710-5005,8844.98,2026-08-17T00:29:48,2,0,1ee1cdf5-3c39-4dfa-9525-8dc6e3744a33
3130-6413-1912,4616-1310-2385,1424.58,2026-08-17T00:30:58,3,1,1ee1cdf5-3c39-4dfa-9525-8dc6e3744a33
9475-5710-5005,4616-1310-2385,7960.48,2026-08-17T00:33:11,3,1,1ee1cdf5-3c39-4dfa-9525-8dc6e3744a33
3037-5926-1545,4616-1310-2385,2661.96,2026-08-17T00:35:54,3,1,1ee1cdf5-3c39-4dfa-9525-8dc6e3744a33
9252-7043-3415,9023-8531-6738,61178.09,2026-06-22T11:06:47,1,0,27c77457-c0fd-4642-bb08-d6349eb71d1b
9252-7043-3415,9588-7161-8779,145403.26,2026-06-22T11:07:10,1,0,27c77457-c0fd-4642-bb08-d6349eb71d1b
9252-7043-3415,1799-4542-7345,57989.42,2026-06-22T11:07:36,1,0,27c77457-c0fd-4642-bb08-d6349eb71d1b
9023-8531-6738,5007-4811-2719,24122.11,2026-06-22T11:08:34,2,0,27c77457-c0fd-4642-bb08-d6349eb71d1b
9023-8531-6738,9801-2178-3466,2304.63,2026-06-22T11:10:01,2,0,27c77457-c0fd-4642-bb08-d6349eb71d1b
9023-8531-6738,4214-4642-7074,34751.35,2026-06-22T11:10:50,2,0,27c77457-c0fd-4642-bb08-d6349eb71d1b
9588-7161-8779,7774-3226-7359,145403.26,2026-06-22T11:11:35,2,0,27c77457-c0fd-4642-bb08-d6349eb71d1b
1799-4542-7345,9001-9124-5341,2324.22,2026-06-22T11:12:58,2,0,27c77457-c0fd-4642-bb08-d6349eb71d1b
1799-4542-7345,9123-7133-5466,29752.19,2026-06-22T11:13:40,2,0,27c77457-c0fd-4642-bb08-d6349eb71d1b
1799-4542-7345,5699-4922-5673,25913.01,2026-06-22T11:15:05,2,0,27c77457-c0fd-4642-bb08-d6349eb71d1b
9001-9124-5341,5344-3462-1369,2091.8,2026-06-22T11:16:58,3,1,27c77457-c0fd-4642-bb08-d6349eb71d1b
7774-3226-7359,5344-3462-1369,130862.93,2026-06-22T11:18:54,3,1,27c77457-c0fd-4642-bb08-d6349eb71d1b
4214-4642-7074,5344-3462-1369,31276.22,2026-06-22T11:20:34,3,1,27c77457-c0fd-4642-bb08-d6349eb71d1b
5007-4811-2719,5344-3462-1369,21709.9,2026-06-22T11:23:13,3,1,27c77457-c0fd-4642-bb08-d6349eb71d1b
1762-5550-1548,7104-7527-6850,386940.56,2026-06-06T17:43:55,1,0,3cd52ee1-31dc-45d0-8d9d-df34d955b995
1762-5550-1548,9294-3457-4967,11552.92,2026-06-06T17:44:26,1,0,3cd52ee1-31dc-45d0-8d9d-df34d955b995
7104-7527-6850,4281-3132-7743,386940.56,2026-06-06T17:45:23,2,0,3cd52ee1-31dc-45d0-8d9d-df34d955b995
9294-3457-4967,1603-5263-8641,11552.92,2026-06-06T17:45:54,2,0,3cd52ee1-31dc-45d0-8d9d-df34d955b995
4281-3132-7743,6925-7904-2274,386940.56,2026-06-06T17:47:14,3,0,3cd52ee1-31dc-45d0-8d9d-df34d955b995
6925-7904-2274,7538-6150-2316,386940.56,2026-06-06T17:48:36,4,1,3cd52ee1-31dc-45d0-8d9d-df34d955b995
1603-5263-8641,7582-7985-2253,11552.92,2026-06-06T17:50:55,3,0,3cd52ee1-31dc-45d0-8d9d-df34d955b995
7582-7985-2253,9367-7690-9374,11552.92,2026-06-06T17:53:59,4,1,3cd52ee1-31dc-45d0-8d9d-df34d955b995
7551-7281-9971,1259-7109-3181,343600.6,2026-08-20T09:17:51,1,0,76cb2374-43be-47df-a1f0-a2649769b913
1259-7109-3181,2110-5525-3688,111496.49,2026-08-20T09:18:48,2,0,76cb2374-43be-47df-a1f0-a2649769b913
1259-7109-3181,4812-4793-1059,94259.29,2026-08-20T09:19:48,2,0,76cb2374-43be-47df-a1f0-a2649769b913
1259-7109-3181,3956-4046-9132,137844.82,2026-08-20T09:20:27,2,0,76cb2374-43be-47df-a1f0-a2649769b913
3956-4046-9132,1528-6051-8938,124060.34,2026-08-20T09:23:18,3,1,76cb2374-43be-47df-a1f0-a2649769b913
4812-4793-1059,1528-6051-8938,84833.36,2026-08-20T09:24:29,3,1,76cb2374-43be-47df-a1f0-a2649769b913
2110-5525-3688,1528-6051-8938,100346.84,2026-08-20T09:26:12,3,1,76cb2374-43be-47df-a1f0-a2649769b913
3100-1043-4079,5300-5620-2689,6157.33,2026-07-15T06:47:46,1,0,deef3c68-ea2e-40b4-bd92-38a448cfaac5
3100-1043-4079,1273-3727-4701,185541.61,2026-07-15T06:48:01,1,0,deef3c68-ea2e-40b4-bd92-38a448cfaac5
5300-5620-2689,7776-6080-9141,4241.17,2026-07-15T06:48:44,2,0,deef3c68-ea2e-40b4-bd92-38a448cfaac5
5300-5620-2689,8849-5955-2564,1916.16,2026-07-15T06:49:14,2,0,deef3c68-ea2e-40b4-bd92-38a448cfaac5
1273-3727-4701,6214-9757-2286,85427.63,2026-07-15T06:50:33,2,0,deef3c68-ea2e-40b4-bd92-38a448cfaac5
1273-3727-4701,6722-4441-9638,100113.98,2026-07-15T06:51:38,2,0,deef3c68-ea2e-40b4-bd92-38a448cfaac5
6214-9757-2286,3798-7145-6411,76884.87,2026-07-15T06:53:44,3,1,deef3c68-ea2e-40b4-bd92-38a448cfaac5
6722-4441-9638,3798-7145-6411,90102.58,2026-07-15T06:55:32,3,1,deef3c68-ea2e-40b4-bd92-38a448cfaac5
7776-6080-9141,3798-7145-6411,3817.05,2026-07-15T06:56:59,3,1,deef3c68-ea2e-40b4-bd92-38a448cfaac5
4610-6096-9724,2502-9974-1672,93397.62,2026-07-31T16:22:35,1,0,377be5b9-ef0f-45a4-94e7-1f7de612333a
4610-6096-9724,1909-4212-9730,73780.45,2026-07-31T16:23:04,1,0,377be5b9-ef0f-45a4-94e7-1f7de612333a
4610-6096-9724,2065-5230-7310,256260.18,2026-07-31T16:23:50,1,0,377be5b9-ef0f-45a4-94e7-1f7de612333a
2502-9974-1672,2664-3840-2037,93397.62,2026-07-31T16:24:52,2,0,377be5b9-ef0f-45a4-94e7-1f7de612333a
1909-4212-9730,5845-7579-2443,73780.45,2026-07-31T16:25:34,2,0,377be5b9-ef0f-45a4-94e7-1f7de612333a
2065-5230-7310,1884-2028-6254,256260.18,2026-07-31T16:26:18,2,0,377be5b9-ef0f-45a4-94e7-1f7de612333a
5845-7579-2443,1777-7672-6907,66402.4,2026-07-31T16:27:56,3,1,377be5b9-ef0f-45a4-94e7-1f7de612333a
2664-3840-2037,1777-7672-6907,84057.86,2026-07-31T16:29:48,3,1,377be5b9-ef0f-45a4-94e7-1f7de612333a
1884-2028-6254,1777-7672-6907,230634.16,2026-07-31T16:32:23,3,1,377be5b9-ef0f-45a4-94e7-1f7de612333a
2960-4010-2610,7661-5372-6590,109651.44,2026-08-22T08:28:17,1,0,b7ecbd01-f0b7-4809-ad77-53dd2104ea79
7661-5372-6590,2687-1375-7870,10123.69,2026-08-22T08:29:44,2,0,b7ecbd01-f0b7-4809-ad77-53dd2104ea79
7661-5372-6590,2714-7265-7234,71434.77,2026-08-22T08:30:54,2,0,b7ecbd01-f0b7-4809-ad77-53dd2104ea79
7661-5372-6590,2528-1282-1964,28092.98,2026-08-22T08:31:31,2,0,b7ecbd01-f0b7-4809-ad77-53dd2104ea79
2687-1375-7870,6830-7588-3793,9111.32,2026-08-22T08:33:19,3,1,b7ecbd01-f0b7-4809-ad77-53dd2104ea79
2528-1282-1964,6830-7588-3793,25283.68,2026-08-22T08:34:37,3,1,b7ecbd01-f0b7-4809-ad77-53dd2104ea79
2714-7265-7234,6830-7588-3793,64291.29,2026-08-22T08:36:40,3,1,b7ecbd01-f0b7-4809-ad77-53dd2104ea79
1182-6656-4774,6762-9065-3121,343792.23,2026-06-26T06:55:06,1,0,56cd4f67-ff58-4996-979b-c3286a739ca9
6762-9065-3121,3388-1499-1763,343792.23,2026-06-26T06:56:17,2,0,56cd4f67-ff58-4996-979b-c3286a739ca9
3388-1499-1763,5162-4135-8587,343792.23,2026-06-26T07:01:17,3,1,56cd4f67-ff58-4996-979b-c3286a739ca9
1732-6426-9384,1377-3415-9454,37172.35,2026-07-26T01:29:52,1,0,e9fb1342-de94-4001-8415-a4df570c546e
1732-6426-9384,7544-1261-7227,424088.81,2026-07-26T01:30:52,1,0,e9fb1342-de94-4001-8415-a4df570c546e
1732-6426-9384,1719-5719-1469,19666.1,2026-07-26T01:31:27,1,0,e9fb1342-de94-4001-8415-a4df570c546e
1377-3415-9454,2366-9235-9274,29003.1,2026-07-26T01:32:41,2,0,e9fb1342-de94-4001-8415-a4df570c546e
1377-3415-9454,6414-8137-7424,8169.25,2026-07-26T01:33:51,2,0,e9fb1342-de94-4001-8415-a4df570c546e
7544-1261-7227,9063-9697-9333,154649.11,2026-07-26T01:34:25,2,0,e9fb1342-de94-4001-8415-a4df570c546e
7544-1261-7227,9363-8254-7240,148904.26,2026-07-26T01:35:03,2,0,e9fb1342-de94-4001-8415-a4df570c546e
7544-1261-7227,6694-7972-4893,120535.44,2026-07-26T01:35:38,2,0,e9fb1342-de94-4001-8415-a4df570c546e
1719-5719-1469,5578-8896-5539,19666.1,2026-07-26T01:36:50,2,0,e9fb1342-de94-4001-8415-a4df570c546e
6694-7972-4893,6394-2986-5200,108481.9,2026-07-26T01:39:05,3,1,e9fb1342-de94-4001-8415-a4df570c546e
2366-9235-9274,6394-2986-5200,26102.79,2026-07-26T01:40:36,3,1,e9fb1342-de94-4001-8415-a4df570c546e
6414-8137-7424,6394-2986-5200,7352.32,2026-07-26T01:42:13,3,1,e9fb1342-de94-4001-8415-a4df570c546e
5253-8530-1782,4823-6040-8217,230495.6,2026-07-24T02:05:44,1,0,1b565190-d373-453b-9636-ee89891ea4a7
5253-8530-1782,3099-4921-6872,53663.71,2026-07-24T02:06:30,1,0,1b565190-d373-453b-9636-ee89891ea4a7
4823-6040-8217,1128-5191-9364,32405.81,2026-07-24T02:07:47,2,0,1b565190-d373-453b-9636-ee89891ea4a7
4823-6040-8217,9471-7619-9662,198089.79,2026-07-24T02:08:59,2,0,1b565190-d373-453b-9636-ee89891ea4a7
3099-4921-6872,9762-4040-3602,5673.53,2026-07-24T02:09:42,2,0,1b565190-d373-453b-9636-ee89891ea4a7
3099-4921-6872,9610-3699-9790,35344.28,2026-07-24T02:10:44,2,0,1b565190-d373-453b-9636-ee89891ea4a7
3099-4921-6872,1026-2815-9633,12645.9,2026-07-24T02:12:14,2,0,1b565190-d373-453b-9636-ee89891ea4a7
1128-5191-9364,8858-5404-5599,29165.23,2026-07-24T02:15:00,3,1,1b565190-d373-453b-9636-ee89891ea4a7
9610-3699-9790,8858-5404-5599,31809.85,2026-07-24T02:16:29,3,1,1b565190-d373-453b-9636-ee89891ea4a7
9471-7619-9662,8858-5404-5599,178280.81,2026-07-24T02:18:30,3,1,1b565190-d373-453b-9636-ee89891ea4a7
9762-4040-3602,8858-5404-5599,5106.18,2026-07-24T02:21:00,3,1,1b565190-d373-453b-9636-ee89891ea4a7
1026-2815-9633,8858-5404-5599,11381.31,2026-07-24T02:23:04,3,1,1b565190-d373-453b-9636-ee89891ea4a7
5529-2425-2054,5769-9627-7320,217663.84,2026-06-12T15:44:36,1,0,6a08d0af-ba9c-4c5d-b578-253b016cb9fb
5529-2425-2054,3563-8021-8270,60040.3,2026-06-12T15:45:03,1,0,6a08d0af-ba9c-4c5d-b578-253b016cb9fb
5529-2425-2054,6295-2971-2930,101322.45,2026-06-12T15:45:35,1,0,6a08d0af-ba9c-4c5d-b578-253b016cb9fb
5769-9627-7320,8218-9673-7992,14577.56,2026-06-12T15:46:41,2,0,6a08d0af-ba9c-4c5d-b578-253b016cb9fb
5769-9627-7320,4892-1130-1816,203086.28,2026-06-12T15:48:04,2,0,6a08d0af-ba9c-4c5d-b578-253b016cb9fb
3563-8021-8270,6362-8788-3543,36955.46,2026-06-12T15:49:22,2,0,6a08d0af-ba9c-4c5d-b578-253b016cb9fb
3563-8021-8270,3827-5600-3368,9634.28,2026-06-12T15:50:30,2,0,6a08d0af-ba9c-4c5d-b578-253b016cb9fb
3563-8021-8270,3068-9590-5600,13450.56,2026-06-12T15:51:40,2,0,6a08d0af-ba9c-4c5d-b578-253b016cb9fb
6295-2971-2930,9292-1550-5498,101322.45,2026-06-12T15:52:10,2,0,6a08d0af-ba9c-4c5d-b578-253b016cb9fb
6362-8788-3543,4965-7139-9634,33259.91,2026-06-12T15:54:45,3,1,6a08d0af-ba9c-4c5d-b578-253b016cb9fb
4892-1130-1816,4965-7139-9634,182777.65,2026-06-12T15:56:18,3,1,6a08d0af-ba9c-4c5d-b578-253b016cb9fb
3827-5600-3368,4965-7139-9634,8670.85,2026-06-12T15:57:49,3,1,6a08d0af-ba9c-4c5d-b578-253b016cb9fb
8938-5379-7601,3257-9122-3228,33031.98,2026-06-21T14:33:21,1,0,3b778ad7-f14f-463e-a71b-2dfcd26bb28e
8938-5379-7601,1787-6451-4378,4385.89,2026-06-21T14:33:53,1,0,3b778ad7-f14f-463e-a71b-2dfcd26bb28e
8938-5379-7601,7473-5897-2031,15936.59,2026-06-21T14:34:35,1,0,3b778ad7-f14f-463e-a71b-2dfcd26bb28e
3257-9122-3228,6258-4563-5028,25192.71,2026-06-21T14:35:26,2,0,3b778ad7-f14f-463e-a71b-2dfcd26bb28e
3257-9122-3228,1321-9144-8438,7839.27,2026-06-21T14:36:20,2,0,3b778ad7-f14f-463e-a71b-2dfcd26bb28e
1787-6451-4378,8826-9388-5374,3800.2,2026-06-21T14:37:18,2,0,3b778ad7-f14f-463e-a71b-2dfcd26bb28e
1787-6451-4378,5727-7478-1041,585.69,2026-06-21T14:38:41,2,0,3b778ad7-f14f-463e-a71b-2dfcd26bb28e
7473-5897-2031,2639-9271-2059,120.06,2026-06-21T14:39:47,2,0,3b778ad7-f14f-463e-a71b-2dfcd26bb28e
7473-5897-2031,8472-8917-7138,666.69,2026-06-21T14:40:55,2,0,3b778ad7-f14f-463e-a71b-2dfcd26bb28e
7473-5897-2031,7067-2122-3509,15149.85,2026-06-21T14:42:23,2,0,3b778ad7-f14f-463e-a71b-2dfcd26bb28e
2639-9271-2059,8796-5458-8208,108.05,2026-06-21T14:44:07,3,1,3b778ad7-f14f-463e-a71b-2dfcd26bb28e
8472-8917-7138,8796-5458-8208,600.02,2026-06-21T14:45:11,3,1,3b778ad7-f14f-463e-a71b-2dfcd26bb28e
8826-9388-5374,8796-5458-8208,3420.18,2026-06-21T14:47:43,3,1,3b778ad7-f14f-463e-a71b-2dfcd26bb28e
6012-4647-8076,8712-9071-2668,53648.83,2026-08-14T03:24:59,1,0,61de4ff4-4ca7-4054-ad73-5ebec4e8267f
6012-4647-8076,6509-7726-3862,227130.35,2026-08-14T03:25:53,1,0,61de4ff4-4ca7-4054-ad73-5ebec4e8267f
6012-4647-8076,3307-1043-5352,38111.68,2026-08-14T03:26:32,1,0,61de4ff4-4ca7-4054-ad73-5ebec4e8267f
8712-9071-2668,5133-8575-8452,18577.1,2026-08-14T03:27:17,2,0,61de4ff4-4ca7-4054-ad73-5ebec4e8267f
8712-9071-2668,4747-5714-5306,35071.73,2026-08-14T03:28:21,2,0,61de4ff4-4ca7-4054-ad73-5ebec4e8267f
6509-7726-3862,6517-7574-5170,76693.49,2026-08-14T03:28:57,2,0,61de4ff4-4ca7-4054-ad73-5ebec4e8267f
6509-7726-3862,2701-4657-6613,14793.6,2026-08-14T03:29:40,2,0,61de4ff4-4ca7-4054-ad73-5ebec4e8267f
6509-7726-3862,5429-8992-6062,135643.26,2026-08-14T03:30:44,2,0,61de4ff4-4ca7-4054-ad73-5ebec4e8267f
3307-1043-5352,6636-8962-5938,4103.98,2026-08-14T03:31:16,2,0,61de4ff4-4ca7-4054-ad73-5ebec4e8267f
3307-1043-5352,8992-6933-9217,16296.54,2026-08-14T03:32:26,2,0,61de4ff4-4ca7-4054-ad73-5ebec4e8267f
3307-1043-5352,2601-7697-7593,17711.16,2026-08-14T03:33:43,2,0,61de4ff4-4ca7-4054-ad73-5ebec4e8267f
5429-8992-6062,2667-5122-7560,122078.93,2026-08-14T03:35:39,3,1,61de4ff4-4ca7-4054-ad73-5ebec4e8267f
5133-8575-8452,2667-5122-7560,16719.39,2026-08-14T03:37:42,3,1,61de4ff4-4ca7-4054-ad73-5ebec4e8267f
2701-4657-6613,2667-5122-7560,13314.24,2026-08-14T03:40:25,3,1,61de4ff4-4ca7-4054-ad73-5ebec4e8267f
6722-6232-6571,9490-4551-9180,96940.23,2026-07-25T22:47:24,1,0,5cd9858a-a7b1-447a-bb9d-5bea1fb9f996
9490-4551-9180,4128-7361-2651,96940.23,2026-07-25T22:47:55,2,0,5cd9858a-a7b1-447a-bb9d-5bea1fb9f996
4128-7361-2651,8181-1577-7278,96940.23,2026-07-25T22:50:52,3,1,5cd9858a-a7b1-447a-bb9d-5bea1fb9f996
8085-3917-9667,6141-2603-7518,32955.92,2026-06-14T00:59:54,1,0,ffdd8ddb-60e8-43db-89db-6ab09c27d7f2
8085-3917-9667,3557-2799-6982,12652.89,2026-06-14T01:00:41,1,0,ffdd8ddb-60e8-43db-89db-6ab09c27d7f2
6141-2603-7518,8019-8975-4934,32955.92,2026-06-14T01:01:34,2,0,ffdd8ddb-60e8-43db-89db-6ab09c27d7f2
3557-2799-6982,1745-9012-1946,9000.59,2026-06-14T01:02:38,2,0,ffdd8ddb-60e8-43db-89db-6ab09c27d7f2
3557-2799-6982,8445-3098-3176,3652.3,2026-06-14T01:03:22,2,0,ffdd8ddb-60e8-43db-89db-6ab09c27d7f2
8019-8975-4934,1772-8669-6077,29660.33,2026-06-14T01:05:43,3,1,ffdd8ddb-60e8-43db-89db-6ab09c27d7f2
1745-9012-1946,1772-8669-6077,8100.53,2026-06-14T01:07:34,3,1,ffdd8ddb-60e8-43db-89db-6ab09c27d7f2
8445-3098-3176,1772-8669-6077,3287.07,2026-06-14T01:09:35,3,1,ffdd8ddb-60e8-43db-89db-6ab09c27d7f2
2024-5391-9522,4211-1180-1844,57742.7,2026-05-30T13:44:01,1,0,6d052846-0984-4fcd-b5f3-cb2e5fb4a6ee
4211-1180-1844,6976-3512-7387,648.96,2026-05-30T13:45:25,2,0,6d052846-0984-4fcd-b5f3-cb2e5fb4a6ee
4211-1180-1844,1412-9415-3852,57093.74,2026-05-30T13:46:25,2,0,6d052846-0984-4fcd-b5f3-cb2e5fb4a6ee
6976-3512-7387,8031-2698-2449,648.96,2026-05-30T13:50:52,3,0,6d052846-0984-4fcd-b5f3-cb2e5fb4a6ee
8031-2698-2449,3723-2237-5322,648.96,2026-05-30T13:54:32,4,1,6d052846-0984-4fcd-b5f3-cb2e5fb4a6ee
2772-9015-9954,3404-6458-6015,535.11,2026-07-10T21:51:21,1,0,57912dd4-bbcd-477a-b95d-940176308a0f
2772-9015-9954,7460-6217-8397,10677.13,2026-07-10T21:51:48,1,0,57912dd4-bbcd-477a-b95d-940176308a0f
2772-9015-9954,5327-5470-7185,36999.9,2026-07-10T21:52:47,1,0,57912dd4-bbcd-477a-b95d-940176308a0f
3404-6458-6015,2398-4503-7259,342.73,2026-07-10T21:53:18,2,0,57912dd4-bbcd-477a-b95d-940176308a0f
3404-6458-6015,8375-4073-9375,192.38,2026-07-10T21:54:29,2,0,57912dd4-bbcd-477a-b95d-940176308a0f
7460-6217-8397,8026-9404-5930,2313.27,2026-07-10T21:55:23,2,0,57912dd4-bbcd-477a-b95d-940176308a0f
7460-6217-8397,2633-9799-5578,6459.67,2026-07-10T21:56:35,2,0,57912dd4-bbcd-477a-b95d-940176308a0f
7460-6217-8397,9137-2315-5262,1904.18,2026-07-10T21:57:08,2,0,57912dd4-bbcd-477a-b95d-940176308a0f
5327-5470-7185,7376-1187-4204,36999.9,2026-07-10T21:57:38,2,0,57912dd4-bbcd-477a-b95d-940176308a0f
2398-4503-7259,8916-8135-2776,308.46,2026-07-10T22:00:17,3,1,57912dd4-bbcd-477a-b95d-940176308a0f
9137-2315-5262,8916-8135-2776,1713.76,2026-07-10T22:02:04,3,1,57912dd4-bbcd-477a-b95d-940176308a0f
7376-1187-4204,8916-8135-2776,33299.91,2026-07-10T22:04:32,3,1,57912dd4-bbcd-477a-b95d-940176308a0f
8375-4073-9375,8916-8135-2776,173.14,2026-07-10T22:05:44,3,1,57912dd4-bbcd-477a-b95d-940176308a0f
9456-7467-1808,5911-2687-9208,29752.64,2026-07-22T21:03:24,1,0,ccc527d5-3ccf-4a7c-86bc-358b945eef42
9456-7467-1808,7388-4643-1732,1624.19,2026-07-22T21:04:03,1,0,ccc527d5-3ccf-4a7c-86bc-358b945eef42
9456-7467-1808,4705-3651-7342,17984.5,2026-07-22T21:04:33,1,0,ccc527d5-3ccf-4a7c-86bc-358b945eef42
5911-2687-9208,7339-5098-1543,29752.64,2026-07-22T21:05:39,2,0,ccc527d5-3ccf-4a7c-86bc-358b945eef42
7388-4643-1732,3141-6509-2875,1254.79,2026-07-22T21:06:44,2,0,ccc527d5-3ccf-4a7c-86bc-358b945eef42
7388-4643-1732,8383-1869-3021,369.4,2026-07-22T21:07:39,2,0,ccc527d5-3ccf-4a7c-86bc-358b945eef42
4705-3651-7342,5542-3869-2931,13005.43,2026-07-22T21:08:47,2,0,ccc527d5-3ccf-4a7c-86bc-358b945eef42
4705-3651-7342,6441-5040-2097,4979.07,2026-07-22T21:09:38,2,0,ccc527d5-3ccf-4a7c-86bc-358b945eef42
6441-5040-2097,7010-5527-9427,4481.16,2026-07-22T21:12:28,3,1,ccc527d5-3ccf-4a7c-86bc-358b945eef42
7339-5098-1543,7010-5527-9427,26777.38,2026-07-22T21:15:06,3,1,ccc527d5-3ccf-4a7c-86bc-358b945eef42
8383-1869-3021,7010-5527-9427,332.46,2026-07-22T21:17:51,3,1,ccc527d5-3ccf-4a7c-86bc-358b945eef42
3141-6509-2875,7010-5527-9427,1129.31,2026-07-22T21:20:12,3,1,ccc527d5-3ccf-4a7c-86bc-358b945eef42
6345-2383-8864,6538-5156-7183,118841.63,2026-08-13T17:12:05,1,0,6307142b-ca04-493c-b600-5ae1eb653be0
6345-2383-8864,4566-6655-3000,90994.35,2026-08-13T17:13:03,1,0,6307142b-ca04-493c-b600-5ae1eb653be0
6538-5156-7183,7023-9408-8900,94900.87,2026-08-13T17:14:24,2,0,6307142b-ca04-493c-b600-5ae1eb653be0
6538-5156-7183,1195-4613-6552,23940.76,2026-08-13T17:15:25,2,0,6307142b-ca04-493c-b600-5ae1eb653be0
4566-6655-3000,7730-9197-8403,71398.83,2026-08-13T17:16:03,2,0,6307142b-ca04-493c-b600-5ae1eb653be0
4566-6655-3000,1933-5971-2207,19595.52,2026-08-13T17:16:58,2,0,6307142b-ca04-493c-b600-5ae1eb653be0
1195-4613-6552,5241-2889-8430,21546.68,2026-08-13T17:18:49,3,1,6307142b-ca04-493c-b600-5ae1eb653be0
7023-9408-8900,5241-2889-8430,85410.78,2026-08-13T17:21:38,3,1,6307142b-ca04-493c-b600-5ae1eb653be0
1933-5971-2207,5241-2889-8430,17635.97,2026-08-13T17:23:17,3,1,6307142b-ca04-493c-b600-5ae1eb653be0
7730-9197-8403,5241-2889-8430,64258.95,2026-08-13T17:25:48,3,1,6307142b-ca04-493c-b600-5ae1eb653be0
2311-8740-4872,4729-4699-3900,88903.36,2026-06-25T04:14:09,1,0,26456601-36f5-46a2-b864-9ce14c4c720e
4729-4699-3900,6461-9189-5325,28510.56,2026-06-25T04:14:58,2,0,26456601-36f5-46a2-b864-9ce14c4c720e
4729-4699-3900,6575-2905-1005,60392.8,2026-06-25T04:16:12,2,0,26456601-36f5-46a2-b864-9ce14c4c720e
6461-9189-5325,7340-1320-6585,28510.56,2026-06-25T04:20:48,3,0,26456601-36f5-46a2-b864-9ce14c4c720e
7340-1320-6585,6896-5897-8820,28510.56,2026-06-25T04:23:33,4,1,26456601-36f5-46a2-b864-9ce14c4c720e
8744-7425-6024,6931-5750-6752,51352.77,2026-07-09T22:52:17,1,0,09f45539-1704-46fa-b642-aa775a7755d0
8744-7425-6024,7853-6593-8558,168811.98,2026-07-09T22:53:10,1,0,09f45539-1704-46fa-b642-aa775a7755d0
6931-5750-6752,1405-4329-1170,24255.84,2026-07-09T22:53:40,2,0,09f45539-1704-46fa-b642-aa775a7755d0
6931-5750-6752,9314-5224-7229,26893.53,2026-07-09T22:54:21,2,0,09f45539-1704-46fa-b642-aa775a7755d0
6931-5750-6752,9657-6715-7829,203.4,2026-07-09T22:55:04,2,0,09f45539-1704-46fa-b642-aa775a7755d0
7853-6593-8558,8255-8220-8474,74826.94,2026-07-09T22:55:43,2,0,09f45539-1704-46fa-b642-aa775a7755d0
7853-6593-8558,8193-7137-8674,91290.36,2026-07-09T22:57:00,2,0,09f45539-1704-46fa-b642-aa775a7755d0
7853-6593-8558,1669-4360-7656,2694.69,2026-07-09T22:57:33,2,0,09f45539-1704-46fa-b642-aa775a7755d0
8193-7137-8674,7666-9841-3751,82161.32,2026-07-09T22:58:53,3,1,09f45539-1704-46fa-b642-aa775a7755d0
8255-8220-8474,7666-9841-3751,67344.25,2026-07-09T23:00:23,3,1,09f45539-1704-46fa-b642-aa775a7755d0
9314-5224-7229,7666-9841-3751,24204.18,2026-07-09T23:02:38,3,1,09f45539-1704-46fa-b642-aa775a7755d0
1405-4329-1170,7666-9841-3751,21830.26,2026-07-09T23:05:18,3,1,09f45539-1704-46fa-b642-aa775a7755d0
9657-6715-7829,7666-9841-3751,183.06,2026-07-09T23:08:04,3,1,09f45539-1704-46fa-b642-aa775a7755d0
4712-1037-7534,6632-3138-4124,58008.9,2026-07-17T04:55:15,1,0,a711e2ec-825a-4fac-9a8f-1f2ce6402e74
4712-1037-7534,6587-8170-9809,275402.35,2026-07-17T04:56:10,1,0,a711e2ec-825a-4fac-9a8f-1f2ce6402e74
4712-1037-7534,7419-6293-3303,28433.98,2026-07-17T04:56:36,1,0,a711e2ec-825a-4fac-9a8f-1f2ce6402e74
6632-3138-4124,6581-5020-2747,44073.11,2026-07-17T04:57:22,2,0,a711e2ec-825a-4fac-9a8f-1f2ce6402e74
6632-3138-4124,2907-9524-1160,13935.79,2026-07-17T04:58:25,2,0,a711e2ec-825a-4fac-9a8f-1f2ce6402e74
6587-8170-9809,3162-6982-6456,11652.76,2026-07-17T04:59:30,2,0,a711e2ec-825a-4fac-9a8f-1f2ce6402e74
6587-8170-9809,1489-8858-7951,263749.59,2026-07-17T05:00:11,2,0,a711e2ec-825a-4fac-9a8f-1f2ce6402e74
7419-6293-3303,5081-2231-8873,28433.98,2026-07-17T05:00:43,2,0,a711e2ec-825a-4fac-9a8f-1f2ce6402e74
5081-2231-8873,3158-9846-8732,25590.58,2026-07-17T05:03:22,3,1,a711e2ec-825a-4fac-9a8f-1f2ce6402e74
1489-8858-7951,3158-9846-8732,237374.63,2026-07-17T05:05:25,3,1,a711e2ec-825a-4fac-9a8f-1f2ce6402e74
2907-9524-1160,3158-9846-8732,12542.21,2026-07-17T05:06:57,3,1,a711e2ec-825a-4fac-9a8f-1f2ce6402e74
6581-5020-2747,3158-9846-8732,39665.8,2026-07-17T05:08:43,3,1,a711e2ec-825a-4fac-9a8f-1f2ce6402e74
8764-7427-6074,2881-7997-1136,108636.08,2026-07-07T11:38:05,1,0,4b38f234-aade-413e-8c33-b1b586ebcbc1
8764-7427-6074,4841-4189-3994,47169.63,2026-07-07T11:38:20,1,0,4b38f234-aade-413e-8c33-b1b586ebcbc1
2881-7997-1136,2299-3458-1347,87272.36,2026-07-07T11:39:09,2,0,4b38f234-aade-413e-8c33-b1b586ebcbc1
2881-7997-1136,3410-3608-1059,18201.87,2026-07-07T11:40:18,2,0,4b38f234-aade-413e-8c33-b1b586ebcbc1
2881-7997-1136,2347-9013-6912,3161.85,2026-07-07T11:41:05,2,0,4b38f234-aade-413e-8c33-b1b586ebcbc1
4841-4189-3994,1293-2600-6824,11488.31,2026-07-07T11:42:27,2,0,4b38f234-aade-413e-8c33-b1b586ebcbc1
4841-4189-3994,3803-7647-8328,8765.84,2026-07-07T11:43:55,2,0,4b38f234-aade-413e-8c33-b1b586ebcbc1
4841-4189-3994,5142-5518-3798,26915.48,2026-07-07T11:45:16,2,0,4b38f234-aade-413e-8c33-b1b586ebcbc1
3410-3608-1059,9763-1171-7983,16381.68,2026-07-07T11:46:27,3,1,4b38f234-aade-413e-8c33-b1b586ebcbc1
5142-5518-3798,9763-1171-7983,24223.93,2026-07-07T11:47:46,3,1,4b38f234-aade-413e-8c33-b1b586ebcbc1
3803-7647-8328,9763-1171-7983,7889.26,2026-07-07T11:49:20,3,1,4b38f234-aade-413e-8c33-b1b586ebcbc1
1293-2600-6824,9763-1171-7983,10339.48,2026-07-07T11:51:50,3,1,4b38f234-aade-413e-8c33-b1b586ebcbc1
6979-1725-2750,8082-9132-8919,24067.97,2026-08-18T00:34:19,1,0,ee1d217d-98a8-47c2-b922-755d80c82bd7
6979-1725-2750,3166-1453-3115,156183.43,2026-08-18T00:34:51,1,0,ee1d217d-98a8-47c2-b922-755d80c82bd7
6979-1725-2750,6740-2206-3141,37903.63,2026-08-18T00:35:29,1,0,ee1d217d-98a8-47c2-b922-755d80c82bd7
8082-9132-8919,8808-6578-9282,24067.97,2026-08-18T00:36:09,2,0,ee1d217d-98a8-47c2-b922-755d80c82bd7
3166-1453-3115,7094-6287-3046,25806.57,2026-08-18T00:37:17,2,0,ee1d217d-98a8-47c2-b922-755d80c82bd7
3166-1453-3115,2266-8034-4457,87890.04,2026-08-18T00:38:16,2,0,ee1d217d-98a8-47c2-b922-755d80c82bd7
3166-1453-3115,8268-2364-5627,42486.82,2026-08-18T00:39:44,2,0,ee1d217d-98a8-47c2-b922-755d80c82bd7
6740-2206-3141,7750-3596-7315,11250.59,2026-08-18T00:40:58,2,0,ee1d217d-98a8-47c2-b922-755d80c82bd7
6740-2206-3141,3134-6666-2306,11972.17,2026-08-18T00:42:18,2,0,ee1d217d-98a8-47c2-b922-755d80c82bd7
6740-2206-3141,9472-9936-4895,14680.87,2026-08-18T00:43:29,2,0,ee1d217d-98a8-47c2-b922-755d80c82bd7
2266-8034-4457,6613-5985-8576,79101.04,2026-08-18T00:44:50,3,1,ee1d217d-98a8-47c2-b922-755d80c82bd7
7094-6287-3046,6613-5985-8576,23225.91,2026-08-18T00:46:50,3,1,ee1d217d-98a8-47c2-b922-755d80c82bd7
9472-9936-4895,6613-5985-8576,13212.78,2026-08-18T00:49:21,3,1,ee1d217d-98a8-47c2-b922-755d80c82bd7
3134-6666-2306,6613-5985-8576,10774.95,2026-08-18T00:52:11,3,1,ee1d217d-98a8-47c2-b922-755d80c82bd7
1768-4709-5427,1307-5863-3053,106004.66,2026-06-18T13:39:25,1,0,c85f8dc2-f850-4f16-bdec-7184e9c39c98
1768-4709-5427,5800-8715-7860,153532.76,2026-06-18T13:40:05,1,0,c85f8dc2-f850-4f16-bdec-7184e9c39c98
1768-4709-5427,1828-1500-1816,214365.65,2026-06-18T13:40:40,1,0,c85f8dc2-f850-4f16-bdec-7184e9c39c98
1307-5863-3053,6996-5287-3519,106004.66,2026-06-18T13:42:09,2,0,c85f8dc2-f850-4f16-bdec-7184e9c39c98
5800-8715-7860,2384-5397-1960,76813.46,2026-06-18T13:43:39,2,0,c85f8dc2-f850-4f16-bdec-7184e9c39c98
5800-8715-7860,2642-6440-3429,18827.16,2026-06-18T13:44:34,2,0,c85f8dc2-f850-4f16-bdec-7184e9c39c98
5800-8715-7860,8647-4960-2781,57892.14,2026-06-18T13:45:25,2,0,c85f8dc2-f850-4f16-bdec-7184e9c39c98
1828-1500-1816,9547-5356-3062,214365.65,2026-06-18T13:46:53,2,0,c85f8dc2-f850-4f16-bdec-7184e9c39c98
2642-6440-3429,9826-4970-6292,16944.44,2026-06-18T13:49:20,3,1,c85f8dc2-f850-4f16-bdec-7184e9c39c98
8647-4960-2781,9826-4970-6292,52102.93,2026-06-18T13:51:21,3,1,c85f8dc2-f850-4f16-bdec-7184e9c39c98
2384-5397-1960,9826-4970-6292,69132.11,2026-06-18T13:52:52,3,1,c85f8dc2-f850-4f16-bdec-7184e9c39c98
6996-5287-3519,9826-4970-6292,95404.19,2026-06-18T13:54:47,3,1,c85f8dc2-f850-4f16-bdec-7184e9c39c98
9547-5356-3062,9826-4970-6292,192929.08,2026-06-18T13:56:46,3,1,c85f8dc2-f850-4f16-bdec-7184e9c39c98
1699-4322-3347,1260-1621-1910,78389.26,2026-07-30T12:21:50,1,0,47eef3e7-a82f-4810-b6be-f59ad4d5553f
1699-4322-3347,8083-5925-8426,40032.98,2026-07-30T12:22:45,1,0,47eef3e7-a82f-4810-b6be-f59ad4d5553f
1699-4322-3347,7661-2106-6107,250340.57,2026-07-30T12:23:13,1,0,47eef3e7-a82f-4810-b6be-f59ad4d5553f
1260-1621-1910,3352-2002-8092,1031.27,2026-07-30T12:23:57,2,0,47eef3e7-a82f-4810-b6be-f59ad4d5553f
1260-1621-1910,8256-6958-5385,61068.72,2026-07-30T12:25:21,2,0,47eef3e7-a82f-4810-b6be-f59ad4d5553f
1260-1621-1910,4680-4218-6009,16289.27,2026-07-30T12:26:41,2,0,47eef3e7-a82f-4810-b6be-f59ad4d5553f
8083-5925-8426,6478-8482-4246,40032.98,2026-07-30T12:27:26,2,0,47eef3e7-a82f-4810-b6be-f59ad4d5553f
7661-2106-6107,1322-8887-4808,250340.57,2026-07-30T12:28:13,2,0,47eef3e7-a82f-4810-b6be-f59ad4d5553f
8256-6958-5385,6082-2662-3928,54961.85,2026-07-30T12:30:50,3,1,47eef3e7-a82f-4810-b6be-f59ad4d5553f
1322-8887-4808,6082-2662-3928,225306.51,2026-07-30T12:33:02,3,1,47eef3e7-a82f-4810-b6be-f59ad4d5553f
6478-8482-4246,6082-2662-3928,36029.68,2026-07-30T12:35:00,3,1,47eef3e7-a82f-4810-b6be-f59ad4d5553f
6311-2189-7549,3056-5072-3163,409164.79,2026-07-07T05:12:08,1,0,8ffbb0c6-2ed5-4cbb-ba44-2168edec9a71
3056-5072-3163,6312-9754-9169,198417.62,2026-07-07T05:12:55,2,0,8ffbb0c6-2ed5-4cbb-ba44-2168edec9a71
3056-5072-3163,1887-5370-1857,210747.17,2026-07-07T05:14:25,2,0,8ffbb0c6-2ed5-4cbb-ba44-2168edec9a71
6312-9754-9169,7099-2435-3156,198417.62,2026-07-07T05:16:47,3,0,8ffbb0c6-2ed5-4cbb-ba44-2168edec9a71
7099-2435-3156,9468-2234-2493,198417.62,2026-07-07T05:21:23,4,1,8ffbb0c6-2ed5-4cbb-ba44-2168edec9a71
6722-4657-6080,5160-2120-8707,9793.05,2026-08-08T16:07:18,1,0,ac96f59a-f3b3-4b96-8c84-31d29a6bc098
6722-4657-6080,2803-6458-9146,4397.01,2026-08-08T16:08:00,1,0,ac96f59a-f3b3-4b96-8c84-31d29a6bc098
6722-4657-6080,6145-6864-9129,4133.41,2026-08-08T16:08:11,1,0,ac96f59a-f3b3-4b96-8c84-31d29a6bc098
5160-2120-8707,9789-6974-8087,9793.05,2026-08-08T16:08:56,2,0,ac96f59a-f3b3-4b96-8c84-31d29a6bc098
2803-6458-9146,2198-6122-1680,379.29,2026-08-08T16:09:46,2,0,ac96f59a-f3b3-4b96-8c84-31d29a6bc098
2803-6458-9146,5737-3520-1896,4017.72,2026-08-08T16:10:58,2,0,ac96f59a-f3b3-4b96-8c84-31d29a6bc098
6145-6864-9129,4110-4535-7921,448.4,2026-08-08T16:12:15,2,0,ac96f59a-f3b3-4b96-8c84-31d29a6bc098
6145-6864-9129,1392-9276-1688,3685.01,2026-08-08T16:13:03,2,0,ac96f59a-f3b3-4b96-8c84-31d29a6bc098
2198-6122-1680,1626-5604-7401,341.36,2026-08-08T16:14:52,3,1,ac96f59a-f3b3-4b96-8c84-31d29a6bc098
1392-9276-1688,1626-5604-7401,3316.51,2026-08-08T16:16:57,3,1,ac96f59a-f3b3-4b96-8c84-31d29a6bc098
4110-4535-7921,1626-5604-7401,403.56,2026-08-08T16:18:08,3,1,ac96f59a-f3b3-4b96-8c84-31d29a6bc098
9789-6974-8087,1626-5604-7401,8813.74,2026-08-08T16:20:01,3,1,ac96f59a-f3b3-4b96-8c84-31d29a6bc098
5737-3520-1896,1626-5604-7401,3615.95,2026-08-08T16:21:05,3,1,ac96f59a-f3b3-4b96-8c84-31d29a6bc098
9786-3626-7229,3885-9585-1561,158562.35,2026-08-15T07:38:39,1,0,66da1001-0292-4ebb-9fd5-2be7dda82fc0
9786-3626-7229,1197-8850-3557,251825.61,2026-08-15T07:39:24,1,0,66da1001-0292-4ebb-9fd5-2be7dda82fc0
3885-9585-1561,4164-8505-4453,158562.35,2026-08-15T07:40:16,2,0,66da1001-0292-4ebb-9fd5-2be7dda82fc0
1197-8850-3557,1471-9740-4636,7705.64,2026-08-15T07:41:27,2,0,66da1001-0292-4ebb-9fd5-2be7dda82fc0
1197-8850-3557,1814-7559-8265,16039.75,2026-08-15T07:42:26,2,0,66da1001-0292-4ebb-9fd5-2be7dda82fc0
1197-8850-3557,9526-7082-2691,228080.22,2026-08-15T07:42:58,2,0,66da1001-0292-4ebb-9fd5-2be7dda82fc0
4164-8505-4453,2654-2376-7962,142706.12,2026-08-15T07:44:53,3,1,66da1001-0292-4ebb-9fd5-2be7dda82fc0
1814-7559-8265,2654-2376-7962,14435.78,2026-08-15T07:46:39,3,1,66da1001-0292-4ebb-9fd5-2be7dda82fc0
1471-9740-4636,2654-2376-7962,6935.08,2026-08-15T07:48:10,3,1,66da1001-0292-4ebb-9fd5-2be7dda82fc0
9526-7082-2691,2654-2376-7962,205272.2,2026-08-15T07:50:30,3,1,66da1001-0292-4ebb-9fd5-2be7dda82fc0
1266-1530-3206,9671-6670-8020,65428.54,2026-06-14T00:47:32,1,0,bf02e6b9-5e62-4398-add6-3c5c60670aac
1266-1530-3206,6427-4504-4935,64648.89,2026-06-14T00:48:25,1,0,bf02e6b9-5e62-4398-add6-3c5c60670aac
9671-6670-8020,3635-7810-2765,65428.54,2026-06-14T00:49:18,2,0,bf02e6b9-5e62-4398-add6-3c5c60670aac
6427-4504-4935,3352-5302-1943,64648.89,2026-06-14T00:49:56,2,0,bf02e6b9-5e62-4398-add6-3c5c60670aac
3635-7810-2765,5846-1513-9311,65428.54,2026-06-14T00:54:06,3,0,bf02e6b9-5e62-4398-add6-3c5c60670aac
5846-1513-9311,4420-9126-7577,65428.54,2026-06-14T00:57:47,4,1,bf02e6b9-5e62-4398-add6-3c5c60670aac
3352-5302-1943,7418-4515-1216,64648.89,2026-06-14T00:59:38,3,1,bf02e6b9-5e62-4398-add6-3c5c60670aac
1450-1490-2302,4660-6126-3578,937.6,2026-07-07T23:32:41,1,0,e07e6816-af47-443c-918a-c2f91d1478f8
1450-1490-2302,6033-4703-1290,241283.58,2026-07-07T23:33:27,1,0,e07e6816-af47-443c-918a-c2f91d1478f8
4660-6126-3578,3500-9388-9135,707.18,2026-07-07T23:34:30,2,0,e07e6816-af47-443c-918a-c2f91d1478f8
4660-6126-3578,4189-6885-2634,230.42,2026-07-07T23:35:28,2,0,e07e6816-af47-443c-918a-c2f91d1478f8
6033-4703-1290,5092-1612-3124,241283.58,2026-07-07T23:36:12,2,0,e07e6816-af47-443c-918a-c2f91d1478f8
3500-9388-9135,2291-7045-9497,636.46,2026-07-07T23:37:17,3,1,e07e6816-af47-443c-918a-c2f91d1478f8
5092-1612-3124,2291-7045-9497,217155.22,2026-07-07T23:40:05,3,1,e07e6816-af47-443c-918a-c2f91d1478f8
4189-6885-2634,2291-7045-9497,207.38,2026-07-07T23:42:57,3,1,e07e6816-af47-443c-918a-c2f91d1478f8
1711-9884-2880,4563-3082-8992,352308.97,2026-08-16T22:25:02,1,0,358b3c54-cb64-4bb3-acd4-4c6f6e24ba34
4563-3082-8992,7252-4173-7820,352308.97,2026-08-16T22:25:37,2,0,358b3c54-cb64-4bb3-acd4-4c6f6e24ba34
7252-4173-7820,5963-3544-1242,352308.97,2026-08-16T22:27:14,3,0,358b3c54-cb64-4bb3-acd4-4c6f6e24ba34
5963-3544-1242,9793-9916-7437,352308.97,2026-08-16T22:29:02,4,1,358b3c54-cb64-4bb3-acd4-4c6f6e24ba34
5918-7012-1680,2207-2800-9732,87337.55,2026-07-28T13:14:14,1,0,76e1fc56-5dcd-4ffa-8971-71a188a05ff4
2207-2800-9732,5318-2991-5072,87337.55,2026-07-28T13:15:26,2,0,76e1fc56-5dcd-4ffa-8971-71a188a05ff4
5318-2991-5072,9214-3033-2670,87337.55,2026-07-28T13:19:54,3,1,76e1fc56-5dcd-4ffa-8971-71a188a05ff4
3343-5977-8965,4463-5742-2038,4597.02,2026-06-24T04:31:14,1,0,deb7b715-641d-48cd-8560-840f3ad3a2e1
3343-5977-8965,1741-4611-5289,5624.13,2026-06-24T04:31:31,1,0,deb7b715-641d-48cd-8560-840f3ad3a2e1
4463-5742-2038,2407-4792-3565,2662.33,2026-06-24T04:32:56,2,0,deb7b715-641d-48cd-8560-840f3ad3a2e1
4463-5742-2038,6158-2897-8289,1934.69,2026-06-24T04:33:58,2,0,deb7b715-641d-48cd-8560-840f3ad3a2e1
1741-4611-5289,7330-8425-2639,5624.13,2026-06-24T04:34:46,2,0,deb7b715-641d-48cd-8560-840f3ad3a2e1
2407-4792-3565,6794-7385-5452,2396.1,2026-06-24T04:36:02,3,1,deb7b715-641d-48cd-8560-840f3ad3a2e1
7330-8425-2639,6794-7385-5452,5061.72,2026-06-24T04:38:02,3,1,deb7b715-641d-48cd-8560-840f3ad3a2e1
6158-2897-8289,6794-7385-5452,1741.22,2026-06-24T04:40:34,3,1,deb7b715-641d-48cd-8560-840f3ad3a2e1
5350-5231-9605,1060-4762-5045,102693.85,2026-08-13T01:19:17,1,0,9aeffa1d-8dbc-49ff-a469-882a6f536335
5350-5231-9605,2745-4747-7441,95917.56,2026-08-13T01:19:46,1,0,9aeffa1d-8dbc-49ff-a469-882a6f536335
1060-4762-5045,8387-6744-4829,8989.4,2026-08-13T01:20:47,2,0,9aeffa1d-8dbc-49ff-a469-882a6f536335
1060-4762-5045,2070-1745-6696,93704.45,2026-08-13T01:21:22,2,0,9aeffa1d-8dbc-49ff-a469-882a6f536335
2745-4747-7441,2550-3715-6277,79072.15,2026-08-13T01:22:16,2,0,9aeffa1d-8dbc-49ff-a469-882a6f536335
2745-4747-7441,4700-7490-1613,16845.41,2026-08-13T01:23:46,2,0,9aeffa1d-8dbc-49ff-a469-882a6f536335
2550-3715-6277,8656-1198-5037,71164.94,2026-08-13T01:24:59,3,1,9aeffa1d-8dbc-49ff-a469-882a6f536335
4700-7490-1613,8656-1198-5037,15160.87,2026-08-13T01:26:57,3,1,9aeffa1d-8dbc-49ff-a469-882a6f536335
2070-1745-6696,8656-1198-5037,84334.0,2026-08-13T01:28:53,3,1,9aeffa1d-8dbc-49ff-a469-882a6f536335
8387-6744-4829,8656-1198-5037,8090.46,2026-08-13T01:30:21,3,1,9aeffa1d-8dbc-49ff-a469-882a6f536335
4232-4309-1605,9647-2691-2812,48303.61,2026-06-27T18:01:39,1,0,77ed4381-62bb-4cc5-9970-3b58331335cf
4232-4309-1605,2210-8247-2746,195668.08,2026-06-27T18:02:06,1,0,77ed4381-62bb-4cc5-9970-3b58331335cf
9647-2691-2812,2411-6843-6475,43837.91,2026-06-27T18:02:50,2,0,77ed4381-62bb-4cc5-9970-3b58331335cf
9647-2691-2812,7928-8335-5576,4465.7,2026-06-27T18:03:56,2,0,77ed4381-62bb-4cc5-9970-3b58331335cf
2210-8247-2746,4748-2784-8865,195668.08,2026-06-27T18:05:15,2,0,77ed4381-62bb-4cc5-9970-3b58331335cf
2411-6843-6475,3950-7303-7622,39454.12,2026-06-27T18:07:47,3,1,77ed4381-62bb-4cc5-9970-3b58331335cf
4748-2784-8865,3950-7303-7622,176101.27,2026-06-27T18:10:05,3,1,77ed4381-62bb-4cc5-9970-3b58331335cf
7928-8335-5576,3950-7303-7622,4019.13,2026-06-27T18:11:18,3,1,77ed4381-62bb-4cc5-9970-3b58331335cf
8005-3535-5473,9115-3494-4212,79834.48,2026-07-13T06:37:12,1,0,25265630-bdf8-40de-8354-8e8bce7971e6
8005-3535-5473,6717-9618-7162,53353.47,2026-07-13T06:37:38,1,0,25265630-bdf8-40de-8354-8e8bce7971e6
8005-3535-5473,6399-4991-3513,26197.77,2026-07-13T06:37:55,1,0,25265630-bdf8-40de-8354-8e8bce7971e6
9115-3494-4212,8052-1096-6984,79834.48,2026-07-13T06:38:48,2,0,25265630-bdf8-40de-8354-8e8bce7971e6
6717-9618-7162,8577-3052-2940,34157.74,2026-07-13T06:39:39,2,0,25265630-bdf8-40de-8354-8e8bce7971e6
6717-9618-7162,2989-7366-3232,19195.73,2026-07-13T06:40:21,2,0,25265630-bdf8-40de-8354-8e8bce7971e6
6399-4991-3513,4418-9767-8337,10229.58,2026-07-13T06:41:33,2,0,25265630-bdf8-40de-8354-8e8bce7971e6
6399-4991-3513,1255-2665-5849,15968.19,2026-07-13T06:42:58,2,0,25265630-bdf8-40de-8354-8e8bce7971e6
8052-1096-6984,6932-6278-3066,71851.03,2026-07-13T06:45:47,3,1,25265630-bdf8-40de-8354-8e8bce7971e6
4418-9767-8337,6932-6278-3066,9206.62,2026-07-13T06:48:45,3,1,25265630-bdf8-40de-8354-8e8bce7971e6
8577-3052-2940,6932-6278-3066,30741.97,2026-07-13T06:49:51,3,1,25265630-bdf8-40de-8354-8e8bce7971e6
1255-2665-5849,6932-6278-3066,14371.37,2026-07-13T06:52:35,3,1,25265630-bdf8-40de-8354-8e8bce7971e6
6352-7948-2209,2153-8531-4154,30790.02,2026-08-08T03:57:49,1,0,030bebb4-12e6-415e-8e81-3e8ad267ee25
6352-7948-2209,5225-5134-9425,22533.38,2026-08-08T03:58:46,1,0,030bebb4-12e6-415e-8e81-3e8ad267ee25
2153-8531-4154,7151-1839-7633,376.99,2026-08-08T03:59:59,2,0,030bebb4-12e6-415e-8e81-3e8ad267ee25
2153-8531-4154,8832-3094-4221,30413.03,2026-08-08T04:01:02,2,0,030bebb4-12e6-415e-8e81-3e8ad267ee25
5225-5134-9425,5014-7761-6944,6164.06,2026-08-08T04:02:21,2,0,030bebb4-12e6-415e-8e81-3e8ad267ee25
5225-5134-9425,6193-7864-2150,1332.28,2026-08-08T04:03:04,2,0,030bebb4-12e6-415e-8e81-3e8ad267ee25
5225-5134-9425,3269-3071-2176,15037.04,2026-08-08T04:03:52,2,0,030bebb4-12e6-415e-8e81-3e8ad267ee25
8832-3094-4221,5289-2906-8149,27371.73,2026-08-08T04:05:46,3,1,030bebb4-12e6-415e-8e81-3e8ad267ee25
7151-1839-7633,5289-2906-8149,339.29,2026-08-08T04:08:04,3,1,030bebb4-12e6-415e-8e81-3e8ad267ee25
6193-7864-2150,5289-2906-8149,1199.05,2026-08-08T04:09:59,3,1,030bebb4-12e6-415e-8e81-3e8ad267ee25
5014-7761-6944,5289-2906-8149,5547.65,2026-08-08T04:11:27,3,1,030bebb4-12e6-415e-8e81-3e8ad267ee25
3269-3071-2176,5289-2906-8149,13533.34,2026-08-08T04:13:40,3,1,030bebb4-12e6-415e-8e81-3e8ad267ee25
3292-9743-3444,7591-8441-2666,117862.57,2026-06-10T05:47:01,1,0,ada0416d-d0e2-4efa-89f5-8a654b8e8570
3292-9743-3444,3864-7234-4938,111755.73,2026-06-10T05:47:59,1,0,ada0416d-d0e2-4efa-89f5-8a654b8e8570
3292-9743-3444,8554-5260-6257,176423.75,2026-06-10T05:48:24,1,0,ada0416d-d0e2-4efa-89f5-8a654b8e8570
7591-8441-2666,9882-8127-9311,68450.47,2026-06-10T05:48:56,2,0,ada0416d-d0e2-4efa-89f5-8a654b8e8570
7591-8441-2666,2850-2902-2218,43793.9,2026-06-10T05:49:46,2,0,ada0416d-d0e2-4efa-89f5-8a654b8e8570
7591-8441-2666,6064-4646-4617,5618.2,2026-06-10T05:51:00,2,0,ada0416d-d0e2-4efa-89f5-8a654b8e8570
3864-7234-4938,7367-3734-8888,13984.75,2026-06-10T05:52:14,2,0,ada0416d-d0e2-4efa-89f5-8a654b8e8570
3864-7234-4938,9694-8846-1854,89154.56,2026-06-10T05:52:59,2,0,ada0416d-d0e2-4efa-89f5-8a654b8e8570
3864-7234-4938,3813-6838-2605,8616.42,2026-06-10T05:53:54,2,0,ada0416d-d0e2-4efa-89f5-8a654b8e8570
8554-5260-6257,5865-2187-9768,51007.19,2026-06-10T05:55:13,2,0,ada0416d-d0e2-4efa-89f5-8a654b8e8570
8554-5260-6257,1109-3870-6234,61996.71,2026-06-10T05:55:55,2,0,ada0416d-d0e2-4efa-89f5-8a654b8e8570
8554-5260-6257,6647-9023-8674,63419.85,2026-06-10T05:56:45,2,0,ada0416d-d0e2-4efa-89f5-8a654b8e8570
9694-8846-1854,2398-2204-2054,80239.1,2026-06-10T05:58:12,3,1,ada0416d-d0e2-4efa-89f5-8a654b8e8570
1109-3870-6234,2398-2204-2054,55797.04,2026-06-10T05:59:39,3,1,ada0416d-d0e2-4efa-89f5-8a654b8e8570
6064-4646-4617,2398-2204-2054,5056.38,2026-06-10T06:01:24,3,1,ada0416d-d0e2-4efa-89f5-8a654b8e8570
2705-2694-3626,5778-3627-4363,64788.35,2026-07-22T15:40:22,1,0,a909f1eb-be29-4604-a510-ae003ec2cce1
2705-2694-3626,4407-1501-1236,195628.63,2026-07-22T15:41:04,1,0,a909f1eb-be29-4604-a510-ae003ec2cce1
5778-3627-4363,3282-9376-8640,28548.67,2026-07-22T15:42:07,2,0,a909f1eb-be29-4604-a510-ae003ec2cce1
5778-3627-4363,4656-3806-2812,13431.05,2026-07-22T15:43:04,2,0,a909f1eb-be29-4604-a510-ae003ec2cce1
5778-3627-4363,1644-8728-9547,22808.63,2026-07-22T15:43:34,2,0,a909f1eb-be29-4604-a510-ae003ec2cce1
4407-1501-1236,5832-3256-9925,195628.63,2026-07-22T15:44:34,2,0,a909f1eb-be29-4604-a510-ae003ec2cce1
5832-3256-9925,4429-7480-6345,176065.77,2026-07-22T15:46:53,3,1,a909f1eb-be29-4604-a510-ae003ec2cce1
1644-8728-9547,4429-7480-6345,20527.77,2026-07-22T15:48:04,3,1,a909f1eb-be29-4604-a510-ae003ec2cce1
4656-3806-2812,4429-7480-6345,12087.94,2026-07-22T15:49:50,3,1,a909f1eb-be29-4604-a510-ae003ec2cce1
9810-5193-3111,8033-3833-4407,316731.36,2026-06-17T03:56:06,1,0,1fd5d497-269e-44d7-b79f-465f9d5ce81c
8033-3833-4407,3113-4942-6279,316731.36,2026-06-17T03:56:38,2,0,1fd5d497-269e-44d7-b79f-465f9d5ce81c
3113-4942-6279,3332-5499-4235,316731.36,2026-06-17T03:59:34,3,0,1fd5d497-269e-44d7-b79f-465f9d5ce81c
3332-5499-4235,3319-1493-2832,316731.36,2026-06-17T04:04:17,4,1,1fd5d497-269e-44d7-b79f-465f9d5ce81c
7316-8720-6006,5075-4380-1023,442133.2,2026-07-12T17:12:32,1,0,c1361e05-361a-432c-871d-28c8030e5e58
5075-4380-1023,8141-7405-5323,442133.2,2026-07-12T17:13:39,2,0,c1361e05-361a-432c-871d-28c8030e5e58
8141-7405-5323,2635-6393-2556,442133.2,2026-07-12T17:16:44,3,1,c1361e05-361a-432c-871d-28c8030e5e58
9449-1058-3123,2571-2949-6876,96723.3,2026-08-06T09:29:27,1,0,8ffc7aad-a590-4685-82a0-deb89fc69613
9449-1058-3123,1099-6207-1297,46057.39,2026-08-06T09:30:03,1,0,8ffc7aad-a590-4685-82a0-deb89fc69613
2571-2949-6876,6429-7102-3618,96723.3,2026-08-06T09:31:17,2,0,8ffc7aad-a590-4685-82a0-deb89fc69613
1099-6207-1297,1786-6314-9244,3872.31,2026-08-06T09:32:09,2,0,8ffc7aad-a590-4685-82a0-deb89fc69613
1099-6207-1297,9982-4163-8471,19462.99,2026-08-06T09:33:24,2,0,8ffc7aad-a590-4685-82a0-deb89fc69613
1099-6207-1297,8291-5983-4850,22722.09,2026-08-06T09:34:49,2,0,8ffc7aad-a590-4685-82a0-deb89fc69613
6429-7102-3618,6318-6232-9299,87050.97,2026-08-06T09:37:35,3,1,8ffc7aad-a590-4685-82a0-deb89fc69613
1786-6314-9244,6318-6232-9299,3485.08,2026-08-06T09:39:45,3,1,8ffc7aad-a590-4685-82a0-deb89fc69613
8291-5983-4850,6318-6232-9299,20449.88,2026-08-06T09:40:55,3,1,8ffc7aad-a590-4685-82a0-deb89fc69613
1325-5173-6877,9314-1114-8715,74556.68,2026-06-18T04:49:28,1,0,bfd5a5c0-4f4c-4e38-b8b5-00d9c77764d6
1325-5173-6877,2928-9905-8074,99947.36,2026-06-18T04:50:22,1,0,bfd5a5c0-4f4c-4e38-b8b5-00d9c77764d6
1325-5173-6877,2104-6070-3150,11563.51,2026-06-18T04:50:43,1,0,bfd5a5c0-4f4c-4e38-b8b5-00d9c77764d6
9314-1114-8715,6262-8289-9125,51820.2,2026-06-18T04:52:03,2,0,bfd5a5c0-4f4c-4e38-b8b5-00d9c77764d6
9314-1114-8715,2446-2752-4086,22736.48,2026-06-18T04:52:52,2,0,bfd5a5c0-4f4c-4e38-b8b5-00d9c77764d6
2928-9905-8074,6327-2705-2437,58565.66,2026-06-18T04:53:55,2,0,bfd5a5c0-4f4c-4e38-b8b5-00d9c77764d6
2928-9905-8074,7374-1009-6843,41381.7,2026-06-18T04:54:47,2,0,bfd5a5c0-4f4c-4e38-b8b5-00d9c77764d6
2104-6070-3150,7208-9547-7159,11563.51,2026-06-18T04:55:20,2,0,bfd5a5c0-4f4c-4e38-b8b5-00d9c77764d6
6262-8289-9125,9123-5600-7396,46638.18,2026-06-18T04:57:54,3,1,bfd5a5c0-4f4c-4e38-b8b5-00d9c77764d6
2446-2752-4086,9123-5600-7396,20462.83,2026-06-18T05:00:07,3,1,bfd5a5c0-4f4c-4e38-b8b5-00d9c77764d6
6327-2705-2437,9123-5600-7396,52709.09,2026-06-18T05:03:00,3,1,bfd5a5c0-4f4c-4e38-b8b5-00d9c77764d6
7208-9547-7159,9123-5600-7396,10407.16,2026-06-18T05:05:21,3,1,bfd5a5c0-4f4c-4e38-b8b5-00d9c77764d6
7374-1009-6843,9123-5600-7396,37243.53,2026-06-18T05:08:17,3,1,bfd5a5c0-4f4c-4e38-b8b5-00d9c77764d6
8958-9863-9504,6779-3384-9410,163049.76,2026-07-28T10:05:27,1,0,9723f722-713c-46a6-93d5-b3cc4bf7b213
8958-9863-9504,6988-9390-7497,116192.73,2026-07-28T10:06:02,1,0,9723f722-713c-46a6-93d5-b3cc4bf7b213
8958-9863-9504,9397-2718-9947,21258.08,2026-07-28T10:06:12,1,0,9723f722-713c-46a6-93d5-b3cc4bf7b213
6779-3384-9410,5869-5533-6122,16597.78,2026-07-28T10:07:10,2,0,9723f722-713c-46a6-93d5-b3cc4bf7b213
6779-3384-9410,8578-5139-6074,88054.36,2026-07-28T10:08:04,2,0,9723f722-713c-46a6-93d5-b3cc4bf7b213
6779-3384-9410,5540-2807-1708,58397.62,2026-07-28T10:09:23,2,0,9723f722-713c-46a6-93d5-b3cc4bf7b213
6988-9390-7497,1507-5245-5087,22868.78,2026-07-28T10:10:51,2,0,9723f722-713c-46a6-93d5-b3cc4bf7b213
6988-9390-7497,6585-9444-4429,93323.95,2026-07-28T10:12:16,2,0,9723f722-713c-46a6-93d5-b3cc4bf7b213
9397-2718-9947,8031-6961-9294,956.78,2026-07-28T10:13:12,2,0,9723f722-713c-46a6-93d5-b3cc4bf7b213
9397-2718-9947,6148-8380-9312,8768.78,2026-07-28T10:14:01,2,0,9723f722-713c-46a6-93d5-b3cc4bf7b213
9397-2718-9947,4653-9140-6404,11532.52,2026-07-28T10:15:15,2,0,9723f722-713c-46a6-93d5-b3cc4bf7b213
4653-9140-6404,6182-1418-1042,10379.27,2026-07-28T10:17:23,3,1,9723f722-713c-46a6-93d5-b3cc4bf7b213
1507-5245-5087,6182-1418-1042,20581.9,2026-07-28T10:18:47,3,1,9723f722-713c-46a6-93d5-b3cc4bf7b213
6148-8380-9312,6182-1418-1042,7891.9,2026-07-28T10:20:23,3,1,9723f722-713c-46a6-93d5-b3cc4bf7b213
5869-5533-6122,6182-1418-1042,14938.0,2026-07-28T10:22:37,3,1,9723f722-713c-46a6-93d5-b3cc4bf7b213
8578-5139-6074,6182-1418-1042,79248.92,2026-07-28T10:24:47,3,1,9723f722-713c-46a6-93d5-b3cc4bf7b213
4673-2425-3264,7432-6161-4204,26813.59,2026-08-17T01:45:15,1,0,2dbeb66c-739b-41af-8eb8-71b40fd5e3de
4673-2425-3264,3598-8513-4897,78698.13,2026-08-17T01:45:37,1,0,2dbeb66c-739b-41af-8eb8-71b40fd5e3de
4673-2425-3264,6137-6423-2947,205082.8,2026-08-17T01:46:05,1,0,2dbeb66c-739b-41af-8eb8-71b40fd5e3de
7432-6161-4204,6848-6143-7031,26813.59,2026-08-17T01:46:57,2,0,2dbeb66c-739b-41af-8eb8-71b40fd5e3de
3598-8513-4897,7735-2860-8704,78698.13,2026-08-17T01:47:43,2,0,2dbeb66c-739b-41af-8eb8-71b40fd5e3de
6137-6423-2947,5490-8702-7416,128814.47,2026-08-17T01:48:48,2,0,2dbeb66c-739b-41af-8eb8-71b40fd5e3de
6137-6423-2947,2821-3623-2765,76268.33,2026-08-17T01:49:27,2,0,2dbeb66c-739b-41af-8eb8-71b40fd5e3de
5490-8702-7416,2693-3520-3766,115933.02,2026-08-17T01:52:23,3,1,2dbeb66c-739b-41af-8eb8-71b40fd5e3de
6848-6143-7031,2693-3520-3766,24132.23,2026-08-17T01:54:43,3,1,2dbeb66c-739b-41af-8eb8-71b40fd5e3de
7735-2860-8704,2693-3520-3766,70828.32,2026-08-17T01:56:36,3,1,2dbeb66c-739b-41af-8eb8-71b40fd5e3de
2821-3623-2765,2693-3520-3766,68641.5,2026-08-17T01:57:36,3,1,2dbeb66c-739b-41af-8eb8-71b40fd5e3de
6455-1836-3065,4477-6453-8023,35276.42,2026-06-28T17:12:30,1,0,38c95410-7b1b-45e9-91cf-db59d317b5d9
6455-1836-3065,1108-9187-9166,28065.1,2026-06-28T17:13:30,1,0,38c95410-7b1b-45e9-91cf-db59d317b5d9
4477-6453-8023,2011-5306-7734,35276.42,2026-06-28T17:14:02,2,0,38c95410-7b1b-45e9-91cf-db59d317b5d9
1108-9187-9166,7177-3328-7948,8360.05,2026-06-28T17:14:41,2,0,38c95410-7b1b-45e9-91cf-db59d317b5d9
1108-9187-9166,1284-4010-4010,19705.05,2026-06-28T17:15:12,2,0,38c95410-7b1b-45e9-91cf-db59d317b5d9
2011-5306-7734,2766-3828-1633,31748.78,2026-06-28T17:17:26,3,1,38c95410-7b1b-45e9-91cf-db59d317b5d9
1284-4010-4010,2766-3828-1633,17734.54,2026-06-28T17:18:30,3,1,38c95410-7b1b-45e9-91cf-db59d317b5d9
7177-3328-7948,2766-3828-1633,7524.04,2026-06-28T17:19:50,3,1,38c95410-7b1b-45e9-91cf-db59d317b5d9
4172-4893-4788,2188-3581-7191,58317.21,2026-06-12T10:53:24,1,0,1bae5e0e-2204-42db-b390-0e00c7f808c0
4172-4893-4788,3403-2842-1040,103195.16,2026-06-12T10:53:37,1,0,1bae5e0e-2204-42db-b390-0e00c7f808c0
4172-4893-4788,6524-4675-1407,50515.99,2026-06-12T10:54:28,1,0,1bae5e0e-2204-42db-b390-0e00c7f808c0
2188-3581-7191,6170-5687-6310,58317.21,2026-06-12T10:55:29,2,0,1bae5e0e-2204-42db-b390-0e00c7f808c0
3403-2842-1040,3380-2018-7557,66397.33,2026-06-12T10:56:09,2,0,1bae5e0e-2204-42db-b390-0e00c7f808c0
3403-2842-1040,4170-3469-3601,8089.3,2026-06-12T10:57:05,2,0,1bae5e0e-2204-42db-b390-0e00c7f808c0
3403-2842-1040,9495-1422-2296,28708.54,2026-06-12T10:58:22,2,0,1bae5e0e-2204-42db-b390-0e00c7f808c0
6524-4675-1407,1318-7989-5346,1618.41,2026-06-12T10:59:50,2,0,1bae5e0e-2204-42db-b390-0e00c7f808c0
6524-4675-1407,8208-3549-5211,48897.58,2026-06-12T11:00:55,2,0,1bae5e0e-2204-42db-b390-0e00c7f808c0
4170-3469-3601,7825-6211-8840,7280.37,2026-06-12T11:03:34,3,1,1bae5e0e-2204-42db-b390-0e00c7f808c0
6170-5687-6310,7825-6211-8840,52485.49,2026-06-12T11:06:29,3,1,1bae5e0e-2204-42db-b390-0e00c7f808c0
9495-1422-2296,7825-6211-8840,25837.69,2026-06-12T11:09:26,3,1,1bae5e0e-2204-42db-b390-0e00c7f808c0
1318-7989-5346,7825-6211-8840,1456.57,2026-06-12T11:11:32,3,1,1bae5e0e-2204-42db-b390-0e00c7f808c0
3380-2018-7557,7825-6211-8840,59757.6,2026-06-12T11:14:13,3,1,1bae5e0e-2204-42db-b390-0e00c7f808c0
7187-5213-2958,1439-1021-6596,73992.67,2026-07-31T17:10:11,1,0,8d101e9b-39d7-40e6-989e-41527f260d5f
7187-5213-2958,4209-9072-2221,274256.63,2026-07-31T17:10:46,1,0,8d101e9b-39d7-40e6-989e-41527f260d5f
1439-1021-6596,7576-7193-6007,3469.43,2026-07-31T17:11:28,2,0,8d101e9b-39d7-40e6-989e-41527f260d5f
1439-1021-6596,8732-7024-2050,17050.88,2026-07-31T17:12:06,2,0,8d101e9b-39d7-40e6-989e-41527f260d5f
1439-1021-6596,3364-8638-9580,53472.36,2026-07-31T17:13:19,2,0,8d101e9b-39d7-40e6-989e-41527f260d5f
4209-9072-2221,2402-5287-1323,26532.29,2026-07-31T17:14:33,2,0,8d101e9b-39d7-40e6-989e-41527f260d5f
4209-9072-2221,9557-8208-1045,94161.59,2026-07-31T17:16:00,2,0,8d101e9b-39d7-40e6-989e-41527f260d5f
4209-9072-2221,2941-8721-1019,153562.75,2026-07-31T17:16:36,2,0,8d101e9b-39d7-40e6-989e-41527f260d5f
8732-7024-2050,8252-7214-8422,15345.79,2026-07-31T17:18:58,3,1,8d101e9b-39d7-40e6-989e-41527f260d5f
2402-5287-1323,8252-7214-8422,23879.06,2026-07-31T17:20:39,3,1,8d101e9b-39d7-40e6-989e-41527f260d5f
3364-8638-9580,8252-7214-8422,48125.12,2026-07-31T17:22:52,3,1,8d101e9b-39d7-40e6-989e-41527f260d5f
9132-6932-1460,3893-1193-7098,58227.45,2026-08-19T19:34:32,1,0,7244bcb5-baf9-44f4-9fd7-c86766c5fa8f
9132-6932-1460,1787-3434-6701,12671.87,2026-08-19T19:34:53,1,0,7244bcb5-baf9-44f4-9fd7-c86766c5fa8f
9132-6932-1460,5735-8758-3678,26714.48,2026-08-19T19:35:33,1,0,7244bcb5-baf9-44f4-9fd7-c86766c5fa8f
3893-1193-7098,8548-6468-4769,38033.04,2026-08-19T19:36:25,2,0,7244bcb5-baf9-44f4-9fd7-c86766c5fa8f
3893-1193-7098,7918-6264-8394,20064.19,2026-08-19T19:37:42,2,0,7244bcb5-baf9-44f4-9fd7-c86766c5fa8f
3893-1193-7098,6066-5168-3736,130.21,2026-08-19T19:38:37,2,0,7244bcb5-baf9-44f4-9fd7-c86766c5fa8f
1787-3434-6701,1644-7002-2522,12361.38,2026-08-19T19:40:06,2,0,7244bcb5-baf9-44f4-9fd7-c86766c5fa8f
1787-3434-6701,4074-4905-8513,310.49,2026-08-19T19:41:03,2,0,7244bcb5-baf9-44f4-9fd7-c86766c5fa8f
5735-8758-3678,8328-7214-9742,7673.29,2026-08-19T19:42:04,2,0,7244bcb5-baf9-44f4-9fd7-c86766c5fa8f
5735-8758-3678,2887-7172-1078,1267.79,2026-08-19T19:43:16,2,0,7244bcb5-baf9-44f4-9fd7-c86766c5fa8f
5735-8758-3678,9686-6246-6627,17773.4,2026-08-19T19:44:11,2,0,7244bcb5-baf9-44f4-9fd7-c86766c5fa8f
8548-6468-4769,9246-7566-3800,34229.74,2026-08-19T19:45:16,3,1,7244bcb5-baf9-44f4-9fd7-c86766c5fa8f
7918-6264-8394,9246-7566-3800,18057.77,2026-08-19T19:46:58,3,1,7244bcb5-baf9-44f4-9fd7-c86766c5fa8f
6066-5168-3736,9246-7566-3800,117.19,2026-08-19T19:48:53,3,1,7244bcb5-baf9-44f4-9fd7-c86766c5fa8f
6199-3381-8231,2790-2592-2909,32778.9,2026-08-17T05:12:03,1,0,6181655f-decb-4f93-a2b2-185bae398e55
6199-3381-8231,2483-1929-9488,28287.34,2026-08-17T05:12:55,1,0,6181655f-decb-4f93-a2b2-185bae398e55
6199-3381-8231,7093-2160-9752,11518.44,2026-08-17T05:13:20,1,0,6181655f-decb-4f93-a2b2-185bae398e55
2790-2592-2909,1857-8437-4253,32778.9,2026-08-17T05:14:31,2,0,6181655f-decb-4f93-a2b2-185bae398e55
2483-1929-9488,3559-3421-7858,28287.34,2026-08-17T05:15:17,2,0,6181655f-decb-4f93-a2b2-185bae398e55
7093-2160-9752,1141-6487-6437,11518.44,2026-08-17T05:16:05,2,0,6181655f-decb-4f93-a2b2-185bae398e55
1141-6487-6437,2052-5618-8708,10366.6,2026-08-17T05:18:22,3,1,6181655f-decb-4f93-a2b2-185bae398e55
1857-8437-4253,2052-5618-8708,29501.01,2026-08-17T05:20:11,3,1,6181655f-decb-4f93-a2b2-185bae398e55
3559-3421-7858,2052-5618-8708,25458.61,2026-08-17T05:23:10,3,1,6181655f-decb-4f93-a2b2-185bae398e55
5129-8773-3953,5296-8041-2286,210737.07,2026-08-19T14:43:31,1,0,51d007c9-0552-4176-9e1a-c24cca0683e9
5296-8041-2286,3360-3964-7943,31275.76,2026-08-19T14:44:34,2,0,51d007c9-0552-4176-9e1a-c24cca0683e9
5296-8041-2286,8307-8010-9248,179461.31,2026-08-19T14:45:33,2,0,51d007c9-0552-4176-9e1a-c24cca0683e9
8307-8010-9248,2134-4860-5548,179461.31,2026-08-19T14:46:34,3,0,51d007c9-0552-4176-9e1a-c24cca0683e9
2134-4860-5548,4490-7814-1053,179461.31,2026-08-19T14:50:30,4,1,51d007c9-0552-4176-9e1a-c24cca0683e9
4420-5115-7174,9453-1445-2816,149584.51,2026-06-25T18:02:57,1,0,854dc1a1-9bc8-4a1c-a4ea-6036c9dc517f
9453-1445-2816,8840-4971-7912,138260.95,2026-06-25T18:04:25,2,0,854dc1a1-9bc8-4a1c-a4ea-6036c9dc517f
9453-1445-2816,6725-7670-2946,11323.56,2026-06-25T18:05:03,2,0,854dc1a1-9bc8-4a1c-a4ea-6036c9dc517f
8840-4971-7912,1462-7863-6493,138260.95,2026-06-25T18:08:40,3,0,854dc1a1-9bc8-4a1c-a4ea-6036c9dc517f
1462-7863-6493,2673-7205-1575,138260.95,2026-06-25T18:10:13,4,1,854dc1a1-9bc8-4a1c-a4ea-6036c9dc517f
1866-4492-8208,3887-9061-2104,54774.84,2026-08-12T10:20:02,1,0,5c9fa241-4156-448f-b8d1-8683e9323c1a
1866-4492-8208,9796-7780-3653,117808.61,2026-08-12T10:20:52,1,0,5c9fa241-4156-448f-b8d1-8683e9323c1a
1866-4492-8208,5657-5886-8480,199963.07,2026-08-12T10:21:13,1,0,5c9fa241-4156-448f-b8d1-8683e9323c1a
3887-9061-2104,7818-2270-6225,35279.81,2026-08-12T10:22:04,2,0,5c9fa241-4156-448f-b8d1-8683e9323c1a
3887-9061-2104,5895-6680-9366,19495.03,2026-08-12T10:23:19,2,0,5c9fa241-4156-448f-b8d1-8683e9323c1a
9796-7780-3653,9556-3883-6547,36343.35,2026-08-12T10:24:16,2,0,5c9fa241-4156-448f-b8d1-8683e9323c1a
9796-7780-3653,3285-2245-3807,81245.09,2026-08-12T10:25:10,2,0,5c9fa241-4156-448f-b8d1-8683e9323c1a
9796-7780-3653,9573-9852-7246,220.17,2026-08-12T10:25:51,2,0,5c9fa241-4156-448f-b8d1-8683e9323c1a
5657-5886-8480,8356-1589-6379,137479.53,2026-08-12T10:26:26,2,0,5c9fa241-4156-448f-b8d1-8683e9323c1a
5657-5886-8480,3525-1728-4973,62483.54,2026-08-12T10:27:30,2,0,5c9fa241-4156-448f-b8d1-8683e9323c1a
5895-6680-9366,1274-4407-8087,17545.53,2026-08-12T10:29:25,3,1,5c9fa241-4156-448f-b8d1-8683e9323c1a
8356-1589-6379,1274-4407-8087,123731.58,2026-08-12T10:32:16,3,1,5c9fa241-4156-448f-b8d1-8683e9323c1a
3525-1728-4973,1274-4407-8087,56235.19,2026-08-12T10:34:10,3,1,5c9fa241-4156-448f-b8d1-8683e9323c1a
8720-3359-9670,7204-1476-4984,366078.87,2026-08-17T23:59:52,1,0,e92cee4e-2b33-435f-a8e8-3140337652f4
8720-3359-9670,3450-1103-9287,22602.08,2026-08-18T00:00:07,1,0,e92cee4e-2b33-435f-a8e8-3140337652f4
7204-1476-4984,5357-6684-7033,366078.87,2026-08-18T00:01:07,2,0,e92cee4e-2b33-435f-a8e8-3140337652f4
3450-1103-9287,8420-9187-1598,22602.08,2026-08-18T00:01:40,2,0,e92cee4e-2b33-435f-a8e8-3140337652f4
5357-6684-7033,1997-3061-8574,366078.87,2026-08-18T00:03:36,3,1,e92cee4e-2b33-435f-a8e8-3140337652f4
8420-9187-1598,1371-6114-3674,22602.08,2026-08-18T00:07:57,3,0,e92cee4e-2b33-435f-a8e8-3140337652f4
1371-6114-3674,6606-6533-5757,22602.08,2026-08-18T00:12:49,4,1,e92cee4e-2b33-435f-a8e8-3140337652f4
8370-8506-1633,2708-2703-7808,284585.19,2026-06-09T00:15:30,1,0,95236e78-0877-46ba-9768-30eef7fc6571
8370-8506-1633,8809-9805-2132,210353.8,2026-06-09T00:16:05,1,0,95236e78-0877-46ba-9768-30eef7fc6571
2708-2703-7808,7227-1166-5866,267161.58,2026-06-09T00:17:22,2,0,95236e78-0877-46ba-9768-30eef7fc6571
2708-2703-7808,5563-9436-5334,17423.61,2026-06-09T00:18:37,2,0,95236e78-0877-46ba-9768-30eef7fc6571
8809-9805-2132,9918-6411-6771,107856.44,2026-06-09T00:19:08,2,0,95236e78-0877-46ba-9768-30eef7fc6571
8809-9805-2132,9759-8622-8171,102497.36,2026-06-09T00:20:21,2,0,95236e78-0877-46ba-9768-30eef7fc6571
5563-9436-5334,8998-7759-1393,15681.25,2026-06-09T00:22:37,3,1,95236e78-0877-46ba-9768-30eef7fc6571
9759-8622-8171,8998-7759-1393,92247.62,2026-06-09T00:25:37,3,1,95236e78-0877-46ba-9768-30eef7fc6571
9918-6411-6771,8998-7759-1393,97070.8,2026-06-09T00:27:08,3,1,95236e78-0877-46ba-9768-30eef7fc6571
7227-1166-5866,8998-7759-1393,240445.42,2026-06-09T00:28:38,3,1,95236e78-0877-46ba-9768-30eef7fc6571
3355-9917-4667,6830-7951-1873,135093.54,2026-08-21T18:41:29,1,0,c9b27031-87c9-43ee-b334-ed735406cee8
6830-7951-1873,1277-2916-6996,38634.38,2026-08-21T18:42:24,2,0,c9b27031-87c9-43ee-b334-ed735406cee8
6830-7951-1873,4579-4386-8488,43452.22,2026-08-21T18:43:04,2,0,c9b27031-87c9-43ee-b334-ed735406cee8
6830-7951-1873,5590-4239-6342,53006.93,2026-08-21T18:43:58,2,0,c9b27031-87c9-43ee-b334-ed735406cee8
4579-4386-8488,6623-7076-7026,39107.0,2026-08-21T18:45:41,3,1,c9b27031-87c9-43ee-b334-ed735406cee8
5590-4239-6342,6623-7076-7026,47706.24,2026-08-21T18:48:01,3,1,c9b27031-87c9-43ee-b334-ed735406cee8
1277-2916-6996,6623-7076-7026,34770.94,2026-08-21T18:49:11,3,1,c9b27031-87c9-43ee-b334-ed735406cee8
2217-4674-6652,6127-3146-7012,406297.84,2026-07-26T03:34:24,1,0,2f6ceec7-dffd-4f29-b94d-c73f4a538c0f
6127-3146-7012,9202-3687-2217,179875.39,2026-07-26T03:35:13,2,0,2f6ceec7-dffd-4f29-b94d-c73f4a538c0f
6127-3146-7012,7461-6133-2577,34602.42,2026-07-26T03:36:03,2,0,2f6ceec7-dffd-4f29-b94d-c73f4a538c0f
6127-3146-7012,2099-4030-2516,191820.03,2026-07-26T03:37:15,2,0,2f6ceec7-dffd-4f29-b94d-c73f4a538c0f
7461-6133-2577,9403-9960-3318,31142.18,2026-07-26T03:38:39,3,1,2f6ceec7-dffd-4f29-b94d-c73f4a538c0f
9202-3687-2217,9403-9960-3318,161887.85,2026-07-26T03:40:09,3,1,2f6ceec7-dffd-4f29-b94d-c73f4a538c0f
2099-4030-2516,9403-9960-3318,172638.03,2026-07-26T03:41:30,3,1,2f6ceec7-dffd-4f29-b94d-c73f4a538c0f
1157-3832-4281,4826-5744-1361,365230.89,2026-08-16T06:26:01,1,0,4bf9b82f-7448-4b82-8bf7-0a11bce5f265
1157-3832-4281,5104-2478-3884,42466.39,2026-08-16T06:26:53,1,0,4bf9b82f-7448-4b82-8bf7-0a11bce5f265
4826-5744-1361,1440-5625-8838,365230.89,2026-08-16T06:28:01,2,0,4bf9b82f-7448-4b82-8bf7-0a11bce5f265
5104-2478-3884,3520-6323-5955,42466.39,2026-08-16T06:28:57,2,0,4bf9b82f-7448-4b82-8bf7-0a11bce5f265
1440-5625-8838,5957-4821-5292,365230.89,2026-08-16T06:33:22,3,1,4bf9b82f-7448-4b82-8bf7-0a11bce5f265
3520-6323-5955,8564-8004-9959,42466.39,2026-08-16T06:36:08,3,1,4bf9b82f-7448-4b82-8bf7-0a11bce5f265
2908-3469-1424,2414-4339-9232,271690.43,2026-06-30T11:45:56,1,0,f961a4d3-4538-43f7-aa86-94ff74e28e9a
2414-4339-9232,1563-3666-9612,8180.69,2026-06-30T11:46:45,2,0,f961a4d3-4538-43f7-aa86-94ff74e28e9a
2414-4339-9232,1831-9929-9655,55160.31,2026-06-30T11:47:21,2,0,f961a4d3-4538-43f7-aa86-94ff74e28e9a
2414-4339-9232,2150-7223-7752,208349.42,2026-06-30T11:48:33,2,0,f961a4d3-4538-43f7-aa86-94ff74e28e9a
1563-3666-9612,4825-8062-7532,7362.62,2026-06-30T11:50:11,3,1,f961a4d3-4538-43f7-aa86-94ff74e28e9a
1831-9929-9655,4825-8062-7532,49644.28,2026-06-30T11:53:07,3,1,f961a4d3-4538-43f7-aa86-94ff74e28e9a
2150-7223-7752,4825-8062-7532,187514.48,2026-06-30T11:54:34,3,1,f961a4d3-4538-43f7-aa86-94ff74e28e9a
9293-8850-5760,6260-1494-2835,72116.51,2026-08-10T21:26:48,1,0,b7381eb2-8201-49d1-a651-d023423f2ea4
6260-1494-2835,5463-5317-7027,72116.51,2026-08-10T21:27:45,2,0,b7381eb2-8201-49d1-a651-d023423f2ea4
5463-5317-7027,1950-9125-8434,72116.51,2026-08-10T21:30:13,3,0,b7381eb2-8201-49d1-a651-d023423f2ea4
1950-9125-8434,8524-3490-4704,72116.51,2026-08-10T21:31:32,4,1,b7381eb2-8201-49d1-a651-d023423f2ea4
4208-9150-9254,2258-2520-1898,45028.97,2026-08-07T03:15:40,1,0,c1d9c0cf-6ad4-4142-8eed-e1d81d810373
4208-9150-9254,6168-8200-1507,56897.17,2026-08-07T03:16:28,1,0,c1d9c0cf-6ad4-4142-8eed-e1d81d810373
4208-9150-9254,4079-7211-4371,26664.09,2026-08-07T03:17:03,1,0,c1d9c0cf-6ad4-4142-8eed-e1d81d810373
2258-2520-1898,4574-8556-1971,45028.97,2026-08-07T03:17:34,2,0,c1d9c0cf-6ad4-4142-8eed-e1d81d810373
6168-8200-1507,1432-9117-2076,56897.17,2026-08-07T03:18:21,2,0,c1d9c0cf-6ad4-4142-8eed-e1d81d810373
4079-7211-4371,5886-4530-1501,26664.09,2026-08-07T03:19:42,2,0,c1d9c0cf-6ad4-4142-8eed-e1d81d810373
1432-9117-2076,4987-8669-6489,51207.45,2026-08-07T03:20:42,3,1,c1d9c0cf-6ad4-4142-8eed-e1d81d810373
4574-8556-1971,4987-8669-6489,40526.07,2026-08-07T03:22:49,3,1,c1d9c0cf-6ad4-4142-8eed-e1d81d810373
5886-4530-1501,4987-8669-6489,23997.68,2026-08-07T03:25:36,3,1,c1d9c0cf-6ad4-4142-8eed-e1d81d810373
5494-6833-6183,4466-2873-7894,290825.64,2026-06-25T03:46:57,1,0,cafb5bf2-3b2d-4f1d-a72c-4fec330e165b
4466-2873-7894,8018-9120-9890,290825.64,2026-06-25T03:48:02,2,0,cafb5bf2-3b2d-4f1d-a72c-4fec330e165b
8018-9120-9890,4940-9714-1278,290825.64,2026-06-25T03:49:10,3,1,cafb5bf2-3b2d-4f1d-a72c-4fec330e165b
6098-7771-7899,9474-8057-8857,160327.1,2026-08-10T20:47:43,1,0,7b286648-4af7-4349-9bc9-7ba5d9c20e92
6098-7771-7899,5354-2609-7437,44084.03,2026-08-10T20:47:59,1,0,7b286648-4af7-4349-9bc9-7ba5d9c20e92
9474-8057-8857,7547-1611-2996,65953.36,2026-08-10T20:48:48,2,0,7b286648-4af7-4349-9bc9-7ba5d9c20e92
9474-8057-8857,5262-6871-9411,94373.74,2026-08-10T20:49:34,2,0,7b286648-4af7-4349-9bc9-7ba5d9c20e92
5354-2609-7437,6105-4509-7213,3261.74,2026-08-10T20:50:10,2,0,7b286648-4af7-4349-9bc9-7ba5d9c20e92
5354-2609-7437,2121-2190-7784,8762.99,2026-08-10T20:50:44,2,0,7b286648-4af7-4349-9bc9-7ba5d9c20e92
5354-2609-7437,9831-7245-2937,32059.29,2026-08-10T20:51:15,2,0,7b286648-4af7-4349-9bc9-7ba5d9c20e92
6105-4509-7213,9204-5043-7222,2935.57,2026-08-10T20:52:47,3,1,7b286648-4af7-4349-9bc9-7ba5d9c20e92
9831-7245-2937,9204-5043-7222,28853.36,2026-08-10T20:54:16,3,1,7b286648-4af7-4349-9bc9-7ba5d9c20e92
7547-1611-2996,9204-5043-7222,59358.02,2026-08-10T20:56:59,3,1,7b286648-4af7-4349-9bc9-7ba5d9c20e92
5262-6871-9411,9204-5043-7222,84936.37,2026-08-10T20:59:25,3,1,7b286648-4af7-4349-9bc9-7ba5d9c20e92
6802-7721-7946,1145-4782-1113,293067.99,2026-08-22T10:18:56,1,0,9b27257d-b232-4a29-8d73-879a0d2ec34b
1145-4782-1113,3454-4613-9563,50405.36,2026-08-22T10:20:09,2,0,9b27257d-b232-4a29-8d73-879a0d2ec34b
1145-4782-1113,7167-8726-5375,242662.63,2026-08-22T10:21:28,2,0,9b27257d-b232-4a29-8d73-879a0d2ec34b
3454-4613-9563,1906-6322-8388,50405.36,2026-08-22T10:22:33,3,0,9b27257d-b232-4a29-8d73-879a0d2ec34b
1906-6322-8388,2393-7658-6909,50405.36,2026-08-22T10:23:41,4,1,9b27257d-b232-4a29-8d73-879a0d2ec34b
1315-4941-5507,5126-5456-4093,252034.97,2026-07-07T16:21:38,1,0,4fc1180b-0fc6-4533-9599-2643c236a166
1315-4941-5507,8763-8592-1555,95866.02,2026-07-07T16:22:33,1,0,4fc1180b-0fc6-4533-9599-2643c236a166
1315-4941-5507,1255-7880-3829,50959.58,2026-07-07T16:22:59,1,0,4fc1180b-0fc6-4533-9599-2643c236a166
5126-5456-4093,3264-2385-8798,99884.6,2026-07-07T16:23:59,2,0,4fc1180b-0fc6-4533-9599-2643c236a166
5126-5456-4093,6795-8129-3136,152150.37,2026-07-07T16:24:55,2,0,4fc1180b-0fc6-4533-9599-2643c236a166
8763-8592-1555,4353-5438-6014,18477.96,2026-07-07T16:26:02,2,0,4fc1180b-0fc6-4533-9599-2643c236a166
8763-8592-1555,8552-5662-6225,77388.06,2026-07-07T16:27:17,2,0,4fc1180b-0fc6-4533-9599-2643c236a166
1255-7880-3829,9427-8969-2492,29496.55,2026-07-07T16:28:22,2,0,4fc1180b-0fc6-4533-9599-2643c236a166
1255-7880-3829,1756-1868-2482,7799.36,2026-07-07T16:29:33,2,0,4fc1180b-0fc6-4533-9599-2643c236a166
1255-7880-3829,8290-1209-8620,13663.67,2026-07-07T16:30:18,2,0,4fc1180b-0fc6-4533-9599-2643c236a166
4353-5438-6014,5725-3846-5017,16630.16,2026-07-07T16:32:02,3,1,4fc1180b-0fc6-4533-9599-2643c236a166
9427-8969-2492,5725-3846-5017,26546.9,2026-07-07T16:34:46,3,1,4fc1180b-0fc6-4533-9599-2643c236a166
8290-1209-8620,5725-3846-5017,12297.3,2026-07-07T16:36:07,3,1,4fc1180b-0fc6-4533-9599-2643c236a166
3264-2385-8798,5725-3846-5017,89896.14,2026-07-07T16:37:52,3,1,4fc1180b-0fc6-4533-9599-2643c236a166
1756-1868-2482,5725-3846-5017,7019.42,2026-07-07T16:40:03,3,1,4fc1180b-0fc6-4533-9599-2643c236a166
7792-6336-7199,8476-8739-2570,337390.3,2026-07-01T20:38:04,1,0,4723fc9f-65fb-4aca-bbe5-cbf4d93cc7d0
7792-6336-7199,2356-6597-9481,77639.79,2026-07-01T20:38:47,1,0,4723fc9f-65fb-4aca-bbe5-cbf4d93cc7d0
8476-8739-2570,5548-2195-1033,171751.2,2026-07-01T20:39:36,2,0,4723fc9f-65fb-4aca-bbe5-cbf4d93cc7d0
8476-8739-2570,8989-2979-2900,155502.5,2026-07-01T20:40:11,2,0,4723fc9f-65fb-4aca-bbe5-cbf4d93cc7d0
8476-8739-2570,7824-2953-2246,10136.6,2026-07-01T20:41:17,2,0,4723fc9f-65fb-4aca-bbe5-cbf4d93cc7d0
2356-6597-9481,9019-4487-9457,1052.51,2026-07-01T20:42:02,2,0,4723fc9f-65fb-4aca-bbe5-cbf4d93cc7d0
2356-6597-9481,9955-6512-4026,76587.28,2026-07-01T20:43:15,2,0,4723fc9f-65fb-4aca-bbe5-cbf4d93cc7d0
9955-6512-4026,4969-3827-6477,68928.55,2026-07-01T20:44:35,3,1,4723fc9f-65fb-4aca-bbe5-cbf4d93cc7d0
5548-2195-1033,4969-3827-6477,154576.08,2026-07-01T20:46:46,3,1,4723fc9f-65fb-4aca-bbe5-cbf4d93cc7d0
7824-2953-2246,4969-3827-6477,9122.94,2026-07-01T20:49:22,3,1,4723fc9f-65fb-4aca-bbe5-cbf4d93cc7d0
9019-4487-9457,4969-3827-6477,947.26,2026-07-01T20:51:36,3,1,4723fc9f-65fb-4aca-bbe5-cbf4d93cc7d0
8989-2979-2900,4969-3827-6477,139952.25,2026-07-01T20:53:28,3,1,4723fc9f-65fb-4aca-bbe5-cbf4d93cc7d0
4330-9999-4522,6914-8526-2035,6302.78,2026-07-29T20:43:54,1,0,2179d28d-8f25-4ffb-8a8d-02b8d5f38701
4330-9999-4522,7715-6037-7594,14426.13,2026-07-29T20:44:51,1,0,2179d28d-8f25-4ffb-8a8d-02b8d5f38701
4330-9999-4522,9677-3188-2776,7012.84,2026-07-29T20:45:02,1,0,2179d28d-8f25-4ffb-8a8d-02b8d5f38701
6914-8526-2035,9646-9390-7830,6302.78,2026-07-29T20:46:30,2,0,2179d28d-8f25-4ffb-8a8d-02b8d5f38701
7715-6037-7594,4683-3690-1599,11054.18,2026-07-29T20:47:17,2,0,2179d28d-8f25-4ffb-8a8d-02b8d5f38701
7715-6037-7594,9170-1575-9435,1174.59,2026-07-29T20:48:33,2,0,2179d28d-8f25-4ffb-8a8d-02b8d5f38701
7715-6037-7594,4843-5472-9267,2197.37,2026-07-29T20:49:14,2,0,2179d28d-8f25-4ffb-8a8d-02b8d5f38701
9677-3188-2776,5407-6575-7471,3700.95,2026-07-29T20:50:11,2,0,2179d28d-8f25-4ffb-8a8d-02b8d5f38701
9677-3188-2776,6188-8235-3182,3311.89,2026-07-29T20:51:19,2,0,2179d28d-8f25-4ffb-8a8d-02b8d5f38701
4843-5472-9267,1661-4175-6035,1977.63,2026-07-29T20:52:35,3,1,2179d28d-8f25-4ffb-8a8d-02b8d5f38701
6188-8235-3182,1661-4175-6035,2980.7,2026-07-29T20:53:57,3,1,2179d28d-8f25-4ffb-8a8d-02b8d5f38701
9170-1575-9435,1661-4175-6035,1057.13,2026-07-29T20:55:04,3,1,2179d28d-8f25-4ffb-8a8d-02b8d5f38701
9646-9390-7830,1661-4175-6035,5672.5,2026-07-29T20:57:28,3,1,2179d28d-8f25-4ffb-8a8d-02b8d5f38701
8263-4648-4957,1540-8560-5225,223436.54,2026-05-30T03:12:13,1,0,2089e4fe-acf5-4007-986a-f220d1402c80
1540-8560-5225,9436-6616-3402,25160.44,2026-05-30T03:13:08,2,0,2089e4fe-acf5-4007-986a-f220d1402c80
1540-8560-5225,3432-5452-8618,198276.1,2026-05-30T03:14:13,2,0,2089e4fe-acf5-4007-986a-f220d1402c80
9436-6616-3402,6868-4439-7544,25160.44,2026-05-30T03:18:18,3,1,2089e4fe-acf5-4007-986a-f220d1402c80
9070-8118-4777,5224-3122-3448,51203.29,2026-07-04T01:28:58,1,0,be5aebb6-5d7a-498f-af63-010bd1a70e70
5224-3122-3448,4782-8624-3290,22164.21,2026-07-04T01:29:34,2,0,be5aebb6-5d7a-498f-af63-010bd1a70e70
5224-3122-3448,4589-9147-3895,23857.47,2026-07-04T01:30:53,2,0,be5aebb6-5d7a-498f-af63-010bd1a70e70
5224-3122-3448,4051-6521-4406,5181.61,2026-07-04T01:32:07,2,0,be5aebb6-5d7a-498f-af63-010bd1a70e70
4782-8624-3290,5376-4236-4130,19947.79,2026-07-04T01:34:44,3,1,be5aebb6-5d7a-498f-af63-010bd1a70e70
4589-9147-3895,5376-4236-4130,21471.72,2026-07-04T01:36:52,3,1,be5aebb6-5d7a-498f-af63-010bd1a70e70
4051-6521-4406,5376-4236-4130,4663.45,2026-07-04T01:38:38,3,1,be5aebb6-5d7a-498f-af63-010bd1a70e70
6899-8976-9969,1207-5413-8614,12763.33,2026-08-08T13:16:52,1,0,378e11bd-c600-46b0-b02c-ef4a8b213780
6899-8976-9969,4590-8207-2655,197706.77,2026-08-08T13:17:43,1,0,378e11bd-c600-46b0-b02c-ef4a8b213780
6899-8976-9969,9581-7089-2862,104204.02,2026-08-08T13:18:12,1,0,378e11bd-c600-46b0-b02c-ef4a8b213780
1207-5413-8614,9837-4644-8595,3894.75,2026-08-08T13:18:43,2,0,378e11bd-c600-46b0-b02c-ef4a8b213780
1207-5413-8614,3577-8128-5740,8868.58,2026-08-08T13:19:25,2,0,378e11bd-c600-46b0-b02c-ef4a8b213780
4590-8207-2655,5310-3175-9620,197706.77,2026-08-08T13:20:30,2,0,378e11bd-c600-46b0-b02c-ef4a8b213780
9581-7089-2862,8679-9484-4566,93095.93,2026-08-08T13:21:01,2,0,378e11bd-c600-46b0-b02c-ef4a8b213780
9581-7089-2862,4460-2315-7099,11108.09,2026-08-08T13:22:08,2,0,378e11bd-c600-46b0-b02c-ef4a8b213780
9837-4644-8595,1191-7490-8141,3505.28,2026-08-08T13:25:04,3,1,378e11bd-c600-46b0-b02c-ef4a8b213780
3577-8128-5740,1191-7490-8141,7981.72,2026-08-08T13:27:29,3,1,378e11bd-c600-46b0-b02c-ef4a8b213780
8679-9484-4566,1191-7490-8141,83786.34,2026-08-08T13:28:57,3,1,378e11bd-c600-46b0-b02c-ef4a8b213780
9714-8021-5040,6871-2458-1015,5537.72,2026-07-15T08:39:13,1,0,474bc986-e6a6-4035-9274-fbb3716969ba
6871-2458-1015,3767-3501-2690,4797.22,2026-07-15T08:39:58,2,0,474bc986-e6a6-4035-9274-fbb3716969ba
6871-2458-1015,6328-6774-7560,740.5,2026-07-15T08:40:54,2,0,474bc986-e6a6-4035-9274-fbb3716969ba
6328-6774-7560,4294-6699-6249,740.5,2026-07-15T08:45:15,3,1,474bc986-e6a6-4035-9274-fbb3716969ba
4250-2220-8699,9413-9037-4558,8990.97,2026-07-02T10:12:03,1,0,9a49b728-56a7-4118-9879-3f6c09a7ae0c
9413-9037-4558,8663-4342-7228,8990.97,2026-07-02T10:13:15,2,0,9a49b728-56a7-4118-9879-3f6c09a7ae0c
8663-4342-7228,4356-4045-3785,8990.97,2026-07-02T10:17:21,3,0,9a49b728-56a7-4118-9879-3f6c09a7ae0c
4356-4045-3785,2070-7980-7413,8990.97,2026-07-02T10:18:22,4,1,9a49b728-56a7-4118-9879-3f6c09a7ae0c
9990-9509-8058,1375-8247-4405,66901.24,2026-06-07T17:46:18,1,0,2584a998-d471-4f99-b155-58e5bf053894
9990-9509-8058,3527-7772-6071,51427.46,2026-06-07T17:47:04,1,0,2584a998-d471-4f99-b155-58e5bf053894
1375-8247-4405,6948-5577-2496,64235.74,2026-06-07T17:47:40,2,0,2584a998-d471-4f99-b155-58e5bf053894
1375-8247-4405,8935-8057-1954,1462.79,2026-06-07T17:48:52,2,0,2584a998-d471-4f99-b155-58e5bf053894
1375-8247-4405,1380-4241-9120,1202.71,2026-06-07T17:49:40,2,0,2584a998-d471-4f99-b155-58e5bf053894
3527-7772-6071,8132-5917-5176,26853.05,2026-06-07T17:50:44,2,0,2584a998-d471-4f99-b155-58e5bf053894
3527-7772-6071,9089-4496-4830,24574.41,2026-06-07T17:52:04,2,0,2584a998-d471-4f99-b155-58e5bf053894
1380-4241-9120,6648-2439-4135,1082.44,2026-06-07T17:54:46,3,1,2584a998-d471-4f99-b155-58e5bf053894
8132-5917-5176,6648-2439-4135,24167.74,2026-06-07T17:57:01,3,1,2584a998-d471-4f99-b155-58e5bf053894
8935-8057-1954,6648-2439-4135,1316.51,2026-06-07T17:58:31,3,1,2584a998-d471-4f99-b155-58e5bf053894
1711-7607-9324,4511-9247-1664,47200.35,2026-06-12T09:08:55,1,0,e0650768-6ebd-4721-b317-99ac1b79ac8b
1711-7607-9324,7472-3584-6298,393889.2,2026-06-12T09:09:42,1,0,e0650768-6ebd-4721-b317-99ac1b79ac8b
4511-9247-1664,3709-5345-4642,6677.99,2026-06-12T09:10:50,2,0,e0650768-6ebd-4721-b317-99ac1b79ac8b
4511-9247-1664,5885-4804-6870,7383.02,2026-06-12T09:11:42,2,0,e0650768-6ebd-4721-b317-99ac1b79ac8b
4511-9247-1664,5114-9657-7646,33139.34,2026-06-12T09:12:12,2,0,e0650768-6ebd-4721-b317-99ac1b79ac8b
7472-3584-6298,5763-7254-7998,112224.36,2026-06-12T09:12:55,2,0,e0650768-6ebd-4721-b317-99ac1b79ac8b
7472-3584-6298,1011-5909-1960,281664.84,2026-06-12T09:14:12,2,0,e0650768-6ebd-4721-b317-99ac1b79ac8b
3709-5345-4642,6538-1725-4895,6010.19,2026-06-12T09:16:56,3,1,e0650768-6ebd-4721-b317-99ac1b79ac8b
5885-4804-6870,6538-1725-4895,6644.72,2026-06-12T09:18:40,3,1,e0650768-6ebd-4721-b317-99ac1b79ac8b
1011-5909-1960,6538-1725-4895,253498.36,2026-06-12T09:21:11,3,1,e0650768-6ebd-4721-b317-99ac1b79ac8b
5114-9657-7646,6538-1725-4895,29825.41,2026-06-12T09:23:32,3,1,e0650768-6ebd-4721-b317-99ac1b79ac8b
6142-9538-4630,4550-7108-3146,283829.15,2026-07-28T07:45:12,1,0,1ffa2ff5-c956-4815-9357-7a16a3ca0fdd
4550-7108-3146,9447-6141-6171,283829.15,2026-07-28T07:46:29,2,0,1ffa2ff5-c956-4815-9357-7a16a3ca0fdd
9447-6141-6171,9497-1189-2735,283829.15,2026-07-28T07:51:13,3,1,1ffa2ff5-c956-4815-9357-7a16a3ca0fdd
8629-2551-9879,7140-1897-7304,460347.59,2026-07-28T21:11:16,1,0,7940f529-3bbb-427b-b1e1-c7f8d91232d3
7140-1897-7304,2899-4107-7572,40394.97,2026-07-28T21:12:28,2,0,7940f529-3bbb-427b-b1e1-c7f8d91232d3
7140-1897-7304,7122-1592-6836,399521.31,2026-07-28T21:13:34,2,0,7940f529-3bbb-427b-b1e1-c7f8d91232d3
7140-1897-7304,6505-2979-2554,20431.31,2026-07-28T21:14:46,2,0,7940f529-3bbb-427b-b1e1-c7f8d91232d3
6505-2979-2554,3669-6990-1282,18388.18,2026-07-28T21:17:42,3,1,7940f529-3bbb-427b-b1e1-c7f8d91232d3
2899-4107-7572,3669-6990-1282,36355.47,2026-07-28T21:19:01,3,1,7940f529-3bbb-427b-b1e1-c7f8d91232d3
7122-1592-6836,3669-6990-1282,359569.18,2026-07-28T21:20:10,3,1,7940f529-3bbb-427b-b1e1-c7f8d91232d3
3208-1689-5344,1854-4493-8831,377460.6,2026-07-26T07:25:07,1,0,d47c357d-857c-479a-8e5a-d32631378ead
1854-4493-8831,7313-3531-8355,10034.58,2026-07-26T07:26:01,2,0,d47c357d-857c-479a-8e5a-d32631378ead
1854-4493-8831,5176-9862-1113,367426.02,2026-07-26T07:26:42,2,0,d47c357d-857c-479a-8e5a-d32631378ead
7313-3531-8355,1975-7362-7071,10034.58,2026-07-26T07:28:00,3,1,d47c357d-857c-479a-8e5a-d32631378ead
8071-1787-2039,2341-2989-3158,13295.99,2026-07-31T15:40:40,1,0,a1a88e97-7712-43ed-a77e-f00b4d3d13d5
8071-1787-2039,4768-4631-4205,67407.22,2026-07-31T15:41:36,1,0,a1a88e97-7712-43ed-a77e-f00b4d3d13d5
8071-1787-2039,1971-3983-6317,46951.05,2026-07-31T15:41:53,1,0,a1a88e97-7712-43ed-a77e-f00b4d3d13d5
2341-2989-3158,9272-2727-1330,2063.31,2026-07-31T15:42:45,2,0,a1a88e97-7712-43ed-a77e-f00b4d3d13d5
2341-2989-3158,7339-2765-7628,11125.99,2026-07-31T15:43:18,2,0,a1a88e97-7712-43ed-a77e-f00b4d3d13d5
2341-2989-3158,9971-1793-5721,106.69,2026-07-31T15:44:13,2,0,a1a88e97-7712-43ed-a77e-f00b4d3d13d5
4768-4631-4205,1218-5147-5179,14078.56,2026-07-31T15:44:59,2,0,a1a88e97-7712-43ed-a77e-f00b4d3d13d5
4768-4631-4205,7669-1696-9865,42720.03,2026-07-31T15:45:56,2,0,a1a88e97-7712-43ed-a77e-f00b4d3d13d5
4768-4631-4205,2234-9184-2674,10608.63,2026-07-31T15:46:27,2,0,a1a88e97-7712-43ed-a77e-f00b4d3d13d5
1971-3983-6317,6446-9216-1569,38613.69,2026-07-31T15:47:24,2,0,a1a88e97-7712-43ed-a77e-f00b4d3d13d5
1971-3983-6317,7782-3157-8483,750.42,2026-07-31T15:48:52,2,0,a1a88e97-7712-43ed-a77e-f00b4d3d13d5
1971-3983-6317,5297-6578-7526,7586.94,2026-07-31T15:49:31,2,0,a1a88e97-7712-43ed-a77e-f00b4d3d13d5
9272-2727-1330,8259-8062-3935,1856.98,2026-07-31T15:50:55,3,1,a1a88e97-7712-43ed-a77e-f00b4d3d13d5
7669-1696-9865,8259-8062-3935,38448.03,2026-07-31T15:52:53,3,1,a1a88e97-7712-43ed-a77e-f00b4d3d13d5
7782-3157-8483,8259-8062-3935,675.38,2026-07-31T15:55:45,3,1,a1a88e97-7712-43ed-a77e-f00b4d3d13d5
9971-1793-5721,8259-8062-3935,96.02,2026-07-31T15:56:57,3,1,a1a88e97-7712-43ed-a77e-f00b4d3d13d5
1218-5147-5179,8259-8062-3935,12670.7,2026-07-31T15:59:00,3,1,a1a88e97-7712-43ed-a77e-f00b4d3d13d5
8690-5808-7149,6245-1234-3207,14077.13,2026-07-18T12:53:03,1,0,a4b94a34-111f-4d0c-b119-a836e3a4b37c
8690-5808-7149,7347-3121-8307,61312.32,2026-07-18T12:53:40,1,0,a4b94a34-111f-4d0c-b119-a836e3a4b37c
8690-5808-7149,7358-2389-2981,185896.36,2026-07-18T12:54:07,1,0,a4b94a34-111f-4d0c-b119-a836e3a4b37c
6245-1234-3207,7767-8915-1753,2642.68,2026-07-18T12:55:24,2,0,a4b94a34-111f-4d0c-b119-a836e3a4b37c
6245-1234-3207,3046-7485-7055,9466.27,2026-07-18T12:56:51,2,0,a4b94a34-111f-4d0c-b119-a836e3a4b37c
6245-1234-3207,7200-3578-9153,1968.18,2026-07-18T12:58:06,2,0,a4b94a34-111f-4d0c-b119-a836e3a4b37c
7347-3121-8307,3480-6596-7394,35068.84,2026-07-18T12:58:56,2,0,a4b94a34-111f-4d0c-b119-a836e3a4b37c
7347-3121-8307,1554-1011-9536,26243.48,2026-07-18T12:59:50,2,0,a4b94a34-111f-4d0c-b119-a836e3a4b37c
7358-2389-2981,6562-3460-1135,185896.36,2026-07-18T13:01:00,2,0,a4b94a34-111f-4d0c-b119-a836e3a4b37c
3046-7485-7055,7086-7778-1272,8519.64,2026-07-18T13:03:46,3,1,a4b94a34-111f-4d0c-b119-a836e3a4b37c
7767-8915-1753,7086-7778-1272,2378.41,2026-07-18T13:05:17,3,1,a4b94a34-111f-4d0c-b119-a836e3a4b37c
7200-3578-9153,7086-7778-1272,1771.36,2026-07-18T13:06:32,3,1,a4b94a34-111f-4d0c-b119-a836e3a4b37c
5437-5229-4706,2785-5541-2230,180804.51,2026-06-10T00:20:45,1,0,ea553d23-5fca-4ccb-a00f-fc2930b835f4
5437-5229-4706,5604-1507-9818,47421.1,2026-06-10T00:21:35,1,0,ea553d23-5fca-4ccb-a00f-fc2930b835f4
5437-5229-4706,8954-9388-4644,21743.81,2026-06-10T00:21:54,1,0,ea553d23-5fca-4ccb-a00f-fc2930b835f4
2785-5541-2230,7997-9698-3412,180804.51,2026-06-10T00:22:38,2,0,ea553d23-5fca-4ccb-a00f-fc2930b835f4
5604-1507-9818,9471-2323-9228,10630.14,2026-06-10T00:23:18,2,0,ea553d23-5fca-4ccb-a00f-fc2930b835f4
5604-1507-9818,2786-1253-1698,14389.23,2026-06-10T00:24:39,2,0,ea553d23-5fca-4ccb-a00f-fc2930b835f4
5604-1507-9818,7272-3467-6091,22401.73,2026-06-10T00:25:39,2,0,ea553d23-5fca-4ccb-a00f-fc2930b835f4
8954-9388-4644,7832-4493-5923,21743.81,2026-06-10T00:26:41,2,0,ea553d23-5fca-4ccb-a00f-fc2930b835f4
9471-2323-9228,4042-3101-6274,9567.13,2026-06-10T00:27:55,3,1,ea553d23-5fca-4ccb-a00f-fc2930b835f4
2786-1253-1698,4042-3101-6274,12950.31,2026-06-10T00:30:21,3,1,ea553d23-5fca-4ccb-a00f-fc2930b835f4
7832-4493-5923,4042-3101-6274,19569.43,2026-06-10T00:32:03,3,1,ea553d23-5fca-4ccb-a00f-fc2930b835f4
7272-3467-6091,4042-3101-6274,20161.56,2026-06-10T00:33:49,3,1,ea553d23-5fca-4ccb-a00f-fc2930b835f4
8728-3602-1116,8231-7499-8746,61653.69,2026-06-11T21:10:46,1,0,266fb73f-2fe0-4209-98a3-fccf0d556277
8728-3602-1116,8129-7220-7207,405638.89,2026-06-11T21:11:15,1,0,266fb73f-2fe0-4209-98a3-fccf0d556277
8231-7499-8746,3119-1911-8743,30110.39,2026-06-11T21:12:23,2,0,266fb73f-2fe0-4209-98a3-fccf0d556277
8231-7499-8746,6134-4401-2183,27087.34,2026-06-11T21:13:18,2,0,266fb73f-2fe0-4209-98a3-fccf0d556277
8231-7499-8746,4524-7390-6896,4455.95,2026-06-11T21:14:06,2,0,266fb73f-2fe0-4209-98a3-fccf0d556277
8129-7220-7207,1062-2995-1249,405638.89,2026-06-11T21:15:27,2,0,266fb73f-2fe0-4209-98a3-fccf0d556277
4524-7390-6896,5443-4354-4498,4010.36,2026-06-11T21:18:08,3,1,266fb73f-2fe0-4209-98a3-fccf0d556277
6134-4401-2183,5443-4354-4498,24378.61,2026-06-11T21:19:23,3,1,266fb73f-2fe0-4209-98a3-fccf0d556277
1062-2995-1249,5443-4354-4498,365075.0,2026-06-11T21:22:07,3,1,266fb73f-2fe0-4209-98a3-fccf0d556277
3119-1911-8743,5443-4354-4498,27099.35,2026-06-11T21:25:06,3,1,266fb73f-2fe0-4209-98a3-fccf0d556277
1466-2511-1412,4375-5956-4707,382549.34,2026-08-12T20:42:43,1,0,c48663cd-7715-4d5b-94a6-52b7b934d103
4375-5956-4707,6831-7772-2127,226645.01,2026-08-12T20:43:38,2,0,c48663cd-7715-4d5b-94a6-52b7b934d103
4375-5956-4707,9694-9576-9299,147831.44,2026-08-12T20:44:44,2,0,c48663cd-7715-4d5b-94a6-52b7b934d103
4375-5956-4707,2512-8801-9384,8072.89,2026-08-12T20:45:41,2,0,c48663cd-7715-4d5b-94a6-52b7b934d103
6831-7772-2127,3624-3742-4050,203980.51,2026-08-12T20:47:58,3,1,c48663cd-7715-4d5b-94a6-52b7b934d103
2512-8801-9384,3624-3742-4050,7265.6,2026-08-12T20:50:50,3,1,c48663cd-7715-4d5b-94a6-52b7b934d103
9694-9576-9299,3624-3742-4050,133048.3,2026-08-12T20:53:17,3,1,c48663cd-7715-4d5b-94a6-52b7b934d103
4577-7493-8591,8533-8726-9132,15093.85,2026-06-04T22:31:43,1,0,eb3b5bc4-d3eb-4313-ab34-e9de5d5b3889
4577-7493-8591,5191-1104-8520,9620.45,2026-06-04T22:32:41,1,0,eb3b5bc4-d3eb-4313-ab34-e9de5d5b3889
8533-8726-9132,3281-3655-3533,1842.87,2026-06-04T22:33:19,2,0,eb3b5bc4-d3eb-4313-ab34-e9de5d5b3889
8533-8726-9132,2968-3965-9827,13250.98,2026-06-04T22:34:21,2,0,eb3b5bc4-d3eb-4313-ab34-e9de5d5b3889
5191-1104-8520,8214-3189-7990,7555.04,2026-06-04T22:35:03,2,0,eb3b5bc4-d3eb-4313-ab34-e9de5d5b3889
5191-1104-8520,5283-4530-4374,2065.41,2026-06-04T22:36:10,2,0,eb3b5bc4-d3eb-4313-ab34-e9de5d5b3889
5283-4530-4374,5475-9897-6772,1858.87,2026-06-04T22:37:33,3,1,eb3b5bc4-d3eb-4313-ab34-e9de5d5b3889
8214-3189-7990,5475-9897-6772,6799.54,2026-06-04T22:38:59,3,1,eb3b5bc4-d3eb-4313-ab34-e9de5d5b3889
2968-3965-9827,5475-9897-6772,11925.88,2026-06-04T22:41:13,3,1,eb3b5bc4-d3eb-4313-ab34-e9de5d5b3889
3281-3655-3533,5475-9897-6772,1658.58,2026-06-04T22:43:37,3,1,eb3b5bc4-d3eb-4313-ab34-e9de5d5b3889
2606-3523-5282,2939-1476-7370,214669.74,2026-07-08T03:00:02,1,0,beb92b47-50b0-4f61-9959-31615da88f5d
2939-1476-7370,1310-6028-4694,105711.69,2026-07-08T03:01:18,2,0,beb92b47-50b0-4f61-9959-31615da88f5d
2939-1476-7370,7164-5135-9667,68835.17,2026-07-08T03:02:40,2,0,beb92b47-50b0-4f61-9959-31615da88f5d
2939-1476-7370,2553-2362-7730,40122.89,2026-07-08T03:03:26,2,0,beb92b47-50b0-4f61-9959-31615da88f5d
1310-6028-4694,4169-7453-6512,95140.52,2026-07-08T03:04:48,3,1,beb92b47-50b0-4f61-9959-31615da88f5d
2553-2362-7730,4169-7453-6512,36110.6,2026-07-08T03:06:51,3,1,beb92b47-50b0-4f61-9959-31615da88f5d
7164-5135-9667,4169-7453-6512,61951.65,2026-07-08T03:08:37,3,1,beb92b47-50b0-4f61-9959-31615da88f5d
2463-8954-5208,2195-6669-4605,13058.43,2026-06-06T17:45:28,1,0,0b977432-9e26-438c-9cd9-ac19b9a48c49
2463-8954-5208,1384-9973-9919,11168.07,2026-06-06T17:45:38,1,0,0b977432-9e26-438c-9cd9-ac19b9a48c49
2463-8954-5208,5878-3935-8083,22154.05,2026-06-06T17:45:49,1,0,0b977432-9e26-438c-9cd9-ac19b9a48c49
2195-6669-4605,6045-9612-1003,12073.78,2026-06-06T17:47:06,2,0,0b977432-9e26-438c-9cd9-ac19b9a48c49
2195-6669-4605,6043-5637-4005,984.65,2026-06-06T17:47:40,2,0,0b977432-9e26-438c-9cd9-ac19b9a48c49
1384-9973-9919,9594-7451-2593,2696.91,2026-06-06T17:48:31,2,0,0b977432-9e26-438c-9cd9-ac19b9a48c49
1384-9973-9919,7299-5097-8541,6163.47,2026-06-06T17:49:25,2,0,0b977432-9e26-438c-9cd9-ac19b9a48c49
1384-9973-9919,1303-6109-2467,2307.69,2026-06-06T17:50:19,2,0,0b977432-9e26-438c-9cd9-ac19b9a48c49
5878-3935-8083,3969-4173-8505,22154.05,2026-06-06T17:51:00,2,0,0b977432-9e26-438c-9cd9-ac19b9a48c49
7299-5097-8541,6948-8683-2696,5547.12,2026-06-06T17:53:36,3,1,0b977432-9e26-438c-9cd9-ac19b9a48c49
1303-6109-2467,6948-8683-2696,2076.92,2026-06-06T17:55:32,3,1,0b977432-9e26-438c-9cd9-ac19b9a48c49
3969-4173-8505,6948-8683-2696,19938.64,2026-06-06T17:57:34,3,1,0b977432-9e26-438c-9cd9-ac19b9a48c49
6045-9612-1003,6948-8683-2696,10866.4,2026-06-06T17:59:16,3,1,0b977432-9e26-438c-9cd9-ac19b9a48c49
6043-5637-4005,6948-8683-2696,886.18,2026-06-06T18:01:15,3,1,0b977432-9e26-438c-9cd9-ac19b9a48c49
7778-1075-7946,6575-7656-9329,5812.53,2026-07-30T15:37:33,1,0,ff3f6164-6910-4b35-94be-3781a8da4faf
7778-1075-7946,9782-7882-2029,168104.27,2026-07-30T15:38:13,1,0,ff3f6164-6910-4b35-94be-3781a8da4faf
7778-1075-7946,1572-9581-6620,24495.29,2026-07-30T15:38:36,1,0,ff3f6164-6910-4b35-94be-3781a8da4faf
6575-7656-9329,9129-1836-3756,3629.6,2026-07-30T15:39:37,2,0,ff3f6164-6910-4b35-94be-3781a8da4faf
6575-7656-9329,7269-4289-3463,2182.93,2026-07-30T15:40:55,2,0,ff3f6164-6910-4b35-94be-3781a8da4faf
9782-7882-2029,6485-9490-8281,37132.58,2026-07-30T15:42:17,2,0,ff3f6164-6910-4b35-94be-3781a8da4faf
9782-7882-2029,7344-7308-5248,130971.69,2026-07-30T15:43:09,2,0,ff3f6164-6910-4b35-94be-3781a8da4faf
1572-9581-6620,5140-6238-1591,18657.3,2026-07-30T15:44:28,2,0,ff3f6164-6910-4b35-94be-3781a8da4faf
1572-9581-6620,3125-5148-1385,5837.99,2026-07-30T15:44:58,2,0,ff3f6164-6910-4b35-94be-3781a8da4faf
7344-7308-5248,6452-1442-4883,117874.52,2026-07-30T15:47:42,3,1,ff3f6164-6910-4b35-94be-3781a8da4faf
6485-9490-8281,6452-1442-4883,33419.32,2026-07-30T15:48:46,3,1,ff3f6164-6910-4b35-94be-3781a8da4faf
7269-4289-3463,6452-1442-4883,1964.64,2026-07-30T15:50:33,3,1,ff3f6164-6910-4b35-94be-3781a8da4faf
5140-6238-1591,6452-1442-4883,16791.57,2026-07-30T15:52:41,3,1,ff3f6164-6910-4b35-94be-3781a8da4faf
3125-5148-1385,6452-1442-4883,5254.19,2026-07-30T15:54:04,3,1,ff3f6164-6910-4b35-94be-3781a8da4faf
5963-9599-1702,5533-1478-8777,11298.57,2026-06-07T10:30:43,1,0,89434425-9077-4538-a027-c0b6126a7e1a
5963-9599-1702,4627-8513-4424,11376.19,2026-06-07T10:31:38,1,0,89434425-9077-4538-a027-c0b6126a7e1a
5963-9599-1702,1907-5502-2431,10988.68,2026-06-07T10:32:35,1,0,89434425-9077-4538-a027-c0b6126a7e1a
5533-1478-8777,8404-8075-4374,607.82,2026-06-07T10:33:22,2,0,89434425-9077-4538-a027-c0b6126a7e1a
5533-1478-8777,4311-5773-7464,1336.8,2026-06-07T10:34:07,2,0,89434425-9077-4538-a027-c0b6126a7e1a
5533-1478-8777,8655-5606-7996,9353.95,2026-06-07T10:34:49,2,0,89434425-9077-4538-a027-c0b6126a7e1a
4627-8513-4424,3402-1879-5647,11168.13,2026-06-07T10:35:20,2,0,89434425-9077-4538-a027-c0b6126a7e1a
4627-8513-4424,2143-1874-2454,208.06,2026-06-07T10:36:24,2,0,89434425-9077-4538-a027-c0b6126a7e1a
1907-5502-2431,5298-8560-8795,239.77,2026-06-07T10:37:21,2,0,89434425-9077-4538-a027-c0b6126a7e1a
1907-5502-2431,8689-4312-9492,2217.1,2026-06-07T10:38:46,2,0,89434425-9077-4538-a027-c0b6126a7e1a
1907-5502-2431,4216-4867-1355,8531.81,2026-06-07T10:39:53,2,0,89434425-9077-4538-a027-c0b6126a7e1a
8655-5606-7996,8656-1475-7610,8418.56,2026-06-07T10:41:53,3,1,89434425-9077-4538-a027-c0b6126a7e1a
3402-1879-5647,8656-1475-7610,10051.32,2026-06-07T10:43:54,3,1,89434425-9077-4538-a027-c0b6126a7e1a
8404-8075-4374,8656-1475-7610,547.04,2026-06-07T10:46:03,3,1,89434425-9077-4538-a027-c0b6126a7e1a
4311-5773-7464,8656-1475-7610,1203.12,2026-06-07T10:48:19,3,1,89434425-9077-4538-a027-c0b6126a7e1a
4578-2798-3086,9060-8564-5154,334709.39,2026-08-01T22:58:29,1,0,40917b0b-ab3a-4d67-a675-d78046cf2ef3
9060-8564-5154,2678-4393-5070,164533.6,2026-08-01T22:59:57,2,0,40917b0b-ab3a-4d67-a675-d78046cf2ef3
9060-8564-5154,9162-7737-9200,146473.03,2026-08-01T23:00:31,2,0,40917b0b-ab3a-4d67-a675-d78046cf2ef3
9060-8564-5154,8305-1147-6479,23702.76,2026-08-01T23:01:42,2,0,40917b0b-ab3a-4d67-a675-d78046cf2ef3
2678-4393-5070,9812-5937-8231,148080.24,2026-08-01T23:03:16,3,1,40917b0b-ab3a-4d67-a675-d78046cf2ef3
9162-7737-9200,9812-5937-8231,131825.73,2026-08-01T23:04:45,3,1,40917b0b-ab3a-4d67-a675-d78046cf2ef3
8305-1147-6479,9812-5937-8231,21332.48,2026-08-01T23:06:44,3,1,40917b0b-ab3a-4d67-a675-d78046cf2ef3
1118-5768-5297,3118-8851-4026,28116.27,2026-07-02T17:29:59,1,0,675cc7e4-7947-4296-b157-a5121e34193d
1118-5768-5297,9422-1946-1162,45394.53,2026-07-02T17:30:33,1,0,675cc7e4-7947-4296-b157-a5121e34193d
1118-5768-5297,4098-2928-8400,12586.35,2026-07-02T17:31:14,1,0,675cc7e4-7947-4296-b157-a5121e34193d
3118-8851-4026,5277-5377-1682,8695.54,2026-07-02T17:31:56,2,0,675cc7e4-7947-4296-b157-a5121e34193d
3118-8851-4026,6168-4532-1392,19420.73,2026-07-02T17:32:53,2,0,675cc7e4-7947-4296-b157-a5121e34193d
9422-1946-1162,1886-3034-6924,7912.52,2026-07-02T17:33:35,2,0,675cc7e4-7947-4296-b157-a5121e34193d
9422-1946-1162,3604-4386-1618,25728.75,2026-07-02T17:34:20,2,0,675cc7e4-7947-4296-b157-a5121e34193d
9422-1946-1162,3135-7589-7243,11753.26,2026-07-02T17:35:05,2,0,675cc7e4-7947-4296-b157-a5121e34193d
4098-2928-8400,5508-1985-3949,8133.88,2026-07-02T17:35:36,2,0,675cc7e4-7947-4296-b157-a5121e34193d
4098-2928-8400,8584-4415-3676,4452.47,2026-07-02T17:36:41,2,0,675cc7e4-7947-4296-b157-a5121e34193d
5508-1985-3949,1638-7299-9473,7320.49,2026-07-02T17:39:37,3,1,675cc7e4-7947-4296-b157-a5121e34193d
3135-7589-7243,1638-7299-9473,10577.93,2026-07-02T17:42:17,3,1,675cc7e4-7947-4296-b157-a5121e34193d
6168-4532-1392,1638-7299-9473,17478.66,2026-07-02T17:43:24,3,1,675cc7e4-7947-4296-b157-a5121e34193d
4563-9457-6880,8953-8324-4351,145317.45,2026-08-22T20:56:32,1,0,d4ef4c46-0e0e-4287-86de-6f25e2db4f04
4563-9457-6880,9608-3463-5438,230821.86,2026-08-22T20:56:48,1,0,d4ef4c46-0e0e-4287-86de-6f25e2db4f04
8953-8324-4351,4076-9441-3262,19631.15,2026-08-22T20:57:39,2,0,d4ef4c46-0e0e-4287-86de-6f25e2db4f04
8953-8324-4351,8153-5497-3154,96033.61,2026-08-22T20:58:35,2,0,d4ef4c46-0e0e-4287-86de-6f25e2db4f04
8953-8324-4351,6816-2613-9264,29652.7,2026-08-22T20:59:26,2,0,d4ef4c46-0e0e-4287-86de-6f25e2db4f04
9608-3463-5438,3030-7934-6379,13504.06,2026-08-22T21:00:39,2,0,d4ef4c46-0e0e-4287-86de-6f25e2db4f04
9608-3463-5438,5969-5289-9221,93502.95,2026-08-22T21:01:41,2,0,d4ef4c46-0e0e-4287-86de-6f25e2db4f04
9608-3463-5438,8429-7351-2692,123814.85,2026-08-22T21:03:05,2,0,d4ef4c46-0e0e-4287-86de-6f25e2db4f04
6816-2613-9264,4888-6446-1438,26687.43,2026-08-22T21:05:53,3,1,d4ef4c46-0e0e-4287-86de-6f25e2db4f04
3030-7934-6379,4888-6446-1438,12153.65,2026-08-22T21:08:33,3,1,d4ef4c46-0e0e-4287-86de-6f25e2db4f04
8429-7351-2692,4888-6446-1438,111433.36,2026-08-22T21:11:32,3,1,d4ef4c46-0e0e-4287-86de-6f25e2db4f04
4076-9441-3262,4888-6446-1438,17668.04,2026-08-22T21:13:37,3,1,d4ef4c46-0e0e-4287-86de-6f25e2db4f04
3499-8317-8186,5915-8324-8405,22855.64,2026-06-05T06:26:13,1,0,99ede115-1937-45cf-ab79-22c9f828e18e
3499-8317-8186,9137-9079-5448,116774.75,2026-06-05T06:26:30,1,0,99ede115-1937-45cf-ab79-22c9f828e18e
5915-8324-8405,5068-8905-8699,7957.17,2026-06-05T06:27:57,2,0,99ede115-1937-45cf-ab79-22c9f828e18e
5915-8324-8405,1631-1278-9084,1090.38,2026-06-05T06:29:11,2,0,99ede115-1937-45cf-ab79-22c9f828e18e
5915-8324-8405,2017-5669-6422,13808.09,2026-06-05T06:30:35,2,0,99ede115-1937-45cf-ab79-22c9f828e18e
9137-9079-5448,6585-7910-9004,30483.63,2026-06-05T06:32:02,2,0,99ede115-1937-45cf-ab79-22c9f828e18e
9137-9079-5448,2923-3523-6404,45361.7,2026-06-05T06:32:48,2,0,99ede115-1937-45cf-ab79-22c9f828e18e
9137-9079-5448,6964-4620-6628,40929.42,2026-06-05T06:34:08,2,0,99ede115-1937-45cf-ab79-22c9f828e18e
6585-7910-9004,5637-7026-2854,27435.27,2026-06-05T06:35:33,3,1,99ede115-1937-45cf-ab79-22c9f828e18e
6964-4620-6628,5637-7026-2854,36836.48,2026-06-05T06:37:54,3,1,99ede115-1937-45cf-ab79-22c9f828e18e
2017-5669-6422,5637-7026-2854,12427.28,2026-06-05T06:39:40,3,1,99ede115-1937-45cf-ab79-22c9f828e18e
5068-8905-8699,5637-7026-2854,7161.45,2026-06-05T06:41:25,3,1,99ede115-1937-45cf-ab79-22c9f828e18e
2923-3523-6404,5637-7026-2854,40825.53,2026-06-05T06:44:11,3,1,99ede115-1937-45cf-ab79-22c9f828e18e
7946-4517-4334,8924-7793-7795,124389.33,2026-07-17T13:47:10,1,0,9f738994-2c2b-473d-9c07-e8cc25468338
7946-4517-4334,9339-1884-6834,58872.0,2026-07-17T13:47:52,1,0,9f738994-2c2b-473d-9c07-e8cc25468338
8924-7793-7795,2454-7071-6400,27534.36,2026-07-17T13:48:27,2,0,9f738994-2c2b-473d-9c07-e8cc25468338
8924-7793-7795,8725-6260-3599,96854.97,2026-07-17T13:49:22,2,0,9f738994-2c2b-473d-9c07-e8cc25468338
9339-1884-6834,2123-7885-1590,58872.0,2026-07-17T13:50:25,2,0,9f738994-2c2b-473d-9c07-e8cc25468338
2454-7071-6400,7091-4226-2282,24780.92,2026-07-17T13:52:12,3,1,9f738994-2c2b-473d-9c07-e8cc25468338
2123-7885-1590,7091-4226-2282,52984.8,2026-07-17T13:54:03,3,1,9f738994-2c2b-473d-9c07-e8cc25468338
8725-6260-3599,7091-4226-2282,87169.47,2026-07-17T13:55:27,3,1,9f738994-2c2b-473d-9c07-e8cc25468338
8101-4981-9188,1697-4030-1039,116384.74,2026-08-24T21:24:36,1,0,347c8f45-59a9-46a1-afe9-11b6d0d68266
8101-4981-9188,4869-9902-8332,10618.18,2026-08-24T21:25:14,1,0,347c8f45-59a9-46a1-afe9-11b6d0d68266
8101-4981-9188,9499-3778-2028,260794.91,2026-08-24T21:25:51,1,0,347c8f45-59a9-46a1-afe9-11b6d0d68266
1697-4030-1039,1129-9907-4810,116384.74,2026-08-24T21:26:40,2,0,347c8f45-59a9-46a1-afe9-11b6d0d68266
4869-9902-8332,8126-5785-8876,7413.39,2026-08-24T21:27:29,2,0,347c8f45-59a9-46a1-afe9-11b6d0d68266
4869-9902-8332,5556-3439-7767,3204.79,2026-08-24T21:28:11,2,0,347c8f45-59a9-46a1-afe9-11b6d0d68266
9499-3778-2028,7659-4925-8247,225138.07,2026-08-24T21:29:24,2,0,347c8f45-59a9-46a1-afe9-11b6d0d68266
9499-3778-2028,6361-9491-2522,35656.84,2026-08-24T21:30:11,2,0,347c8f45-59a9-46a1-afe9-11b6d0d68266
1129-9907-4810,6487-5084-2504,104746.27,2026-08-24T21:31:53,3,1,347c8f45-59a9-46a1-afe9-11b6d0d68266
5556-3439-7767,6487-5084-2504,2884.31,2026-08-24T21:33:11,3,1,347c8f45-59a9-46a1-afe9-11b6d0d68266
8126-5785-8876,6487-5084-2504,6672.05,2026-08-24T21:34:30,3,1,347c8f45-59a9-46a1-afe9-11b6d0d68266
7659-4925-8247,6487-5084-2504,202624.26,2026-08-24T21:37:07,3,1,347c8f45-59a9-46a1-afe9-11b6d0d68266
6361-9491-2522,6487-5084-2504,32091.16,2026-08-24T21:39:50,3,1,347c8f45-59a9-46a1-afe9-11b6d0d68266
7397-7853-9509,2994-9810-3982,26798.76,2026-08-21T20:23:14,1,0,d4697b49-d8a4-4469-853f-0f7592ae64ef
2994-9810-3982,3234-5362-7286,17756.4,2026-08-21T20:23:57,2,0,d4697b49-d8a4-4469-853f-0f7592ae64ef
2994-9810-3982,9038-3250-4043,4725.71,2026-08-21T20:24:51,2,0,d4697b49-d8a4-4469-853f-0f7592ae64ef
2994-9810-3982,1859-4711-8662,4316.65,2026-08-21T20:26:19,2,0,d4697b49-d8a4-4469-853f-0f7592ae64ef
3234-5362-7286,6371-7308-6333,15980.76,2026-08-21T20:28:16,3,1,d4697b49-d8a4-4469-853f-0f7592ae64ef
9038-3250-4043,6371-7308-6333,4253.14,2026-08-21T20:31:13,3,1,d4697b49-d8a4-4469-853f-0f7592ae64ef
1859-4711-8662,6371-7308-6333,3884.98,2026-08-21T20:33:11,3,1,d4697b49-d8a4-4469-853f-0f7592ae64ef
6776-6526-2099,3158-7481-8847,29060.59,2026-06-16T10:36:19,1,0,0c3b1cf2-be5b-4798-a0ba-92e2beefd670
6776-6526-2099,7952-5278-5185,342136.49,2026-06-16T10:36:56,1,0,0c3b1cf2-be5b-4798-a0ba-92e2beefd670
6776-6526-2099,5324-4519-7786,89315.05,2026-06-16T10:37:09,1,0,0c3b1cf2-be5b-4798-a0ba-92e2beefd670
3158-7481-8847,5096-8469-2634,27116.97,2026-06-16T10:37:54,2,0,0c3b1cf2-be5b-4798-a0ba-92e2beefd670
3158-7481-8847,7040-3249-1830,1943.62,2026-06-16T10:38:57,2,0,0c3b1cf2-be5b-4798-a0ba-92e2beefd670
7952-5278-5185,2659-4857-4666,178796.11,2026-06-16T10:39:30,2,0,0c3b1cf2-be5b-4798-a0ba-92e2beefd670
7952-5278-5185,6187-9967-6234,163340.38,2026-06-16T10:40:11,2,0,0c3b1cf2-be5b-4798-a0ba-92e2beefd670
5324-4519-7786,7935-7729-4355,32609.14,2026-06-16T10:41:30,2,0,0c3b1cf2-be5b-4798-a0ba-92e2beefd670
5324-4519-7786,4050-9027-1780,56705.91,2026-06-16T10:42:25,2,0,0c3b1cf2-be5b-4798-a0ba-92e2beefd670
4050-9027-1780,1625-6957-3475,51035.32,2026-06-16T10:43:35,3,1,0c3b1cf2-be5b-4798-a0ba-92e2beefd670
6187-9967-6234,1625-6957-3475,147006.34,2026-06-16T10:46:22,3,1,0c3b1cf2-be5b-4798-a0ba-92e2beefd670
5096-8469-2634,1625-6957-3475,24405.27,2026-06-16T10:48:36,3,1,0c3b1cf2-be5b-4798-a0ba-92e2beefd670
6468-3174-8750,3952-6756-8032,127890.28,2026-08-26T23:41:16,1,0,f8f9913a-30f7-4528-967b-35733e9e9fd1
3952-6756-8032,4174-1733-6113,6592.01,2026-08-26T23:41:48,2,0,f8f9913a-30f7-4528-967b-35733e9e9fd1
3952-6756-8032,1102-8929-8850,104763.33,2026-08-26T23:43:14,2,0,f8f9913a-30f7-4528-967b-35733e9e9fd1
3952-6756-8032,7001-3023-4618,16534.93,2026-08-26T23:44:05,2,0,f8f9913a-30f7-4528-967b-35733e9e9fd1
4174-1733-6113,5643-5027-2354,5932.81,2026-08-26T23:46:01,3,1,f8f9913a-30f7-4528-967b-35733e9e9fd1
7001-3023-4618,5643-5027-2354,14881.44,2026-08-26T23:47:53,3,1,f8f9913a-30f7-4528-967b-35733e9e9fd1
1102-8929-8850,5643-5027-2354,94287.0,2026-08-26T23:48:58,3,1,f8f9913a-30f7-4528-967b-35733e9e9fd1
6829-6566-9358,7857-3384-5104,253510.27,2026-08-25T15:18:02,1,0,0838cd0a-ec45-444b-965a-f7f06528efbd
7857-3384-5104,1887-4964-7638,253510.27,2026-08-25T15:19:12,2,0,0838cd0a-ec45-444b-965a-f7f06528efbd
1887-4964-7638,1126-1126-6836,253510.27,2026-08-25T15:24:03,3,1,0838cd0a-ec45-444b-965a-f7f06528efbd
8986-1682-7983,1044-6229-8575,17204.41,2026-07-14T05:22:55,1,0,8c98ca26-d80c-4146-9e04-c09256634a49
8986-1682-7983,2245-2163-3913,15058.97,2026-07-14T05:23:20,1,0,8c98ca26-d80c-4146-9e04-c09256634a49
8986-1682-7983,2363-9561-2496,6855.21,2026-07-14T05:24:18,1,0,8c98ca26-d80c-4146-9e04-c09256634a49
1044-6229-8575,9679-5618-6237,13186.87,2026-07-14T05:25:18,2,0,8c98ca26-d80c-4146-9e04-c09256634a49
1044-6229-8575,2341-7858-6420,4017.54,2026-07-14T05:26:43,2,0,8c98ca26-d80c-4146-9e04-c09256634a49
2245-2163-3913,7487-5342-7754,15058.97,2026-07-14T05:28:00,2,0,8c98ca26-d80c-4146-9e04-c09256634a49
2363-9561-2496,2808-1402-3337,1467.6,2026-07-14T05:29:04,2,0,8c98ca26-d80c-4146-9e04-c09256634a49
2363-9561-2496,1565-5990-2127,3971.29,2026-07-14T05:29:48,2,0,8c98ca26-d80c-4146-9e04-c09256634a49
2363-9561-2496,2061-6291-5993,1416.33,2026-07-14T05:30:32,2,0,8c98ca26-d80c-4146-9e04-c09256634a49
7487-5342-7754,1047-9851-5617,13553.07,2026-07-14T05:33:10,3,1,8c98ca26-d80c-4146-9e04-c09256634a49
2061-6291-5993,1047-9851-5617,1274.7,2026-07-14T05:34:14,3,1,8c98ca26-d80c-4146-9e04-c09256634a49
2341-7858-6420,1047-9851-5617,3615.79,2026-07-14T05:36:13,3,1,8c98ca26-d80c-4146-9e04-c09256634a49
2808-1402-3337,1047-9851-5617,1320.84,2026-07-14T05:38:09,3,1,8c98ca26-d80c-4146-9e04-c09256634a49
9679-5618-6237,1047-9851-5617,11868.18,2026-07-14T05:40:39,3,1,8c98ca26-d80c-4146-9e04-c09256634a49
4476-8711-2516,9832-7129-7237,91008.77,2026-07-04T21:15:19,1,0,3d46f062-c155-43c2-bdfb-ae1e033dc6c6
4476-8711-2516,9670-2776-8438,140080.59,2026-07-04T21:16:00,1,0,3d46f062-c155-43c2-bdfb-ae1e033dc6c6
9832-7129-7237,2133-1937-6687,67912.06,2026-07-04T21:17:15,2,0,3d46f062-c155-43c2-bdfb-ae1e033dc6c6
9832-7129-7237,6948-2375-7200,15738.8,2026-07-04T21:18:09,2,0,3d46f062-c155-43c2-bdfb-ae1e033dc6c6
9832-7129-7237,9981-4099-5052,7357.91,2026-07-04T21:19:31,2,0,3d46f062-c155-43c2-bdfb-ae1e033dc6c6
9670-2776-8438,5849-6815-3445,56260.4,2026-07-04T21:20:55,2,0,3d46f062-c155-43c2-bdfb-ae1e033dc6c6
9670-2776-8438,6473-4319-7039,79026.42,2026-07-04T21:21:36,2,0,3d46f062-c155-43c2-bdfb-ae1e033dc6c6
9670-2776-8438,8652-1351-9150,4793.77,2026-07-04T21:22:33,2,0,3d46f062-c155-43c2-bdfb-ae1e033dc6c6
6948-2375-7200,2062-2987-8145,14164.92,2026-07-04T21:25:23,3,1,3d46f062-c155-43c2-bdfb-ae1e033dc6c6
5849-6815-3445,2062-2987-8145,50634.36,2026-07-04T21:27:40,3,1,3d46f062-c155-43c2-bdfb-ae1e033dc6c6
2133-1937-6687,2062-2987-8145,61120.85,2026-07-04T21:29:55,3,1,3d46f062-c155-43c2-bdfb-ae1e033dc6c6
6473-4319-7039,2062-2987-8145,71123.78,2026-07-04T21:32:08,3,1,3d46f062-c155-43c2-bdfb-ae1e033dc6c6
8652-1351-9150,2062-2987-8145,4314.39,2026-07-04T21:34:07,3,1,3d46f062-c155-43c2-bdfb-ae1e033dc6c6
9185-7655-3753,1395-6647-9583,95556.51,2026-07-16T23:12:59,1,0,aba026f6-5ab2-40d5-ab69-7e340993326d
9185-7655-3753,8566-8617-9043,53346.73,2026-07-16T23:13:17,1,0,aba026f6-5ab2-40d5-ab69-7e340993326d
9185-7655-3753,9122-1815-2386,148983.76,2026-07-16T23:14:08,1,0,aba026f6-5ab2-40d5-ab69-7e340993326d
1395-6647-9583,9042-8366-4314,95556.51,2026-07-16T23:15:18,2,0,aba026f6-5ab2-40d5-ab69-7e340993326d
8566-8617-9043,2836-3740-3446,10525.78,2026-07-16T23:16:03,2,0,aba026f6-5ab2-40d5-ab69-7e340993326d
8566-8617-9043,1604-6801-2968,24299.29,2026-07-16T23:17:15,2,0,aba026f6-5ab2-40d5-ab69-7e340993326d
8566-8617-9043,4353-7035-7574,18521.67,2026-07-16T23:18:24,2,0,aba026f6-5ab2-40d5-ab69-7e340993326d
9122-1815-2386,8650-5352-9600,102898.89,2026-07-16T23:19:17,2,0,aba026f6-5ab2-40d5-ab69-7e340993326d
9122-1815-2386,7816-8747-4098,46084.87,2026-07-16T23:20:33,2,0,aba026f6-5ab2-40d5-ab69-7e340993326d
4353-7035-7574,6457-6028-4541,16669.5,2026-07-16T23:22:20,3,1,aba026f6-5ab2-40d5-ab69-7e340993326d
8650-5352-9600,6457-6028-4541,92609.0,2026-07-16T23:24:56,3,1,aba026f6-5ab2-40d5-ab69-7e340993326d
2836-3740-3446,6457-6028-4541,9473.2,2026-07-16T23:26:00,3,1,aba026f6-5ab2-40d5-ab69-7e340993326d
7816-8747-4098,6457-6028-4541,41476.38,2026-07-16T23:28:29,3,1,aba026f6-5ab2-40d5-ab69-7e340993326d
3016-3436-7250,2833-2458-7885,6059.99,2026-07-08T21:05:13,1,0,e5a27d0b-c6ea-4c2c-bd3d-0d619397ef60
3016-3436-7250,4099-4454-7054,2097.06,2026-07-08T21:05:58,1,0,e5a27d0b-c6ea-4c2c-bd3d-0d619397ef60
2833-2458-7885,3172-9447-8822,4680.13,2026-07-08T21:06:55,2,0,e5a27d0b-c6ea-4c2c-bd3d-0d619397ef60
2833-2458-7885,7126-4803-4857,1216.55,2026-07-08T21:08:14,2,0,e5a27d0b-c6ea-4c2c-bd3d-0d619397ef60
2833-2458-7885,6397-6431-3915,163.31,2026-07-08T21:08:55,2,0,e5a27d0b-c6ea-4c2c-bd3d-0d619397ef60
4099-4454-7054,5757-7035-3002,2097.06,2026-07-08T21:09:53,2,0,e5a27d0b-c6ea-4c2c-bd3d-0d619397ef60
3172-9447-8822,9367-8069-6499,4212.12,2026-07-08T21:10:54,3,1,e5a27d0b-c6ea-4c2c-bd3d-0d619397ef60
7126-4803-4857,9367-8069-6499,1094.9,2026-07-08T21:13:21,3,1,e5a27d0b-c6ea-4c2c-bd3d-0d619397ef60
6397-6431-3915,9367-8069-6499,146.98,2026-07-08T21:16:08,3,1,e5a27d0b-c6ea-4c2c-bd3d-0d619397ef60
8902-9109-8905,2292-8515-5925,2408.0,2026-08-01T21:15:07,1,0,496d15a8-6efe-4578-8cc9-1d1f1a45f4c2
8902-9109-8905,4339-2215-3056,839.7,2026-08-01T21:15:21,1,0,496d15a8-6efe-4578-8cc9-1d1f1a45f4c2
8902-9109-8905,5935-4468-5944,2476.01,2026-08-01T21:16:08,1,0,496d15a8-6efe-4578-8cc9-1d1f1a45f4c2
2292-8515-5925,1567-4081-7234,100.0,2026-08-01T21:16:50,2,0,496d15a8-6efe-4578-8cc9-1d1f1a45f4c2
2292-8515-5925,7113-8384-6772,210.35,2026-08-01T21:18:12,2,0,496d15a8-6efe-4578-8cc9-1d1f1a45f4c2
2292-8515-5925,7843-4054-5203,2118.66,2026-08-01T21:19:02,2,0,496d15a8-6efe-4578-8cc9-1d1f1a45f4c2
4339-2215-3056,5466-5358-2739,100.0,2026-08-01T21:20:21,2,0,496d15a8-6efe-4578-8cc9-1d1f1a45f4c2
4339-2215-3056,1990-2105-1256,634.9,2026-08-01T21:21:08,2,0,496d15a8-6efe-4578-8cc9-1d1f1a45f4c2
4339-2215-3056,5912-3390-8975,114.61,2026-08-01T21:21:44,2,0,496d15a8-6efe-4578-8cc9-1d1f1a45f4c2
5935-4468-5944,7810-2861-4508,869.21,2026-08-01T21:22:47,2,0,496d15a8-6efe-4578-8cc9-1d1f1a45f4c2
5935-4468-5944,3549-5020-7057,1000.03,2026-08-01T21:23:22,2,0,496d15a8-6efe-4578-8cc9-1d1f1a45f4c2
5935-4468-5944,8344-6258-4442,606.76,2026-08-01T21:24:21,2,0,496d15a8-6efe-4578-8cc9-1d1f1a45f4c2
1990-2105-1256,5946-6477-6297,571.41,2026-08-01T21:25:41,3,1,496d15a8-6efe-4578-8cc9-1d1f1a45f4c2
7843-4054-5203,5946-6477-6297,1906.79,2026-08-01T21:28:27,3,1,496d15a8-6efe-4578-8cc9-1d1f1a45f4c2
5466-5358-2739,5946-6477-6297,90.0,2026-08-01T21:30:16,3,1,496d15a8-6efe-4578-8cc9-1d1f1a45f4c2
7113-8384-6772,5946-6477-6297,189.32,2026-08-01T21:32:40,3,1,496d15a8-6efe-4578-8cc9-1d1f1a45f4c2
8287-5032-5834,5525-7306-7275,491642.29,2026-07-09T19:50:13,1,0,42866429-42e9-4412-8f4c-d4f5500948c5
5525-7306-7275,8737-1812-1829,296835.91,2026-07-09T19:51:42,2,0,42866429-42e9-4412-8f4c-d4f5500948c5
5525-7306-7275,7834-1831-5093,194806.38,2026-07-09T19:52:48,2,0,42866429-42e9-4412-8f4c-d4f5500948c5
8737-1812-1829,2399-3905-1007,296835.91,2026-07-09T19:57:41,3,0,42866429-42e9-4412-8f4c-d4f5500948c5
2399-3905-1007,7543-2103-7274,296835.91,2026-07-09T20:00:52,4,1,42866429-42e9-4412-8f4c-d4f5500948c5
9663-6501-5420,4141-4577-4228,461030.83,2026-08-25T04:25:59,1,0,1cb336ec-c4f0-4f18-89e1-40225967068e
4141-4577-4228,2103-6386-8063,39287.39,2026-08-25T04:27:10,2,0,1cb336ec-c4f0-4f18-89e1-40225967068e
4141-4577-4228,6234-2909-8196,421743.44,2026-08-25T04:27:50,2,0,1cb336ec-c4f0-4f18-89e1-40225967068e
6234-2909-8196,3788-2403-2902,421743.44,2026-08-25T04:31:34,3,1,1cb336ec-c4f0-4f18-89e1-40225967068e
9253-2849-5754,5657-1112-2377,292481.46,2026-07-18T03:20:36,1,0,8887e423-3f9a-466e-8dc9-4d6b423b7b20
5657-1112-2377,4105-2982-5661,52546.6,2026-07-18T03:21:59,2,0,8887e423-3f9a-466e-8dc9-4d6b423b7b20
5657-1112-2377,3759-7753-6266,138229.48,2026-07-18T03:23:25,2,0,8887e423-3f9a-466e-8dc9-4d6b423b7b20
5657-1112-2377,3520-1093-2977,101705.38,2026-07-18T03:24:14,2,0,8887e423-3f9a-466e-8dc9-4d6b423b7b20
3759-7753-6266,9908-2214-9887,124406.53,2026-07-18T03:25:37,3,1,8887e423-3f9a-466e-8dc9-4d6b423b7b20
3520-1093-2977,9908-2214-9887,91534.84,2026-07-18T03:27:26,3,1,8887e423-3f9a-466e-8dc9-4d6b423b7b20
4105-2982-5661,9908-2214-9887,47291.94,2026-07-18T03:29:43,3,1,8887e423-3f9a-466e-8dc9-4d6b423b7b20
3027-6134-4135,2862-1416-2558,332909.74,2026-06-11T18:10:54,1,0,8e56a132-e9a0-4762-9af2-4f80e49a3a56
2862-1416-2558,6886-7596-9742,332909.74,2026-06-11T18:12:13,2,0,8e56a132-e9a0-4762-9af2-4f80e49a3a56
6886-7596-9742,3417-5125-7464,332909.74,2026-06-11T18:13:57,3,1,8e56a132-e9a0-4762-9af2-4f80e49a3a56
1164-3284-6130,5147-3603-4960,162438.57,2026-06-25T11:18:44,1,0,cba3b05b-3741-4846-9a0d-cb765fd5d7a1
5147-3603-4960,1485-6094-3205,78501.96,2026-06-25T11:19:54,2,0,cba3b05b-3741-4846-9a0d-cb765fd5d7a1
5147-3603-4960,4242-9769-9085,83936.61,2026-06-25T11:20:43,2,0,cba3b05b-3741-4846-9a0d-cb765fd5d7a1
4242-9769-9085,2229-1650-8353,83936.61,2026-06-25T11:24:29,3,1,cba3b05b-3741-4846-9a0d-cb765fd5d7a1
4950-4582-1586,2196-1305-9078,44917.21,2026-07-12T17:09:31,1,0,1ce7f793-95bf-4b9b-bc17-79b70799bd51
4950-4582-1586,3369-5647-8568,12383.38,2026-07-12T17:09:45,1,0,1ce7f793-95bf-4b9b-bc17-79b70799bd51
2196-1305-9078,4397-3914-8952,24774.16,2026-07-12T17:11:06,2,0,1ce7f793-95bf-4b9b-bc17-79b70799bd51
2196-1305-9078,8117-4832-6227,11576.89,2026-07-12T17:12:34,2,0,1ce7f793-95bf-4b9b-bc17-79b70799bd51
2196-1305-9078,4035-4596-2694,8566.15,2026-07-12T17:13:53,2,0,1ce7f793-95bf-4b9b-bc17-79b70799bd51
3369-5647-8568,1650-5492-3959,2051.5,2026-07-12T17:15:12,2,0,1ce7f793-95bf-4b9b-bc17-79b70799bd51
3369-5647-8568,4805-6771-8481,10331.88,2026-07-12T17:16:19,2,0,1ce7f793-95bf-4b9b-bc17-79b70799bd51
4805-6771-8481,6222-5086-6119,9298.69,2026-07-12T17:18:51,3,1,1ce7f793-95bf-4b9b-bc17-79b70799bd51
8117-4832-6227,6222-5086-6119,10419.2,2026-07-12T17:21:40,3,1,1ce7f793-95bf-4b9b-bc17-79b70799bd51
4035-4596-2694,6222-5086-6119,7709.54,2026-07-12T17:22:40,3,1,1ce7f793-95bf-4b9b-bc17-79b70799bd51
4397-3914-8952,6222-5086-6119,22296.74,2026-07-12T17:25:35,3,1,1ce7f793-95bf-4b9b-bc17-79b70799bd51
1650-5492-3959,6222-5086-6119,1846.35,2026-07-12T17:27:53,3,1,1ce7f793-95bf-4b9b-bc17-79b70799bd51
8472-7191-9266,7792-3052-2158,113767.1,2026-06-19T05:26:45,1,0,31a0798f-020c-4f3c-af99-313ccca40843
8472-7191-9266,4894-9959-1188,368727.09,2026-06-19T05:27:11,1,0,31a0798f-020c-4f3c-af99-313ccca40843
7792-3052-2158,7074-6452-6515,113767.1,2026-06-19T05:27:47,2,0,31a0798f-020c-4f3c-af99-313ccca40843
4894-9959-1188,6364-2102-6751,57952.08,2026-06-19T05:29:15,2,0,31a0798f-020c-4f3c-af99-313ccca40843
4894-9959-1188,5819-2577-7774,35066.46,2026-06-19T05:30:04,2,0,31a0798f-020c-4f3c-af99-313ccca40843
4894-9959-1188,4410-6806-2797,275708.55,2026-06-19T05:31:33,2,0,31a0798f-020c-4f3c-af99-313ccca40843
5819-2577-7774,5125-2063-9048,31559.81,2026-06-19T05:34:26,3,1,31a0798f-020c-4f3c-af99-313ccca40843
4410-6806-2797,5125-2063-9048,248137.7,2026-06-19T05:36:19,3,1,31a0798f-020c-4f3c-af99-313ccca40843
7074-6452-6515,5125-2063-9048,102390.39,2026-06-19T05:39:02,3,1,31a0798f-020c-4f3c-af99-313ccca40843
3826-4546-9929,3292-9453-2313,83019.61,2026-08-04T16:14:02,1,0,e40c9760-69db-4251-8fe9-d77edbe498ab
3292-9453-2313,4769-6788-6033,13732.35,2026-08-04T16:15:00,2,0,e40c9760-69db-4251-8fe9-d77edbe498ab
3292-9453-2313,8260-6245-3277,64262.92,2026-08-04T16:16:01,2,0,e40c9760-69db-4251-8fe9-d77edbe498ab
3292-9453-2313,2966-2156-3641,5024.34,2026-08-04T16:17:24,2,0,e40c9760-69db-4251-8fe9-d77edbe498ab
4769-6788-6033,8077-6477-5250,12359.12,2026-08-04T16:18:27,3,1,e40c9760-69db-4251-8fe9-d77edbe498ab
2966-2156-3641,8077-6477-5250,4521.91,2026-08-04T16:19:39,3,1,e40c9760-69db-4251-8fe9-d77edbe498ab
8260-6245-3277,8077-6477-5250,57836.63,2026-08-04T16:21:32,3,1,e40c9760-69db-4251-8fe9-d77edbe498ab
1613-1729-3113,9205-3507-5989,50150.39,2026-06-23T03:59:16,1,0,331b2e86-f415-4efe-a9dc-425436cf101f
9205-3507-5989,9483-5289-7924,50150.39,2026-06-23T03:59:50,2,0,331b2e86-f415-4efe-a9dc-425436cf101f
9483-5289-7924,2052-5612-8835,50150.39,2026-06-23T04:04:30,3,1,331b2e86-f415-4efe-a9dc-425436cf101f
5589-4075-6101,9119-5191-4490,132485.09,2026-06-15T22:44:18,1,0,4b09750a-93b4-4ba4-9efe-2e4d7a16d67e
5589-4075-6101,4357-6026-6004,246136.85,2026-06-15T22:44:53,1,0,4b09750a-93b4-4ba4-9efe-2e4d7a16d67e
5589-4075-6101,3125-2711-1710,32322.42,2026-06-15T22:45:10,1,0,4b09750a-93b4-4ba4-9efe-2e4d7a16d67e
9119-5191-4490,5971-3181-1775,54896.8,2026-06-15T22:46:28,2,0,4b09750a-93b4-4ba4-9efe-2e4d7a16d67e
9119-5191-4490,8739-3404-3095,9708.36,2026-06-15T22:47:22,2,0,4b09750a-93b4-4ba4-9efe-2e4d7a16d67e
9119-5191-4490,4801-6854-7934,67879.94,2026-06-15T22:48:30,2,0,4b09750a-93b4-4ba4-9efe-2e4d7a16d67e
4357-6026-6004,8437-9046-7938,112989.19,2026-06-15T22:49:30,2,0,4b09750a-93b4-4ba4-9efe-2e4d7a16d67e
4357-6026-6004,8800-8175-7079,131683.54,2026-06-15T22:50:34,2,0,4b09750a-93b4-4ba4-9efe-2e4d7a16d67e
4357-6026-6004,2041-4567-9193,1464.12,2026-06-15T22:51:44,2,0,4b09750a-93b4-4ba4-9efe-2e4d7a16d67e
3125-2711-1710,5504-6918-2915,32322.42,2026-06-15T22:52:51,2,0,4b09750a-93b4-4ba4-9efe-2e4d7a16d67e
5504-6918-2915,2859-9823-1501,29090.18,2026-06-15T22:55:15,3,1,4b09750a-93b4-4ba4-9efe-2e4d7a16d67e
5971-3181-1775,2859-9823-1501,49407.12,2026-06-15T22:56:20,3,1,4b09750a-93b4-4ba4-9efe-2e4d7a16d67e
8437-9046-7938,2859-9823-1501,101690.27,2026-06-15T22:58:04,3,1,4b09750a-93b4-4ba4-9efe-2e4d7a16d67e
8739-3404-3095,2859-9823-1501,8737.52,2026-06-15T23:00:23,3,1,4b09750a-93b4-4ba4-9efe-2e4d7a16d67e
8800-8175-7079,2859-9823-1501,118515.19,2026-06-15T23:02:32,3,1,4b09750a-93b4-4ba4-9efe-2e4d7a16d67e
1540-6926-5569,4132-4859-3993,39772.21,2026-08-15T03:18:48,1,0,412e3785-fadf-4fd6-8891-2f3c1bd051df
1540-6926-5569,8340-2329-6180,15671.93,2026-08-15T03:19:27,1,0,412e3785-fadf-4fd6-8891-2f3c1bd051df
4132-4859-3993,6818-4231-8514,39772.21,2026-08-15T03:20:32,2,0,412e3785-fadf-4fd6-8891-2f3c1bd051df
8340-2329-6180,6705-6514-4588,2672.05,2026-08-15T03:22:01,2,0,412e3785-fadf-4fd6-8891-2f3c1bd051df
8340-2329-6180,6236-5374-5627,12999.88,2026-08-15T03:23:04,2,0,412e3785-fadf-4fd6-8891-2f3c1bd051df
6236-5374-5627,1512-1634-8463,11699.89,2026-08-15T03:25:30,3,1,412e3785-fadf-4fd6-8891-2f3c1bd051df
6818-4231-8514,1512-1634-8463,35794.99,2026-08-15T03:28:08,3,1,412e3785-fadf-4fd6-8891-2f3c1bd051df
6705-6514-4588,1512-1634-8463,2404.85,2026-08-15T03:29:16,3,1,412e3785-fadf-4fd6-8891-2f3c1bd051df
8267-7013-9057,1255-5579-2552,13568.1,2026-07-07T23:01:42,1,0,41a29d69-9d17-4cde-8f6d-66870d73e4ba
8267-7013-9057,1376-6089-8004,84606.22,2026-07-07T23:02:41,1,0,41a29d69-9d17-4cde-8f6d-66870d73e4ba
8267-7013-9057,7698-8921-2340,4901.53,2026-07-07T23:03:35,1,0,41a29d69-9d17-4cde-8f6d-66870d73e4ba
1255-5579-2552,2924-9226-8588,13568.1,2026-07-07T23:04:34,2,0,41a29d69-9d17-4cde-8f6d-66870d73e4ba
1376-6089-8004,5673-5812-4672,84606.22,2026-07-07T23:05:54,2,0,41a29d69-9d17-4cde-8f6d-66870d73e4ba
7698-8921-2340,7932-9685-8911,2989.35,2026-07-07T23:07:04,2,0,41a29d69-9d17-4cde-8f6d-66870d73e4ba
7698-8921-2340,5200-1980-4502,1912.18,2026-07-07T23:07:40,2,0,41a29d69-9d17-4cde-8f6d-66870d73e4ba
7932-9685-8911,5646-8653-1365,2690.42,2026-07-07T23:09:47,3,1,41a29d69-9d17-4cde-8f6d-66870d73e4ba
5673-5812-4672,5646-8653-1365,76145.6,2026-07-07T23:11:11,3,1,41a29d69-9d17-4cde-8f6d-66870d73e4ba
2924-9226-8588,5646-8653-1365,12211.29,2026-07-07T23:12:47,3,1,41a29d69-9d17-4cde-8f6d-66870d73e4ba
6853-7208-7088,9357-3043-3720,498594.91,2026-06-18T06:24:25,1,0,1998b875-48f8-4d4f-b5d5-1cc53e072e5e
9357-3043-3720,5026-5443-4965,498594.91,2026-06-18T06:25:52,2,0,1998b875-48f8-4d4f-b5d5-1cc53e072e5e
5026-5443-4965,8684-5849-1464,498594.91,2026-06-18T06:30:20,3,0,1998b875-48f8-4d4f-b5d5-1cc53e072e5e
8684-5849-1464,6164-2497-3536,498594.91,2026-06-18T06:32:12,4,1,1998b875-48f8-4d4f-b5d5-1cc53e072e5e
2860-1442-3252,7212-1189-9008,65651.19,2026-07-13T19:47:27,1,0,882cea38-d44b-4313-a7ba-566203e6cdc4
7212-1189-9008,6906-3106-3892,65651.19,2026-07-13T19:48:01,2,0,882cea38-d44b-4313-a7ba-566203e6cdc4
6906-3106-3892,6988-4279-5350,65651.19,2026-07-13T19:51:52,3,1,882cea38-d44b-4313-a7ba-566203e6cdc4
2780-6122-6096,3321-7768-2397,52160.64,2026-07-10T11:49:20,1,0,4b8b15b9-d876-4fe7-ab56-55c13b4ebe74
2780-6122-6096,9748-5509-6397,142290.43,2026-07-10T11:50:04,1,0,4b8b15b9-d876-4fe7-ab56-55c13b4ebe74
3321-7768-2397,1983-9746-2744,1009.32,2026-07-10T11:50:45,2,0,4b8b15b9-d876-4fe7-ab56-55c13b4ebe74
3321-7768-2397,5418-6094-1514,51151.32,2026-07-10T11:51:52,2,0,4b8b15b9-d876-4fe7-ab56-55c13b4ebe74
9748-5509-6397,6460-3808-9322,31420.74,2026-07-10T11:52:24,2,0,4b8b15b9-d876-4fe7-ab56-55c13b4ebe74
9748-5509-6397,9484-1495-6506,79952.7,2026-07-10T11:53:37,2,0,4b8b15b9-d876-4fe7-ab56-55c13b4ebe74
9748-5509-6397,1459-9123-6179,30916.99,2026-07-10T11:54:30,2,0,4b8b15b9-d876-4fe7-ab56-55c13b4ebe74
5418-6094-1514,9066-9006-8904,46036.19,2026-07-10T11:57:09,3,1,4b8b15b9-d876-4fe7-ab56-55c13b4ebe74
6460-3808-9322,9066-9006-8904,28278.67,2026-07-10T11:59:24,3,1,4b8b15b9-d876-4fe7-ab56-55c13b4ebe74
9484-1495-6506,9066-9006-8904,71957.43,2026-07-10T12:02:07,3,1,4b8b15b9-d876-4fe7-ab56-55c13b4ebe74
1459-9123-6179,9066-9006-8904,27825.29,2026-07-10T12:04:19,3,1,4b8b15b9-d876-4fe7-ab56-55c13b4ebe74
5876-9951-8117,8495-6966-6980,225775.66,2026-06-13T11:57:21,1,0,ca1ade83-6948-425a-9d43-371f4439111f
8495-6966-6980,6761-5755-7223,45601.89,2026-06-13T11:57:52,2,0,ca1ade83-6948-425a-9d43-371f4439111f
8495-6966-6980,1339-2649-3289,173863.43,2026-06-13T11:59:08,2,0,ca1ade83-6948-425a-9d43-371f4439111f
8495-6966-6980,2987-1362-5164,6310.34,2026-06-13T11:59:41,2,0,ca1ade83-6948-425a-9d43-371f4439111f
2987-1362-5164,1509-8214-3348,5679.31,2026-06-13T12:01:27,3,1,ca1ade83-6948-425a-9d43-371f4439111f
1339-2649-3289,1509-8214-3348,156477.09,2026-06-13T12:03:57,3,1,ca1ade83-6948-425a-9d43-371f4439111f
6761-5755-7223,1509-8214-3348,41041.7,2026-06-13T12:05:47,3,1,ca1ade83-6948-425a-9d43-371f4439111f
4786-5868-5039,9331-9702-5237,192781.12,2026-07-15T13:49:23,1,0,0b8ee734-7a82-4a28-aa46-7c2e62d92f56
4786-5868-5039,5381-3532-8535,158090.31,2026-07-15T13:50:09,1,0,0b8ee734-7a82-4a28-aa46-7c2e62d92f56
4786-5868-5039,6857-3544-4977,91103.96,2026-07-15T13:50:57,1,0,0b8ee734-7a82-4a28-aa46-7c2e62d92f56
9331-9702-5237,9307-2900-3839,55437.57,2026-07-15T13:51:58,2,0,0b8ee734-7a82-4a28-aa46-7c2e62d92f56
9331-9702-5237,8350-4162-2789,137343.55,2026-07-15T13:53:19,2,0,0b8ee734-7a82-4a28-aa46-7c2e62d92f56
5381-3532-8535,5585-1387-3644,158090.31,2026-07-15T13:54:02,2,0,0b8ee734-7a82-4a28-aa46-7c2e62d92f56
6857-3544-4977,7348-2677-8563,65012.45,2026-07-15T13:55:21,2,0,0b8ee734-7a82-4a28-aa46-7c2e62d92f56
6857-3544-4977,7695-5433-1498,26091.51,2026-07-15T13:56:12,2,0,0b8ee734-7a82-4a28-aa46-7c2e62d92f56
7695-5433-1498,1260-6737-1107,23482.36,2026-07-15T13:59:03,3,1,0b8ee734-7a82-4a28-aa46-7c2e62d92f56
9307-2900-3839,1260-6737-1107,49893.81,2026-07-15T14:00:23,3,1,0b8ee734-7a82-4a28-aa46-7c2e62d92f56
7348-2677-8563,1260-6737-1107,58511.2,2026-07-15T14:02:49,3,1,0b8ee734-7a82-4a28-aa46-7c2e62d92f56
3209-8247-7881,8889-5471-3991,15298.25,2026-08-23T23:01:40,1,0,ed3d4578-c204-474a-9c49-676ca63f8274
3209-8247-7881,4379-4443-6215,88433.36,2026-08-23T23:02:19,1,0,ed3d4578-c204-474a-9c49-676ca63f8274
8889-5471-3991,7852-4065-2307,15298.25,2026-08-23T23:03:41,2,0,ed3d4578-c204-474a-9c49-676ca63f8274
4379-4443-6215,8225-3705-2109,3430.95,2026-08-23T23:04:55,2,0,ed3d4578-c204-474a-9c49-676ca63f8274
4379-4443-6215,5218-4173-5118,85002.41,2026-08-23T23:06:15,2,0,ed3d4578-c204-474a-9c49-676ca63f8274
8225-3705-2109,2825-1431-6834,3087.86,2026-08-23T23:08:26,3,1,ed3d4578-c204-474a-9c49-676ca63f8274
5218-4173-5118,2825-1431-6834,76502.17,2026-08-23T23:10:24,3,1,ed3d4578-c204-474a-9c49-676ca63f8274
7852-4065-2307,2825-1431-6834,13768.42,2026-08-23T23:12:10,3,1,ed3d4578-c204-474a-9c49-676ca63f8274
8652-8361-4731,3132-8804-4158,392048.3,2026-07-03T22:24:05,1,0,681527ef-601a-45a5-8fd9-9a3d4ca0fd17
3132-8804-4158,8436-7113-1439,392048.3,2026-07-03T22:25:08,2,0,681527ef-601a-45a5-8fd9-9a3d4ca0fd17
8436-7113-1439,3469-3831-1450,392048.3,2026-07-03T22:28:31,3,0,681527ef-601a-45a5-8fd9-9a3d4ca0fd17
3469-3831-1450,2986-9559-5575,392048.3,2026-07-03T22:30:59,4,1,681527ef-601a-45a5-8fd9-9a3d4ca0fd17
7775-1619-3152,4435-2235-6371,197248.73,2026-06-16T12:38:27,1,0,ebb6552b-8c83-4559-a14f-51186773e523
4435-2235-6371,2883-8540-6910,145125.44,2026-06-16T12:39:07,2,0,ebb6552b-8c83-4559-a14f-51186773e523
4435-2235-6371,8298-1484-4239,52123.29,2026-06-16T12:39:40,2,0,ebb6552b-8c83-4559-a14f-51186773e523
2883-8540-6910,6508-1193-3773,145125.44,2026-06-16T12:44:03,3,0,ebb6552b-8c83-4559-a14f-51186773e523
6508-1193-3773,1771-8269-9408,145125.44,2026-06-16T12:47:43,4,1,ebb6552b-8c83-4559-a14f-51186773e523
6317-6581-9867,1080-6550-2588,372085.04,2026-07-14T20:43:56,1,0,8c1d6281-9b10-4064-8de6-8757dee10657
6317-6581-9867,5975-6492-1706,33198.63,2026-07-14T20:44:32,1,0,8c1d6281-9b10-4064-8de6-8757dee10657
1080-6550-2588,8032-6556-2710,235213.18,2026-07-14T20:45:52,2,0,8c1d6281-9b10-4064-8de6-8757dee10657
1080-6550-2588,9850-3045-5719,120738.99,2026-07-14T20:46:42,2,0,8c1d6281-9b10-4064-8de6-8757dee10657
1080-6550-2588,3200-1644-6053,16132.87,2026-07-14T20:47:37,2,0,8c1d6281-9b10-4064-8de6-8757dee10657
5975-6492-1706,5847-4296-5694,33198.63,2026-07-14T20:48:13,2,0,8c1d6281-9b10-4064-8de6-8757dee10657
8032-6556-2710,9731-6155-8315,211691.86,2026-07-14T20:49:22,3,1,8c1d6281-9b10-4064-8de6-8757dee10657
9850-3045-5719,9731-6155-8315,108665.09,2026-07-14T20:52:05,3,1,8c1d6281-9b10-4064-8de6-8757dee10657
3200-1644-6053,9731-6155-8315,14519.58,2026-07-14T20:53:59,3,1,8c1d6281-9b10-4064-8de6-8757dee10657
5847-4296-5694,9731-6155-8315,29878.77,2026-07-14T20:56:18,3,1,8c1d6281-9b10-4064-8de6-8757dee10657
4549-8446-8744,2187-3623-5566,330147.89,2026-06-24T22:40:26,1,0,bcf1aae7-a9ec-4b60-9896-b545cfb4de14
2187-3623-5566,9544-3412-5238,13003.24,2026-06-24T22:40:56,2,0,bcf1aae7-a9ec-4b60-9896-b545cfb4de14
2187-3623-5566,5044-8185-9955,317144.65,2026-06-24T22:42:03,2,0,bcf1aae7-a9ec-4b60-9896-b545cfb4de14
5044-8185-9955,7453-3923-8079,317144.65,2026-06-24T22:46:53,3,0,bcf1aae7-a9ec-4b60-9896-b545cfb4de14
7453-3923-8079,4613-3605-8694,317144.65,2026-06-24T22:48:46,4,1,bcf1aae7-a9ec-4b60-9896-b545cfb4de14
4024-2185-3528,1079-1440-6593,467926.99,2026-08-20T03:08:17,1,0,50a822fa-f54a-49ed-89b1-0e0d7c7a7f04
1079-1440-6593,4835-3324-5996,180110.75,2026-08-20T03:09:11,2,0,50a822fa-f54a-49ed-89b1-0e0d7c7a7f04
1079-1440-6593,3975-6577-7362,287816.24,2026-08-20T03:09:41,2,0,50a822fa-f54a-49ed-89b1-0e0d7c7a7f04
4835-3324-5996,1756-4367-1505,180110.75,2026-08-20T03:11:32,3,0,50a822fa-f54a-49ed-89b1-0e0d7c7a7f04
1756-4367-1505,5028-7646-6543,180110.75,2026-08-20T03:15:19,4,1,50a822fa-f54a-49ed-89b1-0e0d7c7a7f04
5373-8271-8228,9164-1712-7982,18962.25,2026-08-06T02:03:07,1,0,9d7cfb7c-4165-4f0e-8255-ddfb5aaa0a09
9164-1712-7982,4925-5055-8293,13528.98,2026-08-06T02:04:23,2,0,9d7cfb7c-4165-4f0e-8255-ddfb5aaa0a09
9164-1712-7982,1514-1833-5551,5433.27,2026-08-06T02:05:12,2,0,9d7cfb7c-4165-4f0e-8255-ddfb5aaa0a09
1514-1833-5551,9253-8510-8154,5433.27,2026-08-06T02:06:59,3,1,9d7cfb7c-4165-4f0e-8255-ddfb5aaa0a09
1101-6325-5177,9218-8161-8030,89130.67,2026-07-16T16:24:52,1,0,2053e271-1b47-4836-9c07-c19c169e3698
1101-6325-5177,2997-9577-3445,68850.6,2026-07-16T16:25:12,1,0,2053e271-1b47-4836-9c07-c19c169e3698
9218-8161-8030,2783-9243-9201,35710.68,2026-07-16T16:25:55,2,0,2053e271-1b47-4836-9c07-c19c169e3698
9218-8161-8030,8702-3836-7852,53419.99,2026-07-16T16:26:35,2,0,2053e271-1b47-4836-9c07-c19c169e3698
2997-9577-3445,3608-3009-6145,22068.39,2026-07-16T16:27:47,2,0,2053e271-1b47-4836-9c07-c19c169e3698
2997-9577-3445,1390-1234-8553,13672.96,2026-07-16T16:28:33,2,0,2053e271-1b47-4836-9c07-c19c169e3698
2997-9577-3445,3013-4467-3271,33109.25,2026-07-16T16:29:33,2,0,2053e271-1b47-4836-9c07-c19c169e3698
1390-1234-8553,6171-7843-9979,12305.66,2026-07-16T16:31:02,3,1,2053e271-1b47-4836-9c07-c19c169e3698
3013-4467-3271,6171-7843-9979,29798.32,2026-07-16T16:33:29,3,1,2053e271-1b47-4836-9c07-c19c169e3698
8702-3836-7852,6171-7843-9979,48077.99,2026-07-16T16:35:52,3,1,2053e271-1b47-4836-9c07-c19c169e3698
2783-9243-9201,6171-7843-9979,32139.61,2026-07-16T16:38:17,3,1,2053e271-1b47-4836-9c07-c19c169e3698
3608-3009-6145,6171-7843-9979,19861.55,2026-07-16T16:40:04,3,1,2053e271-1b47-4836-9c07-c19c169e3698
5123-8875-7456,6780-3059-1137,265592.01,2026-05-30T03:13:06,1,0,562aa778-d8c1-4463-9c04-a47d00a58354
6780-3059-1137,6092-6399-6253,102367.33,2026-05-30T03:13:59,2,0,562aa778-d8c1-4463-9c04-a47d00a58354
6780-3059-1137,4031-2156-9044,163224.68,2026-05-30T03:15:02,2,0,562aa778-d8c1-4463-9c04-a47d00a58354
4031-2156-9044,5900-5519-3322,163224.68,2026-05-30T03:16:44,3,0,562aa778-d8c1-4463-9c04-a47d00a58354
5900-5519-3322,1665-7785-3788,163224.68,2026-05-30T03:20:16,4,1,562aa778-d8c1-4463-9c04-a47d00a58354
8074-5515-1568,7224-8847-3288,459796.49,2026-08-20T00:57:20,1,0,d8992944-328b-4ed8-bca3-d617032fcd21
7224-8847-3288,2437-5209-5049,459796.49,2026-08-20T00:57:53,2,0,d8992944-328b-4ed8-bca3-d617032fcd21
2437-5209-5049,1324-2294-2777,459796.49,2026-08-20T01:02:48,3,1,d8992944-328b-4ed8-bca3-d617032fcd21
5122-9220-9712,6621-9569-9161,186446.48,2026-06-12T19:42:01,1,0,2221a661-ae4a-4f63-97ba-6b64fb1acfee
5122-9220-9712,6239-7087-3186,167378.21,2026-06-12T19:42:15,1,0,2221a661-ae4a-4f63-97ba-6b64fb1acfee
6621-9569-9161,8451-9573-4459,152387.11,2026-06-12T19:43:21,2,0,2221a661-ae4a-4f63-97ba-6b64fb1acfee
6621-9569-9161,6199-2193-8423,34059.37,2026-06-12T19:44:50,2,0,2221a661-ae4a-4f63-97ba-6b64fb1acfee
6239-7087-3186,8078-5054-4331,145135.43,2026-06-12T19:45:47,2,0,2221a661-ae4a-4f63-97ba-6b64fb1acfee
6239-7087-3186,9890-6822-9801,22242.78,2026-06-12T19:46:26,2,0,2221a661-ae4a-4f63-97ba-6b64fb1acfee
9890-6822-9801,7956-6022-8709,20018.5,2026-06-12T19:47:47,3,1,2221a661-ae4a-4f63-97ba-6b64fb1acfee
8451-9573-4459,7956-6022-8709,137148.4,2026-06-12T19:50:14,3,1,2221a661-ae4a-4f63-97ba-6b64fb1acfee
6199-2193-8423,7956-6022-8709,30653.43,2026-06-12T19:53:04,3,1,2221a661-ae4a-4f63-97ba-6b64fb1acfee
4133-8112-8887,1796-2482-1064,77675.2,2026-08-02T08:31:05,1,0,5d036aef-d94c-4524-baf9-ac46e9eea91d
4133-8112-8887,3148-9101-2262,107033.83,2026-08-02T08:31:23,1,0,5d036aef-d94c-4524-baf9-ac46e9eea91d
4133-8112-8887,1952-6125-3084,169037.28,2026-08-02T08:31:35,1,0,5d036aef-d94c-4524-baf9-ac46e9eea91d
1796-2482-1064,5434-7833-3996,59506.6,2026-08-02T08:32:30,2,0,5d036aef-d94c-4524-baf9-ac46e9eea91d
1796-2482-1064,3465-1584-2537,18168.6,2026-08-02T08:33:38,2,0,5d036aef-d94c-4524-baf9-ac46e9eea91d
3148-9101-2262,3154-7279-3100,107033.83,2026-08-02T08:34:28,2,0,5d036aef-d94c-4524-baf9-ac46e9eea91d
1952-6125-3084,1879-9102-6142,169037.28,2026-08-02T08:35:18,2,0,5d036aef-d94c-4524-baf9-ac46e9eea91d
3465-1584-2537,9670-5874-4106,16351.74,2026-08-02T08:36:24,3,1,5d036aef-d94c-4524-baf9-ac46e9eea91d
5434-7833-3996,9670-5874-4106,53555.94,2026-08-02T08:38:59,3,1,5d036aef-d94c-4524-baf9-ac46e9eea91d
3154-7279-3100,9670-5874-4106,96330.45,2026-08-02T08:41:59,3,1,5d036aef-d94c-4524-baf9-ac46e9eea91d
1879-9102-6142,9670-5874-4106,152133.55,2026-08-02T08:44:20,3,1,5d036aef-d94c-4524-baf9-ac46e9eea91d
5341-5420-1064,4313-2409-1394,47771.25,2026-06-14T08:36:38,1,0,c8de1be4-b946-4dca-8eb3-0bbbe251195a
5341-5420-1064,1197-8668-8933,24772.33,2026-06-14T08:37:32,1,0,c8de1be4-b946-4dca-8eb3-0bbbe251195a
4313-2409-1394,4614-9020-8146,34993.3,2026-06-14T08:38:30,2,0,c8de1be4-b946-4dca-8eb3-0bbbe251195a
4313-2409-1394,6809-6622-5214,2560.74,2026-06-14T08:39:20,2,0,c8de1be4-b946-4dca-8eb3-0bbbe251195a
4313-2409-1394,8222-7518-2062,10217.21,2026-06-14T08:40:01,2,0,c8de1be4-b946-4dca-8eb3-0bbbe251195a
1197-8668-8933,5047-4557-3089,9799.53,2026-06-14T08:40:53,2,0,c8de1be4-b946-4dca-8eb3-0bbbe251195a
1197-8668-8933,5362-3936-8580,13953.48,2026-06-14T08:42:16,2,0,c8de1be4-b946-4dca-8eb3-0bbbe251195a
1197-8668-8933,1835-3274-2130,1019.33,2026-06-14T08:42:56,2,0,c8de1be4-b946-4dca-8eb3-0bbbe251195a
8222-7518-2062,8752-4095-4526,9195.49,2026-06-14T08:45:42,3,1,c8de1be4-b946-4dca-8eb3-0bbbe251195a
5362-3936-8580,8752-4095-4526,12558.13,2026-06-14T08:48:32,3,1,c8de1be4-b946-4dca-8eb3-0bbbe251195a
6809-6622-5214,8752-4095-4526,2304.67,2026-06-14T08:51:29,3,1,c8de1be4-b946-4dca-8eb3-0bbbe251195a
5047-4557-3089,8752-4095-4526,8819.58,2026-06-14T08:53:25,3,1,c8de1be4-b946-4dca-8eb3-0bbbe251195a
1835-3274-2130,8752-4095-4526,917.4,2026-06-14T08:56:05,3,1,c8de1be4-b946-4dca-8eb3-0bbbe251195a
5715-3961-2380,2467-7904-4063,13025.29,2026-07-28T15:38:25,1,0,4e71b56e-f8d5-4a8e-97e3-32a230003fac
5715-3961-2380,3904-1550-7415,27983.64,2026-07-28T15:38:48,1,0,4e71b56e-f8d5-4a8e-97e3-32a230003fac
5715-3961-2380,6328-2455-1751,307303.46,2026-07-28T15:39:45,1,0,4e71b56e-f8d5-4a8e-97e3-32a230003fac
2467-7904-4063,3414-3560-1122,4944.17,2026-07-28T15:40:25,2,0,4e71b56e-f8d5-4a8e-97e3-32a230003fac
2467-7904-4063,1923-8592-3461,8081.12,2026-07-28T15:41:15,2,0,4e71b56e-f8d5-4a8e-97e3-32a230003fac
3904-1550-7415,9935-6236-8903,5257.13,2026-07-28T15:41:57,2,0,4e71b56e-f8d5-4a8e-97e3-32a230003fac
3904-1550-7415,2743-1923-4576,22726.51,2026-07-28T15:43:04,2,0,4e71b56e-f8d5-4a8e-97e3-32a230003fac
6328-2455-1751,6605-9429-7948,307303.46,2026-07-28T15:44:15,2,0,4e71b56e-f8d5-4a8e-97e3-32a230003fac
6605-9429-7948,3714-6063-8577,276573.11,2026-07-28T15:45:45,3,1,4e71b56e-f8d5-4a8e-97e3-32a230003fac
2743-1923-4576,3714-6063-8577,20453.86,2026-07-28T15:47:12,3,1,4e71b56e-f8d5-4a8e-97e3-32a230003fac
3414-3560-1122,3714-6063-8577,4449.75,2026-07-28T15:49:00,3,1,4e71b56e-f8d5-4a8e-97e3-32a230003fac
1923-8592-3461,3714-6063-8577,7273.01,2026-07-28T15:51:25,3,1,4e71b56e-f8d5-4a8e-97e3-32a230003fac
6475-5860-7730,4288-6454-2983,94196.48,2026-06-27T15:52:36,1,0,7e422798-6e0a-4190-98b0-85ea1b88c889
6475-5860-7730,8627-6121-9111,66310.74,2026-06-27T15:53:11,1,0,7e422798-6e0a-4190-98b0-85ea1b88c889
6475-5860-7730,4342-6137-2113,207820.29,2026-06-27T15:53:44,1,0,7e422798-6e0a-4190-98b0-85ea1b88c889
4288-6454-2983,4746-4586-8335,94196.48,2026-06-27T15:55:01,2,0,7e422798-6e0a-4190-98b0-85ea1b88c889
8627-6121-9111,9451-5199-3288,27704.46,2026-06-27T15:55:42,2,0,7e422798-6e0a-4190-98b0-85ea1b88c889
8627-6121-9111,2446-1142-3617,38606.28,2026-06-27T15:56:34,2,0,7e422798-6e0a-4190-98b0-85ea1b88c889
4342-6137-2113,8424-3137-4765,207820.29,2026-06-27T15:57:35,2,0,7e422798-6e0a-4190-98b0-85ea1b88c889
2446-1142-3617,8731-1757-9931,34745.65,2026-06-27T16:00:16,3,1,7e422798-6e0a-4190-98b0-85ea1b88c889
4746-4586-8335,8731-1757-9931,84776.83,2026-06-27T16:01:34,3,1,7e422798-6e0a-4190-98b0-85ea1b88c889
8424-3137-4765,8731-1757-9931,187038.26,2026-06-27T16:03:20,3,1,7e422798-6e0a-4190-98b0-85ea1b88c889
9451-5199-3288,8731-1757-9931,24934.01,2026-06-27T16:05:45,3,1,7e422798-6e0a-4190-98b0-85ea1b88c889
1539-2424-6007,7457-3180-5264,187888.71,2026-08-27T11:47:55,1,0,b308ecf6-c7ed-452a-a3d0-4f3d4092e1f3
1539-2424-6007,1419-8550-8086,28428.23,2026-08-27T11:48:53,1,0,b308ecf6-c7ed-452a-a3d0-4f3d4092e1f3
1539-2424-6007,6380-4246-1891,86865.45,2026-08-27T11:49:31,1,0,b308ecf6-c7ed-452a-a3d0-4f3d4092e1f3
7457-3180-5264,7181-6056-4636,38181.42,2026-08-27T11:50:14,2,0,b308ecf6-c7ed-452a-a3d0-4f3d4092e1f3
7457-3180-5264,8068-1079-6067,149707.29,2026-08-27T11:51:06,2,0,b308ecf6-c7ed-452a-a3d0-4f3d4092e1f3
1419-8550-8086,6475-7998-3706,28428.23,2026-08-27T11:52:12,2,0,b308ecf6-c7ed-452a-a3d0-4f3d4092e1f3
6380-4246-1891,4452-3338-6364,86865.45,2026-08-27T11:53:10,2,0,b308ecf6-c7ed-452a-a3d0-4f3d4092e1f3
4452-3338-6364,1898-5431-8659,78178.9,2026-08-27T11:55:49,3,1,b308ecf6-c7ed-452a-a3d0-4f3d4092e1f3
6475-7998-3706,1898-5431-8659,25585.41,2026-08-27T11:57:21,3,1,b308ecf6-c7ed-452a-a3d0-4f3d4092e1f3
7181-6056-4636,1898-5431-8659,34363.28,2026-08-27T11:59:06,3,1,b308ecf6-c7ed-452a-a3d0-4f3d4092e1f3
8068-1079-6067,1898-5431-8659,134736.56,2026-08-27T12:01:39,3,1,b308ecf6-c7ed-452a-a3d0-4f3d4092e1f3
9408-7485-3765,9993-7326-9518,74871.75,2026-06-06T14:55:05,1,0,745dc943-f45d-4724-9111-efb7bce2e6ee
9408-7485-3765,9548-8714-3775,63409.44,2026-06-06T14:55:58,1,0,745dc943-f45d-4724-9111-efb7bce2e6ee
9408-7485-3765,5453-5105-5174,30647.18,2026-06-06T14:56:47,1,0,745dc943-f45d-4724-9111-efb7bce2e6ee
9993-7326-9518,5474-1770-9851,63000.6,2026-06-06T14:57:51,2,0,745dc943-f45d-4724-9111-efb7bce2e6ee
9993-7326-9518,4733-4855-2662,11871.15,2026-06-06T14:58:33,2,0,745dc943-f45d-4724-9111-efb7bce2e6ee
9548-8714-3775,4333-9093-9090,4930.52,2026-06-06T14:59:07,2,0,745dc943-f45d-4724-9111-efb7bce2e6ee
9548-8714-3775,5058-1038-2491,51939.46,2026-06-06T14:59:38,2,0,745dc943-f45d-4724-9111-efb7bce2e6ee
9548-8714-3775,3584-3620-1455,6539.46,2026-06-06T15:00:17,2,0,745dc943-f45d-4724-9111-efb7bce2e6ee
5453-5105-5174,4552-2090-5769,4049.53,2026-06-06T15:00:58,2,0,745dc943-f45d-4724-9111-efb7bce2e6ee
5453-5105-5174,1079-3907-2303,6771.35,2026-06-06T15:01:39,2,0,745dc943-f45d-4724-9111-efb7bce2e6ee
5453-5105-5174,3751-8946-1745,19826.3,2026-06-06T15:02:10,2,0,745dc943-f45d-4724-9111-efb7bce2e6ee
4552-2090-5769,1127-1093-2723,3644.58,2026-06-06T15:04:31,3,1,745dc943-f45d-4724-9111-efb7bce2e6ee
5058-1038-2491,1127-1093-2723,46745.51,2026-06-06T15:06:19,3,1,745dc943-f45d-4724-9111-efb7bce2e6ee
3584-3620-1455,1127-1093-2723,5885.51,2026-06-06T15:09:04,3,1,745dc943-f45d-4724-9111-efb7bce2e6ee
5474-1770-9851,1127-1093-2723,56700.54,2026-06-06T15:10:43,3,1,745dc943-f45d-4724-9111-efb7bce2e6ee
8880-2863-7106,6121-5664-9074,226081.82,2026-06-24T19:37:11,1,0,e3cafce7-4c66-457a-8cd6-8407f346142e
6121-5664-9074,8408-1176-3185,226081.82,2026-06-24T19:38:11,2,0,e3cafce7-4c66-457a-8cd6-8407f346142e
8408-1176-3185,4889-9514-1158,226081.82,2026-06-24T19:42:51,3,1,e3cafce7-4c66-457a-8cd6-8407f346142e
2868-3928-4357,2855-7233-1206,361604.73,2026-06-03T17:49:15,1,0,96f4aeac-738d-4ffe-9d50-35d1a827d52d
2855-7233-1206,2246-9951-4824,130035.44,2026-06-03T17:50:30,2,0,96f4aeac-738d-4ffe-9d50-35d1a827d52d
2855-7233-1206,3274-6739-4062,231569.29,2026-06-03T17:51:02,2,0,96f4aeac-738d-4ffe-9d50-35d1a827d52d
3274-6739-4062,5753-3713-9669,231569.29,2026-06-03T17:55:53,3,0,96f4aeac-738d-4ffe-9d50-35d1a827d52d
5753-3713-9669,1435-2663-2367,231569.29,2026-06-03T17:58:35,4,1,96f4aeac-738d-4ffe-9d50-35d1a827d52d
9798-7740-3223,1115-3941-6240,403677.73,2026-07-03T04:03:46,1,0,55563c04-388f-46d9-bf6c-e43ace15d4df
9798-7740-3223,2570-6457-4093,11529.25,2026-07-03T04:04:06,1,0,55563c04-388f-46d9-bf6c-e43ace15d4df
9798-7740-3223,9309-7504-5203,26269.5,2026-07-03T04:04:37,1,0,55563c04-388f-46d9-bf6c-e43ace15d4df
1115-3941-6240,6914-4233-2271,403677.73,2026-07-03T04:05:45,2,0,55563c04-388f-46d9-bf6c-e43ace15d4df
2570-6457-4093,8329-6281-6238,11529.25,2026-07-03T04:06:15,2,0,55563c04-388f-46d9-bf6c-e43ace15d4df
9309-7504-5203,9018-8316-2020,12558.44,2026-07-03T04:07:01,2,0,55563c04-388f-46d9-bf6c-e43ace15d4df
9309-7504-5203,4812-9135-9260,13711.06,2026-07-03T04:08:06,2,0,55563c04-388f-46d9-bf6c-e43ace15d4df
9018-8316-2020,6566-9354-4805,11302.6,2026-07-03T04:10:37,3,1,55563c04-388f-46d9-bf6c-e43ace15d4df
4812-9135-9260,6566-9354-4805,12339.95,2026-07-03T04:12:33,3,1,55563c04-388f-46d9-bf6c-e43ace15d4df
8329-6281-6238,6566-9354-4805,10376.33,2026-07-03T04:14:29,3,1,55563c04-388f-46d9-bf6c-e43ace15d4df
6914-4233-2271,6566-9354-4805,363309.96,2026-07-03T04:15:52,3,1,55563c04-388f-46d9-bf6c-e43ace15d4df
4870-3137-1178,2768-2474-3582,41530.59,2026-08-15T15:53:09,1,0,722233ca-38b5-488f-b920-fda472a865d7
4870-3137-1178,2035-4166-5188,186856.68,2026-08-15T15:53:23,1,0,722233ca-38b5-488f-b920-fda472a865d7
2768-2474-3582,1679-7573-6157,23760.58,2026-08-15T15:54:33,2,0,722233ca-38b5-488f-b920-fda472a865d7
2768-2474-3582,2052-2083-8685,17770.01,2026-08-15T15:55:07,2,0,722233ca-38b5-488f-b920-fda472a865d7
2035-4166-5188,6761-8207-8137,13278.99,2026-08-15T15:56:30,2,0,722233ca-38b5-488f-b920-fda472a865d7
2035-4166-5188,9359-7644-4198,62280.4,2026-08-15T15:57:40,2,0,722233ca-38b5-488f-b920-fda472a865d7
2035-4166-5188,2467-3679-5171,111297.29,2026-08-15T15:58:52,2,0,722233ca-38b5-488f-b920-fda472a865d7
6761-8207-8137,8614-8192-7817,11951.09,2026-08-15T16:01:06,3,1,722233ca-38b5-488f-b920-fda472a865d7
9359-7644-4198,8614-8192-7817,56052.36,2026-08-15T16:03:40,3,1,722233ca-38b5-488f-b920-fda472a865d7
2052-2083-8685,8614-8192-7817,15993.01,2026-08-15T16:04:59,3,1,722233ca-38b5-488f-b920-fda472a865d7
2467-3679-5171,8614-8192-7817,100167.56,2026-08-15T16:06:41,3,1,722233ca-38b5-488f-b920-fda472a865d7
1657-3112-3499,4369-1068-5121,299679.69,2026-06-06T06:31:44,1,0,1dcade49-3112-42dd-9421-1f4729c5a575
1657-3112-3499,6734-4768-6002,272.67,2026-06-06T06:32:03,1,0,1dcade49-3112-42dd-9421-1f4729c5a575
1657-3112-3499,8407-9270-3656,176120.39,2026-06-06T06:32:24,1,0,1dcade49-3112-42dd-9421-1f4729c5a575
4369-1068-5121,6910-9225-9173,299679.69,2026-06-06T06:33:05,2,0,1dcade49-3112-42dd-9421-1f4729c5a575
6734-4768-6002,6561-8743-1260,272.67,2026-06-06T06:33:45,2,0,1dcade49-3112-42dd-9421-1f4729c5a575
8407-9270-3656,9241-7568-7941,176120.39,2026-06-06T06:34:27,2,0,1dcade49-3112-42dd-9421-1f4729c5a575
9241-7568-7941,3217-8453-5070,158508.35,2026-06-06T06:35:56,3,1,1dcade49-3112-42dd-9421-1f4729c5a575
6561-8743-1260,3217-8453-5070,245.4,2026-06-06T06:38:22,3,1,1dcade49-3112-42dd-9421-1f4729c5a575
6910-9225-9173,3217-8453-5070,269711.72,2026-06-06T06:39:31,3,1,1dcade49-3112-42dd-9421-1f4729c5a575
7639-3720-3548,5078-6463-4698,70592.76,2026-06-08T02:34:37,1,0,2df24a25-ac0b-4a46-aa5d-4b88e123bb33
7639-3720-3548,4844-6107-1048,400615.14,2026-06-08T02:34:59,1,0,2df24a25-ac0b-4a46-aa5d-4b88e123bb33
5078-6463-4698,2505-7134-7526,70592.76,2026-06-08T02:36:13,2,0,2df24a25-ac0b-4a46-aa5d-4b88e123bb33
4844-6107-1048,4469-7572-3807,24904.62,2026-06-08T02:37:39,2,0,2df24a25-ac0b-4a46-aa5d-4b88e123bb33
4844-6107-1048,9653-7874-3981,375710.52,2026-06-08T02:38:26,2,0,2df24a25-ac0b-4a46-aa5d-4b88e123bb33
2505-7134-7526,3413-2377-2269,63533.48,2026-06-08T02:40:09,3,1,2df24a25-ac0b-4a46-aa5d-4b88e123bb33
4469-7572-3807,3413-2377-2269,22414.16,2026-06-08T02:42:21,3,1,2df24a25-ac0b-4a46-aa5d-4b88e123bb33
9653-7874-3981,3413-2377-2269,338139.47,2026-06-08T02:44:58,3,1,2df24a25-ac0b-4a46-aa5d-4b88e123bb33
3943-5919-7202,9284-2796-7014,305622.22,2026-07-11T05:22:15,1,0,0be46cc5-4dfb-4aa7-9ba2-619fdc9e69fe
9284-2796-7014,9046-3844-5123,276632.25,2026-07-11T05:23:22,2,0,0be46cc5-4dfb-4aa7-9ba2-619fdc9e69fe
9284-2796-7014,7347-5723-3916,28989.97,2026-07-11T05:24:20,2,0,0be46cc5-4dfb-4aa7-9ba2-619fdc9e69fe
7347-5723-3916,2937-6900-4929,28989.97,2026-07-11T05:28:58,3,0,0be46cc5-4dfb-4aa7-9ba2-619fdc9e69fe
2937-6900-4929,7038-2233-9667,28989.97,2026-07-11T05:30:54,4,1,0be46cc5-4dfb-4aa7-9ba2-619fdc9e69fe
1798-6564-8627,3810-5261-6313,64687.99,2026-07-22T20:47:06,1,0,e78722a7-eae1-4896-a551-e1d4e4916161
1798-6564-8627,4220-2248-1421,81385.29,2026-07-22T20:47:59,1,0,e78722a7-eae1-4896-a551-e1d4e4916161
1798-6564-8627,9243-2503-3298,61520.25,2026-07-22T20:48:49,1,0,e78722a7-eae1-4896-a551-e1d4e4916161
3810-5261-6313,7377-2871-1433,12419.27,2026-07-22T20:50:06,2,0,e78722a7-eae1-4896-a551-e1d4e4916161
3810-5261-6313,7186-7770-4970,52268.72,2026-07-22T20:50:45,2,0,e78722a7-eae1-4896-a551-e1d4e4916161
4220-2248-1421,1605-7320-6540,73120.23,2026-07-22T20:51:37,2,0,e78722a7-eae1-4896-a551-e1d4e4916161
4220-2248-1421,1146-7958-2270,3871.74,2026-07-22T20:52:07,2,0,e78722a7-eae1-4896-a551-e1d4e4916161
4220-2248-1421,5362-8172-2368,4393.32,2026-07-22T20:53:35,2,0,e78722a7-eae1-4896-a551-e1d4e4916161
9243-2503-3298,9865-7809-9379,61520.25,2026-07-22T20:54:19,2,0,e78722a7-eae1-4896-a551-e1d4e4916161
7377-2871-1433,7093-1601-8570,11177.34,2026-07-22T20:56:56,3,1,e78722a7-eae1-4896-a551-e1d4e4916161
1605-7320-6540,7093-1601-8570,65808.21,2026-07-22T20:59:32,3,1,e78722a7-eae1-4896-a551-e1d4e4916161
5362-8172-2368,7093-1601-8570,3953.99,2026-07-22T21:00:36,3,1,e78722a7-eae1-4896-a551-e1d4e4916161
9865-7809-9379,7093-1601-8570,55368.22,2026-07-22T21:02:11,3,1,e78722a7-eae1-4896-a551-e1d4e4916161
8793-4650-9000,5041-9736-7932,122586.4,2026-06-03T21:14:58,1,0,ba9aa081-d9f2-43cc-b67f-719ae987a7b7
5041-9736-7932,5477-8486-6302,16371.67,2026-06-03T21:16:25,2,0,ba9aa081-d9f2-43cc-b67f-719ae987a7b7
5041-9736-7932,8709-8156-4495,106214.73,2026-06-03T21:17:05,2,0,ba9aa081-d9f2-43cc-b67f-719ae987a7b7
8709-8156-4495,7388-8267-8119,106214.73,2026-06-03T21:18:09,3,1,ba9aa081-d9f2-43cc-b67f-719ae987a7b7
4578-5466-9773,6184-1072-5599,6888.71,2026-06-07T13:49:22,1,0,5797b6f6-b240-4990-adf9-921f558d08cd
6184-1072-5599,1416-3185-9695,2829.21,2026-06-07T13:50:05,2,0,5797b6f6-b240-4990-adf9-921f558d08cd
6184-1072-5599,6825-7714-7276,2908.47,2026-06-07T13:50:36,2,0,5797b6f6-b240-4990-adf9-921f558d08cd
6184-1072-5599,7971-1247-7867,1151.03,2026-06-07T13:51:11,2,0,5797b6f6-b240-4990-adf9-921f558d08cd
6825-7714-7276,2700-9624-1382,2617.62,2026-06-07T13:52:27,3,1,5797b6f6-b240-4990-adf9-921f558d08cd
7971-1247-7867,2700-9624-1382,1035.93,2026-06-07T13:53:34,3,1,5797b6f6-b240-4990-adf9-921f558d08cd
1416-3185-9695,2700-9624-1382,2546.29,2026-06-07T13:55:55,3,1,5797b6f6-b240-4990-adf9-921f558d08cd
3580-5528-5000,8424-6420-1623,106240.45,2026-07-31T00:43:05,1,0,c23f4892-0906-4b2f-9965-5addec54cdf3
3580-5528-5000,8327-7837-6939,1201.28,2026-07-31T00:43:31,1,0,c23f4892-0906-4b2f-9965-5addec54cdf3
8424-6420-1623,3534-6410-2245,24384.38,2026-07-31T00:44:51,2,0,c23f4892-0906-4b2f-9965-5addec54cdf3
8424-6420-1623,3792-3794-6422,58982.62,2026-07-31T00:46:12,2,0,c23f4892-0906-4b2f-9965-5addec54cdf3
8424-6420-1623,5758-7869-8503,22873.45,2026-07-31T00:47:19,2,0,c23f4892-0906-4b2f-9965-5addec54cdf3
8327-7837-6939,6369-3655-4424,740.55,2026-07-31T00:48:32,2,0,c23f4892-0906-4b2f-9965-5addec54cdf3
8327-7837-6939,7511-9132-5174,460.73,2026-07-31T00:49:54,2,0,c23f4892-0906-4b2f-9965-5addec54cdf3
3534-6410-2245,6611-2345-3111,21945.94,2026-07-31T00:51:47,3,1,c23f4892-0906-4b2f-9965-5addec54cdf3
5758-7869-8503,6611-2345-3111,20586.1,2026-07-31T00:53:27,3,1,c23f4892-0906-4b2f-9965-5addec54cdf3
7511-9132-5174,6611-2345-3111,414.66,2026-07-31T00:54:35,3,1,c23f4892-0906-4b2f-9965-5addec54cdf3
7145-5057-6467,5658-7835-2152,238117.5,2026-08-24T22:50:37,1,0,ba9fd24e-7970-46a1-a1f0-0ee718927fb6
5658-7835-2152,9374-6802-3305,238117.5,2026-08-24T22:51:08,2,0,ba9fd24e-7970-46a1-a1f0-0ee718927fb6
9374-6802-3305,9637-9162-9611,238117.5,2026-08-24T22:54:14,3,1,ba9fd24e-7970-46a1-a1f0-0ee718927fb6
4089-4580-9316,5699-2677-2080,188655.16,2026-07-06T02:27:12,1,0,f66d628f-a2ee-44d7-871c-86eb27ecf88e
5699-2677-2080,4791-2001-9267,188655.16,2026-07-06T02:28:34,2,0,f66d628f-a2ee-44d7-871c-86eb27ecf88e
4791-2001-9267,8043-1888-3961,188655.16,2026-07-06T02:32:27,3,0,f66d628f-a2ee-44d7-871c-86eb27ecf88e
8043-1888-3961,8720-9852-1791,188655.16,2026-07-06T02:36:34,4,1,f66d628f-a2ee-44d7-871c-86eb27ecf88e
8954-7769-9170,8598-8453-4934,12303.54,2026-06-21T00:48:26,1,0,a7fa3e7d-26b3-439b-a9d1-613c7bce51d9
8954-7769-9170,7816-6604-8473,222900.15,2026-06-21T00:48:39,1,0,a7fa3e7d-26b3-439b-a9d1-613c7bce51d9
8598-8453-4934,5097-4310-6869,858.31,2026-06-21T00:49:45,2,0,a7fa3e7d-26b3-439b-a9d1-613c7bce51d9
8598-8453-4934,2819-2767-1827,9531.34,2026-06-21T00:50:54,2,0,a7fa3e7d-26b3-439b-a9d1-613c7bce51d9
8598-8453-4934,3289-7255-4347,1913.9,2026-06-21T00:52:05,2,0,a7fa3e7d-26b3-439b-a9d1-613c7bce51d9
7816-6604-8473,6100-9520-6159,222900.15,2026-06-21T00:52:56,2,0,a7fa3e7d-26b3-439b-a9d1-613c7bce51d9
5097-4310-6869,1232-7316-8209,772.48,2026-06-21T00:54:09,3,1,a7fa3e7d-26b3-439b-a9d1-613c7bce51d9
2819-2767-1827,1232-7316-8209,8578.21,2026-06-21T00:56:54,3,1,a7fa3e7d-26b3-439b-a9d1-613c7bce51d9
6100-9520-6159,1232-7316-8209,200610.14,2026-06-21T00:58:49,3,1,a7fa3e7d-26b3-439b-a9d1-613c7bce51d9
3289-7255-4347,1232-7316-8209,1722.51,2026-06-21T01:00:42,3,1,a7fa3e7d-26b3-439b-a9d1-613c7bce51d9
3225-8424-8431,1893-3855-5618,335729.88,2026-08-16T12:48:13,1,0,f0cc8e73-b1f6-43eb-8837-fade9c4e5cfb
1893-3855-5618,3748-1550-3583,7059.52,2026-08-16T12:49:22,2,0,f0cc8e73-b1f6-43eb-8837-fade9c4e5cfb
1893-3855-5618,4750-6918-9310,328670.36,2026-08-16T12:50:26,2,0,f0cc8e73-b1f6-43eb-8837-fade9c4e5cfb
3748-1550-3583,6869-2352-7292,7059.52,2026-08-16T12:54:19,3,0,f0cc8e73-b1f6-43eb-8837-fade9c4e5cfb
6869-2352-7292,5526-6137-7448,7059.52,2026-08-16T12:58:07,4,1,f0cc8e73-b1f6-43eb-8837-fade9c4e5cfb
1096-1494-5224,7068-3783-5966,212222.88,2026-07-21T01:26:48,1,0,25a390c0-966d-47d9-9551-c0a577979101
7068-3783-5966,6987-6410-5188,39550.21,2026-07-21T01:27:56,2,0,25a390c0-966d-47d9-9551-c0a577979101
7068-3783-5966,9088-1152-2132,75288.39,2026-07-21T01:28:45,2,0,25a390c0-966d-47d9-9551-c0a577979101
7068-3783-5966,9226-8699-8996,97384.28,2026-07-21T01:30:03,2,0,25a390c0-966d-47d9-9551-c0a577979101
6987-6410-5188,1938-6072-2256,35595.19,2026-07-21T01:32:58,3,1,25a390c0-966d-47d9-9551-c0a577979101
9226-8699-8996,1938-6072-2256,87645.85,2026-07-21T01:34:28,3,1,25a390c0-966d-47d9-9551-c0a577979101
9088-1152-2132,1938-6072-2256,67759.55,2026-07-21T01:36:54,3,1,25a390c0-966d-47d9-9551-c0a577979101
1206-8984-3089,2438-7313-5394,1983.73,2026-08-25T17:14:17,1,0,c54c68c6-b81b-42a5-9dfb-8d5667b5606b
1206-8984-3089,6735-8887-6302,5821.6,2026-08-25T17:14:39,1,0,c54c68c6-b81b-42a5-9dfb-8d5667b5606b
1206-8984-3089,3907-8992-6657,36277.42,2026-08-25T17:15:32,1,0,c54c68c6-b81b-42a5-9dfb-8d5667b5606b
2438-7313-5394,1855-7928-7410,299.61,2026-08-25T17:16:09,2,0,c54c68c6-b81b-42a5-9dfb-8d5667b5606b
2438-7313-5394,9537-9324-2150,931.12,2026-08-25T17:16:44,2,0,c54c68c6-b81b-42a5-9dfb-8d5667b5606b
2438-7313-5394,6693-6874-8669,753.0,2026-08-25T17:17:33,2,0,c54c68c6-b81b-42a5-9dfb-8d5667b5606b
6735-8887-6302,5110-7673-1231,3568.88,2026-08-25T17:18:10,2,0,c54c68c6-b81b-42a5-9dfb-8d5667b5606b
6735-8887-6302,6597-7070-6137,2252.72,2026-08-25T17:18:53,2,0,c54c68c6-b81b-42a5-9dfb-8d5667b5606b
3907-8992-6657,7085-2222-9368,12137.85,2026-08-25T17:20:01,2,0,c54c68c6-b81b-42a5-9dfb-8d5667b5606b
3907-8992-6657,3434-7114-7470,24139.57,2026-08-25T17:21:12,2,0,c54c68c6-b81b-42a5-9dfb-8d5667b5606b
6597-7070-6137,5983-9611-8892,2027.45,2026-08-25T17:23:57,3,1,c54c68c6-b81b-42a5-9dfb-8d5667b5606b
7085-2222-9368,5983-9611-8892,10924.06,2026-08-25T17:26:31,3,1,c54c68c6-b81b-42a5-9dfb-8d5667b5606b
5110-7673-1231,5983-9611-8892,3211.99,2026-08-25T17:27:59,3,1,c54c68c6-b81b-42a5-9dfb-8d5667b5606b
3434-7114-7470,5983-9611-8892,21725.61,2026-08-25T17:29:05,3,1,c54c68c6-b81b-42a5-9dfb-8d5667b5606b
3956-6694-2287,5103-3181-4851,159395.82,2026-07-29T06:57:03,1,0,5072fbb8-7d7a-4300-ba43-c27289161306
3956-6694-2287,1070-2974-3197,180983.95,2026-07-29T06:57:20,1,0,5072fbb8-7d7a-4300-ba43-c27289161306
5103-3181-4851,9231-7967-4993,159395.82,2026-07-29T06:58:19,2,0,5072fbb8-7d7a-4300-ba43-c27289161306
1070-2974-3197,4706-7362-1072,131139.61,2026-07-29T06:59:01,2,0,5072fbb8-7d7a-4300-ba43-c27289161306
1070-2974-3197,7882-3456-3847,49844.34,2026-07-29T07:00:12,2,0,5072fbb8-7d7a-4300-ba43-c27289161306
9231-7967-4993,1030-5881-1137,143456.24,2026-07-29T07:01:16,3,1,5072fbb8-7d7a-4300-ba43-c27289161306
4706-7362-1072,1030-5881-1137,118025.65,2026-07-29T07:02:42,3,1,5072fbb8-7d7a-4300-ba43-c27289161306
7882-3456-3847,1030-5881-1137,44859.91,2026-07-29T07:05:20,3,1,5072fbb8-7d7a-4300-ba43-c27289161306
4391-6322-3086,4756-6595-7769,122922.85,2026-06-11T07:39:34,1,0,317c8ee6-f90e-4405-9da1-11a84c8ca0f1
4391-6322-3086,2324-2899-9435,132669.58,2026-06-11T07:40:29,1,0,317c8ee6-f90e-4405-9da1-11a84c8ca0f1
4391-6322-3086,3478-1210-4978,149595.63,2026-06-11T07:40:47,1,0,317c8ee6-f90e-4405-9da1-11a84c8ca0f1
4756-6595-7769,2049-2687-2538,88977.86,2026-06-11T07:42:08,2,0,317c8ee6-f90e-4405-9da1-11a84c8ca0f1
4756-6595-7769,3680-9233-2287,20192.98,2026-06-11T07:43:03,2,0,317c8ee6-f90e-4405-9da1-11a84c8ca0f1
4756-6595-7769,8645-8936-1491,13752.01,2026-06-11T07:43:37,2,0,317c8ee6-f90e-4405-9da1-11a84c8ca0f1
2324-2899-9435,9444-5585-6509,51332.64,2026-06-11T07:44:49,2,0,317c8ee6-f90e-4405-9da1-11a84c8ca0f1
2324-2899-9435,1166-4153-4294,27285.17,2026-06-11T07:45:33,2,0,317c8ee6-f90e-4405-9da1-11a84c8ca0f1
2324-2899-9435,9050-1806-3834,54051.77,2026-06-11T07:46:45,2,0,317c8ee6-f90e-4405-9da1-11a84c8ca0f1
3478-1210-4978,6618-3066-8343,64000.65,2026-06-11T07:48:07,2,0,317c8ee6-f90e-4405-9da1-11a84c8ca0f1
3478-1210-4978,6407-7792-8399,61032.05,2026-06-11T07:49:02,2,0,317c8ee6-f90e-4405-9da1-11a84c8ca0f1
3478-1210-4978,2607-6608-1777,24562.94,2026-06-11T07:49:40,2,0,317c8ee6-f90e-4405-9da1-11a84c8ca0f1
1166-4153-4294,9279-4898-9317,24556.65,2026-06-11T07:51:01,3,1,317c8ee6-f90e-4405-9da1-11a84c8ca0f1
3680-9233-2287,9279-4898-9317,18173.68,2026-06-11T07:52:16,3,1,317c8ee6-f90e-4405-9da1-11a84c8ca0f1
2607-6608-1777,9279-4898-9317,22106.65,2026-06-11T07:54:08,3,1,317c8ee6-f90e-4405-9da1-11a84c8ca0f1
8645-8936-1491,9279-4898-9317,12376.81,2026-06-11T07:56:40,3,1,317c8ee6-f90e-4405-9da1-11a84c8ca0f1
6407-7792-8399,9279-4898-9317,54928.84,2026-06-11T07:58:32,3,1,317c8ee6-f90e-4405-9da1-11a84c8ca0f1
3193-7336-2778,6370-5405-1388,84814.72,2026-06-24T02:31:55,1,0,6a408380-09bb-4fb1-a070-05c0626d2ef6
3193-7336-2778,3146-5995-5317,261592.75,2026-06-24T02:32:31,1,0,6a408380-09bb-4fb1-a070-05c0626d2ef6
3193-7336-2778,5857-4108-5194,71476.05,2026-06-24T02:33:15,1,0,6a408380-09bb-4fb1-a070-05c0626d2ef6
6370-5405-1388,1556-2481-7021,66877.74,2026-06-24T02:34:45,2,0,6a408380-09bb-4fb1-a070-05c0626d2ef6
6370-5405-1388,6679-7558-8267,12855.5,2026-06-24T02:36:03,2,0,6a408380-09bb-4fb1-a070-05c0626d2ef6
6370-5405-1388,9447-4072-3320,5081.48,2026-06-24T02:37:24,2,0,6a408380-09bb-4fb1-a070-05c0626d2ef6
3146-5995-5317,8531-1502-7800,261592.75,2026-06-24T02:38:18,2,0,6a408380-09bb-4fb1-a070-05c0626d2ef6
5857-4108-5194,9700-9072-9763,71476.05,2026-06-24T02:38:50,2,0,6a408380-09bb-4fb1-a070-05c0626d2ef6
6679-7558-8267,3587-1186-7994,11569.95,2026-06-24T02:40:51,3,1,6a408380-09bb-4fb1-a070-05c0626d2ef6
1556-2481-7021,3587-1186-7994,60189.97,2026-06-24T02:43:51,3,1,6a408380-09bb-4fb1-a070-05c0626d2ef6
8531-1502-7800,3587-1186-7994,235433.48,2026-06-24T02:45:28,3,1,6a408380-09bb-4fb1-a070-05c0626d2ef6
