account_id,bank_name,city,lat,long,total_received,total_sent,txn_count_24h,avg_txn_amount,is_mule_label,hop_depth
1000-3507-2983,HDFC Bank,Mumbai,19.036361,72.830166,290625.47,290625.47,1,290625.47,1,1
1000-6549-2254,Kotak Mahindra Bank,Jaipur,26.888476,75.825982,167175.92,0.0,1,167175.92,1,2
1001-5068-5925,Kotak Mahindra Bank,Lucknow,26.848967,80.994802,67407.88,67407.88,1,67407.88,1,1
1001-5438-9083,YES Bank,Mumbai,19.124645,72.92,7585.59,7585.59,1,7585.59,1,1
1003-3403-3444,IndusInd Bank,Chandigarh,30.713274,76.808835,4967.49,0.0,1,4967.49,1,2
1004-1511-1819,Bank of Baroda,Mumbai,19.045079,72.870017,100.0,0.0,1,100.0,1,2
1005-9233-4637,Union Bank of India,Hyderabad,17.404669,78.459495,30833.72,27750.35,1,30833.72,1,2
1008-5124-7671,Federal Bank,Kolkata,22.556714,88.381684,4778.92,4301.03,1,4778.92,1,2
1011-5909-1960,South Indian Bank,Ahmedabad,23.038207,72.609534,281664.84,253498.36,1,281664.84,1,2
1011-8598-5774,UCO Bank,Chennai,13.079185,80.264083,9085.07,8176.56,1,9085.07,1,2
1013-3416-4283,Canara Bank,Noida,28.509973,77.409471,10231.17,9208.05,1,10231.17,1,2
1014-2268-2774,Punjab National Bank,Hyderabad,17.382519,78.515408,20947.57,20947.57,1,20947.57,1,1
1016-8612-5739,ICICI Bank,Delhi,28.657251,77.207219,223869.1,223869.1,1,223869.1,1,2
1020-4516-6656,Axis Bank,Chennai,13.046888,80.239776,13991.34,12592.21,1,13991.34,1,2
1026-2815-9633,Federal Bank,Hyderabad,17.425665,78.500614,12645.9,11381.31,1,12645.9,1,2
1028-9669-1206,Axis Bank,Jaipur,26.91222,75.790821,6849.84,6164.86,1,6849.84,1,2
1030-5881-1137,Federal Bank,Lucknow,26.860906,80.932574,306341.8,0.0,3,102113.93,1,3
1035-7930-2840,Federal Bank,Delhi,28.62639,77.204629,27285.8,27285.8,1,27285.8,1,1
1040-8364-3336,Kotak Mahindra Bank,Chennai,13.086147,80.228247,43128.02,38815.22,1,43128.02,1,2
1043-4798-4546,YES Bank,Chennai,13.099184,80.253409,7649.01,6884.11,1,7649.01,1,2
1044-1208-2458,South Indian Bank,Noida,28.542261,77.376966,112310.03,0.0,4,28077.51,1,3
1044-6229-8575,Kotak Mahindra Bank,Bhopal,23.269783,77.443619,17204.41,17204.41,1,17204.41,1,1
1046-4443-2814,Federal Bank,Lucknow,26.830978,80.934453,51541.54,0.0,3,17180.51,1,3
1047-1941-6643,YES Bank,Ahmedabad,23.06599,72.565397,140031.69,140031.69,1,140031.69,1,1
1047-9851-5617,HDFC Bank,Hyderabad,17.374331,78.503863,31632.58,0.0,5,6326.52,1,3
1050-2544-4032,South Indian Bank,Lucknow,26.813723,80.964344,22694.54,0.0,1,22694.54,1,2
1060-4762-5045,UCO Bank,Pune,18.488982,73.869707,102693.85,102693.84999999999,1,102693.85,1,1
1060-8381-3059,Canara Bank,Mumbai,19.046976,72.846816,1238.6,1277.71,1,1238.6,1,1
1060-9206-9552,Federal Bank,Hyderabad,17.38643,78.530456,19815.51,17833.96,1,19815.51,1,2
1060-9444-9039,IDBI Bank,Patna,25.622638,85.141613,95680.59,0.0,1,95680.59,1,2
1062-2995-1249,Canara Bank,Noida,28.577698,77.376547,405638.89,365075.0,1,405638.89,1,2
1070-2974-3197,Kotak Mahindra Bank,Hyderabad,17.432303,78.512015,180983.95,180983.94999999998,1,180983.95,1,1
1072-2089-5744,Punjab National Bank,Lucknow,26.862833,80.981491,97906.06,88115.45,1,97906.06,1,2
1076-6355-7303,HDFC Bank,Bhopal,23.301161,77.422572,52824.96,0.0,1,52824.96,1,2
1076-8565-5659,Canara Bank,Lucknow,26.824167,80.971569,96370.52,86733.47,1,96370.52,1,2
1077-4938-6419,Canara Bank,Bhopal,23.247078,77.446379,185596.21,185596.21,1,185596.21,1,3
1079-1440-6593,IndusInd Bank,Kolkata,22.557493,88.372598,467926.99,467926.99,1,467926.99,1,1
1079-3907-2303,State Bank of India,Bhopal,23.228193,77.397368,6771.35,0.0,1,6771.35,1,2
1080-6550-2588,UCO Bank,Bhopal,23.227498,77.387411,372085.04,372085.04,1,372085.04,1,1
1081-8820-3610,IndusInd Bank,Hyderabad,17.356249,78.483931,16074.85,14467.36,1,16074.85,1,2
1084-7420-4188,Axis Bank,Lucknow,26.892478,80.9879,68286.99,68286.99,1,68286.99,1,1
1099-6207-1297,HDFC Bank,Lucknow,26.873984,80.908417,46057.39,46057.39,1,46057.39,1,1
1102-8929-8850,ICICI Bank,Noida,28.540476,77.386577,104763.33,94287.0,1,104763.33,1,2
1104-3125-7001,HDFC Bank,Kolkata,22.603138,88.331187,260.97,234.87,1,260.97,1,2
1105-3484-9444,Axis Bank,Gurgaon,28.455703,77.024499,26873.21,0.0,1,26873.21,1,2
1108-9187-9166,Axis Bank,Mumbai,19.03969,72.868694,28065.1,28065.1,1,28065.1,1,1
1109-3870-6234,UCO Bank,Bhopal,23.307575,77.447871,61996.71,55797.04,1,61996.71,1,2
1111-1867-6871,UCO Bank,Noida,28.540054,77.392191,136941.13,0.0,5,27388.23,1,3
1113-3549-5098,Punjab National Bank,Bengaluru,13.010819,77.598243,10691.04,10691.04,1,10691.04,1,1
1115-3941-6240,ICICI Bank,Hyderabad,17.358386,78.438274,403677.73,403677.73,1,403677.73,1,1
1124-3807-7136,Federal Bank,Chandigarh,30.694152,76.805842,14010.79,14010.79,1,14010.79,1,1
1126-1126-6836,IDBI Bank,Bhopal,23.30165,77.45493,253510.27,0.0,1,253510.27,1,3
1127-1093-2723,IndusInd Bank,Ahmedabad,23.032447,72.589449,112976.14000000001,0.0,4,28244.04,1,3
1128-5191-9364,YES Bank,Hyderabad,17.414967,78.4747,32405.81,29165.23,1,32405.81,1,2
1129-9907-4810,Union Bank of India,Lucknow,26.815259,80.914835,116384.74,104746.27,1,116384.74,1,2
1131-4571-3632,Bank of Baroda,Bhopal,23.217188,77.383852,261197.46,261197.46,1,261197.46,1,3
1135-5075-7994,Federal Bank,Chennai,13.065514,80.246561,17852.67,16067.4,1,17852.67,1,2
1136-9174-3410,Kotak Mahindra Bank,Delhi,28.592202,77.218307,23047.8,0.0,1,23047.8,1,2
1138-2113-1195,HDFC Bank,Kolkata,22.59115,88.349052,245540.44,220986.4,1,245540.44,1,2
1141-2741-9737,YES Bank,Chandigarh,30.728022,76.784647,10046.44,9041.8,1,10046.44,1,2
1141-6487-6437,Union Bank of India,Bhopal,23.292164,77.414304,11518.44,10366.6,1,11518.44,1,2
1144-2879-6668,YES Bank,Noida,28.511159,77.413398,76722.56,69050.3,1,76722.56,1,2
1145-4782-1113,HDFC Bank,Ahmedabad,23.036853,72.535167,293067.99,293067.99,1,293067.99,1,1
1145-8767-3167,South Indian Bank,Hyderabad,17.369871,78.4619,5113.27,4601.94,1,5113.27,1,2
1146-7958-2270,ICICI Bank,Lucknow,26.80484,80.90061,3871.74,0.0,1,3871.74,1,2
1150-9819-8546,Bank of Baroda,Gurgaon,28.472989,77.026593,149739.22,0.0,5,29947.84,1,3
1154-2973-2262,Axis Bank,Chennai,13.076208,80.257326,40684.78,0.0,3,13561.59,1,3
1154-8088-2261,Kotak Mahindra Bank,Mumbai,19.083388,72.896003,151454.99,0.0,3,50485.0,1,3
1155-9414-3547,IDBI Bank,Pune,18.562244,73.870619,56354.91,56354.91,1,56354.91,1,1
1162-4253-2274,IDBI Bank,Jaipur,26.898185,75.793863,217350.94,0.0,3,72450.31,1,3
1166-4153-4294,Kotak Mahindra Bank,Bengaluru,12.956104,77.61345,27285.17,24556.65,1,27285.17,1,2
1167-7813-7777,Kotak Mahindra Bank,Pune,18.471443,73.875952,50915.58,50915.58,1,50915.58,1,1
1168-8296-7180,Axis Bank,Gurgaon,28.50406,77.062567,313470.84,282123.76,1,313470.84,1,2
1171-4563-7136,HDFC Bank,Chandigarh,30.777624,76.760178,120418.73,0.0,1,120418.73,1,3
1179-6064-4075,YES Bank,Chennai,13.037505,80.230021,125772.8,0.0,1,125772.8,1,2
1183-4190-8332,Union Bank of India,Chandigarh,30.743523,76.818599,412715.03,412715.03,1,412715.03,1,1
1183-5493-1000,Bank of Baroda,Noida,28.527249,77.343239,100.0,90.0,1,100.0,1,2
1190-3505-6538,Axis Bank,Bhopal,23.250563,77.416862,26419.91,0.0,1,26419.91,1,2
1191-7490-8141,Canara Bank,Chandigarh,30.739274,76.775591,95273.34,0.0,3,31757.78,1,3
1195-4613-6552,HDFC Bank,Bhopal,23.279826,77.381825,23940.76,21546.68,1,23940.76,1,2
1197-8668-8933,Axis Bank,Chandigarh,30.758949,76.778296,24772.33,24772.34,1,24772.33,1,1
1197-8850-3557,HDFC Bank,Jaipur,26.956764,75.766338,251825.61,251825.61,1,251825.61,1,1
1198-1052-6552,Canara Bank,Lucknow,26.820146,80.974223,2045.32,0.0,1,2045.32,1,2
1199-4330-2941,State Bank of India,Kolkata,22.592473,88.389932,15788.34,14209.51,1,15788.34,1,2
1204-2846-6719,Union Bank of India,Bhopal,23.297235,77.459532,62582.97,0.0,1,62582.97,1,3
1206-9894-1995,IndusInd Bank,Mumbai,19.064661,72.927133,195543.69,195543.69,1,195543.69,1,1
1207-5413-8614,Canara Bank,Ahmedabad,23.011064,72.523056,12763.33,12763.33,1,12763.33,1,1
1216-5698-2822,YES Bank,Gurgaon,28.425535,77.016239,78227.85,70405.06,1,78227.85,1,2
1218-5147-5179,State Bank of India,Patna,25.599281,85.111209,14078.56,12670.7,1,14078.56,1,2
1225-8753-9676,IndusInd Bank,Mumbai,19.046092,72.914085,477.67,429.9,1,477.67,1,2
1232-7316-8209,Punjab National Bank,Lucknow,26.85199,80.931132,211683.34000000003,0.0,4,52920.84,1,3
1234-3342-1558,Kotak Mahindra Bank,Bhopal,23.228675,77.449553,106334.19,95700.77,1,106334.19,1,2
1235-2844-2410,Axis Bank,Noida,28.553302,77.34399,6501.69,5851.52,1,6501.69,1,2
1235-3822-1818,Punjab National Bank,Bhopal,23.219629,77.423723,460096.63,460096.63,1,460096.63,1,2
1238-3447-8324,South Indian Bank,Bhopal,23.269544,77.427105,2901.5,2611.35,1,2901.5,1,2
1240-2097-5327,Axis Bank,Chennai,13.084257,80.302681,110311.92,99280.73,1,110311.92,1,2
1241-3780-5208,Federal Bank,Pune,18.55024,73.820195,93021.75,83719.58,1,93021.75,1,2
1245-2775-8775,HDFC Bank,Gurgaon,28.469052,77.070777,64463.32,0.0,1,64463.32,1,2
1249-9422-2677,South Indian Bank,Bengaluru,12.965965,77.557607,32361.1,29124.99,1,32361.1,1,2
1253-6981-1036,Union Bank of India,Gurgaon,28.475391,76.993694,23085.57,20777.01,1,23085.57,1,2
1255-2665-5849,Axis Bank,Ahmedabad,22.996234,72.587541,15968.19,14371.37,1,15968.19,1,2
1255-5579-2552,Canara Bank,Pune,18.485293,73.85004,13568.1,13568.1,1,13568.1,1,1
1255-7880-3829,Punjab National Bank,Ahmedabad,23.01122,72.579008,50959.58,50959.58,1,50959.58,1,1
1259-7109-3181,Canara Bank,Bengaluru,12.980217,77.546278,343600.6,343600.6,1,343600.6,1,1
1260-1621-1910,ICICI Bank,Chennai,13.081589,80.304903,78389.26,78389.26,1,78389.26,1,1
1260-6737-1107,ICICI Bank,Lucknow,26.83195,80.954938,131887.37,0.0,3,43962.46,1,3
1263-1286-7007,ICICI Bank,Gurgaon,28.473085,77.044399,128848.03,0.0,3,42949.34,1,3
1264-1118-7226,IDBI Bank,Noida,28.549858,77.379969,53468.9,48122.01,1,53468.9,1,2
1269-3125-7127,South Indian Bank,Hyderabad,17.375128,78.469764,45014.58,40513.12,1,45014.58,1,2
1271-4315-9564,South Indian Bank,Ahmedabad,22.976404,72.599787,51585.01,51585.01,1,51585.01,1,1
1273-3727-4701,Union Bank of India,Chandigarh,30.751496,76.804878,185541.61,185541.61,1,185541.61,1,1
1274-4407-8087,Canara Bank,Kolkata,22.557671,88.361601,197512.3,0.0,3,65837.43,1,3
1276-8488-7623,South Indian Bank,Gurgaon,28.472195,77.017758,253499.78,0.0,3,84499.93,1,3
1277-2916-6996,Kotak Mahindra Bank,Delhi,28.627489,77.203985,38634.38,34770.94,1,38634.38,1,2
1278-5449-5998,Bank of Baroda,Bengaluru,12.944065,77.557655,5071.58,4564.42,1,5071.58,1,2
1280-4840-8961,Axis Bank,Kolkata,22.586789,88.328369,188325.79,169493.21,1,188325.79,1,2
1282-8207-1145,IndusInd Bank,Bhopal,23.231684,77.368458,129283.01,129283.01000000001,1,129283.01,1,1
1284-4010-4010,Canara Bank,Noida,28.562826,77.344713,19705.05,17734.54,1,19705.05,1,2
1284-8856-6705,Federal Bank,Noida,28.498371,77.410424,49335.17,44401.65,1,49335.17,1,2
1293-2600-6824,State Bank of India,Mumbai,19.065824,72.875828,11488.31,10339.48,1,11488.31,1,2
1296-6137-4700,South Indian Bank,Chennai,13.033401,80.268441,456501.46,0.0,1,456501.46,1,3
1303-6109-2467,Kotak Mahindra Bank,Gurgaon,28.467903,77.01604,2307.69,2076.92,1,2307.69,1,2
1307-5863-3053,Punjab National Bank,Delhi,28.570482,77.2289,106004.66,106004.66,1,106004.66,1,1
1309-6348-3262,Canara Bank,Hyderabad,17.338667,78.468204,291905.49,262714.94,1,291905.49,1,2
1310-6028-4694,Bank of Baroda,Ahmedabad,23.065072,72.595211,105711.69,95140.52,1,105711.69,1,2
1312-5792-7332,Canara Bank,Kolkata,22.53256,88.345446,89317.14,0.0,1,89317.14,1,2
1313-4742-4675,Bank of Baroda,Lucknow,26.875913,80.933719,81487.44,81487.44,1,81487.44,1,1
1315-2850-5624,Axis Bank,Delhi,28.589746,77.219726,3387.48,3048.73,1,3387.48,1,2
1318-2508-9062,UCO Bank,Lucknow,26.803379,80.973974,60568.55,0.0,1,60568.55,1,2
1318-7989-5346,Federal Bank,Bengaluru,12.957779,77.566352,1618.41,1456.57,1,1618.41,1,2
1321-9144-8438,ICICI Bank,Hyderabad,17.356754,78.497434,7839.27,0.0,1,7839.27,1,2
1322-8887-4808,Bank of Baroda,Mumbai,19.115815,72.895621,250340.57,225306.51,1,250340.57,1,2
1322-9821-6343,State Bank of India,Lucknow,26.855499,80.994776,218152.51,218152.51,1,218152.51,1,1
1324-2294-2777,HDFC Bank,Patna,25.570385,85.089745,459796.49,0.0,1,459796.49,1,3
1330-4848-6505,Canara Bank,Lucknow,26.890802,80.927276,461501.92,0.0,1,461501.92,1,4
1339-2649-3289,Axis Bank,Ahmedabad,22.976852,72.596967,173863.43,156477.09,1,173863.43,1,2
1339-2802-1222,State Bank of India,Patna,25.598337,85.169426,84345.25,75910.73,1,84345.25,1,2
1348-5670-1292,Bank of Baroda,Jaipur,26.869345,75.746812,22328.09,20095.28,1,22328.09,1,2
1348-6928-5661,YES Bank,Jaipur,26.873829,75.828087,20197.4,20197.399999999998,1,20197.4,1,1
1352-1651-5053,Punjab National Bank,Patna,25.606679,85.175468,53830.62,0.0,1,53830.62,1,2
1357-2908-3721,UCO Bank,Mumbai,19.055483,72.910645,133700.71,133700.71000000002,1,133700.71,1,1
1359-3712-6903,Federal Bank,Mumbai,19.054915,72.830525,163875.03,147487.53,1,163875.03,1,2
1366-7755-4738,IndusInd Bank,Chandigarh,30.717539,76.755506,102456.13,102456.13,1,102456.13,1,1
1367-4992-1706,Union Bank of India,Delhi,28.578587,77.175634,21119.77,19007.79,1,21119.77,1,2
1371-6114-3674,Punjab National Bank,Delhi,28.636582,77.174239,22602.08,22602.08,1,22602.08,1,3
1372-7378-9377,Axis Bank,Bhopal,23.255677,77.434906,251695.87,0.0,1,251695.87,1,4
1374-6325-5095,UCO Bank,Jaipur,26.930836,75.832485,251695.87,251695.87,1,251695.87,1,3
1375-8247-4405,South Indian Bank,Patna,25.621455,85.143362,66901.24,66901.23999999999,1,66901.24,1,1
1376-6089-8004,Punjab National Bank,Pune,18.565122,73.856457,84606.22,84606.22,1,84606.22,1,1
1376-7578-6646,State Bank of India,Delhi,28.659123,77.222894,28293.37,25464.03,1,28293.37,1,2
1376-8749-3539,IndusInd Bank,Chennai,13.107628,80.25165,7915.92,7124.33,1,7915.92,1,2
1377-3415-9454,YES Bank,Chandigarh,30.701493,76.730679,37172.35,37172.35,1,37172.35,1,1
1379-6793-3120,South Indian Bank,Delhi,28.575314,77.183144,53962.1,53962.1,1,53962.1,1,2
1380-4241-9120,Bank of Baroda,Patna,25.625561,85.159177,1202.71,1082.44,1,1202.71,1,2
1381-2386-8697,Punjab National Bank,Hyderabad,17.362979,78.46576,393619.52,393619.52,1,393619.52,1,2
1382-4878-3072,State Bank of India,Noida,28.550747,77.40156,70485.65,0.0,3,23495.22,1,3
1384-9973-9919,IndusInd Bank,Patna,25.629052,85.099098,11168.07,11168.07,1,11168.07,1,1
1390-1234-8553,South Indian Bank,Patna,25.586091,85.179966,13672.96,12305.66,1,13672.96,1,2
1392-9276-1688,YES Bank,Patna,25.617373,85.172558,3685.01,3316.51,1,3685.01,1,2
1395-6647-9583,IndusInd Bank,Ahmedabad,22.985913,72.55997,95556.51,95556.51,1,95556.51,1,1
1396-1859-4694,ICICI Bank,Kolkata,22.554895,88.389496,4186.27,3767.64,1,4186.27,1,2
1397-4998-2059,Bank of Baroda,Bengaluru,12.923649,77.588229,64267.49,0.0,1,64267.49,1,2
1405-4329-1170,Federal Bank,Hyderabad,17.407356,78.509591,24255.84,21830.26,1,24255.84,1,2
1408-4724-8612,IndusInd Bank,Ahmedabad,23.06299,72.565863,117243.65,105519.28,1,117243.65,1,2
1412-9415-3852,YES Bank,Ahmedabad,23.043254,72.601392,57093.74,0.0,1,57093.74,1,2
1414-6991-8636,State Bank of India,Mumbai,19.062099,72.847189,117814.64,0.0,1,117814.64,1,2
1414-9667-7732,Bank of Baroda,Chandigarh,30.765336,76.751656,226526.39,0.0,1,226526.39,1,3
1416-3185-9695,Bank of Baroda,Pune,18.5172,73.898425,2829.21,2546.29,1,2829.21,1,2
1416-7975-2973,IndusInd Bank,Lucknow,26.886939,80.927741,31075.31,27967.78,1,31075.31,1,2
1417-1785-2084,IndusInd Bank,Pune,18.499703,73.867353,17447.53,0.0,1,17447.53,1,2
1419-8550-8086,Kotak Mahindra Bank,Hyderabad,17.403704,78.439105,28428.23,28428.23,1,28428.23,1,1
1420-5251-9848,Canara Bank,Chennai,13.080028,80.23007,17758.54,15982.69,1,17758.54,1,2
1428-5671-6369,IDBI Bank,Noida,28.578641,77.401291,245764.17,221187.75,1,245764.17,1,2
1431-7958-7089,Federal Bank,Ahmedabad,22.975519,72.557924,212422.89,212422.89,1,212422.89,1,1
1432-9117-2076,IndusInd Bank,Delhi,28.605986,77.183965,56897.17,51207.45,1,56897.17,1,2
1435-2663-2367,Kotak Mahindra Bank,Kolkata,22.533894,88.357201,231569.29,0.0,1,231569.29,1,4
1436-6682-9820,South Indian Bank,Ahmedabad,23.016933,72.554734,2002.57,1802.31,1,2002.57,1,2
1439-1021-6596,Union Bank of India,Hyderabad,17.368469,78.509564,73992.67,73992.67,1,73992.67,1,1
1440-5625-8838,South Indian Bank,Pune,18.48403,73.89779,365230.89,365230.89,1,365230.89,1,2
1445-5100-7361,Canara Bank,Ahmedabad,23.062739,72.614097,1814.17,1632.75,1,1814.17,1,2
1447-1396-1497,HDFC Bank,Lucknow,26.844778,80.976737,86384.61,86384.61,1,86384.61,1,2
1458-7125-5375,Canara Bank,Ahmedabad,23.061991,72.601149,68249.29,61424.36,1,68249.29,1,2
1459-9123-6179,Punjab National Bank,Patna,25.626344,85.178807,30916.99,27825.29,1,30916.99,1,2
1460-2614-3207,Kotak Mahindra Bank,Ahmedabad,23.066473,72.609883,51387.42,46248.68,1,51387.42,1,2
1461-3595-9924,Bank of Baroda,Chandigarh,30.712799,76.781524,129870.33,129870.33,1,129870.33,1,1
1462-7863-6493,Punjab National Bank,Kolkata,22.609239,88.41068,138260.95,138260.95,1,138260.95,1,3
1469-3483-7959,Bank of Baroda,Chandigarh,30.686257,76.802001,396429.99,396429.99,1,396429.99,1,1
1471-9740-4636,Punjab National Bank,Bengaluru,12.982356,77.565042,7705.64,6935.08,1,7705.64,1,2
1473-7965-3143,ICICI Bank,Patna,25.577751,85.116519,57564.83,57564.83,1,57564.83,1,1
1478-3091-9854,UCO Bank,Bengaluru,12.934225,77.620811,251112.98,251112.97999999998,1,251112.98,1,1
1478-3625-6349,ICICI Bank,Chandigarh,30.746655,76.778596,2490.65,2241.58,1,2490.65,1,2
1480-2186-5766,YES Bank,Hyderabad,17.383285,78.494971,378228.62,340405.76,1,378228.62,1,2
1485-6094-3205,IDBI Bank,Chandigarh,30.754133,76.820396,78501.96,0.0,1,78501.96,1,2
1486-4262-4241,ICICI Bank,Mumbai,19.097884,72.861682,446866.61,0.0,1,446866.61,1,3
1488-6573-7377,YES Bank,Ahmedabad,23.042235,72.619014,27865.68,25079.11,1,27865.68,1,2
1489-8858-7951,State Bank of India,Mumbai,19.085009,72.840706,263749.59,237374.63,1,263749.59,1,2
1490-1542-1188,Bank of Baroda,Gurgaon,28.48372,77.040304,169784.6,0.0,1,169784.6,1,2
1496-7354-6785,ICICI Bank,Hyderabad,17.42158,78.524382,61215.98,0.0,1,61215.98,1,2
1497-1635-9807,Kotak Mahindra Bank,Mumbai,19.041525,72.889019,29027.68,0.0,1,29027.68,1,2
1497-8807-3860,State Bank of India,Lucknow,26.844672,80.969343,406.82,0.0,1,406.82,1,2
1498-5554-2133,Punjab National Bank,Jaipur,26.863612,75.814316,163978.01,163978.01,1,163978.01,1,1
1506-4391-8555,Kotak Mahindra Bank,Kolkata,22.533716,88.374301,104919.34,104919.35,1,104919.34,1,1
1507-5245-5087,UCO Bank,Kolkata,22.61808,88.377583,22868.78,20581.9,1,22868.78,1,2
1509-8214-3348,Canara Bank,Gurgaon,28.477023,77.038361,203198.09999999998,0.0,3,67732.7,1,3
1512-1634-8463,YES Bank,Gurgaon,28.439866,77.017689,49899.729999999996,0.0,3,16633.24,1,3
1514-1833-5551,South Indian Bank,Pune,18.509152,73.850468,5433.27,5433.27,1,5433.27,1,2
1515-2889-9471,UCO Bank,Hyderabad,17.393839,78.440085,31292.96,28163.66,1,31292.96,1,2
1526-8752-6810,YES Bank,Jaipur,26.901024,75.777211,289161.79,289161.79,1,289161.79,1,1
1528-6051-8938,Punjab National Bank,Chennai,13.071229,80.274331,309240.54,0.0,3,103080.18,1,3
1532-7515-6326,UCO Bank,Mumbai,19.086471,72.840422,97418.48,87676.63,1,97418.48,1,2
1535-3186-5774,IndusInd Bank,Jaipur,26.932398,75.803906,390118.43,390118.43,1,390118.43,1,1
1538-3897-5965,IDBI Bank,Gurgaon,28.452568,77.007846,329681.16,296713.04,1,329681.16,1,2
1538-7528-2619,State Bank of India,Chennai,13.084995,80.245169,8268.48,7441.63,1,8268.48,1,2
1540-8560-5225,YES Bank,Delhi,28.60201,77.192501,223436.54,223436.54,1,223436.54,1,1
1554-1011-9536,South Indian Bank,Noida,28.503475,77.377197,26243.48,0.0,1,26243.48,1,2
1556-2481-7021,Axis Bank,Ahmedabad,23.037617,72.595525,66877.74,60189.97,1,66877.74,1,2
1560-3364-7679,HDFC Bank,Chennai,13.131037,80.306314,204326.41,183893.77,1,204326.41,1,2
1560-4490-6073,Bank of Baroda,Kolkata,22.567859,88.35356,144352.93,129917.64,1,144352.93,1,2
1563-3666-9612,YES Bank,Bengaluru,12.940426,77.62705,8180.69,7362.62,1,8180.69,1,2
1565-5990-2127,Axis Bank,Pune,18.547869,73.87904,3971.29,0.0,1,3971.29,1,2
1565-6921-1462,State Bank of India,Noida,28.494731,77.412161,3638.59,3638.59,1,3638.59,1,1
1567-4081-7234,Axis Bank,Ahmedabad,23.013194,72.559157,100.0,0.0,1,100.0,1,2
1567-5660-1267,South Indian Bank,Kolkata,22.578232,88.406492,24269.41,24269.41,1,24269.41,1,1
1572-1511-2851,South Indian Bank,Pune,18.565369,73.831907,12856.19,12856.189999999999,1,12856.19,1,1
1572-9581-6620,IDBI Bank,Chandigarh,30.782586,76.770472,24495.29,24495.29,1,24495.29,1,1
1575-9733-3868,HDFC Bank,Gurgaon,28.420344,76.999526,20679.79,20679.79,1,20679.79,1,1
1578-4111-6622,ICICI Bank,Pune,18.517478,73.880792,10288.95,10288.95,1,10288.95,1,1
1585-2701-9432,IDBI Bank,Bhopal,23.253954,77.413116,195543.69,0.0,1,195543.69,1,2
1585-5683-5182,Bank of Baroda,Mumbai,19.089431,72.838003,5865.91,5279.32,1,5865.91,1,2
1587-4851-8213,YES Bank,Chennai,13.034829,80.304333,10177.71,9159.94,1,10177.71,1,2
1587-8704-5263,IDBI Bank,Chennai,13.044302,80.310218,139210.11,125289.1,1,139210.11,1,2
1595-1414-3490,Federal Bank,Jaipur,26.935349,75.743871,229651.93,0.0,1,229651.93,1,2
1596-3871-2392,Union Bank of India,Jaipur,26.955034,75.759627,20636.66,0.0,1,20636.66,1,2
1599-5201-1191,HDFC Bank,Noida,28.510532,77.400832,12627.16,0.0,1,12627.16,1,2
1600-2940-1771,Union Bank of India,Ahmedabad,22.99489,72.611929,204318.56,204318.56,1,204318.56,1,1
1603-5263-8641,Federal Bank,Ahmedabad,22.980368,72.527393,11552.92,11552.92,1,11552.92,1,2
1604-6801-2968,Kotak Mahindra Bank,Patna,25.617161,85.165844,24299.29,0.0,1,24299.29,1,2
1605-7320-6540,UCO Bank,Delhi,28.574648,77.175469,73120.23,65808.21,1,73120.23,1,2
1608-2575-1718,State Bank of India,Delhi,28.56717,77.199133,67717.57,60945.81,1,67717.57,1,2
1609-3535-8579,HDFC Bank,Noida,28.537096,77.379926,7958.83,7958.83,1,7958.83,1,1
1611-1321-5303,UCO Bank,Delhi,28.588829,77.258749,62833.14,62833.14,1,62833.14,1,1
1617-2210-5113,South Indian Bank,Kolkata,22.568618,88.382913,141095.27,0.0,5,28219.05,1,3
1620-5876-9141,UCO Bank,Chennai,13.044728,80.262158,209.76,188.78,1,209.76,1,2
1620-8917-7038,Federal Bank,Patna,25.572042,85.139295,196648.98,0.0,1,196648.98,1,2
1624-3568-8926,HDFC Bank,Jaipur,26.87312,75.73888,32917.77,32917.77,1,32917.77,1,2
1625-6957-3475,ICICI Bank,Ahmedabad,23.013191,72.569765,222446.93,0.0,3,74148.98,1,3
1626-5604-7401,IndusInd Bank,Noida,28.537695,77.375555,16491.12,0.0,5,3298.22,1,3
1631-1278-9084,IDBI Bank,Hyderabad,17.424639,78.528902,1090.38,0.0,1,1090.38,1,2
1632-7190-3322,Bank of Baroda,Ahmedabad,23.016119,72.569169,941.79,847.61,1,941.79,1,2
1634-4395-1436,YES Bank,Chandigarh,30.729803,76.768594,197963.39,0.0,3,65987.8,1,3
1637-2746-1899,Bank of Baroda,Noida,28.516339,77.370982,38552.19,38552.19,1,38552.19,1,1
1638-7299-9473,ICICI Bank,Patna,25.586138,85.152579,35377.08,0.0,3,11792.36,1,3
1639-7949-9113,IndusInd Bank,Patna,25.592819,85.162499,237897.91,237897.91,1,237897.91,1,1
1644-7002-2522,YES Bank,Ahmedabad,22.995477,72.565814,12361.38,0.0,1,12361.38,1,2
1644-8728-9547,Kotak Mahindra Bank,Gurgaon,28.415905,77.021519,22808.63,20527.77,1,22808.63,1,2
1645-1563-3314,Union Bank of India,Hyderabad,17.339963,78.467119,438747.87,438747.87,1,438747.87,1,1
1648-9533-7797,Bank of Baroda,Bengaluru,12.942182,77.550007,66815.85,66815.85,1,66815.85,1,1
1650-5492-3959,IndusInd Bank,Mumbai,19.078106,72.887909,2051.5,1846.35,1,2051.5,1,2
1653-6258-7248,Kotak Mahindra Bank,Chennai,13.062343,80.285853,115792.53,104213.28,1,115792.53,1,2
1654-7054-5544,Canara Bank,Pune,18.532672,73.873384,218217.42,0.0,4,54554.36,1,3
1661-4175-6035,Bank of Baroda,Patna,25.580067,85.125036,11687.96,0.0,4,2921.99,1,3
1662-3706-6075,HDFC Bank,Delhi,28.572135,77.162951,390118.43,390118.43,1,390118.43,1,2
1663-9387-8292,Federal Bank,Hyderabad,17.38915,78.442599,74318.54,74318.54,1,74318.54,1,1
1664-1482-3690,HDFC Bank,Delhi,28.647271,77.235325,122262.5,122262.5,1,122262.5,1,1
1665-7785-3788,Federal Bank,Kolkata,22.600964,88.337116,163224.68,0.0,1,163224.68,1,4
1667-3522-7131,IndusInd Bank,Patna,25.578505,85.184943,236073.48,236073.48,1,236073.48,1,2
1668-8233-6841,Federal Bank,Lucknow,26.809065,80.905558,2891.73,2602.56,1,2891.73,1,2
1669-4360-7656,Kotak Mahindra Bank,Patna,25.642936,85.09992,2694.69,0.0,1,2694.69,1,2
1672-2151-5544,Union Bank of India,Kolkata,22.535342,88.323489,231843.37,0.0,1,231843.37,1,2
1672-2595-9704,HDFC Bank,Pune,18.528818,73.852811,2182.95,1964.66,1,2182.95,1,2
1679-7573-6157,IDBI Bank,Bhopal,23.295486,77.410062,23760.58,0.0,1,23760.58,1,2
1683-2704-1583,State Bank of India,Chandigarh,30.685935,76.807582,44340.54,0.0,1,44340.54,1,2
1683-5176-6389,South Indian Bank,Mumbai,19.110777,72.91581,82920.22,82920.22,1,82920.22,1,1
1685-2586-4458,Union Bank of India,Patna,25.598219,85.157076,55143.36,0.0,5,11028.67,1,3
1686-2040-8415,Axis Bank,Hyderabad,17.339558,78.498921,82743.22,82743.22,1,82743.22,1,3
1687-1596-8420,Axis Bank,Delhi,28.594585,77.215583,37304.76,0.0,5,7460.95,1,3
1696-8311-1785,Union Bank of India,Delhi,28.627962,77.245617,135087.36,0.0,1,135087.36,1,2
1697-4030-1039,Union Bank of India,Ahmedabad,23.025321,72.549733,116384.74,116384.74,1,116384.74,1,1
1697-7361-3910,South Indian Bank,Kolkata,22.566824,88.366342,79900.4,0.0,1,79900.4,1,3
1697-9283-8912,UCO Bank,Gurgaon,28.507405,77.048164,105075.5,105075.5,1,105075.5,1,3
1702-3554-6027,IndusInd Bank,Mumbai,19.090734,72.850909,217495.72,217495.72,1,217495.72,1,2
1716-3165-5068,IDBI Bank,Noida,28.499423,77.416967,5174.73,4657.26,1,5174.73,1,2
1717-3126-3926,State Bank of India,Mumbai,19.074537,72.837575,5393.25,4853.92,1,5393.25,1,2
1719-3799-6491,Kotak Mahindra Bank,Pune,18.48847,73.896554,2688.54,2419.69,1,2688.54,1,2
1719-5719-1469,IDBI Bank,Ahmedabad,22.976666,72.579357,19666.1,19666.1,1,19666.1,1,1
1721-8007-9036,Federal Bank,Mumbai,19.106287,72.849751,434705.61,0.0,1,434705.61,1,3
1728-1824-6565,UCO Bank,Gurgaon,28.500361,77.024559,188312.9,188312.90000000002,1,188312.9,1,1
1728-6755-2857,Canara Bank,Bengaluru,12.962679,77.615536,482.39,434.15,1,482.39,1,2
1731-8572-1437,State Bank of India,Delhi,28.575368,77.250714,86119.29,77507.36,1,86119.29,1,2
1733-3554-3321,Axis Bank,Ahmedabad,22.998319,72.613618,185596.21,0.0,1,185596.21,1,4
1735-7854-9114,Canara Bank,Pune,18.534823,73.863071,60019.57,0.0,3,20006.52,1,3
1741-4611-5289,Federal Bank,Bhopal,23.273249,77.393805,5624.13,5624.13,1,5624.13,1,1
1742-1488-9321,Canara Bank,Noida,28.540274,77.422783,247801.41,247801.41,1,247801.41,1,1
1745-1087-5155,UCO Bank,Hyderabad,17.432752,78.503826,135646.92,135646.92,1,135646.92,1,3
1745-9012-1946,Union Bank of India,Mumbai,19.103909,72.924404,9000.59,8100.53,1,9000.59,1,2
1750-6507-6847,Kotak Mahindra Bank,Mumbai,19.12175,72.829343,84901.72,84901.72,1,84901.72,1,1
1753-2037-5286,Bank of Baroda,Kolkata,22.591424,88.375724,1393.1,1253.79,1,1393.1,1,2
1756-1868-2482,Bank of Baroda,Chennai,13.127904,80.294467,7799.36,7019.42,1,7799.36,1,2
1756-4367-1505,South Indian Bank,Chandigarh,30.690617,76.820422,180110.75,180110.75,1,180110.75,1,3
1756-9510-5807,UCO Bank,Kolkata,22.543584,88.323801,82566.34,82566.34,1,82566.34,1,1
1762-3717-3290,IndusInd Bank,Jaipur,26.938542,75.766169,363674.16,0.0,1,363674.16,1,4
1768-9059-8746,State Bank of India,Pune,18.529183,73.895926,7585.59,0.0,1,7585.59,1,4
1771-7444-5889,IDBI Bank,Chennai,13.088344,80.287119,125193.26999999999,0.0,4,31298.32,1,3
1771-8269-9408,Union Bank of India,Hyderabad,17.399963,78.488267,145125.44,0.0,1,145125.44,1,4
1772-1515-8032,IndusInd Bank,Chennai,13.106677,80.307687,18354.7,0.0,1,18354.7,1,2
1772-8669-6077,ICICI Bank,Chennai,13.101723,80.259768,41047.93,0.0,3,13682.64,1,3
1775-3430-6785,Kotak Mahindra Bank,Gurgaon,28.501913,77.047781,48952.15,0.0,1,48952.15,1,4
1776-8906-5527,Bank of Baroda,Pune,18.557035,73.86557,111273.0,100145.7,1,111273.0,1,2
1777-7672-6907,UCO Bank,Kolkata,22.583322,88.356691,381094.42,0.0,3,127031.47,1,3
1782-5890-8032,Bank of Baroda,Bhopal,23.255262,77.37922,93599.38,84239.44,1,93599.38,1,2
1785-2771-1323,IDBI Bank,Jaipur,26.86333,75.779387,5477.9,4930.11,1,5477.9,1,2
1786-4242-3984,YES Bank,Mumbai,19.065676,72.828871,62483.78,0.0,1,62483.78,1,2
1786-6314-9244,South Indian Bank,Pune,18.476127,73.876644,3872.31,3485.08,1,3872.31,1,2
1787-3434-6701,State Bank of India,Noida,28.584476,77.358215,12671.87,12671.869999999999,1,12671.87,1,1
1787-6451-4378,Canara Bank,Chennai,13.095354,80.28898,4385.89,4385.889999999999,1,4385.89,1,1
1790-2897-7828,IndusInd Bank,Kolkata,22.58488,88.383973,17757.39,0.0,1,17757.39,1,2
1792-8685-3554,Federal Bank,Gurgaon,28.472871,77.029555,100706.34000000001,0.0,3,33568.78,1,3
1796-2482-1064,Axis Bank,Kolkata,22.56802,88.323986,77675.2,77675.2,1,77675.2,1,1
1799-4542-7345,Canara Bank,Kolkata,22.582375,88.388621,57989.42,57989.42,1,57989.42,1,1
1800-7131-8748,Punjab National Bank,Kolkata,22.527174,88.353767,18820.52,18820.519999999997,1,18820.52,1,1
1806-4251-7563,Union Bank of India,Chennai,13.087811,80.266442,209687.74999999997,0.0,5,41937.55,1,3
1813-9764-1362,ICICI Bank,Noida,28.520502,77.388537,288127.05,0.0,4,72031.76,1,3
1814-7559-8265,South Indian Bank,Noida,28.524253,77.367344,16039.75,14435.78,1,16039.75,1,2
1815-2038-7542,ICICI Bank,Mumbai,19.039601,72.912462,11452.89,10307.6,1,11452.89,1,2
1815-7570-8027,UCO Bank,Pune,18.538721,73.843505,353053.19,0.0,3,117684.4,1,3
1816-3654-3830,Union Bank of India,Hyderabad,17.42435,78.455294,313470.84,313470.84,1,313470.84,1,1
1819-5376-1706,UCO Bank,Bengaluru,12.956317,77.610789,38683.66,0.0,3,12894.55,1,3
1821-3506-2469,IndusInd Bank,Chennai,13.121627,80.227141,158095.51,158095.51,1,158095.51,1,3
1828-1500-1816,Canara Bank,Lucknow,26.893601,80.979529,214365.65,214365.65,1,214365.65,1,1
1830-1377-9438,Federal Bank,Mumbai,19.034248,72.837312,12600.28,12600.28,1,12600.28,1,1
1831-2293-6234,HDFC Bank,Bengaluru,12.98882,77.61086,166795.38999999998,0.0,3,55598.46,1,3
1831-9929-9655,IndusInd Bank,Ahmedabad,22.97611,72.536808,55160.31,49644.28,1,55160.31,1,2
1834-6469-1129,Kotak Mahindra Bank,Lucknow,26.856284,80.95163,85584.25,77025.82,1,85584.25,1,2
1835-3274-2130,Kotak Mahindra Bank,Ahmedabad,23.046585,72.618643,1019.33,917.4,1,1019.33,1,2
1845-1580-4152,ICICI Bank,Delhi,28.641804,77.16218,31664.99,0.0,1,31664.99,1,2
1849-4318-4925,UCO Bank,Ahmedabad,23.021798,72.596639,155788.4,155788.4,1,155788.4,1,2
1854-4493-8831,HDFC Bank,Chandigarh,30.732903,76.781615,377460.6,377460.60000000003,1,377460.6,1,1
1855-7928-7410,IDBI Bank,Bengaluru,13.005185,77.612334,299.61,0.0,1,299.61,1,2
1856-5999-1512,State Bank of India,Bengaluru,13.004524,77.588008,22989.92,20690.93,1,22989.92,1,2
1857-8437-4253,Punjab National Bank,Lucknow,26.849887,80.983958,32778.9,29501.01,1,32778.9,1,2
1859-4711-8662,Punjab National Bank,Lucknow,26.893066,80.945777,4316.65,3884.98,1,4316.65,1,2
1860-2802-7287,Axis Bank,Noida,28.543956,77.416044,53136.38,47822.74,1,53136.38,1,2
1860-5254-1705,State Bank of India,Pune,18.496773,73.875492,475684.39,475684.39,1,475684.39,1,1
1861-3933-8987,YES Bank,Hyderabad,17.342182,78.509375,216243.99,216243.99,1,216243.99,1,1
1866-1957-4319,UCO Bank,Chennai,13.115507,80.28299,32003.11,32003.11,1,32003.11,1,1
1869-3976-8201,Kotak Mahindra Bank,Jaipur,26.882232,75.816021,210614.11,210614.11,1,210614.11,1,1
1876-4340-9663,Punjab National Bank,Mumbai,19.09138,72.871386,138957.57,0.0,4,34739.39,1,3
1877-7433-3063,YES Bank,Bhopal,23.255922,77.368035,359993.15,323993.84,1,359993.15,1,2
1879-9102-6142,Federal Bank,Ahmedabad,23.025205,72.549782,169037.28,152133.55,1,169037.28,1,2
1881-2410-7987,Canara Bank,Gurgaon,28.475151,77.031779,205548.87,0.0,4,51387.22,1,3
1884-2028-6254,State Bank of India,Mumbai,19.106847,72.857383,256260.18,230634.16,1,256260.18,1,2
1886-2736-2208,Axis Bank,Noida,28.542418,77.422371,142694.89,142694.89,1,142694.89,1,1
1886-3034-6924,Axis Bank,Delhi,28.646152,77.175513,7912.52,0.0,1,7912.52,1,2
1887-4964-7638,South Indian Bank,Chennai,13.038444,80.266169,253510.27,253510.27,1,253510.27,1,2
1887-5370-1857,Bank of Baroda,Hyderabad,17.342121,78.496073,210747.17,0.0,1,210747.17,1,2
1888-4031-9228,Federal Bank,Bengaluru,12.990738,77.578114,477247.24,477247.24,1,477247.24,1,1
1890-4765-5134,IDBI Bank,Hyderabad,17.367736,78.535123,4332.83,4332.83,1,4332.83,1,1
1893-3855-5618,Canara Bank,Ahmedabad,23.055005,72.613223,335729.88,335729.88,1,335729.88,1,1
1898-5431-8659,ICICI Bank,Mumbai,19.083197,72.867833,272864.15,0.0,4,68216.04,1,3
1902-6718-1601,ICICI Bank,Bhopal,23.263024,77.416731,27098.670000000002,0.0,3,9032.89,1,3
1903-9643-1682,IDBI Bank,Chandigarh,30.737579,76.793493,47673.0,47673.0,1,47673.0,1,1
1906-2375-6143,Punjab National Bank,Bhopal,23.299957,77.403301,180070.92,180070.91999999998,1,180070.92,1,1
1906-6322-8388,YES Bank,Ahmedabad,22.998364,72.599489,50405.36,50405.36,1,50405.36,1,3
1907-5502-2431,South Indian Bank,Gurgaon,28.445596,76.999646,10988.68,10988.68,1,10988.68,1,1
1909-4212-9730,South Indian Bank,Gurgaon,28.478414,77.06423,73780.45,73780.45,1,73780.45,1,1
1911-5596-8635,Canara Bank,Chennai,13.064087,80.280035,76276.89,76276.89,1,76276.89,1,1
1915-7011-7649,Kotak Mahindra Bank,Patna,25.582416,85.157643,409246.25,409246.25,1,409246.25,1,1
1920-3272-4268,State Bank of India,Hyderabad,17.40356,78.457722,150574.56,135517.1,1,150574.56,1,2
1921-4714-8666,YES Bank,Ahmedabad,23.070095,72.536863,191278.94,191278.94,1,191278.94,1,1
1923-8592-3461,ICICI Bank,Chennai,13.037396,80.28342,8081.12,7273.01,1,8081.12,1,2
1924-7411-7226,Punjab National Bank,Kolkata,22.545124,88.376621,423425.44,423425.44,1,423425.44,1,1
1925-5166-5491,IndusInd Bank,Hyderabad,17.415692,78.461104,91983.29,82784.96,1,91983.29,1,2
1929-9713-3254,HDFC Bank,Pune,18.54499,73.888987,38541.85,38541.85,1,38541.85,1,1
1931-1617-1858,Union Bank of India,Bhopal,23.249292,77.414722,394873.07999999996,0.0,3,131624.36,1,3
1933-5971-2207,Punjab National Bank,Kolkata,22.545786,88.377359,19595.52,17635.97,1,19595.52,1,2
1937-1423-3453,Bank of Baroda,Hyderabad,17.346516,78.528126,86384.61,86384.61,1,86384.61,1,3
1938-6072-2256,Kotak Mahindra Bank,Chennai,13.063998,80.27611,191000.59000000003,0.0,3,63666.86,1,3
1941-7039-9495,Union Bank of India,Hyderabad,17.409314,78.475599,176841.79,176841.79,1,176841.79,1,1
1942-6695-8809,South Indian Bank,Lucknow,26.868061,80.945281,10509.7,9458.73,1,10509.7,1,2
1945-7313-7947,IndusInd Bank,Jaipur,26.888533,75.782847,9910.31,9910.310000000001,1,9910.31,1,1
1950-9125-8434,YES Bank,Lucknow,26.832511,80.982166,72116.51,72116.51,1,72116.51,1,3
1951-5956-7055,Canara Bank,Mumbai,19.028285,72.843255,12864.07,11577.66,1,12864.07,1,2
1952-1355-4011,Federal Bank,Bengaluru,12.993154,77.612302,51565.78,46409.2,1,51565.78,1,2
1952-6125-3084,IndusInd Bank,Pune,18.543501,73.844969,169037.28,169037.28,1,169037.28,1,1
1957-7349-2960,Axis Bank,Patna,25.54762,85.142158,253640.09,0.0,1,253640.09,1,4
1958-3394-6237,South Indian Bank,Lucknow,26.832439,80.901489,16056.63,0.0,1,16056.63,1,4
1958-5882-7388,Bank of Baroda,Gurgaon,28.498801,77.002393,261905.56,261905.56,1,261905.56,1,2
1959-3293-6860,Axis Bank,Chennai,13.072547,80.282078,72822.04,65539.84,1,72822.04,1,2
1960-3042-1276,Punjab National Bank,Ahmedabad,23.009589,72.580412,14697.46,0.0,1,14697.46,1,2
1960-3611-2699,UCO Bank,Hyderabad,17.37086,78.439582,76319.04,68687.14,1,76319.04,1,2
1971-2661-1919,Kotak Mahindra Bank,Gurgaon,28.416899,77.074318,60143.62,54129.26,1,60143.62,1,2
1971-3983-6317,YES Bank,Pune,18.536675,73.866703,46951.05,46951.05,1,46951.05,1,1
1974-3055-8052,Punjab National Bank,Bengaluru,12.980411,77.571077,117854.32,106068.89,1,117854.32,1,2
1975-7362-7071,Canara Bank,Bengaluru,12.988977,77.561402,10034.58,0.0,1,10034.58,1,3
1979-6789-2736,Kotak Mahindra Bank,Patna,25.585735,85.088897,19412.03,17470.83,1,19412.03,1,2
1981-1161-2825,South Indian Bank,Kolkata,22.606677,88.32907,21803.8,19623.42,1,21803.8,1,2
1983-9746-2744,YES Bank,Mumbai,19.045485,72.883216,1009.32,0.0,1,1009.32,1,2
1983-9861-1799,HDFC Bank,Delhi,28.570044,77.183199,2779.93,2501.94,1,2779.93,1,2
1990-2105-1256,Federal Bank,Ahmedabad,22.983973,72.617172,634.9,571.41,1,634.9,1,2
1994-5387-1769,Punjab National Bank,Bhopal,23.227645,77.457445,110752.57,99677.31,1,110752.57,1,2
1996-5244-5217,UCO Bank,Mumbai,19.036916,72.878394,69740.51,62766.46,1,69740.51,1,2
1997-2989-9369,IDBI Bank,Lucknow,26.834903,80.931966,423743.83,0.0,3,141247.94,1,3
1997-3061-8574,IDBI Bank,Jaipur,26.944891,75.754322,366078.87,0.0,1,366078.87,1,3
2002-1296-9918,YES Bank,Mumbai,19.081628,72.881662,629.49,0.0,1,629.49,1,2
2011-5306-7734,State Bank of India,Kolkata,22.592028,88.396381,35276.42,31748.78,1,35276.42,1,2
2017-5669-6422,South Indian Bank,Noida,28.528137,77.360748,13808.09,12427.28,1,13808.09,1,2
2021-6148-2597,Federal Bank,Jaipur,26.952367,75.827074,120418.73,120418.73,1,120418.73,1,1
2022-6922-8046,Federal Bank,Delhi,28.632267,77.185985,8180.67,0.0,1,8180.67,1,2
2030-3069-4279,Axis Bank,Hyderabad,17.383954,78.457096,4893.22,0.0,1,4893.22,1,2
2034-1290-8324,Bank of Baroda,Hyderabad,17.402783,78.494231,332282.65,0.0,5,66456.53,1,3
2035-4166-5188,South Indian Bank,Ahmedabad,22.976454,72.524347,186856.68,186856.68,1,186856.68,1,1
2041-4567-9193,YES Bank,Gurgaon,28.437273,77.024255,1464.12,0.0,1,1464.12,1,2
2045-6509-5529,IndusInd Bank,Bengaluru,12.962046,77.603044,17786.91,0.0,3,5928.97,1,3
2049-2687-2538,Axis Bank,Jaipur,26.90479,75.776624,88977.86,0.0,1,88977.86,1,2
2050-3431-4660,State Bank of India,Bhopal,23.224044,77.43633,371831.21,371831.21,1,371831.21,1,3
2052-2083-8685,IDBI Bank,Noida,28.490402,77.380288,17770.01,15993.01,1,17770.01,1,2
2052-5612-8835,South Indian Bank,Bhopal,23.230862,77.375436,50150.39,0.0,1,50150.39,1,3
2052-5618-8708,IndusInd Bank,Pune,18.521993,73.854574,65326.22,0.0,3,21775.41,1,3
2054-2014-5103,YES Bank,Bengaluru,12.984729,77.547546,166539.92,166539.92,1,166539.92,1,1
2056-6198-6610,Punjab National Bank,Chennai,13.087208,80.315553,13705.77,13705.77,1,13705.77,1,1
2059-6623-7176,HDFC Bank,Noida,28.519524,77.40022,1326.7,0.0,1,1326.7,1,2
2061-6249-9095,Federal Bank,Kolkata,22.573153,88.368949,3964.74,3568.27,1,3964.74,1,2
2061-6291-5993,Canara Bank,Mumbai,19.049812,72.859271,1416.33,1274.7,1,1416.33,1,2
2061-9654-9467,UCO Bank,Patna,25.597784,85.186907,322288.78,322288.78,1,322288.78,1,1
2062-2987-8145,Union Bank of India,Bhopal,23.26948,77.393656,201358.30000000002,0.0,5,40271.66,1,3
2063-5797-8713,Axis Bank,Lucknow,26.857905,80.90713,44220.05,39798.05,1,44220.05,1,2
2065-5230-7310,Kotak Mahindra Bank,Lucknow,26.820916,80.972513,256260.18,256260.18,1,256260.18,1,1
2065-8643-9893,UCO Bank,Mumbai,19.029063,72.838297,12093.4,0.0,1,12093.4,1,2
2069-6085-4677,Federal Bank,Hyderabad,17.393766,78.494259,87926.12,87926.12,1,87926.12,1,3
2069-8445-6699,Kotak Mahindra Bank,Hyderabad,17.351046,78.458757,10499.7,9449.73,1,10499.7,1,2
2070-1745-6696,State Bank of India,Kolkata,22.563205,88.347129,93704.45,84334.0,1,93704.45,1,2
2070-7980-7413,YES Bank,Noida,28.497884,77.401321,8990.97,0.0,1,8990.97,1,4
2071-5523-5128,IDBI Bank,Jaipur,26.895453,75.794286,29341.87,0.0,1,29341.87,1,2
2075-8806-1682,UCO Bank,Bengaluru,12.954315,77.615159,4325.4,3892.86,1,4325.4,1,2
2080-4610-1386,Federal Bank,Delhi,28.649715,77.163685,23820.39,23820.39,1,23820.39,1,1
2081-6946-6169,ICICI Bank,Pune,18.48055,73.862889,781.01,781.01,1,781.01,1,1
2083-3901-8197,Canara Bank,Hyderabad,17.339183,78.510233,39484.43,35535.99,1,39484.43,1,2
2084-8792-8942,Axis Bank,Bengaluru,12.982539,77.597263,71285.78,64157.2,1,71285.78,1,2
2085-3677-1613,IndusInd Bank,Chennai,13.122641,80.28238,10787.79,10787.79,1,10787.79,1,1
2086-6143-1932,South Indian Bank,Hyderabad,17.356403,78.479711,546.1,0.0,1,546.1,1,2
2096-6296-8810,IndusInd Bank,Gurgaon,28.472546,77.045006,168842.81,151958.53,1,168842.81,1,2
2097-7962-6658,Canara Bank,Delhi,28.617074,77.240945,1948.0,1753.2,1,1948.0,1,2
2099-2237-2509,Union Bank of India,Bhopal,23.218673,77.45485,14121.38,12709.24,1,14121.38,1,2
2099-4030-2516,ICICI Bank,Chennai,13.071272,80.282996,191820.03,172638.03,1,191820.03,1,2
2102-7341-5045,Bank of Baroda,Lucknow,26.847004,80.910683,2727.89,2727.89,1,2727.89,1,1
2103-3266-3482,Federal Bank,Bhopal,23.299034,77.434604,412563.42,412563.41000000003,1,412563.42,1,1
2103-6386-8063,UCO Bank,Noida,28.522821,77.388344,39287.39,0.0,1,39287.39,1,2
2104-6070-3150,State Bank of India,Bengaluru,13.000945,77.600953,11563.51,11563.51,1,11563.51,1,1
2109-3012-8008,YES Bank,Chennai,13.093696,80.29579,10702.54,9632.29,1,10702.54,1,2
2110-5525-3688,South Indian Bank,Pune,18.472135,73.834524,111496.49,100346.84,1,111496.49,1,2
2111-9732-2939,Canara Bank,Hyderabad,17.3793,78.530077,1849.26,1849.26,1,1849.26,1,2
2114-8826-9411,Punjab National Bank,Hyderabad,17.410237,78.440991,86722.55,0.0,1,86722.55,1,2
2119-2623-1229,IDBI Bank,Noida,28.577548,77.42613,79675.53,71707.98,1,79675.53,1,2
2120-8765-1103,Federal Bank,Mumbai,19.056153,72.913383,18461.06,18461.06,1,18461.06,1,1
2121-2190-7784,HDFC Bank,Kolkata,22.539239,88.388752,8762.99,0.0,1,8762.99,1,2
2123-7885-1590,UCO Bank,Chandigarh,30.781632,76.784032,58872.0,52984.8,1,58872.0,1,2
2124-5552-7931,IndusInd Bank,Pune,18.535238,73.821429,208776.62,187898.96,1,208776.62,1,2
2126-5277-6906,Punjab National Bank,Mumbai,19.095576,72.867355,179388.03,179388.03,1,179388.03,1,2
2133-1937-6687,IndusInd Bank,Noida,28.544386,77.440503,67912.06,61120.85,1,67912.06,1,2
2134-4860-5548,HDFC Bank,Chandigarh,30.77592,76.743019,179461.31,179461.31,1,179461.31,1,3
2134-7503-3480,UCO Bank,Lucknow,26.863642,80.98067,32994.98,29695.48,1,32994.98,1,2
2136-5026-9659,IndusInd Bank,Noida,28.537305,77.342746,169785.35,0.0,1,169785.35,1,2
2142-1249-1523,Union Bank of India,Pune,18.471794,73.89534,35359.73,35359.729999999996,1,35359.73,1,1
2143-1874-2454,HDFC Bank,Jaipur,26.89519,75.776474,208.06,0.0,1,208.06,1,2
2144-1112-1529,YES Bank,Hyderabad,17.423336,78.490434,2670.3,2403.27,1,2670.3,1,2
2150-7223-7752,Axis Bank,Mumbai,19.065256,72.883859,208349.42,187514.48,1,208349.42,1,2
2153-8531-4154,ICICI Bank,Noida,28.508599,77.345688,30790.02,30790.02,1,30790.02,1,1
2158-4567-5923,YES Bank,Ahmedabad,23.00464,72.611513,2446.11,2201.5,1,2446.11,1,2
2158-7305-6454,State Bank of India,Pune,18.545689,73.876505,10991.27,9892.14,1,10991.27,1,2
2163-2452-4461,YES Bank,Mumbai,19.10833,72.877659,116134.6,104521.14,1,116134.6,1,2
2168-2296-3654,IndusInd Bank,Pune,18.497147,73.871164,81996.33,73796.7,1,81996.33,1,2
2179-9892-5913,UCO Bank,Chandigarh,30.778841,76.828449,95184.37,85665.93,1,95184.37,1,2
2185-1648-5037,ICICI Bank,Noida,28.562471,77.366782,379888.51,379888.51,1,379888.51,1,1
2187-3623-5566,Axis Bank,Chandigarh,30.694251,76.803454,330147.89,330147.89,1,330147.89,1,1
2187-4650-9880,Bank of Baroda,Delhi,28.593562,77.177357,179388.03,0.0,1,179388.03,1,3
2188-3581-7191,HDFC Bank,Gurgaon,28.501464,76.980812,58317.21,58317.21,1,58317.21,1,1
2189-3698-5047,YES Bank,Hyderabad,17.354261,78.50935,116288.39,104659.55,1,116288.39,1,2
2189-6860-9238,Punjab National Bank,Patna,25.574235,85.096251,63273.21,63273.21,1,63273.21,1,2
2192-4549-1244,Union Bank of India,Chennai,13.06663,80.283925,71521.72,0.0,4,17880.43,1,3
2194-2153-5105,State Bank of India,Jaipur,26.889044,75.807306,17260.63,15534.57,1,17260.63,1,2
2195-6669-4605,Kotak Mahindra Bank,Bhopal,23.229099,77.423381,13058.43,13058.43,1,13058.43,1,1
2196-1305-9078,Bank of Baroda,Pune,18.513626,73.835634,44917.21,44917.2,1,44917.21,1,1
2196-4218-8836,Axis Bank,Noida,28.544438,77.400829,23266.65,23266.65,1,23266.65,1,1
2198-4394-3346,Canara Bank,Bengaluru,12.987471,77.59482,248086.55,0.0,1,248086.55,1,3
2198-6122-1680,UCO Bank,Kolkata,22.561141,88.394768,379.29,341.36,1,379.29,1,2
2199-8567-7244,IndusInd Bank,Lucknow,26.845176,80.903024,81655.25,73489.73,1,81655.25,1,2
2200-1889-3916,Canara Bank,Hyderabad,17.398022,78.480003,63273.21,63273.21,1,63273.21,1,1
2207-2800-9732,IDBI Bank,Gurgaon,28.477404,77.03973,87337.55,87337.55,1,87337.55,1,1
2210-8247-2746,UCO Bank,Delhi,28.656091,77.185805,195668.08,195668.08,1,195668.08,1,1
2211-8445-1810,UCO Bank,Ahmedabad,23.041944,72.53922,122795.8,110516.22,1,122795.8,1,2
2212-5543-2022,UCO Bank,Hyderabad,17.399548,78.447543,129451.88,129451.88,1,129451.88,1,1
2213-6157-1628,Union Bank of India,Jaipur,26.950157,75.740864,75067.32,67560.59,1,75067.32,1,2
2220-2854-8884,Axis Bank,Pune,18.474169,73.890556,5473.36,4926.02,1,5473.36,1,2
2226-1817-2382,ICICI Bank,Pune,18.516768,73.815384,27553.09,27553.09,1,27553.09,1,1
2228-8615-7078,South Indian Bank,Chennai,13.093375,80.317571,15110.99,0.0,1,15110.99,1,3
2229-1650-8353,Bank of Baroda,Gurgaon,28.438711,77.045415,83936.61,0.0,1,83936.61,1,3
2229-3087-8652,UCO Bank,Bhopal,23.274225,77.416702,2684.63,2684.63,1,2684.63,1,1
2233-7864-9844,Canara Bank,Hyderabad,17.336556,78.440009,95578.31,95578.31,1,95578.31,1,1
2234-9184-2674,Federal Bank,Hyderabad,17.394062,78.517856,10608.63,0.0,1,10608.63,1,2
2235-1158-1220,YES Bank,Bengaluru,12.928638,77.602875,269698.91,242729.02,1,269698.91,1,2
2237-6279-8252,Kotak Mahindra Bank,Noida,28.488191,77.354691,114867.05,114867.04999999999,1,114867.05,1,1
2245-2163-3913,Bank of Baroda,Patna,25.562862,85.167946,15058.97,15058.97,1,15058.97,1,1
2245-4753-2636,Canara Bank,Gurgaon,28.494997,77.004007,43897.22,43897.22,1,43897.22,1,1
2245-6492-5246,UCO Bank,Kolkata,22.579353,88.357486,322587.56,0.0,5,64517.51,1,3
2246-9951-4824,Kotak Mahindra Bank,Hyderabad,17.371095,78.502254,130035.44,0.0,1,130035.44,1,2
2249-6099-2161,Punjab National Bank,Mumbai,19.0657,72.875435,76061.16,76061.15,1,76061.16,1,1
2251-2909-3150,Union Bank of India,Patna,25.561321,85.118068,31066.35,27959.72,1,31066.35,1,2
2253-6350-7107,State Bank of India,Gurgaon,28.465013,77.041881,51238.96,0.0,5,10247.79,1,3
2254-1572-2717,Union Bank of India,Bhopal,23.273381,77.392561,6727.75,0.0,1,6727.75,1,2
2255-1928-3076,Kotak Mahindra Bank,Gurgaon,28.452065,77.030697,251768.03999999998,0.0,5,50353.61,1,3
2255-3467-3879,Union Bank of India,Hyderabad,17.337625,78.496621,3305.69,3323.37,1,3305.69,1,1
2258-2520-1898,Canara Bank,Hyderabad,17.337271,78.471237,45028.97,45028.97,1,45028.97,1,1
2266-8034-4457,Punjab National Bank,Lucknow,26.896192,80.992517,87890.04,79101.04,1,87890.04,1,2
2267-5221-9291,ICICI Bank,Bhopal,23.287408,77.406252,34985.05,31486.54,1,34985.05,1,2
2270-9825-1507,Federal Bank,Patna,25.613803,85.088443,22347.71,20112.94,1,22347.71,1,2
2285-2266-4679,IDBI Bank,Noida,28.573348,77.420821,89941.85,80947.67,1,89941.85,1,2
2287-7960-2830,HDFC Bank,Delhi,28.624193,77.190701,272840.43,0.0,5,54568.09,1,3
2288-2647-2829,Axis Bank,Jaipur,26.92001,75.764777,44588.34,40129.51,1,44588.34,1,2
2291-4793-1804,Punjab National Bank,Bhopal,23.264921,77.416731,38552.19,34696.97,1,38552.19,1,2
2291-7045-9497,UCO Bank,Lucknow,26.837196,80.963121,217999.06,0.0,3,72666.35,1,3
2292-4555-6712,Bank of Baroda,Bhopal,23.294055,77.40562,2603.61,0.0,1,2603.61,1,2
2292-8515-5925,Bank of Baroda,Mumbai,19.050764,72.920199,2408.0,2429.0099999999998,1,2408.0,1,1
2295-2800-6867,UCO Bank,Lucknow,26.818974,80.916789,120688.17,0.0,1,120688.17,1,4
2299-3458-1347,Bank of Baroda,Pune,18.510235,73.859683,87272.36,0.0,1,87272.36,1,2
2301-1962-2928,Bank of Baroda,Lucknow,26.854627,80.968064,6141.9,5527.71,1,6141.9,1,2
2302-8808-3196,Federal Bank,Hyderabad,17.382385,78.453079,44486.38,44486.38,1,44486.38,1,1
2307-1170-5073,HDFC Bank,Mumbai,19.068659,72.885097,108002.04,0.0,1,108002.04,1,2
2310-3463-1113,HDFC Bank,Bhopal,23.255925,77.367607,13295.33,0.0,1,13295.33,1,2
2312-9790-3617,YES Bank,Mumbai,19.035044,72.901454,16904.62,15214.16,1,16904.62,1,2
2315-2870-6052,Union Bank of India,Hyderabad,17.399921,78.481142,406617.54000000004,0.0,4,101654.38,1,3
2324-2899-9435,IDBI Bank,Ahmedabad,23.023058,72.619897,132669.58,132669.58,1,132669.58,1,1
2326-7113-4219,State Bank of India,Delhi,28.662719,77.159588,22883.76,0.0,1,22883.76,1,2
2332-4189-4709,Axis Bank,Jaipur,26.915748,75.747339,741.1,0.0,1,741.1,1,2
2341-2989-3158,UCO Bank,Bhopal,23.260697,77.412132,13295.99,13295.99,1,13295.99,1,1
2341-7858-6420,HDFC Bank,Lucknow,26.81942,80.910991,4017.54,3615.79,1,4017.54,1,2
2347-9013-6912,Canara Bank,Hyderabad,17.422445,78.468654,3161.85,0.0,1,3161.85,1,2
2354-4493-2158,Punjab National Bank,Mumbai,19.105067,72.863694,3558.05,3202.25,1,3558.05,1,2
2356-6597-9481,Federal Bank,Chennai,13.100214,80.272874,77639.79,77639.79,1,77639.79,1,1
2356-6783-4971,IndusInd Bank,Lucknow,26.817289,80.904002,203233.09,0.0,1,203233.09,1,4
2362-2124-4293,Axis Bank,Bhopal,23.276638,77.431816,352001.93,0.0,3,117333.98,1,3
2363-9561-2496,IDBI Bank,Chandigarh,30.68497,76.815904,6855.21,6855.219999999999,1,6855.21,1,1
2364-8370-2389,YES Bank,Gurgaon,28.485706,77.000896,269698.91,269698.91,1,269698.91,1,1
2366-9235-9274,Punjab National Bank,Mumbai,19.035377,72.866593,29003.1,26102.79,1,29003.1,1,2
2371-7124-8900,IDBI Bank,Patna,25.589899,85.139306,34509.08,34509.08,1,34509.08,1,1
2372-2361-5686,State Bank of India,Delhi,28.588384,77.242018,248086.55,248086.55,1,248086.55,1,2
2377-6378-5402,UCO Bank,Noida,28.540611,77.363114,85532.45,76979.2,1,85532.45,1,2
2377-6806-8069,Punjab National Bank,Bengaluru,12.926513,77.582852,125637.94,113074.15,1,125637.94,1,2
2378-9390-7450,Bank of Baroda,Delhi,28.622021,77.23688,33645.49,30280.94,1,33645.49,1,2
2380-1605-9805,Bank of Baroda,Patna,25.560103,85.090389,87758.85,0.0,1,87758.85,1,2
2381-6317-2508,HDFC Bank,Pune,18.513713,73.860186,119202.0,107281.8,1,119202.0,1,2
2382-3376-3525,Federal Bank,Chennai,13.093515,80.260218,443455.10000000003,0.0,3,147818.37,1,3
2384-1978-5572,State Bank of India,Mumbai,19.063933,72.893693,19161.7,17245.53,1,19161.7,1,2
2384-5397-1960,IDBI Bank,Noida,28.531511,77.422959,76813.46,69132.11,1,76813.46,1,2
2386-3535-3065,State Bank of India,Jaipur,26.93224,75.830295,9459.55,8513.59,1,9459.55,1,2
2388-2012-1033,UCO Bank,Jaipur,26.905429,75.774978,30233.57,0.0,1,30233.57,1,2
2388-3200-2376,UCO Bank,Bengaluru,12.966715,77.587851,7300.3,6570.27,1,7300.3,1,2
2392-1570-6834,Kotak Mahindra Bank,Gurgaon,28.436353,77.00455,90464.9,90464.9,1,90464.9,1,2
2392-9852-7710,IDBI Bank,Kolkata,22.57427,88.375825,9648.58,9648.580000000002,1,9648.58,1,1
2393-7658-6909,Union Bank of India,Noida,28.504398,77.421353,50405.36,0.0,1,50405.36,1,4
2398-2204-2054,Kotak Mahindra Bank,Jaipur,26.930927,75.785542,141092.52000000002,0.0,3,47030.84,1,3
2398-4503-7259,IndusInd Bank,Bengaluru,12.927394,77.599862,342.73,308.46,1,342.73,1,2
2399-3905-1007,ICICI Bank,Gurgaon,28.472811,77.02536,296835.91,296835.91,1,296835.91,1,3
2402-5287-1323,Union Bank of India,Patna,25.612615,85.13619,26532.29,23879.06,1,26532.29,1,2
2406-6129-4077,Kotak Mahindra Bank,Bhopal,23.21291,77.376495,64690.15,58221.14,1,64690.15,1,2
2407-4792-3565,UCO Bank,Jaipur,26.893372,75.782344,2662.33,2396.1,1,2662.33,1,2
2408-6477-7321,Federal Bank,Hyderabad,17.384494,78.474137,44390.979999999996,0.0,4,11097.74,1,3
2409-1394-6536,South Indian Bank,Jaipur,26.934949,75.836135,71406.58,64265.92,1,71406.58,1,2
2410-8585-2444,South Indian Bank,Noida,28.558455,77.359566,47834.08,0.0,1,47834.08,1,4
2411-6160-4046,HDFC Bank,Lucknow,26.871087,80.918941,418384.31,418384.31,1,418384.31,1,2
2411-6843-6475,Axis Bank,Mumbai,19.092198,72.858004,43837.91,39454.12,1,43837.91,1,2
2414-4339-9232,Axis Bank,Delhi,28.5929,77.24493,271690.43,271690.42000000004,1,271690.43,1,1
2419-9260-6116,UCO Bank,Kolkata,22.543934,88.399646,45523.94,45523.94,1,45523.94,1,1
2422-8780-5131,IDBI Bank,Bhopal,23.27303,77.372001,93722.35,93722.35,1,93722.35,1,1
2428-3612-2551,HDFC Bank,Jaipur,26.956227,75.800134,2214.19,1992.77,1,2214.19,1,2
2429-2742-3137,IDBI Bank,Chennai,13.040188,80.275358,1761.4,0.0,1,1761.4,1,2
2431-9385-7462,UCO Bank,Kolkata,22.613445,88.350006,35141.14,0.0,1,35141.14,1,2
2437-5209-5049,Axis Bank,Noida,28.55513,77.440982,459796.49,459796.49,1,459796.49,1,2
2438-7313-5394,IndusInd Bank,Gurgaon,28.459784,77.068759,1983.73,1983.73,1,1983.73,1,1
2442-3120-8105,Canara Bank,Delhi,28.617278,77.232066,3118.01,2806.21,1,3118.01,1,2
2446-1142-3617,Kotak Mahindra Bank,Chandigarh,30.74669,76.813318,38606.28,34745.65,1,38606.28,1,2
2446-2752-4086,YES Bank,Bengaluru,12.962768,77.55888,22736.48,20462.83,1,22736.48,1,2
2448-7291-7432,Axis Bank,Patna,25.605727,85.08825,270674.02,243606.62,1,270674.02,1,2
2451-2794-1532,Canara Bank,Pune,18.475435,73.863828,221871.11,199684.0,1,221871.11,1,2
2454-7071-6400,IndusInd Bank,Lucknow,26.842379,80.919351,27534.36,24780.92,1,27534.36,1,2
2456-2790-6642,Federal Bank,Chennai,13.042387,80.298074,50157.11,45141.4,1,50157.11,1,2
2458-7877-4298,Bank of Baroda,Delhi,28.604571,77.1943,366765.8,0.0,1,366765.8,1,2
2461-5913-2210,Axis Bank,Bhopal,23.275742,77.432369,227670.02,0.0,3,75890.01,1,3
2462-4079-8237,YES Bank,Gurgaon,28.440612,77.02728,406.96,0.0,1,406.96,1,2
2462-4175-7189,South Indian Bank,Bengaluru,12.980515,77.639127,40023.53,36021.18,1,40023.53,1,2
2465-2728-8125,Punjab National Bank,Jaipur,26.95755,75.80436,7549.69,6794.72,1,7549.69,1,2
2467-3679-5171,Union Bank of India,Noida,28.491744,77.35343,111297.29,100167.56,1,111297.29,1,2
2467-7904-4063,IDBI Bank,Pune,18.495543,73.846087,13025.29,13025.29,1,13025.29,1,1
2469-7476-3014,ICICI Bank,Lucknow,26.896582,80.984028,223869.1,0.0,1,223869.1,1,4
2475-8717-8315,IDBI Bank,Mumbai,19.099536,72.82969,40482.79,36434.51,1,40482.79,1,2
2476-2302-2256,State Bank of India,Noida,28.514085,77.433959,141022.73,0.0,1,141022.73,1,2
2479-7502-3302,HDFC Bank,Kolkata,22.605498,88.408867,91203.47,91203.47,1,91203.47,1,2
2481-6292-3089,YES Bank,Hyderabad,17.366932,78.479083,1839.61,0.0,1,1839.61,1,2
2483-1929-9488,IDBI Bank,Bengaluru,12.943837,77.561194,28287.34,28287.34,1,28287.34,1,1
2486-1260-8860,ICICI Bank,Patna,25.606781,85.15799,367.5,0.0,1,367.5,1,2
2488-2933-9433,IndusInd Bank,Noida,28.527153,77.368396,7023.16,7023.16,1,7023.16,1,3
2491-2878-2627,ICICI Bank,Pune,18.479363,73.837379,261905.56,261905.56,1,261905.56,1,1
2493-5419-8966,HDFC Bank,Noida,28.531756,77.380681,150130.7,0.0,4,37532.68,1,3
2502-9974-1672,Punjab National Bank,Gurgaon,28.47017,77.058243,93397.62,93397.62,1,93397.62,1,1
2505-7134-7526,Axis Bank,Pune,18.568895,73.824405,70592.76,63533.48,1,70592.76,1,2
2505-7599-3257,ICICI Bank,Ahmedabad,23.005927,72.580163,41262.97,0.0,1,41262.97,1,2
2506-1931-4552,UCO Bank,Jaipur,26.930712,75.770755,299363.68,0.0,4,74840.92,1,3
2507-2209-1213,IDBI Bank,Noida,28.569572,77.440312,62897.98,62897.98,1,62897.98,1,1
2512-8801-9384,South Indian Bank,Mumbai,19.038756,72.918002,8072.89,7265.6,1,8072.89,1,2
2518-9861-5622,Axis Bank,Noida,28.505469,77.426616,105075.5,0.0,1,105075.5,1,4
2519-5232-8343,Axis Bank,Patna,25.607963,85.123262,11724.14,0.0,1,11724.14,1,2
2520-2267-9097,Canara Bank,Hyderabad,17.398355,78.481788,1362.33,1362.33,1,1362.33,1,1
2525-5903-6289,South Indian Bank,Hyderabad,17.341767,78.479432,404711.01,404711.01,1,404711.01,1,1
2528-1282-1964,Canara Bank,Kolkata,22.56434,88.364246,28092.98,25283.68,1,28092.98,1,2
2529-1914-9332,State Bank of India,Jaipur,26.894231,75.769252,392586.75,392586.75,1,392586.75,1,1
2530-9220-9933,South Indian Bank,Kolkata,22.533546,88.331933,93230.47,93230.47,1,93230.47,1,1
2537-6143-7383,IDBI Bank,Bengaluru,13.017393,77.549214,4635.01,0.0,1,4635.01,1,2
2538-5118-1002,Canara Bank,Ahmedabad,22.995295,72.601238,122951.77,0.0,1,122951.77,1,3
2541-5438-4438,IDBI Bank,Patna,25.597375,85.121803,224975.37,0.0,3,74991.79,1,3
2541-8451-6139,HDFC Bank,Noida,28.556566,77.387074,112092.15,112092.15,1,112092.15,1,1
2543-6106-4436,YES Bank,Chennai,13.118547,80.296543,152500.49,152500.49000000002,1,152500.49,1,1
2543-7254-9466,YES Bank,Lucknow,26.882508,80.902917,248724.46,248724.46,1,248724.46,1,1
2544-1618-8542,ICICI Bank,Gurgaon,28.446208,77.034816,32865.26,29578.73,1,32865.26,1,2
2546-7563-6446,Punjab National Bank,Noida,28.495236,77.372788,58347.66,52512.89,1,58347.66,1,2
2550-3715-6277,South Indian Bank,Pune,18.476543,73.850781,79072.15,71164.94,1,79072.15,1,2
2553-2362-7730,ICICI Bank,Noida,28.510174,77.398381,40122.89,36110.6,1,40122.89,1,2
2553-7616-5625,IDBI Bank,Chennai,13.091778,80.27239,168817.97,168817.97,1,168817.97,1,1
2556-1751-1158,Federal Bank,Bengaluru,12.932983,77.584625,28713.89,28713.89,1,28713.89,1,1
2562-3773-4402,Kotak Mahindra Bank,Ahmedabad,22.980889,72.56172,38603.88,34743.49,1,38603.88,1,2
2570-5739-3513,Canara Bank,Hyderabad,17.355581,78.510719,69360.08,62424.07,1,69360.08,1,2
2570-6457-4093,State Bank of India,Ahmedabad,23.002387,72.569733,11529.25,11529.25,1,11529.25,1,1
2571-2949-6876,UCO Bank,Patna,25.605627,85.185422,96723.3,96723.3,1,96723.3,1,1
2572-9419-3262,IDBI Bank,Patna,25.560351,85.092997,248724.46,223852.01,1,248724.46,1,2
2573-3270-9627,IDBI Bank,Bengaluru,12.957019,77.591255,10171.26,10171.26,1,10171.26,1,1
2573-6825-8763,State Bank of India,Noida,28.55051,77.400339,216243.99,0.0,1,216243.99,1,2
2574-9133-4666,Punjab National Bank,Pune,18.540966,73.846809,3333.9,3333.8999999999996,1,3333.9,1,1
2587-1223-3134,UCO Bank,Bengaluru,12.986625,77.565603,14181.57,14181.56,1,14181.57,1,1
2587-4805-5871,Kotak Mahindra Bank,Bengaluru,12.972307,77.595608,97242.75,0.0,4,24310.69,1,3
2590-5277-4138,Federal Bank,Chennai,13.096487,80.290321,121954.83,0.0,3,40651.61,1,3
2590-6240-8660,Canara Bank,Hyderabad,17.428673,78.521461,50764.22,45687.8,1,50764.22,1,2
2594-3144-6298,Kotak Mahindra Bank,Jaipur,26.920116,75.781488,8451.39,7606.25,1,8451.39,1,2
2595-6428-7672,UCO Bank,Bhopal,23.213641,77.378722,251.91,0.0,1,251.91,1,2
2597-1349-5509,ICICI Bank,Bhopal,23.233322,77.36712,50156.27,50156.27,1,50156.27,1,1
2601-7697-7593,IDBI Bank,Jaipur,26.958633,75.767495,17711.16,0.0,1,17711.16,1,2
2607-6608-1777,IDBI Bank,Bhopal,23.249702,77.377776,24562.94,22106.65,1,24562.94,1,2
2611-2650-1716,IDBI Bank,Pune,18.550615,73.825349,88410.89,0.0,1,88410.89,1,2
2615-2555-2924,Kotak Mahindra Bank,Bhopal,23.267234,77.414877,115529.73,103976.76,1,115529.73,1,2
2619-5453-9462,HDFC Bank,Mumbai,19.05121,72.852129,135337.06,121803.35,1,135337.06,1,2
2626-3527-6959,YES Bank,Delhi,28.647381,77.206366,129464.41,129464.41,1,129464.41,1,1
2631-3069-9261,State Bank of India,Jaipur,26.921729,75.740082,5621.54,5059.39,1,5621.54,1,2
2633-2767-9742,Kotak Mahindra Bank,Delhi,28.618516,77.203865,3354.3,3018.87,1,3354.3,1,2
2633-7191-7291,HDFC Bank,Pune,18.56426,73.866664,84851.94,76366.75,1,84851.94,1,2
2633-9799-5578,Union Bank of India,Mumbai,19.050293,72.854396,6459.67,0.0,1,6459.67,1,2
2635-6393-2556,Canara Bank,Pune,18.528411,73.847987,442133.2,0.0,1,442133.2,1,3
2636-8257-4133,IDBI Bank,Lucknow,26.864107,80.960591,28204.04,28204.04,1,28204.04,1,1
2638-5990-6499,Punjab National Bank,Lucknow,26.885837,80.973653,184945.08,184945.09,1,184945.08,1,1
2638-9432-5258,Bank of Baroda,Ahmedabad,23.010398,72.522168,232107.93,208897.14,1,232107.93,1,2
2639-9271-2059,IndusInd Bank,Lucknow,26.826594,80.975547,120.06,108.05,1,120.06,1,2
2642-6440-3429,Punjab National Bank,Chandigarh,30.709162,76.8254,18827.16,16944.44,1,18827.16,1,2
2645-5364-5052,South Indian Bank,Kolkata,22.533667,88.410894,34007.37,34007.369999999995,1,34007.37,1,1
2645-7305-5814,YES Bank,Noida,28.568735,77.44063,13720.85,13720.85,1,13720.85,1,1
2645-7613-1667,Punjab National Bank,Chandigarh,30.717019,76.772731,282633.44,0.0,3,94211.15,1,3
2646-3903-5819,IndusInd Bank,Pune,18.514466,73.824494,14511.09,13059.98,1,14511.09,1,2
2651-7997-6356,Federal Bank,Ahmedabad,23.036536,72.545027,212405.65,212405.65,1,212405.65,1,2
2654-2376-7962,Punjab National Bank,Bengaluru,12.965644,77.598905,369349.18,0.0,4,92337.3,1,3
2655-4152-4732,Punjab National Bank,Bengaluru,13.007592,77.612527,18921.12,18921.120000000003,1,18921.12,1,1
2658-4784-9710,Axis Bank,Mumbai,19.091688,72.884703,439614.75,439614.75,1,439614.75,1,1
2659-4857-4666,Union Bank of India,Noida,28.511811,77.359754,178796.11,0.0,1,178796.11,1,2
2659-6564-1425,Axis Bank,Noida,28.486729,77.41233,61041.75,61041.740000000005,1,61041.75,1,1
2659-7443-9821,YES Bank,Chandigarh,30.737938,76.795127,10644.5,9580.05,1,10644.5,1,2
2661-7626-1200,Kotak Mahindra Bank,Jaipur,26.90257,75.814436,56225.31,56225.31,1,56225.31,1,1
2664-3840-2037,Bank of Baroda,Gurgaon,28.49996,77.006119,93397.62,84057.86,1,93397.62,1,2
2667-5122-7560,YES Bank,Ahmedabad,23.031153,72.561579,152112.56,0.0,3,50704.19,1,3
2673-7205-1575,IDBI Bank,Gurgaon,28.473067,77.006551,138260.95,0.0,1,138260.95,1,4
2678-4393-5070,IDBI Bank,Kolkata,22.620521,88.362828,164533.6,148080.24,1,164533.6,1,2
2679-9631-7246,YES Bank,Bengaluru,12.950397,77.573028,37086.21,37086.21,1,37086.21,1,1
2681-1084-1056,YES Bank,Patna,25.592686,85.14123,30749.07,30749.07,1,30749.07,1,1
2682-7632-9636,Canara Bank,Noida,28.542375,77.388002,20111.82,20111.82,1,20111.82,1,1
2682-8074-7810,State Bank of India,Chennai,13.08131,80.279804,85788.42,77209.58,1,85788.42,1,2
2687-1375-7870,YES Bank,Chandigarh,30.768282,76.802071,10123.69,9111.32,1,10123.69,1,2
2689-6573-7633,Canara Bank,Gurgaon,28.426686,77.071206,7666.64,7666.639999999999,1,7666.64,1,1
2690-3473-2846,IndusInd Bank,Kolkata,22.525608,88.405895,333487.99,333487.99,1,333487.99,1,1
2693-3520-3766,Federal Bank,Gurgaon,28.465464,77.032849,279535.07,0.0,4,69883.77,1,3
2700-9624-1382,South Indian Bank,Patna,25.585197,85.140897,6199.84,0.0,3,2066.61,1,3
2701-4657-6613,UCO Bank,Jaipur,26.877565,75.82337,14793.6,13314.24,1,14793.6,1,2
2701-7644-8959,Kotak Mahindra Bank,Lucknow,26.847609,80.944072,25202.3,22682.07,1,25202.3,1,2
2702-1242-8960,Union Bank of India,Noida,28.531111,77.345534,11471.75,10324.58,1,11471.75,1,2
2708-2703-7808,YES Bank,Ahmedabad,23.036263,72.607823,284585.19,284585.19,1,284585.19,1,1
2714-2250-6101,Punjab National Bank,Chandigarh,30.778397,76.79454,53236.28,0.0,1,53236.28,1,2
2714-5493-8363,IndusInd Bank,Gurgaon,28.448802,77.039009,52842.79,0.0,4,13210.7,1,3
2714-7265-7234,ICICI Bank,Gurgaon,28.434506,77.056606,71434.77,64291.29,1,71434.77,1,2
2717-4732-6707,Canara Bank,Noida,28.487712,77.385847,4886.29,4397.66,1,4886.29,1,2
2718-9381-2928,Axis Bank,Ahmedabad,23.050296,72.60455,77386.3,69647.67,1,77386.3,1,2
2724-5092-4706,YES Bank,Chandigarh,30.716094,76.766877,49111.91,49111.91,1,49111.91,1,1
2724-6678-5811,ICICI Bank,Delhi,28.621698,77.171633,1361.6,0.0,1,1361.6,1,2
2731-7287-5439,IDBI Bank,Patna,25.547611,85.118107,83777.58,83777.58,1,83777.58,1,2
2734-3190-4119,HDFC Bank,Delhi,28.63773,77.247548,312.81,281.53,1,312.81,1,2
2739-3221-6299,South Indian Bank,Kolkata,22.618559,88.36712,15584.74,14026.27,1,15584.74,1,2
2740-7409-7049,Federal Bank,Kolkata,22.524163,88.345944,15348.82,13813.94,1,15348.82,1,2
2741-1750-3689,UCO Bank,Mumbai,19.038075,72.912919,76728.47,69055.62,1,76728.47,1,2
2741-3985-4078,UCO Bank,Pune,18.496221,73.889181,3136.01,2822.41,1,3136.01,1,2
2743-1923-4576,State Bank of India,Chandigarh,30.74986,76.750571,22726.51,20453.86,1,22726.51,1,2
2743-7258-5216,IndusInd Bank,Jaipur,26.917488,75.818985,138755.49,0.0,1,138755.49,1,4
2745-4747-7441,HDFC Bank,Delhi,28.602431,77.181415,95917.56,95917.56,1,95917.56,1,1
2751-5330-3601,YES Bank,Delhi,28.585742,77.229816,9425.92,9425.92,1,9425.92,1,1
2752-6339-2162,Punjab National Bank,Kolkata,22.562682,88.355244,190357.69,190357.69,1,190357.69,1,3
2759-3426-1499,HDFC Bank,Mumbai,19.030245,72.872996,82909.53,82909.53,1,82909.53,1,1
2762-7275-8033,Punjab National Bank,Ahmedabad,23.060225,72.616438,72200.28,64980.25,1,72200.28,1,2
2763-8551-8920,Axis Bank,Ahmedabad,22.991711,72.564279,6899.11,6209.2,1,6899.11,1,2
2764-6359-6286,Axis Bank,Noida,28.517837,77.342499,21352.13,21352.13,1,21352.13,1,1
2765-5481-8470,Punjab National Bank,Mumbai,19.074133,72.864216,172337.82,0.0,3,57445.94,1,3
2766-3828-1633,State Bank of India,Mumbai,19.064351,72.870074,57007.36,0.0,3,19002.45,1,3
2767-7897-7977,South Indian Bank,Ahmedabad,23.066785,72.541246,16199.01,16199.01,1,16199.01,1,1
2768-2474-3582,Canara Bank,Chandigarh,30.768283,76.782816,41530.59,41530.59,1,41530.59,1,1
2768-5487-9927,Punjab National Bank,Mumbai,19.083952,72.897884,25674.83,23107.35,1,25674.83,1,2
2772-6615-1996,State Bank of India,Chennai,13.055619,80.228671,139773.06,139773.06,1,139773.06,1,1
2774-3322-8589,IndusInd Bank,Noida,28.574927,77.399899,53151.58,53151.58,1,53151.58,1,1
2774-8409-4671,HDFC Bank,Jaipur,26.895644,75.818268,79713.71,79713.70999999999,1,79713.71,1,1
2783-9243-9201,IDBI Bank,Pune,18.527595,73.814916,35710.68,32139.61,1,35710.68,1,2
2785-5541-2230,IDBI Bank,Chandigarh,30.769112,76.797491,180804.51,180804.51,1,180804.51,1,1
2785-7035-4955,IDBI Bank,Kolkata,22.540445,88.41213,71277.2,0.0,1,71277.2,1,3
2786-1253-1698,Canara Bank,Patna,25.612028,85.123762,14389.23,12950.31,1,14389.23,1,2
2790-2592-2909,Canara Bank,Jaipur,26.952107,75.798269,32778.9,32778.9,1,32778.9,1,1
2791-3699-5521,State Bank of India,Pune,18.567357,73.860843,222176.88,222176.88,1,222176.88,1,1
2795-2965-8281,YES Bank,Mumbai,19.033435,72.843373,104136.9,93723.21,1,104136.9,1,2
2797-5623-1510,Bank of Baroda,Lucknow,26.837303,80.939719,643.08,0.0,1,643.08,1,2
2803-6458-9146,IndusInd Bank,Jaipur,26.960466,75.778258,4397.01,4397.01,1,4397.01,1,1
2804-1976-6723,Bank of Baroda,Bhopal,23.27266,77.404388,7132.18,0.0,3,2377.39,1,3
2805-4941-1271,Kotak Mahindra Bank,Gurgaon,28.412359,77.042789,106349.42,95714.48,1,106349.42,1,2
2806-8383-4482,Federal Bank,Hyderabad,17.397684,78.499142,526.03,473.43,1,526.03,1,2
2808-1402-3337,Union Bank of India,Delhi,28.595506,77.16399,1467.6,1320.84,1,1467.6,1,2
2809-3470-2423,YES Bank,Jaipur,26.946748,75.79776,102169.45,102169.45,1,102169.45,1,1
2816-7848-1899,IDBI Bank,Bengaluru,12.923073,77.577156,703.03,632.73,1,703.03,1,2
2817-3739-9964,Punjab National Bank,Pune,18.511106,73.905025,97538.54,97538.54,1,97538.54,1,1
2818-1837-9578,HDFC Bank,Pune,18.54606,73.90438,128239.3,115415.37,1,128239.3,1,2
2819-2767-1827,IDBI Bank,Patna,25.563314,85.112549,9531.34,8578.21,1,9531.34,1,2
2821-3623-2765,Kotak Mahindra Bank,Jaipur,26.937982,75.738727,76268.33,68641.5,1,76268.33,1,2
2822-1079-1055,Punjab National Bank,Noida,28.565332,77.343314,23561.17,0.0,1,23561.17,1,2
2825-1431-6834,ICICI Bank,Delhi,28.616277,77.19162,93358.45,0.0,3,31119.48,1,3
2833-2458-7885,IndusInd Bank,Delhi,28.626611,77.183532,6059.99,6059.99,1,6059.99,1,1
2834-7807-2733,IndusInd Bank,Ahmedabad,23.031308,72.620184,93021.75,93021.75,1,93021.75,1,1
2836-3740-3446,Federal Bank,Chandigarh,30.766691,76.822775,10525.78,9473.2,1,10525.78,1,2
2837-1790-9720,Union Bank of India,Bengaluru,12.944388,77.546296,302438.99,0.0,1,302438.99,1,3
2837-8557-2951,Punjab National Bank,Pune,18.56053,73.827017,37318.88,33586.99,1,37318.88,1,2
2840-8847-1656,State Bank of India,Ahmedabad,22.992015,72.574043,9806.35,8825.72,1,9806.35,1,2
2840-9712-3592,IndusInd Bank,Mumbai,19.033308,72.896095,119617.99,107656.19,1,119617.99,1,2
2843-7776-7939,Bank of Baroda,Mumbai,19.060452,72.893241,320403.7,0.0,1,320403.7,1,3
2846-7268-7597,ICICI Bank,Chandigarh,30.687485,76.791151,318446.21,0.0,1,318446.21,1,3
2850-2902-2218,Union Bank of India,Chennai,13.041217,80.254094,43793.9,0.0,1,43793.9,1,2
2850-7738-8220,UCO Bank,Lucknow,26.819098,80.991776,4924.2,0.0,1,4924.2,1,2
2855-6537-5092,Kotak Mahindra Bank,Pune,18.491707,73.880503,188167.54,188167.54,1,188167.54,1,2
2855-7233-1206,Bank of Baroda,Bhopal,23.296943,77.384069,361604.73,361604.73,1,361604.73,1,1
2859-9823-1501,Kotak Mahindra Bank,Ahmedabad,23.033654,72.580517,307440.28,0.0,5,61488.06,1,3
2861-3747-8906,South Indian Bank,Delhi,28.617832,77.200206,120674.84999999999,0.0,3,40224.95,1,3
2862-1416-2558,Axis Bank,Delhi,28.595365,77.172739,332909.74,332909.74,1,332909.74,1,1
2867-7837-8544,IDBI Bank,Bengaluru,13.003304,77.633573,69340.23,0.0,1,69340.23,1,2
2870-9145-4613,YES Bank,Mumbai,19.059734,72.91129,460096.63,0.0,1,460096.63,1,3
2874-2888-3603,YES Bank,Chennai,13.051036,80.253438,50915.58,0.0,1,50915.58,1,2
2875-1613-2194,Bank of Baroda,Noida,28.530451,77.354322,288169.75,288169.75,1,288169.75,1,1
2875-6531-3781,Kotak Mahindra Bank,Jaipur,26.919205,75.827441,199972.02,199972.02000000002,1,199972.02,1,1
2879-9709-1908,Federal Bank,Kolkata,22.599817,88.37922,183594.48,183594.47999999998,1,183594.48,1,1
2881-7997-1136,Union Bank of India,Kolkata,22.569701,88.315839,108636.08,108636.08,1,108636.08,1,1
2883-8540-6910,Axis Bank,Delhi,28.657495,77.211577,145125.44,145125.44,1,145125.44,1,2
2883-9442-3903,IDBI Bank,Jaipur,26.902678,75.830011,1760.12,1584.11,1,1760.12,1,2
2886-3378-7517,IndusInd Bank,Gurgaon,28.424679,76.997325,318446.21,318446.21,1,318446.21,1,1
2887-7172-1078,State Bank of India,Patna,25.596196,85.149138,1267.79,0.0,1,1267.79,1,2
2891-5034-6685,IndusInd Bank,Delhi,28.631728,77.201577,88934.03,0.0,3,29644.68,1,3
2896-6340-6199,Axis Bank,Delhi,28.597893,77.162379,217495.72,0.0,1,217495.72,1,3
2897-4966-5980,IDBI Bank,Chandigarh,30.69695,76.734012,14949.46,13454.51,1,14949.46,1,2
2899-4107-7572,Federal Bank,Lucknow,26.856012,80.979531,40394.97,36355.47,1,40394.97,1,2
2904-5224-2106,Canara Bank,Bengaluru,12.975165,77.614682,42136.17,42136.17,1,42136.17,1,1
2906-5931-6189,Punjab National Bank,Mumbai,19.106959,72.872981,396733.42,396733.42,1,396733.42,1,3
2907-8240-2366,UCO Bank,Delhi,28.606876,77.249499,121738.65,121738.65,1,121738.65,1,1
2907-9524-1160,YES Bank,Delhi,28.588658,77.203407,13935.79,12542.21,1,13935.79,1,2
2917-2168-6285,Axis Bank,Hyderabad,17.381327,78.50872,119849.36,107864.42,1,119849.36,1,2
2921-4670-9647,Canara Bank,Bengaluru,12.9591,77.603177,251316.55,0.0,3,83772.18,1,3
2921-4944-7442,Union Bank of India,Noida,28.569719,77.436536,59219.65,0.0,1,59219.65,1,2
2923-3523-6404,UCO Bank,Lucknow,26.798782,80.926313,45361.7,40825.53,1,45361.7,1,2
2924-9226-8588,YES Bank,Delhi,28.588119,77.19163,13568.1,12211.29,1,13568.1,1,2
2925-2526-8901,Federal Bank,Delhi,28.616882,77.181949,17464.32,15717.89,1,17464.32,1,2
2925-9686-2567,Bank of Baroda,Bhopal,23.308578,77.413354,299286.98,299286.98,1,299286.98,1,1
2927-5467-3446,Union Bank of India,Bengaluru,12.953448,77.558756,14781.57,0.0,1,14781.57,1,2
2927-9466-9046,Bank of Baroda,Hyderabad,17.403681,78.533556,57148.02,51433.22,1,57148.02,1,2
2928-9905-8074,YES Bank,Pune,18.543484,73.866326,99947.36,99947.36,1,99947.36,1,1
2931-4345-7007,YES Bank,Chandigarh,30.713259,76.798076,50156.27,0.0,1,50156.27,1,3
2936-1273-4344,Union Bank of India,Chennai,13.036017,80.28199,120564.17,0.0,1,120564.17,1,2
2937-6900-4929,State Bank of India,Delhi,28.595508,77.170923,28989.97,28989.97,1,28989.97,1,3
2939-1476-7370,Axis Bank,Chennai,13.100921,80.268084,214669.74,214669.75,1,214669.74,1,1
2939-7422-5263,Union Bank of India,Chandigarh,30.740479,76.731929,33907.79,30517.01,1,33907.79,1,2
2941-3366-3142,Axis Bank,Mumbai,19.06382,72.865126,403034.38,0.0,1,403034.38,1,3
2941-8721-1019,IDBI Bank,Delhi,28.646601,77.164822,153562.75,0.0,1,153562.75,1,2
2946-4946-7498,Kotak Mahindra Bank,Pune,18.538582,73.862812,18756.170000000002,0.0,3,6252.06,1,3
2946-7899-9012,YES Bank,Patna,25.594286,85.179956,33361.77,0.0,1,33361.77,1,2
2951-4764-8317,Canara Bank,Jaipur,26.942837,75.819626,29687.22,29687.219999999998,1,29687.22,1,1
2956-1918-8264,Punjab National Bank,Bhopal,23.275411,77.436345,47834.08,47834.08,1,47834.08,1,1
2966-2156-3641,Axis Bank,Mumbai,19.115767,72.927331,5024.34,4521.91,1,5024.34,1,2
2966-2910-2353,Kotak Mahindra Bank,Jaipur,26.953248,75.759794,434091.42,434091.42000000004,1,434091.42,1,1
2967-5948-3323,Kotak Mahindra Bank,Chandigarh,30.774757,76.741433,4332.83,3899.55,1,4332.83,1,2
2968-3965-9827,Canara Bank,Bhopal,23.226403,77.41816,13250.98,11925.88,1,13250.98,1,2
2970-9978-3222,HDFC Bank,Ahmedabad,23.04961,72.566612,19433.2,17489.88,1,19433.2,1,2
2971-1672-4120,Punjab National Bank,Lucknow,26.895664,80.9164,1767.85,0.0,1,1767.85,1,2
2971-8778-2774,YES Bank,Hyderabad,17.411967,78.477372,8869.1,7982.19,1,8869.1,1,2
2971-9013-6871,Bank of Baroda,Hyderabad,17.356033,78.445779,388697.78,349828.0,1,388697.78,1,2
2972-5843-1992,South Indian Bank,Mumbai,19.105885,72.855946,262290.51,0.0,1,262290.51,1,2
2978-9978-7378,Bank of Baroda,Hyderabad,17.35069,78.453487,14692.67,0.0,1,14692.67,1,2
2981-8680-3876,Axis Bank,Chandigarh,30.74884,76.826062,212405.65,212405.65,1,212405.65,1,1
2982-8845-4708,IDBI Bank,Pune,18.537195,73.848925,48141.8,0.0,3,16047.27,1,3
2986-9559-5575,ICICI Bank,Mumbai,19.125597,72.897668,392048.3,0.0,1,392048.3,1,4
2987-1362-5164,UCO Bank,Bhopal,23.295343,77.444026,6310.34,5679.31,1,6310.34,1,2
2989-7366-3232,South Indian Bank,Chandigarh,30.758312,76.768714,19195.73,0.0,1,19195.73,1,2
2994-9810-3982,UCO Bank,Patna,25.558689,85.154099,26798.76,26798.760000000002,1,26798.76,1,1
2995-5913-7628,IndusInd Bank,Ahmedabad,23.015735,72.58502,38179.4,34361.46,1,38179.4,1,2
2997-9577-3445,Kotak Mahindra Bank,Kolkata,22.610838,88.376677,68850.6,68850.6,1,68850.6,1,1
3000-5690-3774,Punjab National Bank,Chandigarh,30.690914,76.753147,83767.18,0.0,1,83767.18,1,2
3001-5150-8884,HDFC Bank,Mumbai,19.069416,72.829207,48251.87,43426.68,1,48251.87,1,2
3010-2754-3323,South Indian Bank,Bhopal,23.24898,77.411704,28193.8,28193.8,1,28193.8,1,1
3013-1779-4783,Union Bank of India,Chandigarh,30.76515,76.766823,19357.43,19357.43,1,19357.43,1,1
3013-4467-3271,HDFC Bank,Bengaluru,13.004363,77.571192,33109.25,29798.32,1,33109.25,1,2
3014-4863-7766,Bank of Baroda,Bengaluru,12.9265,77.575613,3223.37,0.0,1,3223.37,1,2
3014-8101-8455,IndusInd Bank,Gurgaon,28.506167,77.03898,16388.28,0.0,1,16388.28,1,2
3019-1684-1082,UCO Bank,Hyderabad,17.389753,78.445213,63273.21,0.0,1,63273.21,1,3
3021-4810-9248,South Indian Bank,Pune,18.550092,73.904695,341054.37,341054.37,1,341054.37,1,1
3022-4565-7520,Axis Bank,Hyderabad,17.369586,78.507619,19239.72,17315.75,1,19239.72,1,2
3025-7190-7565,State Bank of India,Lucknow,26.85087,80.988097,16396.91,14757.22,1,16396.91,1,2
3025-8633-2807,Union Bank of India,Gurgaon,28.45395,77.018131,229659.74,0.0,3,76553.25,1,3
3026-3509-8894,YES Bank,Pune,18.553763,73.876756,21793.52,21793.52,1,21793.52,1,1
3028-2395-4152,YES Bank,Chennai,13.122386,80.232728,66677.3,0.0,1,66677.3,1,2
3030-7934-6379,YES Bank,Bengaluru,13.004056,77.620821,13504.06,12153.65,1,13504.06,1,2
3031-8999-1648,ICICI Bank,Chennai,13.083948,80.283163,18338.14,16504.33,1,18338.14,1,2
3037-5926-1545,Canara Bank,Lucknow,26.872257,80.983654,2957.73,2661.96,1,2957.73,1,2
3039-7304-3660,YES Bank,Hyderabad,17.412127,78.511858,64293.51,0.0,1,64293.51,1,4
3044-8222-2791,HDFC Bank,Bhopal,23.268923,77.457501,34486.41,0.0,1,34486.41,1,2
3046-1129-6435,Axis Bank,Chandigarh,30.748052,76.75889,9931.77,8938.59,1,9931.77,1,2
3046-7485-7055,Bank of Baroda,Bhopal,23.305085,77.383228,9466.27,8519.64,1,9466.27,1,2
3048-1434-3623,HDFC Bank,Bhopal,23.2747,77.410279,207389.13,207389.13,1,207389.13,1,1
3048-4844-5122,Union Bank of India,Patna,25.554493,85.14941,50079.17,0.0,1,50079.17,1,2
3048-6782-4409,Bank of Baroda,Jaipur,26.875711,75.790294,13177.67,11859.9,1,13177.67,1,2
3056-3200-1190,HDFC Bank,Jaipur,26.921254,75.786768,289981.05,0.0,4,72495.26,1,3
3056-5072-3163,HDFC Bank,Bhopal,23.258647,77.371577,409164.79,409164.79000000004,1,409164.79,1,1
3065-1017-8289,HDFC Bank,Jaipur,26.923199,75.803325,13398.83,0.0,1,13398.83,1,2
3065-2914-6301,South Indian Bank,Hyderabad,17.352826,78.530594,11914.4,10722.96,1,11914.4,1,2
3067-8435-5832,IDBI Bank,Jaipur,26.959244,75.817664,39998.93,0.0,1,39998.93,1,2
3068-2549-4721,Bank of Baroda,Pune,18.514016,73.905131,17961.87,16165.68,1,17961.87,1,2
3068-9590-5600,Union Bank of India,Patna,25.587689,85.157016,13450.56,0.0,1,13450.56,1,2
3070-3337-7206,IDBI Bank,Patna,25.611922,85.129424,181446.97,181446.97,1,181446.97,1,1
3071-9327-9011,Bank of Baroda,Chennai,13.079127,80.252882,38067.71,38067.71000000001,1,38067.71,1,1
3072-2295-3901,Bank of Baroda,Pune,18.521819,73.87303,174163.37,0.0,5,34832.67,1,3
3072-7352-5147,YES Bank,Kolkata,22.61645,88.383034,94371.63,84934.47,1,94371.63,1,2
3073-1213-3090,IndusInd Bank,Mumbai,19.0537,72.899139,30437.95,27394.16,1,30437.95,1,2
3080-9353-3382,YES Bank,Hyderabad,17.397562,78.530461,108550.99,97695.89,1,108550.99,1,2
3086-8853-9348,Punjab National Bank,Chennai,13.040206,80.280682,17469.19,15722.27,1,17469.19,1,2
3088-4746-3216,ICICI Bank,Chandigarh,30.769325,76.804177,166505.98,0.0,1,166505.98,1,2
3088-7591-4955,Federal Bank,Chandigarh,30.742448,76.791063,16311.98,14680.78,1,16311.98,1,2
3089-2015-8240,State Bank of India,Pune,18.517674,73.840773,70168.85,0.0,3,23389.62,1,3
3095-3639-3207,ICICI Bank,Kolkata,22.582536,88.37026,1009.74,908.77,1,1009.74,1,2
3099-4921-6872,Bank of Baroda,Lucknow,26.809309,80.969215,53663.71,53663.71,1,53663.71,1,1
3100-4842-2639,Kotak Mahindra Bank,Chennai,13.094334,80.251268,47479.4,42731.46,1,47479.4,1,2
3100-7003-6715,YES Bank,Lucknow,26.857308,80.951206,318874.85,0.0,3,106291.62,1,3
3105-6215-3187,IndusInd Bank,Lucknow,26.856394,80.949612,33719.26,30347.33,1,33719.26,1,2
3106-3400-5789,Federal Bank,Kolkata,22.570297,88.4039,43051.75,43051.75,1,43051.75,1,1
3109-2583-9314,IDBI Bank,Jaipur,26.944508,75.759696,9753.56,8778.2,1,9753.56,1,2
3113-4942-6279,ICICI Bank,Lucknow,26.849595,80.896482,316731.36,316731.36,1,316731.36,1,2
3115-8597-1811,IndusInd Bank,Patna,25.550676,85.088572,95184.37,95184.37,1,95184.37,1,1
3118-8851-4026,Federal Bank,Bhopal,23.234386,77.428922,28116.27,28116.27,1,28116.27,1,1
3119-1911-8743,Axis Bank,Noida,28.563214,77.411935,30110.39,27099.35,1,30110.39,1,2
3125-2711-1710,Axis Bank,Bengaluru,12.954996,77.61912,32322.42,32322.42,1,32322.42,1,1
3125-5148-1385,Union Bank of India,Lucknow,26.864623,80.971004,5837.99,5254.19,1,5837.99,1,2
3126-4850-9425,South Indian Bank,Gurgaon,28.465241,77.067889,122527.1,0.0,1,122527.1,1,2
3127-5230-3769,IndusInd Bank,Pune,18.517023,73.872938,10538.94,0.0,4,2634.74,1,3
3128-4369-6075,Federal Bank,Lucknow,26.844178,80.956571,200287.72,180258.95,1,200287.72,1,2
3129-3072-5610,Federal Bank,Chandigarh,30.746473,76.730158,132200.64,132200.64,1,132200.64,1,1
3129-5884-6533,YES Bank,Chandigarh,30.752828,76.773541,39830.1,0.0,1,39830.1,1,2
3130-6413-1912,Union Bank of India,Patna,25.607019,85.163659,1582.87,1424.58,1,1582.87,1,2
3131-7722-6233,Punjab National Bank,Mumbai,19.06745,72.845889,108298.09,97468.28,1,108298.09,1,2
3132-8804-4158,HDFC Bank,Lucknow,26.848419,80.901367,392048.3,392048.3,1,392048.3,1,1
3134-6666-2306,South Indian Bank,Chennai,13.077653,80.296672,11972.17,10774.95,1,11972.17,1,2
3135-7589-7243,State Bank of India,Chennai,13.096967,80.232434,11753.26,10577.93,1,11753.26,1,2
3135-9835-1019,Kotak Mahindra Bank,Patna,25.582224,85.146505,436.52,392.87,1,436.52,1,2
3140-8914-8997,Bank of Baroda,Delhi,28.650733,77.211482,22396.59,20156.93,1,22396.59,1,2
3141-6509-2875,HDFC Bank,Lucknow,26.852565,80.906184,1254.79,1129.31,1,1254.79,1,2
3146-5995-5317,Federal Bank,Hyderabad,17.407183,78.460471,261592.75,261592.75,1,261592.75,1,1
3148-9101-2262,HDFC Bank,Patna,25.580633,85.095123,107033.83,107033.83,1,107033.83,1,1
3149-5423-2391,IDBI Bank,Ahmedabad,23.011612,72.604547,1638.6,1474.74,1,1638.6,1,2
3154-7279-3100,Axis Bank,Jaipur,26.871534,75.764952,107033.83,96330.45,1,107033.83,1,2
3158-7481-8847,ICICI Bank,Chennai,13.069465,80.231437,29060.59,29060.59,1,29060.59,1,1
3158-9846-8732,UCO Bank,Kolkata,22.558979,88.379322,315173.22000000003,0.0,4,78793.31,1,3
3162-1387-8177,Bank of Baroda,Patna,25.587097,85.158441,229553.66,229553.66,1,229553.66,1,1
3162-6982-6456,Union Bank of India,Jaipur,26.916836,75.740041,11652.76,0.0,1,11652.76,1,2
3165-6507-2352,UCO Bank,Lucknow,26.851515,80.922456,464812.18,464812.18000000005,1,464812.18,1,1
3166-1453-3115,ICICI Bank,Mumbai,19.096503,72.924653,156183.43,156183.43,1,156183.43,1,1
3166-1673-3938,ICICI Bank,Kolkata,22.615633,88.40169,135646.92,0.0,1,135646.92,1,4
3169-5795-1853,South Indian Bank,Bengaluru,12.984173,77.603488,24015.68,0.0,5,4803.14,1,3
3170-1658-4782,IDBI Bank,Delhi,28.57112,77.198472,31984.85,28786.36,1,31984.85,1,2
3171-5603-5509,ICICI Bank,Chandigarh,30.757197,76.795316,63744.61,57370.15,1,63744.61,1,2
3171-8723-6927,ICICI Bank,Ahmedabad,22.978892,72.593234,75482.33,75482.33,1,75482.33,1,1
3172-9447-8822,IDBI Bank,Gurgaon,28.423075,77.044154,4680.13,4212.12,1,4680.13,1,2
3173-1079-5913,Axis Bank,Chandigarh,30.697227,76.7758,44588.34,44588.34,1,44588.34,1,1
3173-5800-2061,Axis Bank,Jaipur,26.906765,75.761488,20727.46,20727.46,1,20727.46,1,1
3174-4361-1598,State Bank of India,Noida,28.562118,77.415555,130867.37,0.0,1,130867.37,1,2
3177-6356-7919,Federal Bank,Patna,25.639529,85.12918,1874.59,0.0,1,1874.59,1,2
3185-6278-4933,ICICI Bank,Bhopal,23.303377,77.452177,147377.02,147377.02000000002,1,147377.02,1,1
3198-4539-6882,ICICI Bank,Lucknow,26.838902,80.951185,67407.88,60667.09,1,67407.88,1,2
3199-5916-6321,Canara Bank,Bhopal,23.27664,77.444781,29472.88,29472.88,1,29472.88,1,1
3200-1644-6053,ICICI Bank,Noida,28.573174,77.367079,16132.87,14519.58,1,16132.87,1,2
3200-6177-2103,Federal Bank,Kolkata,22.618255,88.367241,41979.69,0.0,1,41979.69,1,2
3203-7581-7253,YES Bank,Chennai,13.054576,80.223226,93919.44,93919.44,1,93919.44,1,2
3204-2999-5496,IndusInd Bank,Kolkata,22.570966,88.382765,323414.51,291073.06,1,323414.51,1,2
3209-8879-4245,Union Bank of India,Mumbai,19.033164,72.905377,320403.7,320403.7,1,320403.7,1,2
3215-2601-6069,South Indian Bank,Bhopal,23.279754,77.404738,341899.66000000003,0.0,3,113966.55,1,3
3217-8453-5070,UCO Bank,Kolkata,22.581513,88.359616,428465.47,0.0,3,142821.82,1,3
3220-2148-6904,UCO Bank,Bengaluru,12.927593,77.594093,12347.64,0.0,1,12347.64,1,2
3223-4616-4514,UCO Bank,Hyderabad,17.434132,78.501002,51574.06,46416.65,1,51574.06,1,2
3224-8888-3545,Kotak Mahindra Bank,Chandigarh,30.772893,76.775647,191571.89,191571.89,1,191571.89,1,2
3230-4270-1718,Kotak Mahindra Bank,Noida,28.528519,77.372391,418384.31,0.0,1,418384.31,1,3
3234-5362-7286,Axis Bank,Chennai,13.0885,80.247684,17756.4,15980.76,1,17756.4,1,2
3236-2820-8627,Canara Bank,Gurgaon,28.443858,77.065241,198658.48,198658.48,1,198658.48,1,3
3239-2453-6430,Bank of Baroda,Noida,28.520196,77.414887,16878.84,15190.96,1,16878.84,1,2
3239-8939-2230,HDFC Bank,Mumbai,19.104862,72.835669,100215.92,100215.92,1,100215.92,1,1
3243-9489-5610,Union Bank of India,Ahmedabad,23.055642,72.573965,25331.53,22798.38,1,25331.53,1,2
3245-1718-6226,Axis Bank,Kolkata,22.535036,88.315529,1865.8,1679.22,1,1865.8,1,2
3245-6235-4992,Kotak Mahindra Bank,Chennai,13.054112,80.237942,311561.92,311561.93,1,311561.92,1,1
3257-9122-3228,UCO Bank,Lucknow,26.86776,80.978301,33031.98,33031.979999999996,1,33031.98,1,1
3261-7202-9467,Punjab National Bank,Jaipur,26.899163,75.759367,435462.04,435462.04,1,435462.04,1,1
3264-2385-8798,Bank of Baroda,Gurgaon,28.410275,76.977798,99884.6,89896.14,1,99884.6,1,2
3267-3793-6384,Punjab National Bank,Bhopal,23.27889,77.410425,10330.53,10330.53,1,10330.53,1,1
3269-3071-2176,HDFC Bank,Chennai,13.039013,80.283669,15037.04,13533.34,1,15037.04,1,2
3270-4600-2367,IDBI Bank,Lucknow,26.837404,80.945463,357751.61000000004,0.0,3,119250.54,1,3
3270-9869-4314,Punjab National Bank,Lucknow,26.886564,80.987156,15411.96,15411.960000000001,1,15411.96,1,1
3274-3146-1433,HDFC Bank,Hyderabad,17.389157,78.51361,193297.56,0.0,1,193297.56,1,4
3274-6739-4062,South Indian Bank,Gurgaon,28.431524,76.986473,231569.29,231569.29,1,231569.29,1,2
3281-3655-3533,HDFC Bank,Ahmedabad,23.065293,72.607272,1842.87,1658.58,1,1842.87,1,2
3282-7672-4190,Federal Bank,Lucknow,26.89086,80.956857,295718.52,266146.67,1,295718.52,1,2
3282-9376-8640,Axis Bank,Noida,28.549168,77.363953,28548.67,0.0,1,28548.67,1,2
3284-2914-6047,South Indian Bank,Patna,25.563672,85.095959,14253.25,0.0,1,14253.25,1,2
3285-2245-3807,UCO Bank,Chandigarh,30.743872,76.805518,81245.09,0.0,1,81245.09,1,2
3285-6439-2756,IndusInd Bank,Bengaluru,12.978046,77.573286,1635.02,1471.52,1,1635.02,1,2
3289-7255-4347,South Indian Bank,Noida,28.522022,77.415521,1913.9,1722.51,1,1913.9,1,2
3292-6122-2661,Kotak Mahindra Bank,Bengaluru,12.930003,77.551256,20002.45,0.0,1,20002.45,1,2
3292-6441-9529,Axis Bank,Noida,28.55991,77.407499,194093.86,194093.86000000002,1,194093.86,1,1
3292-7334-5507,YES Bank,Chennai,13.051094,80.284944,210035.36,210035.36,1,210035.36,1,1
3292-9453-2313,HDFC Bank,Chandigarh,30.77062,76.811001,83019.61,83019.61,1,83019.61,1,1
3300-2423-6201,Bank of Baroda,Hyderabad,17.407191,78.523649,461501.92,461501.92,1,461501.92,1,1
3300-6169-7782,Punjab National Bank,Lucknow,26.823155,80.945189,35860.02,35860.02,1,35860.02,1,1
3303-5954-4975,Union Bank of India,Bengaluru,12.983689,77.634591,10171.26,9154.13,1,10171.26,1,2
3305-5079-3905,UCO Bank,Delhi,28.60013,77.216803,434329.28,0.0,4,108582.32,1,3
3305-7835-2370,Canara Bank,Hyderabad,17.368958,78.479606,12981.109999999999,0.0,3,4327.04,1,3
3307-1043-5352,Kotak Mahindra Bank,Noida,28.551899,77.351979,38111.68,38111.68,1,38111.68,1,1
3307-9550-8673,Canara Bank,Bhopal,23.218709,77.425041,28616.86,28616.86,1,28616.86,1,1
3319-1493-2832,Canara Bank,Lucknow,26.818811,80.938403,316731.36,0.0,1,316731.36,1,4
3319-9010-1312,South Indian Bank,Chandigarh,30.68788,76.79953,460096.63,460096.63,1,460096.63,1,1
3321-7768-2397,Axis Bank,Chennai,13.110098,80.308489,52160.64,52160.64,1,52160.64,1,1
3326-2544-8669,Kotak Mahindra Bank,Ahmedabad,22.97293,72.608897,2609.55,2348.6,1,2609.55,1,2
3327-2970-2300,IDBI Bank,Kolkata,22.531838,88.407153,309597.39,309597.39,1,309597.39,1,1
3328-7910-1797,State Bank of India,Noida,28.520365,77.428043,4160.13,3744.12,1,4160.13,1,2
3332-5499-4235,Bank of Baroda,Patna,25.601532,85.185661,316731.36,316731.36,1,316731.36,1,3
3336-4454-9593,Union Bank of India,Delhi,28.616681,77.203743,32985.08,29686.57,1,32985.08,1,2
3338-5407-4432,Union Bank of India,Hyderabad,17.363834,78.479795,28761.35,0.0,1,28761.35,1,2
3340-3426-3965,Bank of Baroda,Ahmedabad,23.03205,72.524595,6252.02,0.0,1,6252.02,1,2
3346-1116-5994,Kotak Mahindra Bank,Bengaluru,12.974851,77.621294,4399.87,3959.88,1,4399.87,1,2
3347-2609-9456,IndusInd Bank,Bhopal,23.297088,77.395929,27256.72,0.0,1,27256.72,1,2
3352-2002-8092,IndusInd Bank,Ahmedabad,23.031248,72.549118,1031.27,0.0,1,1031.27,1,2
3352-5302-1943,Bank of Baroda,Bhopal,23.243602,77.364978,64648.89,64648.89,1,64648.89,1,2
3353-4404-5968,Kotak Mahindra Bank,Bhopal,23.242545,77.431004,82151.85,0.0,4,20537.96,1,3
3360-3964-7943,IndusInd Bank,Ahmedabad,23.031468,72.575576,31275.76,0.0,1,31275.76,1,2
3362-5539-9912,ICICI Bank,Gurgaon,28.417313,77.026201,15918.85,15918.849999999999,1,15918.85,1,1
3364-8638-9580,Punjab National Bank,Noida,28.525391,77.342801,53472.36,48125.12,1,53472.36,1,2
3364-9286-3082,Union Bank of India,Bengaluru,12.98176,77.585462,8626.43,7763.79,1,8626.43,1,2
3369-5647-8568,Canara Bank,Lucknow,26.863343,80.949385,12383.38,12383.38,1,12383.38,1,1
3371-1748-3597,HDFC Bank,Ahmedabad,23.036187,72.582384,5196.92,0.0,3,1732.31,1,3
3374-4541-8454,Punjab National Bank,Mumbai,19.038721,72.896921,137855.88,0.0,1,137855.88,1,2
3376-6597-9850,HDFC Bank,Kolkata,22.526798,88.324282,15931.96,14338.76,1,15931.96,1,2
3378-3589-6201,Bank of Baroda,Bhopal,23.282608,77.439144,13562.7,0.0,1,13562.7,1,2
3379-7050-4969,Punjab National Bank,Bengaluru,13.007502,77.559075,191698.15,0.0,1,191698.15,1,3
3380-2018-7557,Canara Bank,Ahmedabad,22.977802,72.550514,66397.33,59757.6,1,66397.33,1,2
3384-5544-6698,ICICI Bank,Bhopal,23.28798,77.423896,255177.48,255177.47999999998,1,255177.48,1,1
3387-2984-1733,HDFC Bank,Delhi,28.586902,77.247896,333487.99,0.0,1,333487.99,1,3
3388-1499-1763,IndusInd Bank,Chennai,13.059433,80.25466,343792.23,343792.23,1,343792.23,1,2
3389-8216-1735,State Bank of India,Mumbai,19.118673,72.914575,29201.74,29201.739999999998,1,29201.74,1,1
3390-4387-7376,State Bank of India,Pune,18.513729,73.822561,10977.37,10977.37,1,10977.37,1,1
3399-2016-5835,Axis Bank,Patna,25.588447,85.135704,23855.59,0.0,3,7951.86,1,3
3402-1879-5647,ICICI Bank,Jaipur,26.906021,75.785594,11168.13,10051.32,1,11168.13,1,2
3402-6464-2162,Axis Bank,Kolkata,22.541938,88.359862,256193.81,0.0,1,256193.81,1,3
3403-2842-1040,South Indian Bank,Kolkata,22.611046,88.364991,103195.16,103195.17,1,103195.16,1,1
3404-6458-6015,IDBI Bank,Mumbai,19.063478,72.909597,535.11,535.11,1,535.11,1,1
3406-2947-6771,Canara Bank,Hyderabad,17.434906,78.532773,306510.65,306510.65,1,306510.65,1,1
3407-6412-2686,YES Bank,Bhopal,23.239343,77.376729,413.14,413.14,1,413.14,1,1
3409-8243-6549,Canara Bank,Ahmedabad,22.994536,72.557139,45095.72,40586.15,1,45095.72,1,2
3409-9792-8479,UCO Bank,Kolkata,22.600241,88.40238,773.8,696.42,1,773.8,1,2
3410-3608-1059,ICICI Bank,Jaipur,26.869215,75.824144,18201.87,16381.68,1,18201.87,1,2
3413-2377-2269,HDFC Bank,Chennai,13.098276,80.261299,424087.11,0.0,3,141362.37,1,3
3414-3560-1122,South Indian Bank,Chandigarh,30.723097,76.779423,4944.17,4449.75,1,4944.17,1,2
3414-4209-5795,IDBI Bank,Jaipur,26.932303,75.765987,46084.77,41476.29,1,46084.77,1,2
3417-5125-7464,Canara Bank,Chennai,13.040867,80.24497,332909.74,0.0,1,332909.74,1,3
3422-2044-6806,YES Bank,Gurgaon,28.43102,77.021811,81263.12,73136.81,1,81263.12,1,2
3422-2204-4934,Punjab National Bank,Chandigarh,30.752842,76.815128,4786.34,4307.71,1,4786.34,1,2
3423-7722-4608,ICICI Bank,Bengaluru,12.92469,77.602358,251427.96,226285.16,1,251427.96,1,2
3427-8765-7912,IDBI Bank,Lucknow,26.893087,80.943349,171372.67,171372.66999999998,1,171372.67,1,1
3430-6269-2332,Punjab National Bank,Lucknow,26.833078,80.973976,108347.85,108347.85,1,108347.85,1,1
3432-5452-8618,Axis Bank,Chennai,13.095988,80.280055,198276.1,0.0,1,198276.1,1,2
3434-7114-7470,IDBI Bank,Hyderabad,17.380105,78.510608,24139.57,21725.61,1,24139.57,1,2
3436-3543-1602,HDFC Bank,Chennai,13.047633,80.228044,13648.7,12283.83,1,13648.7,1,2
3439-2293-6787,UCO Bank,Noida,28.548728,77.398979,200414.34,0.0,4,50103.58,1,3
3439-5251-4848,Canara Bank,Kolkata,22.538918,88.345685,37618.77,37618.77,1,37618.77,1,1
3440-1083-7844,Kotak Mahindra Bank,Mumbai,19.081849,72.828942,22046.42,22053.29,1,22046.42,1,1
3442-1320-6363,YES Bank,Lucknow,26.843489,80.939852,400144.55,0.0,5,80028.91,1,3
3443-8418-8788,Bank of Baroda,Delhi,28.609342,77.243126,162298.69,162298.7,1,162298.69,1,1
3445-5414-9383,YES Bank,Ahmedabad,23.04546,72.576654,100.0,90.0,1,100.0,1,2
3446-5595-1510,Canara Bank,Jaipur,26.946641,75.794398,191571.89,0.0,1,191571.89,1,3
3448-4585-4626,State Bank of India,Jaipur,26.946293,75.741939,270674.02,270674.02,1,270674.02,1,1
3450-1103-9287,IDBI Bank,Delhi,28.5821,77.212694,22602.08,22602.08,1,22602.08,1,1
3454-4613-9563,ICICI Bank,Lucknow,26.861863,80.968878,50405.36,50405.36,1,50405.36,1,2
3456-4144-1453,Axis Bank,Patna,25.592666,85.139993,166952.25,0.0,3,55650.75,1,3
3456-8151-9287,IDBI Bank,Delhi,28.628231,77.190825,120483.85,108435.47,1,120483.85,1,2
3458-1297-4098,Axis Bank,Bengaluru,12.945517,77.585887,9539.6,8585.64,1,9539.6,1,2
3458-1418-2740,YES Bank,Lucknow,26.875047,80.967484,279486.55,279486.55000000005,1,279486.55,1,1
3459-3656-3369,State Bank of India,Ahmedabad,22.997811,72.567264,67276.5,0.0,1,67276.5,1,2
3459-5697-7153,State Bank of India,Bhopal,23.26904,77.432663,2055.31,1849.78,1,2055.31,1,2
3460-1388-7260,Axis Bank,Patna,25.609522,85.164483,1332.22,1199.0,1,1332.22,1,2
3465-1584-2537,Axis Bank,Jaipur,26.866047,75.752866,18168.6,16351.74,1,18168.6,1,2
3468-7402-7174,Federal Bank,Noida,28.517867,77.361414,14283.89,12855.5,1,14283.89,1,2
3469-3831-1450,IndusInd Bank,Jaipur,26.870939,75.752962,392048.3,392048.3,1,392048.3,1,3
3469-5879-2691,South Indian Bank,Hyderabad,17.409495,78.491405,110121.83,110121.83,1,110121.83,1,1
3470-3250-4281,IndusInd Bank,Gurgaon,28.47295,76.977071,2269.5,0.0,1,2269.5,1,2
3473-1947-9516,Federal Bank,Pune,18.53144,73.821386,14754.31,0.0,1,14754.31,1,2
3475-3917-8022,Federal Bank,Pune,18.55794,73.833809,2518.24,2518.24,1,2518.24,1,1
3476-9444-2706,HDFC Bank,Noida,28.546557,77.419216,4068.13,0.0,1,4068.13,1,2
3478-1210-4978,IndusInd Bank,Noida,28.518984,77.432848,149595.63,149595.64,1,149595.63,1,1
3480-6596-7394,IDBI Bank,Bhopal,23.293669,77.39349,35068.84,0.0,1,35068.84,1,2
3480-7892-9682,Canara Bank,Chennai,13.091529,80.242603,11037.98,9934.18,1,11037.98,1,2
3483-7418-6270,UCO Bank,Lucknow,26.805754,80.98633,282638.95,282638.95,1,282638.95,1,1
3485-2061-8273,Canara Bank,Gurgaon,28.507623,77.012157,35774.12,32196.71,1,35774.12,1,2
3485-6599-7436,IndusInd Bank,Gurgaon,28.454788,77.045024,55677.91,0.0,3,18559.3,1,3
3491-9860-7947,Union Bank of India,Hyderabad,17.3818,78.450312,11916.04,10724.44,1,11916.04,1,2
3494-4851-3275,Kotak Mahindra Bank,Mumbai,19.100216,72.885897,178528.02,178528.02,1,178528.02,1,3
3494-6104-4154,South Indian Bank,Mumbai,19.101234,72.88416,187375.49,0.0,1,187375.49,1,2
3500-4094-3429,State Bank of India,Kolkata,22.617049,88.317845,63777.17,63777.17,1,63777.17,1,2
3500-9388-9135,UCO Bank,Patna,25.559776,85.121282,707.18,636.46,1,707.18,1,2
3501-3327-7317,ICICI Bank,Hyderabad,17.336395,78.515838,223835.28,223835.28,1,223835.28,1,1
3501-4450-4687,Union Bank of India,Hyderabad,17.377244,78.484042,44577.69,44577.69,1,44577.69,1,1
3510-9516-9900,IDBI Bank,Delhi,28.597056,77.20497,129840.89,129840.89,1,129840.89,1,1
3514-6183-8104,Bank of Baroda,Jaipur,26.898682,75.770652,11459.32,10313.39,1,11459.32,1,2
3517-1717-3094,IDBI Bank,Noida,28.492271,77.3829,4939.27,4445.34,1,4939.27,1,2
3518-6285-1833,South Indian Bank,Jaipur,26.946714,75.767415,7883.05,0.0,1,7883.05,1,3
3520-1093-2977,IDBI Bank,Pune,18.532227,73.85702,101705.38,91534.84,1,101705.38,1,2
3520-6323-5955,State Bank of India,Noida,28.575504,77.349696,42466.39,42466.39,1,42466.39,1,2
3522-6670-3527,Federal Bank,Jaipur,26.925534,75.755713,14485.85,14485.85,1,14485.85,1,3
3525-1728-4973,Union Bank of India,Bhopal,23.219017,77.435959,62483.54,56235.19,1,62483.54,1,2
3527-7772-6071,IndusInd Bank,Lucknow,26.863147,80.94761,51427.46,51427.46,1,51427.46,1,1
3534-6410-2245,UCO Bank,Bhopal,23.215038,77.428567,24384.38,21945.94,1,24384.38,1,2
3539-5485-1431,YES Bank,Mumbai,19.027242,72.852068,69965.31,69965.31,1,69965.31,1,1
3547-1969-5128,Canara Bank,Bengaluru,12.981844,77.564228,21124.41,0.0,1,21124.41,1,2
3549-5020-7057,Bank of Baroda,Lucknow,26.800458,80.915065,1000.03,0.0,1,1000.03,1,2
3549-9520-5570,Canara Bank,Delhi,28.593934,77.245313,15113.41,13602.07,1,15113.41,1,2
3553-9209-6149,South Indian Bank,Chennai,13.049612,80.273224,65007.89,0.0,1,65007.89,1,2
3554-1981-4432,Federal Bank,Chandigarh,30.693269,76.821478,132958.16,119662.34,1,132958.16,1,2
3554-1983-1526,IndusInd Bank,Chandigarh,30.738716,76.812352,64467.04,58020.34,1,64467.04,1,2
3555-2405-2841,State Bank of India,Bengaluru,12.995601,77.565788,103340.66,103340.66,1,103340.66,1,1
3556-1919-5419,Bank of Baroda,Noida,28.53503,77.401637,121208.09,0.0,3,40402.7,1,3
3557-2799-6982,Canara Bank,Chennai,13.100386,80.255994,12652.89,12652.89,1,12652.89,1,1
3559-3421-7858,ICICI Bank,Bengaluru,13.018381,77.594134,28287.34,25458.61,1,28287.34,1,2
3563-8021-8270,UCO Bank,Hyderabad,17.413713,78.443894,60040.3,60040.3,1,60040.3,1,1
3568-3784-4763,Canara Bank,Bhopal,23.258821,77.462166,198658.48,0.0,1,198658.48,1,4
3569-5453-2506,Union Bank of India,Hyderabad,17.373475,78.491462,319606.0,0.0,3,106535.33,1,3
3570-6709-4152,Axis Bank,Gurgaon,28.50524,77.001068,236073.48,236073.48,1,236073.48,1,1
3575-7129-5170,Kotak Mahindra Bank,Kolkata,22.545618,88.318014,16890.8,0.0,1,16890.8,1,2
3577-8128-5740,IndusInd Bank,Ahmedabad,23.024739,72.557666,8868.58,7981.72,1,8868.58,1,2
3580-5483-2875,YES Bank,Pune,18.494883,73.813824,32253.62,29028.26,1,32253.62,1,2
3583-3472-5683,UCO Bank,Bengaluru,12.997345,77.614713,17654.12,0.0,1,17654.12,1,2
3584-3620-1455,Axis Bank,Noida,28.509737,77.423597,6539.46,5885.51,1,6539.46,1,2
3587-1186-7994,Canara Bank,Bhopal,23.27904,77.410315,307193.4,0.0,3,102397.8,1,3
3587-3993-8962,HDFC Bank,Pune,18.474898,73.828333,3292.32,2963.09,1,3292.32,1,2
3593-5992-8787,Punjab National Bank,Jaipur,26.8652,75.758466,66773.25,66773.25,1,66773.25,1,1
3595-8166-4784,Union Bank of India,Gurgaon,28.429876,76.985927,7849.1,7064.19,1,7849.1,1,2
3598-1691-9534,Punjab National Bank,Mumbai,19.114752,72.914066,11297.06,10167.35,1,11297.06,1,2
3598-8513-4897,ICICI Bank,Gurgaon,28.436284,77.02533,78698.13,78698.13,1,78698.13,1,1
3604-4386-1618,Bank of Baroda,Bhopal,23.245162,77.459505,25728.75,0.0,1,25728.75,1,2
3608-2412-7444,IndusInd Bank,Bhopal,23.240493,77.406002,56488.64,0.0,3,18829.55,1,3
3608-3009-6145,IDBI Bank,Delhi,28.635737,77.253808,22068.39,19861.55,1,22068.39,1,2
3608-7355-7556,Bank of Baroda,Kolkata,22.549368,88.356432,14897.32,13407.59,1,14897.32,1,2
3609-5011-8572,IndusInd Bank,Hyderabad,17.434553,78.522917,18057.16,16251.44,1,18057.16,1,2
3609-5727-8234,YES Bank,Pune,18.516152,73.865487,23371.14,0.0,3,7790.38,1,3
3612-3285-4372,Punjab National Bank,Chandigarh,30.749764,76.74587,15833.13,14249.82,1,15833.13,1,2
3617-1231-1970,UCO Bank,Mumbai,19.086351,72.870849,461501.92,461501.92,1,461501.92,1,3
3617-3218-5863,Union Bank of India,Gurgaon,28.443183,76.999813,20111.92,18100.73,1,20111.92,1,2
3619-7204-7235,YES Bank,Lucknow,26.838658,80.927152,23981.51,21583.36,1,23981.51,1,2
3624-3742-4050,Axis Bank,Bhopal,23.250462,77.394238,344294.41000000003,0.0,3,114764.8,1,3
3625-2532-2788,Axis Bank,Kolkata,22.575255,88.37363,196374.02,0.0,3,65458.01,1,3
3635-6226-3109,Canara Bank,Pune,18.533812,73.867064,33542.85,33542.85,1,33542.85,1,1
3635-7810-2765,Punjab National Bank,Kolkata,22.58993,88.315162,65428.54,65428.54,1,65428.54,1,2
3643-3293-4757,Union Bank of India,Pune,18.503074,73.822254,13726.8,12354.12,1,13726.8,1,2
3643-3794-1295,Union Bank of India,Lucknow,26.813545,80.963339,16239.92,14615.93,1,16239.92,1,2
3660-1491-9151,Punjab National Bank,Hyderabad,17.372318,78.520842,265345.79,265345.8,1,265345.79,1,1
3663-9743-5940,Bank of Baroda,Jaipur,26.891956,75.826898,14916.98,14916.98,1,14916.98,1,1
3664-9892-8141,Federal Bank,Noida,28.550462,77.402626,100.0,90.0,1,100.0,1,2
3669-3911-7458,Canara Bank,Mumbai,19.116913,72.924739,174371.91,174371.92,1,174371.91,1,1
3669-6990-1282,Kotak Mahindra Bank,Chandigarh,30.717357,76.776303,414312.83,0.0,3,138104.28,1,3
3670-4441-2533,State Bank of India,Patna,25.597188,85.148769,381199.36,0.0,5,76239.87,1,3
3672-6036-6435,Union Bank of India,Lucknow,26.859449,80.908508,200597.28,180537.55,1,200597.28,1,2
3673-2023-4303,HDFC Bank,Noida,28.513102,77.434836,13202.2,13202.2,1,13202.2,1,1
3680-6847-5207,IDBI Bank,Pune,18.498705,73.888536,82726.48,82726.48,1,82726.48,1,2
3680-9233-2287,IndusInd Bank,Lucknow,26.827072,80.913719,20192.98,18173.68,1,20192.98,1,2
3681-8011-7437,South Indian Bank,Bengaluru,13.002148,77.593385,2132.96,1919.66,1,2132.96,1,2
3687-9391-3726,HDFC Bank,Pune,18.546982,73.886849,183253.81,183253.81,1,183253.81,1,1
3693-1937-5825,UCO Bank,Chandigarh,30.720495,76.758295,244804.18,244804.18,1,244804.18,1,3
3694-1574-4251,ICICI Bank,Ahmedabad,23.035617,72.569864,20439.09,18395.18,1,20439.09,1,2
3700-1895-7086,HDFC Bank,Noida,28.545819,77.425661,221265.89,221265.89,1,221265.89,1,1
3701-6506-3608,UCO Bank,Bengaluru,12.985728,77.578626,13950.74,0.0,3,4650.25,1,3
3705-8058-3286,Federal Bank,Gurgaon,28.418402,76.982092,76442.53,68798.28,1,76442.53,1,2
3708-8197-8756,Bank of Baroda,Jaipur,26.867073,75.76113,24425.25,0.0,1,24425.25,1,2
3709-5345-4642,Bank of Baroda,Gurgaon,28.428166,76.986812,6677.99,6010.19,1,6677.99,1,2
3714-6063-8577,IndusInd Bank,Delhi,28.604869,77.205846,308749.73,0.0,4,77187.43,1,3
3723-2237-5322,IndusInd Bank,Gurgaon,28.496174,77.05711,648.96,0.0,1,648.96,1,4
3728-6326-6958,Axis Bank,Patna,25.62967,85.141616,210614.11,0.0,1,210614.11,1,3
3731-6761-8070,Union Bank of India,Gurgaon,28.470212,77.061567,5214.3,4692.87,1,5214.3,1,2
3732-2852-3171,South Indian Bank,Ahmedabad,23.052726,72.589239,67331.32,60598.19,1,67331.32,1,2
3736-8012-8429,Federal Bank,Gurgaon,28.493777,77.001111,129661.38,116695.24,1,129661.38,1,2
3741-3401-2538,Punjab National Bank,Jaipur,26.887754,75.783175,251427.96,251427.96,1,251427.96,1,1
3741-4012-1378,HDFC Bank,Noida,28.540343,77.343636,11294.18,10164.76,1,11294.18,1,2
3742-9814-9736,State Bank of India,Jaipur,26.919213,75.798243,303063.03,0.0,3,101021.01,1,3
3748-1550-3583,Axis Bank,Chennai,13.109541,80.236781,7059.52,7059.52,1,7059.52,1,2
3749-6425-8302,IndusInd Bank,Bhopal,23.263792,77.449729,100.01,0.0,1,100.01,1,2
3751-8946-1745,South Indian Bank,Bhopal,23.219668,77.439928,19826.3,0.0,1,19826.3,1,2
3753-7060-3703,HDFC Bank,Patna,25.607319,85.125213,147015.65,147015.65,1,147015.65,1,2
3755-5723-2565,Bank of Baroda,Lucknow,26.853339,80.898109,115981.67,104383.5,1,115981.67,1,2
3758-4033-2701,IndusInd Bank,Kolkata,22.580269,88.386885,31984.85,31984.85,1,31984.85,1,1
3759-7753-6266,State Bank of India,Gurgaon,28.471428,77.027209,138229.48,124406.53,1,138229.48,1,2
3762-1079-6131,Federal Bank,Bengaluru,12.989558,77.577756,38265.46,34438.91,1,38265.46,1,2
3764-2060-6959,Bank of Baroda,Mumbai,19.110403,72.868129,3886.88,3886.88,1,3886.88,1,2
3767-3501-2690,South Indian Bank,Jaipur,26.891896,75.794576,4797.22,0.0,1,4797.22,1,2
3776-1590-6893,Axis Bank,Kolkata,22.596293,88.320762,19117.32,17205.59,1,19117.32,1,2
3777-3662-5025,Punjab National Bank,Noida,28.542473,77.3585,15957.01,14361.31,1,15957.01,1,2
3784-7403-9034,Punjab National Bank,Ahmedabad,23.034044,72.574009,390118.43,0.0,1,390118.43,1,3
3788-2403-2902,IndusInd Bank,Noida,28.513814,77.398043,421743.44,0.0,1,421743.44,1,3
3788-5830-7387,South Indian Bank,Chandigarh,30.765689,76.818383,58737.48,58737.48,1,58737.48,1,1
3789-8264-1651,ICICI Bank,Hyderabad,17.375491,78.499942,24655.5,0.0,3,8218.5,1,3
3792-1326-6937,IndusInd Bank,Ahmedabad,23.06106,72.620182,3640.49,3276.44,1,3640.49,1,2
3792-3794-6422,Bank of Baroda,Patna,25.62931,85.172792,58982.62,0.0,1,58982.62,1,2
3798-7145-6411,Bank of Baroda,Patna,25.609584,85.152214,170804.5,0.0,3,56934.83,1,3
3803-7647-8328,YES Bank,Bengaluru,12.995094,77.6378,8765.84,7889.26,1,8765.84,1,2
3810-5261-6313,Canara Bank,Pune,18.544679,73.860207,64687.99,64687.990000000005,1,64687.99,1,1
3813-6838-2605,Canara Bank,Lucknow,26.818336,80.915226,8616.42,0.0,1,8616.42,1,2
3813-8817-8539,Canara Bank,Bhopal,23.30648,77.422789,292391.92,292391.92,1,292391.92,1,2
3819-1281-7548,HDFC Bank,Noida,28.556526,77.390306,19442.97,0.0,1,19442.97,1,2
3820-5174-8704,Union Bank of India,Patna,25.585592,85.140695,82743.22,82743.22,1,82743.22,1,1
3822-5568-5163,Bank of Baroda,Lucknow,26.844211,80.958154,149.58,0.0,1,149.58,1,2
3827-5600-3368,ICICI Bank,Chennai,13.073721,80.225582,9634.28,8670.85,1,9634.28,1,2
3830-3474-4013,Bank of Baroda,Mumbai,19.075732,72.843532,25120.9,0.0,1,25120.9,1,2
3832-8999-2562,YES Bank,Delhi,28.597339,77.246979,20760.25,0.0,1,20760.25,1,2
3833-1052-6098,Union Bank of India,Bengaluru,12.955745,77.601417,47834.08,47834.08,1,47834.08,1,3
3837-1138-4666,Punjab National Bank,Jaipur,26.944831,75.777015,100.0,90.0,1,100.0,1,2
3838-5320-9388,UCO Bank,Bengaluru,12.965327,77.589982,8855.63,7970.07,1,8855.63,1,2
3842-4274-5446,Canara Bank,Jaipur,26.948139,75.80463,16286.4,14657.76,1,16286.4,1,2
3852-2675-7137,IDBI Bank,Hyderabad,17.423718,78.478266,128942.36,128942.36,1,128942.36,1,1
3854-6280-8158,Punjab National Bank,Ahmedabad,23.063697,72.620967,49239.54,0.0,1,49239.54,1,2
3855-6957-3974,ICICI Bank,Mumbai,19.044567,72.867673,7872.55,7872.55,1,7872.55,1,1
3856-8211-2144,Union Bank of India,Chandigarh,30.755176,76.750824,65331.75,65331.75,1,65331.75,1,1
3858-3480-6764,South Indian Bank,Bhopal,23.258274,77.458856,41034.86,36931.37,1,41034.86,1,2
3859-1616-3949,Kotak Mahindra Bank,Ahmedabad,23.035219,72.599658,147015.65,0.0,1,147015.65,1,4
3859-4962-8868,UCO Bank,Gurgaon,28.426288,77.011297,1693.7,1524.33,1,1693.7,1,2
3864-2230-7013,Union Bank of India,Bengaluru,12.963872,77.582509,378345.44,378345.44,1,378345.44,1,1
3864-7234-4938,Punjab National Bank,Pune,18.538779,73.834542,111755.73,111755.73,1,111755.73,1,1
3865-3492-5818,YES Bank,Patna,25.586918,85.175735,57564.83,51808.35,1,57564.83,1,2
3867-3539-5651,HDFC Bank,Delhi,28.639031,77.185798,10770.25,9693.22,1,10770.25,1,2
3870-7902-4188,IndusInd Bank,Gurgaon,28.434808,77.076432,22547.99,20293.19,1,22547.99,1,2
3873-3514-3641,HDFC Bank,Delhi,28.621353,77.203089,222176.88,0.0,1,222176.88,1,3
3877-4178-6415,Bank of Baroda,Chandigarh,30.731211,76.77685,44605.32,44605.32,1,44605.32,1,2
3879-2343-5597,Federal Bank,Gurgaon,28.429143,77.049954,53374.53,48037.08,1,53374.53,1,2
3879-9625-6022,UCO Bank,Bhopal,23.243722,77.406556,83784.82999999999,0.0,4,20946.21,1,3
3884-5289-2657,Federal Bank,Jaipur,26.900292,75.816041,403034.38,403034.38,1,403034.38,1,1
3885-9585-1561,Kotak Mahindra Bank,Gurgaon,28.409678,77.040432,158562.35,158562.35,1,158562.35,1,1
3887-9061-2104,Canara Bank,Mumbai,19.10598,72.838214,54774.84,54774.84,1,54774.84,1,1
3890-7355-4101,South Indian Bank,Ahmedabad,23.069442,72.598048,100.0,90.0,1,100.0,1,2
3893-1193-7098,YES Bank,Chandigarh,30.706264,76.797668,58227.45,58227.44,1,58227.45,1,1
3893-7286-3188,Federal Bank,Bhopal,23.267662,77.39734,101259.76,0.0,1,101259.76,1,2
3894-5520-9676,UCO Bank,Chennai,13.067067,80.252695,439578.43999999994,0.0,4,109894.61,1,3
3898-8220-3908,YES Bank,Noida,28.578925,77.434503,910.66,0.0,1,910.66,1,2
3899-3960-6735,Kotak Mahindra Bank,Chennai,13.092573,80.265227,9387.7,0.0,4,2346.93,1,3
3902-3755-1389,State Bank of India,Chandigarh,30.749986,76.747624,28076.58,25268.92,1,28076.58,1,2
3904-1550-7415,Canara Bank,Pune,18.495498,73.889071,27983.64,27983.64,1,27983.64,1,1
3907-1659-5354,Union Bank of India,Pune,18.508001,73.869928,38627.46,0.0,3,12875.82,1,3
3907-8992-6657,South Indian Bank,Kolkata,22.614643,88.409847,36277.42,36277.42,1,36277.42,1,1
3913-9255-9888,Federal Bank,Kolkata,22.610348,88.356139,2492.74,2243.47,1,2492.74,1,2
3929-5724-2260,IDBI Bank,Gurgaon,28.42455,76.997026,48952.15,48952.15,1,48952.15,1,1
3932-2857-8393,Federal Bank,Patna,25.59063,85.09981,494.72,566.54,1,494.72,1,1
3934-7269-6356,Punjab National Bank,Ahmedabad,22.982133,72.529052,22936.07,0.0,1,22936.07,1,3
3935-3395-8921,State Bank of India,Mumbai,19.074764,72.833986,438801.98,438801.98,1,438801.98,1,1
3935-5432-9759,Axis Bank,Bhopal,23.29035,77.395588,33244.27,0.0,1,33244.27,1,2
3940-5426-5002,South Indian Bank,Kolkata,22.574593,88.343976,124709.14000000001,0.0,3,41569.71,1,3
3945-5227-5524,IndusInd Bank,Gurgaon,28.496624,77.042198,76190.53,68571.48,1,76190.53,1,2
3945-5894-1166,ICICI Bank,Jaipur,26.925521,75.822781,28193.8,25374.42,1,28193.8,1,2
3947-6286-8035,YES Bank,Gurgaon,28.442406,77.032878,168898.61,0.0,3,56299.54,1,3
3948-1087-8327,YES Bank,Bengaluru,12.956753,77.582849,390682.28,0.0,3,130227.43,1,3
3950-5916-4799,Punjab National Bank,Noida,28.496737,77.42909,262912.73,262912.73,1,262912.73,1,1
3950-7303-7622,Bank of Baroda,Mumbai,19.084705,72.89599,219574.52,0.0,3,73191.51,1,3
3952-6756-8032,HDFC Bank,Patna,25.565657,85.177957,127890.28,127890.26999999999,1,127890.28,1,1
3956-4046-9132,HDFC Bank,Pune,18.505855,73.828328,137844.82,124060.34,1,137844.82,1,2
3958-1959-8827,Kotak Mahindra Bank,Noida,28.553777,77.347187,7069.8,0.0,1,7069.8,1,2
3967-7290-8932,Canara Bank,Bhopal,23.211875,77.418206,100457.71,90411.94,1,100457.71,1,2
3968-4091-3436,South Indian Bank,Gurgaon,28.411266,76.996564,52526.69,47274.02,1,52526.69,1,2
3969-3874-1577,IDBI Bank,Hyderabad,17.393309,78.530354,27779.18,25001.26,1,27779.18,1,2
3969-4173-8505,Canara Bank,Pune,18.537863,73.812413,22154.05,19938.64,1,22154.05,1,2
3975-6577-7362,South Indian Bank,Bhopal,23.301587,77.44372,287816.24,0.0,1,287816.24,1,2
3988-3238-5744,IndusInd Bank,Chennai,13.077977,80.290747,115765.53,0.0,1,115765.53,1,2
3988-8696-3295,Union Bank of India,Lucknow,26.843718,80.968456,212422.89,191180.6,1,212422.89,1,2
3993-4143-5249,HDFC Bank,Bengaluru,12.980165,77.59239,2435.62,0.0,1,2435.62,1,2
3998-2570-6098,IndusInd Bank,Jaipur,26.896372,75.812482,30351.39,30351.39,1,30351.39,1,1
3998-4004-7891,Union Bank of India,Hyderabad,17.356803,78.512693,88605.08,79744.57,1,88605.08,1,2
3999-6499-2463,Punjab National Bank,Ahmedabad,23.018876,72.533178,14173.66,12756.29,1,14173.66,1,2
3999-8191-6799,Canara Bank,Kolkata,22.610739,88.395302,7608.02,6847.22,1,7608.02,1,2
3999-9142-7143,UCO Bank,Noida,28.497943,77.378656,231843.37,231843.37,1,231843.37,1,1
4004-6778-7647,UCO Bank,Patna,25.632181,85.152212,1391.54,1252.39,1,1391.54,1,2
4009-6907-3362,IndusInd Bank,Hyderabad,17.349407,78.454808,97538.54,0.0,1,97538.54,1,2
4014-4617-5140,Kotak Mahindra Bank,Jaipur,26.869714,75.804469,251563.14,251563.13999999998,1,251563.14,1,1
4017-1756-1700,Punjab National Bank,Lucknow,26.806672,80.901235,80510.91,0.0,1,80510.91,1,2
4026-7463-7169,UCO Bank,Kolkata,22.553762,88.364572,8943.77,8943.77,1,8943.77,1,1
4027-3060-2057,Union Bank of India,Chandigarh,30.757151,76.755561,26113.73,23502.36,1,26113.73,1,2
4028-2497-2113,YES Bank,Pune,18.534654,73.879851,73709.01,73709.01,1,73709.01,1,1
4030-3477-1738,Axis Bank,Mumbai,19.0879,72.876641,93742.44,93742.44,1,93742.44,1,1
4030-8411-9159,ICICI Bank,Patna,25.557482,85.153012,40976.84,36879.16,1,40976.84,1,2
4031-2156-9044,ICICI Bank,Ahmedabad,23.022628,72.621007,163224.68,163224.68,1,163224.68,1,2
4032-2281-5248,HDFC Bank,Hyderabad,17.336792,78.476193,292391.92,292391.92,1,292391.92,1,1
4035-4596-2694,Federal Bank,Chennai,13.097791,80.272297,8566.15,7709.54,1,8566.15,1,2
4039-7365-2088,Bank of Baroda,Bengaluru,13.021434,77.56215,99485.24,89536.72,1,99485.24,1,2
4041-4292-1966,IndusInd Bank,Gurgaon,28.438813,77.014373,676.94,609.25,1,676.94,1,2
4042-3101-6274,Axis Bank,Bengaluru,12.987561,77.6134,62248.43,0.0,4,15562.11,1,3
4044-7959-1121,Kotak Mahindra Bank,Bhopal,23.233575,77.412773,245392.36,245392.36000000002,1,245392.36,1,1
4048-2437-3801,YES Bank,Delhi,28.578047,77.196004,12086.68,0.0,1,12086.68,1,2
4050-7270-4312,ICICI Bank,Gurgaon,28.411093,76.995579,42184.73,37966.26,1,42184.73,1,2
4050-9027-1780,State Bank of India,Chandigarh,30.76334,76.79096,56705.91,51035.32,1,56705.91,1,2
4051-3658-2991,IndusInd Bank,Patna,25.599249,85.172292,27221.03,24498.93,1,27221.03,1,2
4051-6521-4406,UCO Bank,Pune,18.535898,73.831798,5181.61,4663.45,1,5181.61,1,2
4055-2954-2825,IndusInd Bank,Hyderabad,17.364527,78.482182,456501.46,456501.46,1,456501.46,1,2
4056-2273-5191,HDFC Bank,Patna,25.628285,85.110165,4632.35,4169.12,1,4632.35,1,2
4057-7607-4753,IndusInd Bank,Bengaluru,12.975947,77.563296,71277.2,71277.2,1,71277.2,1,2
4058-2231-1229,ICICI Bank,Ahmedabad,23.006514,72.604375,23085.57,23085.57,1,23085.57,1,1
4058-6990-1943,Axis Bank,Pune,18.565336,73.810173,7617.12,6855.41,1,7617.12,1,2
4059-1429-8405,IndusInd Bank,Chennai,13.093743,80.269947,36958.95,33263.06,1,36958.95,1,2
4064-6265-4730,Canara Bank,Jaipur,26.921631,75.797455,49616.02,49616.020000000004,1,49616.02,1,1
4068-7097-8107,Bank of Baroda,Mumbai,19.078788,72.84666,50221.55,50221.55,1,50221.55,1,1
4074-4905-8513,YES Bank,Patna,25.618256,85.164745,310.49,0.0,1,310.49,1,2
4075-9656-2051,Canara Bank,Pune,18.52732,73.84236,145719.4,0.0,4,36429.85,1,3
4076-9441-3262,ICICI Bank,Bhopal,23.246413,77.409304,19631.15,17668.04,1,19631.15,1,2
4077-2137-3351,IDBI Bank,Kolkata,22.595276,88.394699,218032.59,218032.59,1,218032.59,1,1
4078-8989-2712,ICICI Bank,Bhopal,23.220466,77.375606,106349.42,106349.42,1,106349.42,1,1
4079-2749-3155,State Bank of India,Patna,25.605795,85.14816,1849.26,0.0,1,1849.26,1,3
4079-7211-4371,IndusInd Bank,Ahmedabad,23.05863,72.535092,26664.09,26664.09,1,26664.09,1,1
4081-2461-6031,State Bank of India,Kolkata,22.527321,88.344195,185596.21,185596.21,1,185596.21,1,1
4083-1439-4428,IndusInd Bank,Gurgaon,28.433678,77.060809,292391.92,0.0,1,292391.92,1,4
4087-3701-7609,ICICI Bank,Mumbai,19.028191,72.878163,61058.87,61058.87,1,61058.87,1,1
4090-7809-7178,ICICI Bank,Bengaluru,12.961016,77.568651,21978.07,19780.26,1,21978.07,1,2
4093-2140-8793,Kotak Mahindra Bank,Jaipur,26.902037,75.789566,3886.88,3886.88,1,3886.88,1,1
4093-7929-3716,South Indian Bank,Hyderabad,17.365798,78.477861,7548.76,6793.88,1,7548.76,1,2
4095-7230-2394,UCO Bank,Hyderabad,17.411461,78.503498,9327.06,8394.35,1,9327.06,1,2
4098-2928-8400,IDBI Bank,Kolkata,22.597211,88.364158,12586.35,12586.35,1,12586.35,1,1
4099-4454-7054,Kotak Mahindra Bank,Kolkata,22.526561,88.378039,2097.06,2097.06,1,2097.06,1,1
4105-2982-5661,ICICI Bank,Bhopal,23.212953,77.407622,52546.6,47291.94,1,52546.6,1,2
4105-4393-9875,Bank of Baroda,Delhi,28.585177,77.18101,22499.1,22499.1,1,22499.1,1,1
4110-4535-7921,YES Bank,Ahmedabad,22.98343,72.529265,448.4,403.56,1,448.4,1,2
4127-9328-6846,HDFC Bank,Pune,18.515182,73.838206,34324.5,0.0,1,34324.5,1,2
4128-7361-2651,HDFC Bank,Chennai,13.094277,80.223824,96940.23,96940.23,1,96940.23,1,2
4132-4859-3993,State Bank of India,Hyderabad,17.386656,78.521444,39772.21,39772.21,1,39772.21,1,1
4132-6114-3516,IndusInd Bank,Pune,18.521749,73.849236,91913.68,91913.68000000001,1,91913.68,1,1
4140-7851-5137,Union Bank of India,Patna,25.560794,85.115015,5792.82,5213.54,1,5792.82,1,2
4141-4577-4228,Canara Bank,Bengaluru,13.001962,77.558648,461030.83,461030.83,1,461030.83,1,1
4143-6270-7741,UCO Bank,Chandigarh,30.733281,76.7633,15110.99,15110.99,1,15110.99,1,1
4156-5498-5656,HDFC Bank,Ahmedabad,22.982798,72.543044,81355.92,81355.93000000001,1,81355.92,1,1
4157-3657-5825,Canara Bank,Chandigarh,30.74251,76.742626,231329.17,231329.16999999998,1,231329.17,1,1
4159-1484-9781,Union Bank of India,Kolkata,22.537835,88.400587,1362.33,1226.1,1,1362.33,1,2
4161-9216-3416,Punjab National Bank,Noida,28.52984,77.368553,120418.73,120418.73,1,120418.73,1,2
4163-1415-4907,Kotak Mahindra Bank,Hyderabad,17.386622,78.479009,213204.21,0.0,5,42640.84,1,3
4164-8505-4453,Canara Bank,Pune,18.517011,73.829028,158562.35,142706.12,1,158562.35,1,2
4169-7453-6512,UCO Bank,Chennai,13.07869,80.267807,193202.77000000002,0.0,3,64400.92,1,3
4170-3469-3601,IDBI Bank,Hyderabad,17.385327,78.469104,8089.3,7280.37,1,8089.3,1,2
4173-2846-3444,State Bank of India,Delhi,28.600319,77.179959,190723.2,190723.2,1,190723.2,1,2
4174-1733-6113,Canara Bank,Noida,28.545034,77.356314,6592.01,5932.81,1,6592.01,1,2
4181-8842-6757,YES Bank,Hyderabad,17.351752,78.498808,8375.14,7537.63,1,8375.14,1,2
4183-2877-3971,HDFC Bank,Mumbai,19.08406,72.922854,53374.53,53374.53,1,53374.53,1,1
4183-9621-5222,Axis Bank,Patna,25.624695,85.096606,410931.08,410931.08,1,410931.08,1,1
4185-9035-6206,IDBI Bank,Bhopal,23.246863,77.399883,26855.33,24169.8,1,26855.33,1,2
4187-8450-7618,UCO Bank,Delhi,28.610185,77.193259,68242.51,0.0,4,17060.63,1,3
4189-6885-2634,YES Bank,Bengaluru,12.962022,77.545018,230.42,207.38,1,230.42,1,2
4193-6079-8495,ICICI Bank,Pune,18.491191,73.817478,406691.35,406691.35,1,406691.35,1,1
4196-3345-9520,ICICI Bank,Chandigarh,30.778805,76.777617,91366.64,91366.64,1,91366.64,1,1
4196-9978-7451,YES Bank,Ahmedabad,22.977912,72.614858,118.14,106.33,1,118.14,1,2
4206-1594-7249,State Bank of India,Patna,25.553097,85.179185,61299.11,0.0,1,61299.11,1,4
4208-4425-4238,Punjab National Bank,Chennai,13.098866,80.243263,50156.27,50156.27,1,50156.27,1,2
4209-9072-2221,Union Bank of India,Kolkata,22.60209,88.321327,274256.63,274256.63,1,274256.63,1,1
4211-1180-1844,IndusInd Bank,Lucknow,26.877159,80.973618,57742.7,57742.7,1,57742.7,1,1
4212-3389-3450,Punjab National Bank,Pune,18.55625,73.811471,44493.71,0.0,1,44493.71,1,2
4214-1295-3023,IDBI Bank,Chandigarh,30.71729,76.730719,78862.72,78862.72,1,78862.72,1,1
4214-4642-7074,Punjab National Bank,Bhopal,23.255998,77.451214,34751.35,31276.22,1,34751.35,1,2
4216-1157-5673,HDFC Bank,Bengaluru,12.933823,77.613751,87926.12,87926.12,1,87926.12,1,1
4216-4867-1355,Axis Bank,Bhopal,23.212193,77.443456,8531.81,0.0,1,8531.81,1,2
4220-1406-1285,Canara Bank,Lucknow,26.856316,80.945817,89303.28,80372.95,1,89303.28,1,2
4220-2248-1421,Federal Bank,Hyderabad,17.365854,78.511178,81385.29,81385.29,1,81385.29,1,1
4222-2309-8271,Bank of Baroda,Lucknow,26.854358,80.938322,104566.32,104566.32,1,104566.32,1,1
4229-1813-9092,State Bank of India,Pune,18.482326,73.851979,18284.24,16455.82,1,18284.24,1,2
4242-9769-9085,State Bank of India,Kolkata,22.610251,88.400416,83936.61,83936.61,1,83936.61,1,2
4243-4507-1606,South Indian Bank,Jaipur,26.892547,75.789399,2055.31,2055.31,1,2055.31,1,1
4248-5860-4746,Federal Bank,Pune,18.501719,73.822126,2202.45,1982.2,1,2202.45,1,2
4251-2813-4105,ICICI Bank,Jaipur,26.957238,75.83327,7626.58,6863.92,1,7626.58,1,2
4254-5385-9301,ICICI Bank,Bhopal,23.293112,77.384183,5347.74,4812.97,1,5347.74,1,2
4258-9202-8503,Bank of Baroda,Jaipur,26.897938,75.767533,16686.02,0.0,1,16686.02,1,2
4262-9544-6465,Federal Bank,Bengaluru,12.932322,77.617493,1914.18,1722.76,1,1914.18,1,2
4263-1616-7326,UCO Bank,Hyderabad,17.353647,78.48314,120688.17,120688.17,1,120688.17,1,3
4263-3618-7780,Axis Bank,Bengaluru,12.947158,77.608962,2579.94,0.0,1,2579.94,1,2
4263-8550-2539,IndusInd Bank,Mumbai,19.064912,72.923821,322893.92,290604.53,1,322893.92,1,2
4270-8702-7226,State Bank of India,Lucknow,26.823728,80.933714,276096.03,276096.03,1,276096.03,1,3
4271-4847-4965,Federal Bank,Mumbai,19.08786,72.8433,23725.55,21353.0,1,23725.55,1,2
4272-4206-5136,Federal Bank,Kolkata,22.6016,88.322502,77336.36,69602.72,1,77336.36,1,2
4272-8352-1759,Kotak Mahindra Bank,Delhi,28.661633,77.200227,162672.37,162672.37,1,162672.37,1,1
4276-2441-8180,Axis Bank,Bengaluru,12.982111,77.585029,176004.29,0.0,5,35200.86,1,3
4277-2624-7374,Bank of Baroda,Chennai,13.12213,80.295905,76674.85,69007.37,1,76674.85,1,2
4281-3132-7743,State Bank of India,Jaipur,26.953942,75.804411,386940.56,386940.56,1,386940.56,1,2
4288-6454-2983,Bank of Baroda,Noida,28.558409,77.440239,94196.48,94196.48,1,94196.48,1,1
4289-9826-3910,South Indian Bank,Kolkata,22.56874,88.379808,152087.35,152087.35,1,152087.35,1,1
4294-6699-6249,IDBI Bank,Pune,18.506629,73.88457,740.5,0.0,1,740.5,1,3
4304-4302-9671,South Indian Bank,Kolkata,22.524299,88.391453,406322.58,0.0,1,406322.58,1,3
4304-5963-3675,Punjab National Bank,Mumbai,19.103235,72.83043,63777.17,0.0,1,63777.17,1,3
4305-1530-4937,State Bank of India,Bengaluru,12.94984,77.584414,89307.28,0.0,1,89307.28,1,2
4307-8194-7811,Bank of Baroda,Jaipur,26.886945,75.812621,195928.31,195928.31,1,195928.31,1,1
4308-8449-2477,IDBI Bank,Noida,28.496916,77.38594,93946.55,93946.55,1,93946.55,1,1
4311-5773-7464,Axis Bank,Bhopal,23.305064,77.452943,1336.8,1203.12,1,1336.8,1,2
4312-5561-1801,Punjab National Bank,Delhi,28.589033,77.214576,105918.03,95326.23,1,105918.03,1,2
4312-6093-9821,UCO Bank,Hyderabad,17.40346,78.443572,12835.56,0.0,1,12835.56,1,2
4313-2409-1394,IndusInd Bank,Kolkata,22.546161,88.346755,47771.25,47771.25,1,47771.25,1,1
4318-7361-9091,Kotak Mahindra Bank,Noida,28.549595,77.427341,236571.91,236571.91,1,236571.91,1,1
4322-8337-9254,UCO Bank,Noida,28.516342,77.407727,23017.9,0.0,1,23017.9,1,2
4325-9232-8519,Kotak Mahindra Bank,Noida,28.525424,77.421757,108571.35,97714.22,1,108571.35,1,2
4333-9093-9090,Canara Bank,Mumbai,19.076117,72.864406,4930.52,0.0,1,4930.52,1,2
4335-1509-9407,HDFC Bank,Chennai,13.072911,80.273569,27585.01,27585.01,1,27585.01,1,2
4335-9114-4387,IndusInd Bank,Ahmedabad,22.977023,72.559549,47673.0,0.0,1,47673.0,1,3
4339-2215-3056,HDFC Bank,Lucknow,26.846195,80.899366,839.7,849.51,1,839.7,1,1
4342-6137-2113,South Indian Bank,Ahmedabad,23.005221,72.562584,207820.29,207820.29,1,207820.29,1,1
4343-8007-7100,UCO Bank,Delhi,28.612295,77.225527,9931.77,9931.77,1,9931.77,1,1
4345-8925-2684,Kotak Mahindra Bank,Bengaluru,12.995184,77.596732,26873.21,26873.21,1,26873.21,1,1
4353-5438-6014,ICICI Bank,Mumbai,19.093416,72.909311,18477.96,16630.16,1,18477.96,1,2
4353-7035-7574,ICICI Bank,Bengaluru,12.926471,77.580292,18521.67,16669.5,1,18521.67,1,2
4356-4045-3785,Axis Bank,Pune,18.515602,73.863128,8990.97,8990.97,1,8990.97,1,3
4357-6026-6004,State Bank of India,Noida,28.548401,77.352053,246136.85,246136.85,1,246136.85,1,1
4360-4133-2783,HDFC Bank,Jaipur,26.880552,75.778661,2490.94,2241.85,1,2490.94,1,2
4369-1068-5121,Kotak Mahindra Bank,Jaipur,26.89466,75.75626,299679.69,299679.69,1,299679.69,1,1
4375-5956-4707,Punjab National Bank,Ahmedabad,23.022133,72.595289,382549.34,382549.34,1,382549.34,1,1
4377-6054-3975,Union Bank of India,Bengaluru,12.954346,77.576134,98720.11,0.0,1,98720.11,1,2
4379-4443-6215,Axis Bank,Lucknow,26.810019,80.940247,88433.36,88433.36,1,88433.36,1,1
4383-6542-4411,ICICI Bank,Mumbai,19.069124,72.878095,30007.33,27006.6,1,30007.33,1,2
4397-3914-8952,Union Bank of India,Gurgaon,28.502291,77.034256,24774.16,22296.74,1,24774.16,1,2
4399-8516-2612,Union Bank of India,Bhopal,23.262375,77.437344,363674.16,363674.16,1,363674.16,1,3
4407-1501-1236,IDBI Bank,Gurgaon,28.505901,77.039428,195628.63,195628.63,1,195628.63,1,1
4407-2930-3159,IDBI Bank,Ahmedabad,23.035783,72.56026,1394.63,1394.63,1,1394.63,1,1
4409-5528-1869,Federal Bank,Chandigarh,30.733051,76.745376,108563.78,0.0,1,108563.78,1,2
4410-4568-1032,State Bank of India,Delhi,28.6158,77.183867,202089.19,202089.19,1,202089.19,1,1
4410-6806-2797,Canara Bank,Mumbai,19.101631,72.901113,275708.55,248137.7,1,275708.55,1,2
4412-2950-6817,IDBI Bank,Jaipur,26.928655,75.760652,43047.5,38742.75,1,43047.5,1,2
4412-5441-5727,South Indian Bank,Jaipur,26.908373,75.772927,200504.75,0.0,3,66834.92,1,3
4417-5193-5829,Union Bank of India,Lucknow,26.876447,80.957956,82151.1,73935.99,1,82151.1,1,2
4417-7232-1806,Axis Bank,Patna,25.603122,85.100065,388697.78,388697.78,1,388697.78,1,1
4418-9767-8337,IndusInd Bank,Jaipur,26.898462,75.73779,10229.58,9206.62,1,10229.58,1,2
4419-8743-7077,South Indian Bank,Ahmedabad,23.045665,72.572173,193638.57,193638.57,1,193638.57,1,1
4420-9126-7577,Kotak Mahindra Bank,Mumbai,19.077,72.84121,65428.54,0.0,1,65428.54,1,4
4423-4841-3787,UCO Bank,Kolkata,22.558029,88.349697,93230.47,93230.47,1,93230.47,1,2
4425-1116-4212,Axis Bank,Jaipur,26.918971,75.805538,22587.34,0.0,1,22587.34,1,2
4427-3620-6186,Bank of Baroda,Patna,25.560102,85.123469,20997.94,18898.15,1,20997.94,1,2
4429-7480-6345,HDFC Bank,Gurgaon,28.468726,77.020739,208681.47999999998,0.0,3,69560.49,1,3
4430-9966-6273,Federal Bank,Noida,28.52068,77.394823,174481.25,174481.26,1,174481.25,1,1
4432-6287-2574,YES Bank,Ahmedabad,22.999897,72.576448,13831.23,0.0,1,13831.23,1,2
4435-2235-6371,South Indian Bank,Patna,25.595709,85.134056,197248.73,197248.73,1,197248.73,1,1
4436-8753-1554,Federal Bank,Patna,25.583056,85.168852,2343.91,2109.52,1,2343.91,1,2
4437-4550-3502,ICICI Bank,Chandigarh,30.734136,76.792874,50829.08,0.0,1,50829.08,1,4
4440-9758-2903,IndusInd Bank,Bengaluru,12.982116,77.581511,138755.49,138755.49,1,138755.49,1,2
4442-3824-9471,Union Bank of India,Chandigarh,30.754469,76.785105,333487.99,333487.99,1,333487.99,1,2
4450-8533-6381,IDBI Bank,Chennai,13.071979,80.228815,132709.84,132709.84,1,132709.84,1,1
4452-3338-6364,IDBI Bank,Bhopal,23.258684,77.425801,86865.45,78178.9,1,86865.45,1,2
4452-7216-2650,Kotak Mahindra Bank,Ahmedabad,23.009092,72.571277,87311.0,87311.0,1,87311.0,1,1
4453-6715-9602,IDBI Bank,Ahmedabad,23.018448,72.607266,19587.2,17628.48,1,19587.2,1,2
4460-2315-7099,Federal Bank,Jaipur,26.958795,75.817087,11108.09,0.0,1,11108.09,1,2
4462-5643-5636,Bank of Baroda,Lucknow,26.834689,80.919673,10815.58,9734.02,1,10815.58,1,2
4463-1797-5635,Federal Bank,Hyderabad,17.337051,78.457522,41056.85,36951.16,1,41056.85,1,2
4463-5742-2038,Punjab National Bank,Noida,28.561062,77.392567,4597.02,4597.02,1,4597.02,1,1
4463-7671-8937,YES Bank,Bhopal,23.297833,77.365495,13678.2,12310.38,1,13678.2,1,2
4464-6129-9368,Canara Bank,Bhopal,23.21316,77.435226,182849.42,182849.42,1,182849.42,1,1
4466-2873-7894,State Bank of India,Mumbai,19.077938,72.844209,290825.64,290825.64,1,290825.64,1,1
4469-7572-3807,Axis Bank,Mumbai,19.071937,72.856031,24904.62,22414.16,1,24904.62,1,2
4477-6453-8023,YES Bank,Kolkata,22.602801,88.345061,35276.42,35276.42,1,35276.42,1,1
4478-1185-4296,Punjab National Bank,Kolkata,22.554992,88.314513,44605.32,44605.32,1,44605.32,1,1
4485-1600-5269,Union Bank of India,Chandigarh,30.739456,76.765345,370613.05000000005,0.0,5,74122.61,1,3
4487-2637-3875,State Bank of India,Bhopal,23.260808,77.38094,119808.52,119808.51999999999,1,119808.52,1,1
4490-7814-1053,Bank of Baroda,Ahmedabad,22.9907,72.566768,179461.31,0.0,1,179461.31,1,4
4491-8145-8805,Kotak Mahindra Bank,Pune,18.567463,73.872462,35856.99,35856.99,1,35856.99,1,1
4495-6437-6424,Punjab National Bank,Mumbai,19.087828,72.875186,336736.71,336736.69999999995,1,336736.71,1,1
4498-7436-3315,South Indian Bank,Gurgaon,28.447929,77.02835,3628.64,3265.78,1,3628.64,1,2
4502-5825-9792,Punjab National Bank,Pune,18.56914,73.872183,682.51,614.26,1,682.51,1,2
4504-2705-6072,Federal Bank,Hyderabad,17.429545,78.499863,71277.2,71277.2,1,71277.2,1,1
4505-3824-7868,Canara Bank,Kolkata,22.532522,88.352048,11168.83,0.0,1,11168.83,1,2
4507-5250-4015,Axis Bank,Bengaluru,12.969763,77.598151,11188.89,10070.0,1,11188.89,1,2
4511-4626-4688,Axis Bank,Pune,18.511351,73.808705,19749.62,19763.239999999998,1,19749.62,1,1
4511-9247-1664,ICICI Bank,Mumbai,19.07715,72.884765,47200.35,47200.35,1,47200.35,1,1
4514-8924-7676,IDBI Bank,Noida,28.519122,77.352404,39221.19,35299.07,1,39221.19,1,2
4519-8039-6408,South Indian Bank,Bengaluru,12.982327,77.570984,54761.3,49285.17,1,54761.3,1,2
4520-9578-5271,IDBI Bank,Chandigarh,30.693563,76.768619,268445.18,268445.18,1,268445.18,1,1
4524-7390-6896,IDBI Bank,Chandigarh,30.708992,76.82487,4455.95,4010.36,1,4455.95,1,2
4532-2215-3702,HDFC Bank,Patna,25.642609,85.106137,5063.72,5063.72,1,5063.72,1,1
4532-8357-7961,Axis Bank,Chandigarh,30.76313,76.812962,8338.41,7504.57,1,8338.41,1,2
4539-3961-1395,IndusInd Bank,Bengaluru,12.988427,77.606676,440349.45999999996,0.0,3,146783.15,1,3
4541-8670-7308,Federal Bank,Bengaluru,13.016038,77.615451,208776.62,208776.62,1,208776.62,1,1
4548-8359-8723,Federal Bank,Chennai,13.095915,80.274734,122504.11,0.0,3,40834.7,1,3
4550-7108-3146,Canara Bank,Lucknow,26.862851,80.896327,283829.15,283829.15,1,283829.15,1,1
4551-9583-9348,Canara Bank,Hyderabad,17.368993,78.50541,12301.73,11071.56,1,12301.73,1,2
4552-2090-5769,Axis Bank,Noida,28.54498,77.383645,4049.53,3644.58,1,4049.53,1,2
4552-9373-1390,YES Bank,Gurgaon,28.457518,77.036274,7381.74,7381.73,1,7381.74,1,1
4554-2847-5610,Federal Bank,Patna,25.602913,85.147006,50211.2,45190.08,1,50211.2,1,2
4555-2553-1268,Federal Bank,Kolkata,22.545374,88.362553,96434.81,86791.33,1,96434.81,1,2
4559-9085-7738,YES Bank,Bengaluru,12.966694,77.569877,30751.01,30751.010000000002,1,30751.01,1,1
4560-4291-4435,IndusInd Bank,Bengaluru,12.933141,77.579824,1176.86,0.0,1,1176.86,1,2
4562-2686-5555,Canara Bank,Jaipur,26.905921,75.818639,120819.39,120819.39,1,120819.39,1,1
4563-3082-8992,Union Bank of India,Pune,18.497941,73.870189,352308.97,352308.97,1,352308.97,1,1
4565-1863-4970,Canara Bank,Lucknow,26.827285,80.984393,12671.28,0.0,1,12671.28,1,2
4566-6655-3000,HDFC Bank,Gurgaon,28.433954,76.985278,90994.35,90994.35,1,90994.35,1,1
4567-7851-5569,Bank of Baroda,Patna,25.578326,85.15299,10591.970000000001,0.0,3,3530.66,1,3
4568-4175-5734,Kotak Mahindra Bank,Chennai,13.108576,80.305351,261197.46,261197.46,1,261197.46,1,2
4568-8544-8129,IndusInd Bank,Chennai,13.032798,80.285047,259838.17,259838.16999999998,1,259838.17,1,1
4572-2640-6290,ICICI Bank,Jaipur,26.91488,75.799087,16069.64,14462.68,1,16069.64,1,2
4573-4205-1149,ICICI Bank,Hyderabad,17.402945,78.453522,12270.66,11043.59,1,12270.66,1,2
4574-8556-1971,Kotak Mahindra Bank,Noida,28.553619,77.393291,45028.97,40526.07,1,45028.97,1,2
4575-8662-5273,IndusInd Bank,Gurgaon,28.423482,77.035282,4567.06,4110.35,1,4567.06,1,2
4577-6342-7250,IDBI Bank,Lucknow,26.877751,80.989245,7591.65,6832.48,1,7591.65,1,2
4578-5125-5927,YES Bank,Lucknow,26.82726,80.976171,32534.93,29281.44,1,32534.93,1,2
4579-4386-8488,Union Bank of India,Patna,25.551188,85.119477,43452.22,39107.0,1,43452.22,1,2
4579-7076-2586,Kotak Mahindra Bank,Chandigarh,30.692648,76.821757,10608.49,9547.64,1,10608.49,1,2
4581-5161-6579,HDFC Bank,Chennai,13.117443,80.263147,109746.15,109746.15,1,109746.15,1,1
4582-9169-9290,Kotak Mahindra Bank,Bengaluru,12.992242,77.560617,143682.84,0.0,1,143682.84,1,2
4584-5912-7272,State Bank of India,Noida,28.494311,77.36466,455802.57,0.0,1,455802.57,1,4
4585-3647-7440,Axis Bank,Delhi,28.597162,77.245543,212405.65,0.0,1,212405.65,1,4
4589-9147-3895,IDBI Bank,Lucknow,26.885235,80.896891,23857.47,21471.72,1,23857.47,1,2
4590-8207-2655,IndusInd Bank,Hyderabad,17.371953,78.507302,197706.77,197706.77,1,197706.77,1,1
4591-8295-6040,Bank of Baroda,Hyderabad,17.368524,78.456337,76225.75,76225.75,1,76225.75,1,1
4592-5582-3895,State Bank of India,Kolkata,22.620476,88.391719,138755.49,138755.49,1,138755.49,1,3
4598-5024-7074,Axis Bank,Hyderabad,17.335579,78.441378,16602.23,16602.23,1,16602.23,1,1
4603-1335-9389,UCO Bank,Bhopal,23.239476,77.392729,26786.06,24107.45,1,26786.06,1,2
4607-4205-5346,Kotak Mahindra Bank,Gurgaon,28.446984,77.026469,321617.0,0.0,5,64323.4,1,3
4613-3605-8694,Bank of Baroda,Patna,25.555881,85.124021,317144.65,0.0,1,317144.65,1,4
4614-5308-2297,YES Bank,Chandigarh,30.764057,76.797864,109185.1,98266.59,1,109185.1,1,2
4614-9020-8146,ICICI Bank,Chennai,13.080282,80.243224,34993.3,0.0,1,34993.3,1,2
4616-1310-2385,State Bank of India,Patna,25.604665,85.135171,12047.02,0.0,3,4015.67,1,3
4621-7122-2465,Federal Bank,Jaipur,26.881916,75.804633,44541.39,44541.39,1,44541.39,1,1
4626-4683-1296,Federal Bank,Chennai,13.074776,80.280223,1494.85,1345.36,1,1494.85,1,2
4627-8513-4424,Punjab National Bank,Bhopal,23.241323,77.367189,11376.19,11376.189999999999,1,11376.19,1,1
4631-3365-6536,UCO Bank,Pune,18.488528,73.828924,193297.56,193297.56,1,193297.56,1,2
4637-6641-9154,UCO Bank,Patna,25.610863,85.097335,133869.33,120482.4,1,133869.33,1,2
4640-4187-9948,YES Bank,Bengaluru,13.020538,77.59293,42764.8,42764.799999999996,1,42764.8,1,1
4641-6625-9679,YES Bank,Jaipur,26.872622,75.823345,18515.48,0.0,1,18515.48,1,2
4641-6820-4659,Federal Bank,Jaipur,26.920431,75.799365,25376.41,0.0,1,25376.41,1,2
4646-4323-4351,UCO Bank,Chennai,13.06519,80.266454,5001.95,4501.76,1,5001.95,1,2
4649-5115-1308,South Indian Bank,Bengaluru,12.976717,77.59654,147580.21,0.0,3,49193.4,1,3
4650-8512-6967,State Bank of India,Gurgaon,28.500447,77.033588,27285.8,0.0,1,27285.8,1,2
4651-8360-5336,Union Bank of India,Mumbai,19.04818,72.909851,1271.56,1144.4,1,1271.56,1,2
4653-9140-6404,Axis Bank,Delhi,28.629115,77.168786,11532.52,10379.27,1,11532.52,1,2
4656-3806-2812,Bank of Baroda,Patna,25.598577,85.102535,13431.05,12087.94,1,13431.05,1,2
4660-6126-3578,IDBI Bank,Lucknow,26.807336,80.995359,937.6,937.5999999999999,1,937.6,1,1
4662-5244-2895,UCO Bank,Lucknow,26.82778,80.955206,82883.02,74594.72,1,82883.02,1,2
4664-2066-4254,ICICI Bank,Mumbai,19.054666,72.83261,3609.25,0.0,1,3609.25,1,2
4672-6460-7183,State Bank of India,Chandigarh,30.775923,76.799601,62194.03,62194.03,1,62194.03,1,1
4673-4579-6384,Bank of Baroda,Patna,25.601222,85.098959,74430.5,0.0,1,74430.5,1,2
4675-3459-5559,Kotak Mahindra Bank,Ahmedabad,23.06313,72.605398,25889.29,23300.36,1,25889.29,1,2
4680-4218-6009,IDBI Bank,Bengaluru,12.972938,77.600394,16289.27,0.0,1,16289.27,1,2
4683-3690-1599,UCO Bank,Gurgaon,28.479024,77.020119,11054.18,0.0,1,11054.18,1,2
4683-6067-4382,YES Bank,Lucknow,26.808659,80.915894,6028.16,0.0,1,6028.16,1,2
4694-3116-4713,Bank of Baroda,Delhi,28.60361,77.24974,50829.08,50829.08,1,50829.08,1,1
4694-4296-3655,State Bank of India,Bengaluru,12.962403,77.599258,32384.95,29146.46,1,32384.95,1,2
4695-2188-4181,State Bank of India,Delhi,28.612919,77.178645,256193.81,256193.81,1,256193.81,1,2
4700-7490-1613,Union Bank of India,Hyderabad,17.394945,78.524381,16845.41,15160.87,1,16845.41,1,2
4703-6651-1231,YES Bank,Hyderabad,17.391111,78.50086,246585.59,246585.59000000003,1,246585.59,1,1
4704-8711-7477,HDFC Bank,Chennai,13.116636,80.236883,228721.69,228721.69,1,228721.69,1,1
4705-3651-7342,IDBI Bank,Chandigarh,30.758573,76.790323,17984.5,17984.5,1,17984.5,1,1
4706-7362-1072,State Bank of India,Hyderabad,17.36983,78.483745,131139.61,118025.65,1,131139.61,1,2
4713-7998-7314,ICICI Bank,Bengaluru,12.960635,77.60976,337472.29,0.0,4,84368.07,1,3
4714-1660-8330,YES Bank,Pune,18.471892,73.878979,174190.64,156771.58,1,174190.64,1,2
4721-9206-6524,State Bank of India,Bhopal,23.21315,77.440701,55159.25,49643.32,1,55159.25,1,2
4725-4920-1925,State Bank of India,Delhi,28.639753,77.253997,39548.69,35593.82,1,39548.69,1,2
4729-4699-3900,UCO Bank,Patna,25.618942,85.159856,88903.36,88903.36,1,88903.36,1,1
4733-4855-2662,Punjab National Bank,Chennai,13.091262,80.30115,11871.15,0.0,1,11871.15,1,2
4734-3201-5923,Kotak Mahindra Bank,Patna,25.576187,85.16048,46488.16,0.0,1,46488.16,1,2
4734-5912-5480,Kotak Mahindra Bank,Hyderabad,17.423936,78.507223,168688.63,168688.63,1,168688.63,1,2
4737-9519-4610,Federal Bank,Pune,18.470707,73.841168,1746.22,1571.6,1,1746.22,1,2
4741-4318-6956,Union Bank of India,Kolkata,22.596726,88.401162,26021.64,0.0,1,26021.64,1,2
4744-2636-5422,YES Bank,Delhi,28.606052,77.172447,3962.04,3565.84,1,3962.04,1,2
4746-4586-8335,Bank of Baroda,Gurgaon,28.466437,77.016116,94196.48,84776.83,1,94196.48,1,2
4747-5306-8732,Canara Bank,Ahmedabad,23.04877,72.521967,5622.03,5622.03,1,5622.03,1,1
4747-5714-5306,Kotak Mahindra Bank,Gurgaon,28.44474,77.013128,35071.73,0.0,1,35071.73,1,2
4748-2784-8865,IndusInd Bank,Delhi,28.585012,77.182414,195668.08,176101.27,1,195668.08,1,2
4750-6918-9310,ICICI Bank,Kolkata,22.575672,88.390551,328670.36,0.0,1,328670.36,1,2
4756-6595-7769,State Bank of India,Jaipur,26.905327,75.819728,122922.85,122922.85,1,122922.85,1,1
4758-2973-3167,State Bank of India,Hyderabad,17.387497,78.506716,1161.03,1044.93,1,1161.03,1,2
4768-4631-4205,South Indian Bank,Gurgaon,28.452419,76.991664,67407.22,67407.22,1,67407.22,1,1
4769-6788-6033,IDBI Bank,Bengaluru,12.963911,77.620342,13732.35,12359.12,1,13732.35,1,2
4770-1808-5300,YES Bank,Patna,25.558133,85.101311,25202.3,25202.3,1,25202.3,1,1
4776-3006-3069,Canara Bank,Bengaluru,12.981714,77.55799,80603.24,72542.92,1,80603.24,1,2
4782-8624-3290,State Bank of India,Mumbai,19.048943,72.874854,22164.21,19947.79,1,22164.21,1,2
4786-6406-4812,South Indian Bank,Patna,25.635308,85.129661,449.76,404.78,1,449.76,1,2
4789-2836-4058,Federal Bank,Chennai,13.124423,80.315452,218054.4,218054.39,1,218054.4,1,1
4791-2001-9267,Bank of Baroda,Pune,18.479084,73.871711,188655.16,188655.16,1,188655.16,1,2
4791-6235-1356,Federal Bank,Gurgaon,28.422599,76.987625,442216.78,442216.77999999997,1,442216.78,1,1
4794-5459-5454,Federal Bank,Ahmedabad,23.052214,72.54793,182.03,163.83,1,182.03,1,2
4795-9836-4981,Kotak Mahindra Bank,Lucknow,26.845983,80.966482,16816.61,0.0,1,16816.61,1,2
4800-8385-7810,State Bank of India,Delhi,28.643047,77.257858,248595.84,0.0,1,248595.84,1,2
4801-6836-7631,YES Bank,Chandigarh,30.779344,76.766373,1808.82,0.0,1,1808.82,1,2
4801-6854-7934,South Indian Bank,Patna,25.638194,85.143032,67879.94,0.0,1,67879.94,1,2
4802-2461-3173,South Indian Bank,Bengaluru,12.988824,77.582705,98989.69,0.0,3,32996.56,1,3
4805-6771-8481,Axis Bank,Noida,28.493564,77.383638,10331.88,9298.69,1,10331.88,1,2
4811-1347-3032,Punjab National Bank,Mumbai,19.08629,72.882491,40397.35,0.0,3,13465.78,1,3
4812-4793-1059,IndusInd Bank,Mumbai,19.079503,72.845174,94259.29,84833.36,1,94259.29,1,2
4812-9135-9260,IndusInd Bank,Lucknow,26.896319,80.961241,13711.06,12339.95,1,13711.06,1,2
4823-6040-8217,IDBI Bank,Hyderabad,17.356505,78.44233,230495.6,230495.6,1,230495.6,1,1
4825-4271-7124,State Bank of India,Bengaluru,13.002028,77.575112,89317.14,89317.14,1,89317.14,1,1
4825-8062-7532,Kotak Mahindra Bank,Delhi,28.6291,77.22862,244521.38,0.0,3,81507.13,1,3
4826-5744-1361,HDFC Bank,Bhopal,23.300018,77.39877,365230.89,365230.89,1,365230.89,1,1
4834-1701-4387,South Indian Bank,Chennai,13.03669,80.285552,251107.38,0.0,1,251107.38,1,2
4834-4513-7630,YES Bank,Chennai,13.034092,80.245807,83777.58,0.0,1,83777.58,1,3
4835-3324-5996,State Bank of India,Delhi,28.617865,77.231398,180110.75,180110.75,1,180110.75,1,2
4835-9846-8101,Bank of Baroda,Patna,25.586975,85.123902,64856.55,58370.9,1,64856.55,1,2
4841-4189-3994,IDBI Bank,Delhi,28.616607,77.190222,47169.63,47169.63,1,47169.63,1,1
4843-5472-9267,UCO Bank,Hyderabad,17.340927,78.484177,2197.37,1977.63,1,2197.37,1,2
4844-6107-1048,Axis Bank,Pune,18.47631,73.83288,400615.14,400615.14,1,400615.14,1,1
4845-8108-6122,South Indian Bank,Delhi,28.653056,77.168988,21742.76,21742.760000000002,1,21742.76,1,1
4847-1474-5766,Federal Bank,Patna,25.55018,85.16478,1319.81,1187.83,1,1319.81,1,2
4847-7373-6383,Union Bank of India,Jaipur,26.863821,75.78025,23398.64,0.0,1,23398.64,1,2
4847-8458-5475,Canara Bank,Bhopal,23.251142,77.459891,473.22,425.9,1,473.22,1,2
4854-8073-7459,IndusInd Bank,Gurgaon,28.423407,77.032142,27589.73,24830.76,1,27589.73,1,2
4862-6272-8559,IDBI Bank,Chennai,13.097046,80.29041,106485.83,0.0,3,35495.28,1,3
4863-8081-7240,Federal Bank,Jaipur,26.915798,75.768873,38855.25,34969.72,1,38855.25,1,2
4865-9910-2113,Bank of Baroda,Patna,25.54833,85.148656,186754.45,186754.45,1,186754.45,1,1
4867-2833-9196,Union Bank of India,Pune,18.558856,73.830508,88867.45,0.0,1,88867.45,1,2
4869-3835-2276,Punjab National Bank,Hyderabad,17.394826,78.505251,246676.57,246676.58000000002,1,246676.57,1,1
4869-6952-7748,UCO Bank,Kolkata,22.543727,88.353536,58001.62,52201.46,1,58001.62,1,2
4869-9902-8332,Union Bank of India,Noida,28.561092,77.418292,10618.18,10618.18,1,10618.18,1,1
4870-1281-4201,IDBI Bank,Noida,28.562784,77.367904,13662.72,12296.45,1,13662.72,1,2
4871-9313-2280,IDBI Bank,Chennai,13.049116,80.240454,139945.84,125951.26,1,139945.84,1,2
4872-8843-9765,YES Bank,Kolkata,22.55577,88.402107,30437.95,30437.95,1,30437.95,1,1
4873-7404-7784,Canara Bank,Kolkata,22.525718,88.347796,3571.21,3214.09,1,3571.21,1,2
4878-6612-7840,Federal Bank,Delhi,28.654688,77.249,105075.5,105075.5,1,105075.5,1,2
4888-6446-1438,Kotak Mahindra Bank,Chandigarh,30.737126,76.773844,167942.48,0.0,4,41985.62,1,3
4889-6354-5955,UCO Bank,Gurgaon,28.471193,77.058553,2881.96,0.0,1,2881.96,1,2
4889-9514-1158,Federal Bank,Kolkata,22.542811,88.37661,226081.82,0.0,1,226081.82,1,3
4892-1130-1816,HDFC Bank,Hyderabad,17.354167,78.440464,203086.28,182777.65,1,203086.28,1,2
4893-7088-8404,South Indian Bank,Kolkata,22.541621,88.406264,79396.29,79396.29,1,79396.29,1,1
4894-9959-1188,Union Bank of India,Pune,18.5063,73.881525,368727.09,368727.08999999997,1,368727.09,1,1
4897-4553-8794,Union Bank of India,Pune,18.533264,73.888712,3439.58,3095.62,1,3439.58,1,2
4905-6583-1891,HDFC Bank,Patna,25.606057,85.16401,100.0,90.0,1,100.0,1,2
4912-6254-2037,IndusInd Bank,Chennai,13.087847,80.282004,7697.08,6927.37,1,7697.08,1,2
4919-1004-3579,Union Bank of India,Pune,18.553376,73.898201,9385.96,8447.36,1,9385.96,1,2
4925-5055-8293,UCO Bank,Noida,28.572268,77.38982,13528.98,0.0,1,13528.98,1,2
4927-4633-5864,Axis Bank,Kolkata,22.581653,88.376184,42640.59,0.0,3,14213.53,1,3
4932-2534-3705,Federal Bank,Delhi,28.631603,77.252244,40424.24,36381.82,1,40424.24,1,2
4932-9401-9115,Punjab National Bank,Chandigarh,30.720521,76.760938,20812.05,0.0,4,5203.01,1,3
4940-9714-1278,Punjab National Bank,Lucknow,26.837819,80.940098,290825.64,0.0,1,290825.64,1,3
4944-3885-7653,UCO Bank,Mumbai,19.111844,72.911121,7697.05,7697.05,1,7697.05,1,3
4952-9633-5254,Federal Bank,Gurgaon,28.430506,77.016844,15110.99,15110.99,1,15110.99,1,2
4955-9482-9192,IndusInd Bank,Delhi,28.597705,77.185088,272561.01,272561.01,1,272561.01,1,1
4956-9831-2369,Union Bank of India,Kolkata,22.548566,88.347108,434705.61,434705.61,1,434705.61,1,2
4962-6209-9772,Federal Bank,Chennai,13.062339,80.275604,48898.83,44008.95,1,48898.83,1,2
4965-7139-9634,Canara Bank,Hyderabad,17.369173,78.480537,224708.41,0.0,3,74902.8,1,3
4969-3827-6477,South Indian Bank,Noida,28.545539,77.400083,373527.07999999996,0.0,5,74705.42,1,3
4973-3661-8883,Bank of Baroda,Bengaluru,12.952401,77.593252,359.72,0.0,1,359.72,1,2
4973-7054-5228,Canara Bank,Jaipur,26.922765,75.772002,152131.42,152131.41999999998,1,152131.42,1,1
4981-3140-3445,Axis Bank,Gurgaon,28.497837,77.003131,57716.17,51944.55,1,57716.17,1,2
4982-1146-1688,UCO Bank,Patna,25.601636,85.1238,344198.56,0.0,3,114732.85,1,3
4983-3255-1722,Kotak Mahindra Bank,Pune,18.50469,73.843583,11716.82,10545.14,1,11716.82,1,2
4983-3628-6332,YES Bank,Jaipur,26.93118,75.828189,5315.5,4783.95,1,5315.5,1,2
4987-8669-6489,UCO Bank,Lucknow,26.849811,80.93366,115731.2,0.0,3,38577.07,1,3
4992-9977-3605,Canara Bank,Noida,28.506324,77.410406,190357.69,0.0,1,190357.69,1,4
4995-1217-8514,IndusInd Bank,Mumbai,19.031007,72.839102,100712.55,100712.55000000002,1,100712.55,1,1
4995-8055-6524,IDBI Bank,Delhi,28.581387,77.185914,29590.48,0.0,1,29590.48,1,2
4997-2393-9361,YES Bank,Patna,25.629721,85.151751,136528.41,122875.57,1,136528.41,1,2
5006-5600-7148,HDFC Bank,Kolkata,22.538568,88.314192,278279.25,278279.25,1,278279.25,1,1
5007-4811-2719,IndusInd Bank,Hyderabad,17.382678,78.520921,24122.11,21709.9,1,24122.11,1,2
5014-7761-6944,Union Bank of India,Kolkata,22.610479,88.315999,6164.06,5547.65,1,6164.06,1,2
5015-8273-1210,YES Bank,Lucknow,26.838528,80.956477,130777.4,0.0,4,32694.35,1,3
5018-4706-1364,Federal Bank,Gurgaon,28.431863,77.054948,100.0,90.0,1,100.0,1,2
5019-4700-8214,UCO Bank,Mumbai,19.044606,72.879557,121114.69,121114.68999999999,1,121114.69,1,1
5024-1143-6332,ICICI Bank,Patna,25.595425,85.089672,95493.69,85944.32,1,95493.69,1,2
5024-7416-8935,Canara Bank,Delhi,28.582793,77.252412,111358.44,111358.44,1,111358.44,1,1
5026-5443-4965,YES Bank,Chennai,13.052481,80.304988,498594.91,498594.91,1,498594.91,1,2
5028-7278-7859,Canara Bank,Kolkata,22.600259,88.395029,1209.15,1088.24,1,1209.15,1,2
5028-7646-6543,Axis Bank,Gurgaon,28.461058,77.019968,180110.75,0.0,1,180110.75,1,4
5029-6269-6597,State Bank of India,Chandigarh,30.750571,76.770716,101757.08,101757.08,1,101757.08,1,1
5033-4629-8145,Kotak Mahindra Bank,Chennai,13.110177,80.269397,213297.68,191967.91,1,213297.68,1,2
5035-9021-3101,South Indian Bank,Jaipur,26.951763,75.800671,166354.36,149718.92,1,166354.36,1,2
5036-1428-7765,Punjab National Bank,Ahmedabad,23.031524,72.545036,99477.33,89529.6,1,99477.33,1,2
5036-5550-3374,State Bank of India,Jaipur,26.865881,75.811245,413081.7,413081.7,1,413081.7,1,1
5040-4659-1050,ICICI Bank,Patna,25.639767,85.13607,3677.25,0.0,1,3677.25,1,2
5041-9736-7932,IDBI Bank,Bengaluru,12.958421,77.596482,122586.4,122586.4,1,122586.4,1,1
5043-4970-8827,ICICI Bank,Pune,18.530615,73.901878,139264.36,139264.36,1,139264.36,1,1
5044-8185-9955,Axis Bank,Hyderabad,17.341827,78.487596,317144.65,317144.65,1,317144.65,1,2
5045-5458-1555,Kotak Mahindra Bank,Chandigarh,30.725226,76.777603,471.5,424.35,1,471.5,1,2
5047-4370-6527,Punjab National Bank,Chandigarh,30.729208,76.76354,108137.82,108137.82,1,108137.82,1,1
5047-4557-3089,State Bank of India,Chandigarh,30.693122,76.81787,9799.53,8819.58,1,9799.53,1,2
5049-1872-5588,ICICI Bank,Kolkata,22.597731,88.378407,24191.1,24191.1,1,24191.1,1,1
5051-1553-5463,HDFC Bank,Kolkata,22.592949,88.387164,26783.22,24104.9,1,26783.22,1,2
5053-5655-8260,IndusInd Bank,Gurgaon,28.473041,77.007743,304176.48,0.0,3,101392.16,1,3
5056-2343-6473,IDBI Bank,Bhopal,23.260868,77.461565,188178.36,188178.36000000002,1,188178.36,1,1
5057-2724-6371,Canara Bank,Bhopal,23.218095,77.368819,146757.96,146757.96,1,146757.96,1,1
5058-1038-2491,State Bank of India,Jaipur,26.886446,75.747241,51939.46,46745.51,1,51939.46,1,2
5060-8111-5992,Union Bank of India,Bhopal,23.283009,77.384981,100.0,90.0,1,100.0,1,2
5063-5891-6413,UCO Bank,Chandigarh,30.742209,76.804698,27430.55,24687.5,1,27430.55,1,2
5067-5482-7518,ICICI Bank,Hyderabad,17.405001,78.511543,5982.41,5982.41,1,5982.41,1,1
5067-5706-2523,South Indian Bank,Gurgaon,28.440887,76.998457,125408.5,112867.65,1,125408.5,1,2
5068-8905-8699,Bank of Baroda,Ahmedabad,23.027242,72.552454,7957.17,7161.45,1,7957.17,1,2
5071-2272-2757,Kotak Mahindra Bank,Hyderabad,17.391811,78.452649,100.0,90.0,1,100.0,1,2
5072-8895-6664,IndusInd Bank,Chandigarh,30.733857,76.776329,6872.25,0.0,1,6872.25,1,2
5075-4380-1023,Bank of Baroda,Pune,18.476828,73.808586,442133.2,442133.2,1,442133.2,1,1
5076-4707-6641,Punjab National Bank,Gurgaon,28.459633,77.018845,21178.08,0.0,3,7059.36,1,3
5078-6463-4698,IndusInd Bank,Gurgaon,28.49471,77.017701,70592.76,70592.76,1,70592.76,1,1
5078-9011-6987,Punjab National Bank,Kolkata,22.573731,88.372768,257.08,231.37,1,257.08,1,2
5080-1093-7345,YES Bank,Lucknow,26.862916,80.957099,105837.49,0.0,3,35279.16,1,3
5081-1928-3843,HDFC Bank,Chandigarh,30.774324,76.802872,4902.57,4412.31,1,4902.57,1,2
5081-2231-8873,South Indian Bank,Chandigarh,30.745443,76.801108,28433.98,25590.58,1,28433.98,1,2
5087-3486-2949,Bank of Baroda,Mumbai,19.03114,72.887381,6300.16,5670.14,1,6300.16,1,2
5092-1612-3124,South Indian Bank,Pune,18.507628,73.881056,241283.58,217155.22,1,241283.58,1,2
5093-5589-7144,Bank of Baroda,Pune,18.507345,73.899061,47643.57,42879.21,1,47643.57,1,2
5096-3223-7820,Axis Bank,Pune,18.47896,73.863367,289161.79,0.0,1,289161.79,1,3
5096-8469-2634,Bank of Baroda,Noida,28.542944,77.398165,27116.97,24405.27,1,27116.97,1,2
5097-4310-6869,Bank of Baroda,Bengaluru,12.945104,77.549532,858.31,772.48,1,858.31,1,2
5097-6309-3686,HDFC Bank,Kolkata,22.561009,88.393007,48899.7,48899.700000000004,1,48899.7,1,1
5103-3181-4851,Punjab National Bank,Hyderabad,17.426671,78.513315,159395.82,159395.82,1,159395.82,1,1
5104-2478-3884,ICICI Bank,Bengaluru,12.978767,77.602899,42466.39,42466.39,1,42466.39,1,1
5106-4024-5933,UCO Bank,Lucknow,26.800123,80.986801,19467.97,19467.969999999998,1,19467.97,1,1
5108-9312-5781,Bank of Baroda,Chennai,13.087269,80.266489,115710.15,0.0,1,115710.15,1,2
5110-7673-1231,IDBI Bank,Hyderabad,17.421362,78.443875,3568.88,3211.99,1,3568.88,1,2
5111-6648-4944,IDBI Bank,Delhi,28.639465,77.202009,30350.84,27315.76,1,30350.84,1,2
5114-9657-7646,Union Bank of India,Kolkata,22.543558,88.400678,33139.34,29825.41,1,33139.34,1,2
5116-8857-2743,Federal Bank,Patna,25.590275,85.087873,132200.64,118980.58,1,132200.64,1,2
5117-3151-3512,IDBI Bank,Bhopal,23.272728,77.430141,331119.85,331119.85,1,331119.85,1,1
5117-4327-8259,Union Bank of India,Lucknow,26.816347,80.968691,134713.88,134713.88,1,134713.88,1,1
5118-5908-9879,Axis Bank,Hyderabad,17.425775,78.533605,215.77,194.19,1,215.77,1,2
5123-6215-4829,South Indian Bank,Patna,25.591129,85.127594,4487.23,0.0,1,4487.23,1,2
5125-2063-9048,Axis Bank,Chennai,13.068327,80.261133,382087.9,0.0,3,127362.63,1,3
5126-2346-8568,Bank of Baroda,Patna,25.619866,85.174227,393619.52,393619.52,1,393619.52,1,1
5126-5456-4093,South Indian Bank,Ahmedabad,23.043753,72.57904,252034.97,252034.97,1,252034.97,1,1
5127-2552-6314,IDBI Bank,Hyderabad,17.427455,78.513841,22499.1,20249.19,1,22499.1,1,2
5133-8575-8452,IndusInd Bank,Noida,28.574943,77.367241,18577.1,16719.39,1,18577.1,1,2
5135-6004-5511,State Bank of India,Kolkata,22.619249,88.397838,14549.97,13094.97,1,14549.97,1,2
5139-6874-9521,IndusInd Bank,Bhopal,23.265007,77.424485,94283.99,84855.59,1,94283.99,1,2
5140-6238-1591,Bank of Baroda,Mumbai,19.075515,72.887752,18657.3,16791.57,1,18657.3,1,2
5142-5518-3798,Axis Bank,Mumbai,19.083286,72.864946,26915.48,24223.93,1,26915.48,1,2
5147-3603-4960,Canara Bank,Chennai,13.036635,80.265519,162438.57,162438.57,1,162438.57,1,1
5148-5686-8124,South Indian Bank,Chandigarh,30.714261,76.798815,371307.07,0.0,3,123769.02,1,3
5160-2120-8707,South Indian Bank,Chandigarh,30.726524,76.752461,9793.05,9793.05,1,9793.05,1,1
5162-4135-8587,HDFC Bank,Gurgaon,28.444465,77.006124,343792.23,0.0,1,343792.23,1,3
5162-6898-8412,ICICI Bank,Chandigarh,30.683957,76.827839,32865.26,32865.26,1,32865.26,1,1
5163-7468-5347,Punjab National Bank,Kolkata,22.612549,88.407892,2826.58,2543.92,1,2826.58,1,2
5166-8807-2577,Kotak Mahindra Bank,Lucknow,26.841138,80.948614,306866.39,0.0,3,102288.8,1,3
5167-6889-5286,IDBI Bank,Patna,25.554815,85.151779,630.31,567.28,1,630.31,1,2
5169-6005-7019,South Indian Bank,Noida,28.499494,77.360355,322699.67,322699.67,1,322699.67,1,2
5170-5092-4609,Union Bank of India,Chennai,13.063559,80.284986,163812.34,0.0,3,54604.11,1,3
5170-8817-4809,Federal Bank,Noida,28.545329,77.395373,51585.01,46426.51,1,51585.01,1,2
5176-9862-1113,South Indian Bank,Hyderabad,17.432634,78.449831,367426.02,0.0,1,367426.02,1,2
5178-6188-2140,IndusInd Bank,Bengaluru,12.980005,77.581184,21993.51,0.0,4,5498.38,1,3
5180-4450-1009,Kotak Mahindra Bank,Chandigarh,30.775782,76.778748,18956.5,19013.29,1,18956.5,1,1
5180-8423-3441,Punjab National Bank,Gurgaon,28.416178,77.063781,13662.72,13662.72,1,13662.72,1,1
5182-8847-8011,Kotak Mahindra Bank,Hyderabad,17.425785,78.48672,247692.8,247692.8,1,247692.8,1,1
5189-1814-7232,IDBI Bank,Noida,28.523582,77.383914,58603.99,58603.99,1,58603.99,1,1
5190-9761-1796,Canara Bank,Noida,28.510774,77.411187,37823.58,34041.22,1,37823.58,1,2
5191-1104-8520,Bank of Baroda,Hyderabad,17.335373,78.533398,9620.45,9620.45,1,9620.45,1,1
5194-8242-3301,Federal Bank,Pune,18.511303,73.868668,12639.19,11375.27,1,12639.19,1,2
5198-5920-2505,Canara Bank,Ahmedabad,23.045927,72.593758,11419.09,10277.18,1,11419.09,1,2
5198-6822-7897,ICICI Bank,Pune,18.513985,73.902674,36217.83,32596.05,1,36217.83,1,2
5200-1980-4502,YES Bank,Chennai,13.095133,80.308535,1912.18,0.0,1,1912.18,1,2
5201-8503-1061,YES Bank,Lucknow,26.797537,80.957487,126353.12,0.0,1,126353.12,1,2
5202-7524-5666,Federal Bank,Chandigarh,30.778321,76.784875,12888.56,11599.7,1,12888.56,1,2
5205-5956-5260,YES Bank,Kolkata,22.583762,88.407195,82743.22,82743.22,1,82743.22,1,2
5209-1232-2827,YES Bank,Gurgaon,28.487753,77.00022,359860.72,323874.65,1,359860.72,1,2
5218-4173-5118,South Indian Bank,Bhopal,23.231558,77.412272,85002.41,76502.17,1,85002.41,1,2
5224-3122-3448,Bank of Baroda,Lucknow,26.812634,80.990847,51203.29,51203.29,1,51203.29,1,1
5225-5134-9425,Union Bank of India,Kolkata,22.588115,88.333222,22533.38,22533.38,1,22533.38,1,1
5234-5518-8387,Axis Bank,Ahmedabad,23.060207,72.547779,214801.51,0.0,1,214801.51,1,2
5237-9174-6034,South Indian Bank,Hyderabad,17.389118,78.505173,19357.43,17421.69,1,19357.43,1,2
5238-9818-9955,IndusInd Bank,Delhi,28.632157,77.218179,274030.1,0.0,3,91343.37,1,3
5241-2889-8430,YES Bank,Bhopal,23.258492,77.419289,188852.38,0.0,4,47213.1,1,3
5241-4651-6351,Kotak Mahindra Bank,Jaipur,26.882433,75.819452,162497.28,162497.28,1,162497.28,1,1
5243-2692-1571,Kotak Mahindra Bank,Delhi,28.578785,77.223034,18538.75,16684.88,1,18538.75,1,2
5243-5183-1379,Federal Bank,Kolkata,22.613898,88.365126,133739.37,133739.37,1,133739.37,1,1
5243-5638-2526,Punjab National Bank,Chandigarh,30.712071,76.820939,29182.26,0.0,1,29182.26,1,2
5251-2557-9941,YES Bank,Noida,28.542874,77.401037,168267.79,0.0,3,56089.26,1,3
5252-6953-7886,Bank of Baroda,Hyderabad,17.346488,78.455306,363674.16,363674.16,1,363674.16,1,1
5252-9108-3084,HDFC Bank,Jaipur,26.880826,75.787972,53092.48,0.0,1,53092.48,1,2
5254-1299-6690,HDFC Bank,Gurgaon,28.497316,77.0077,233877.89,233877.89,1,233877.89,1,2
5255-9314-6807,HDFC Bank,Delhi,28.631554,77.206949,184707.03999999998,0.0,5,36941.41,1,3
5256-1197-2120,Kotak Mahindra Bank,Bengaluru,13.015945,77.605321,3060.68,2754.61,1,3060.68,1,2
5257-8840-3590,Axis Bank,Bhopal,23.274401,77.422511,61299.11,61299.11,1,61299.11,1,3
5259-3578-9435,IndusInd Bank,Gurgaon,28.456766,77.021851,19790.6,19790.6,1,19790.6,1,1
5261-1997-3560,ICICI Bank,Patna,25.562118,85.173718,3468.94,3122.05,1,3468.94,1,2
5262-6871-9411,YES Bank,Noida,28.529441,77.395405,94373.74,84936.37,1,94373.74,1,2
5264-5700-6596,UCO Bank,Chennai,13.120844,80.24051,3874.64,3874.64,1,3874.64,1,1
5269-5444-7429,Bank of Baroda,Mumbai,19.092641,72.919883,7585.59,7585.59,1,7585.59,1,3
5270-3842-6367,Union Bank of India,Jaipur,26.925063,75.827984,231213.53,208092.18,1,231213.53,1,2
5271-1895-5396,Federal Bank,Delhi,28.608664,77.181131,8007.71,7206.94,1,8007.71,1,2
5276-4346-3360,Kotak Mahindra Bank,Patna,25.588769,85.125802,31654.85,28489.36,1,31654.85,1,2
5276-7564-3049,South Indian Bank,Ahmedabad,23.033572,72.588249,144029.94,0.0,5,28805.99,1,3
5277-5377-1682,ICICI Bank,Jaipur,26.908517,75.826046,8695.54,0.0,1,8695.54,1,2
5280-5948-6091,UCO Bank,Hyderabad,17.422593,78.517138,289161.79,289161.79,1,289161.79,1,2
5282-8417-5473,South Indian Bank,Lucknow,26.861344,80.896405,99140.72,99140.72,1,99140.72,1,1
5283-4530-4374,Federal Bank,Hyderabad,17.35161,78.512749,2065.41,1858.87,1,2065.41,1,2
5284-2777-2956,HDFC Bank,Mumbai,19.109309,72.846148,8669.27,7802.34,1,8669.27,1,2
5287-9887-6629,Canara Bank,Chennai,13.117987,80.264956,24624.23,24624.230000000003,1,24624.23,1,1
5289-2906-8149,UCO Bank,Mumbai,19.063571,72.894222,47991.06,0.0,5,9598.21,1,3
5296-8041-2286,ICICI Bank,Chennai,13.086234,80.301567,210737.07,210737.07,1,210737.07,1,1
5297-6578-7526,UCO Bank,Pune,18.500905,73.873216,7586.94,0.0,1,7586.94,1,2
5298-8560-8795,HDFC Bank,Pune,18.491896,73.838843,239.77,0.0,1,239.77,1,2
5299-6227-8385,Bank of Baroda,Lucknow,26.841518,80.93821,44654.43,0.0,3,14884.81,1,3
5300-5620-2689,Union Bank of India,Chennai,13.055266,80.256435,6157.33,6157.33,1,6157.33,1,1
5303-5717-8692,Canara Bank,Patna,25.572884,85.175979,69996.49,62996.84,1,69996.49,1,2
5310-3175-9620,Axis Bank,Jaipur,26.919617,75.759395,197706.77,0.0,1,197706.77,1,2
5310-4633-7075,IndusInd Bank,Kolkata,22.593761,88.373647,21046.58,18941.92,1,21046.58,1,2
5310-8355-8093,YES Bank,Jaipur,26.928341,75.770592,29401.14,0.0,1,29401.14,1,2
5315-3388-6573,Union Bank of India,Bengaluru,12.98845,77.578745,379008.39,0.0,3,126336.13,1,3
5315-7750-8750,Canara Bank,Lucknow,26.839427,80.926016,186730.34,186730.34,1,186730.34,1,1
5317-4085-1615,Axis Bank,Bhopal,23.215745,77.385438,158095.51,0.0,1,158095.51,1,4
5317-5052-8031,Kotak Mahindra Bank,Lucknow,26.877695,80.966314,304916.88,304916.88,1,304916.88,1,1
5318-2991-5072,UCO Bank,Hyderabad,17.373323,78.439151,87337.55,87337.55,1,87337.55,1,2
5318-8066-7065,ICICI Bank,Bengaluru,13.020226,77.56929,45744.14,41169.73,1,45744.14,1,2
5319-5062-9867,Punjab National Bank,Noida,28.52421,77.35722,98192.35,0.0,1,98192.35,1,4
5321-5757-1660,Bank of Baroda,Pune,18.518089,73.873411,71873.98,0.0,1,71873.98,1,2
5321-9470-6128,Kotak Mahindra Bank,Patna,25.599667,85.179885,139210.11,139210.11,1,139210.11,1,1
5324-4519-7786,Punjab National Bank,Gurgaon,28.507569,77.02761,89315.05,89315.05,1,89315.05,1,1
5326-3338-8972,YES Bank,Ahmedabad,23.031698,72.600825,8929.07,8036.16,1,8929.07,1,2
5327-5470-7185,IDBI Bank,Kolkata,22.6076,88.404409,36999.9,36999.9,1,36999.9,1,1
5328-6986-4502,HDFC Bank,Patna,25.637341,85.151323,176238.44,158614.6,1,176238.44,1,2
5333-2591-6407,IndusInd Bank,Lucknow,26.862668,80.945863,113082.13,0.0,5,22616.43,1,3
5334-5597-5412,Federal Bank,Chandigarh,30.773299,76.737522,115504.48,103954.03,1,115504.48,1,2
5335-1805-3763,UCO Bank,Bengaluru,12.935685,77.584159,217807.25,217807.25,1,217807.25,1,3
5336-8953-6744,South Indian Bank,Kolkata,22.586831,88.34352,101222.04,91099.84,1,101222.04,1,2
5342-9944-7917,Punjab National Bank,Lucknow,26.829433,80.955035,232107.93,232107.93,1,232107.93,1,1
5344-3462-1369,Federal Bank,Chennai,13.076888,80.263025,185940.85,0.0,4,46485.21,1,3
5347-1927-7150,State Bank of India,Bengaluru,12.967624,77.601867,24462.87,22016.58,1,24462.87,1,2
5348-4387-4755,HDFC Bank,Chandigarh,30.750881,76.795742,18410.62,0.0,1,18410.62,1,2
5350-8907-2082,Federal Bank,Chennai,13.090404,80.275493,1193.23,1193.23,1,1193.23,1,1
5354-2609-7437,Kotak Mahindra Bank,Bengaluru,13.010626,77.602109,44084.03,44084.020000000004,1,44084.03,1,1
5357-6684-7033,Axis Bank,Bengaluru,12.938948,77.640004,366078.87,366078.87,1,366078.87,1,2
5360-5067-4822,Axis Bank,Lucknow,26.893404,80.963173,13593.6,0.0,1,13593.6,1,2
5360-9523-9697,South Indian Bank,Chandigarh,30.773198,76.821114,14010.79,12609.71,1,14010.79,1,2
5362-3936-8580,Federal Bank,Mumbai,19.050956,72.832754,13953.48,12558.13,1,13953.48,1,2
5362-8172-2368,Punjab National Bank,Patna,25.562825,85.185884,4393.32,3953.99,1,4393.32,1,2
5368-5379-2274,UCO Bank,Pune,18.527427,73.906443,98510.74,98510.73999999999,1,98510.74,1,1
5370-7846-3001,IDBI Bank,Jaipur,26.936111,75.825551,212405.65,212405.65,1,212405.65,1,3
5376-4236-4130,Axis Bank,Chandigarh,30.740612,76.78469,46082.96,0.0,3,15360.99,1,3
5381-3532-8535,Canara Bank,Lucknow,26.830312,80.976044,158090.31,158090.31,1,158090.31,1,1
5383-6224-9870,Axis Bank,Chandigarh,30.767443,76.781499,74372.65,74372.65,1,74372.65,1,1
5384-5333-6036,Federal Bank,Chandigarh,30.740232,76.759566,79352.83,0.0,4,19838.21,1,3
5385-2179-2269,IDBI Bank,Hyderabad,17.433477,78.495793,10262.78,0.0,1,10262.78,1,2
5387-3521-4476,IndusInd Bank,Hyderabad,17.352336,78.516431,82743.22,0.0,1,82743.22,1,4
5389-9314-4524,IndusInd Bank,Bengaluru,12.960738,77.588795,63586.46,57227.81,1,63586.46,1,2
5395-9112-4370,YES Bank,Mumbai,19.08969,72.898285,183636.13,183636.13,1,183636.13,1,1
5399-2951-3803,South Indian Bank,Gurgaon,28.496838,76.981752,159332.95,159332.95,1,159332.95,1,1
5403-4341-7479,Kotak Mahindra Bank,Mumbai,19.098629,72.864564,159332.95,159332.95,1,159332.95,1,3
5405-8691-1687,Union Bank of India,Patna,25.58709,85.142423,52133.62,0.0,1,52133.62,1,2
5407-6575-7471,Kotak Mahindra Bank,Hyderabad,17.402698,78.445681,3700.95,0.0,1,3700.95,1,2
5409-2663-5035,Union Bank of India,Jaipur,26.874957,75.794125,155788.4,0.0,1,155788.4,1,3
5410-2393-1735,Bank of Baroda,Patna,25.616669,85.184985,6185.81,5567.23,1,6185.81,1,2
5412-1993-6215,Union Bank of India,Hyderabad,17.383417,78.477449,261905.56,0.0,1,261905.56,1,3
5412-7337-4158,South Indian Bank,Chennai,13.052833,80.301098,5742.48,5168.23,1,5742.48,1,2
5413-5080-3042,ICICI Bank,Bhopal,23.26792,77.459317,14613.09,0.0,1,14613.09,1,2
5413-7565-1467,YES Bank,Gurgaon,28.475841,77.055457,34225.47,34225.47,1,34225.47,1,1
5414-5427-2482,HDFC Bank,Gurgaon,28.506198,77.016749,148723.36,133851.02,1,148723.36,1,2
5418-6094-1514,Axis Bank,Bhopal,23.261018,77.431966,51151.32,46036.19,1,51151.32,1,2
5421-2348-3325,UCO Bank,Delhi,28.63134,77.201067,10182.35,9164.12,1,10182.35,1,2
5422-3790-3257,Federal Bank,Gurgaon,28.467913,77.061615,203233.09,203233.09,1,203233.09,1,2
5429-8992-6062,Bank of Baroda,Bengaluru,12.976869,77.627999,135643.26,122078.93,1,135643.26,1,2
5431-2000-4130,IDBI Bank,Noida,28.520883,77.364027,206075.41,185467.87,1,206075.41,1,2
5434-7833-3996,Bank of Baroda,Hyderabad,17.356707,78.515899,59506.6,53555.94,1,59506.6,1,2
5435-9070-3892,Punjab National Bank,Jaipur,26.873547,75.812961,5398.15,4858.34,1,5398.15,1,2
5437-3159-1764,Union Bank of India,Pune,18.47721,73.903921,6061.66,5455.49,1,6061.66,1,2
5443-4354-4498,HDFC Bank,Ahmedabad,23.036508,72.555267,420563.31999999995,0.0,4,105140.83,1,3
5449-4801-9398,YES Bank,Pune,18.549035,73.887872,161971.53,0.0,1,161971.53,1,2
5449-7501-9057,ICICI Bank,Delhi,28.571074,77.236477,113645.29,113645.3,1,113645.29,1,1
5450-1277-2496,State Bank of India,Patna,25.545916,85.104473,76275.19,68647.67,1,76275.19,1,2
5453-5105-5174,IDBI Bank,Bengaluru,13.0016,77.567555,30647.18,30647.18,1,30647.18,1,1
5456-9356-9958,UCO Bank,Chennai,13.057577,80.257644,32023.51,32023.51,1,32023.51,1,1
5463-5317-7027,State Bank of India,Chennai,13.05831,80.272624,72116.51,72116.51,1,72116.51,1,2
5466-5358-2739,IDBI Bank,Ahmedabad,22.998544,72.540695,100.0,90.0,1,100.0,1,2
5468-9882-8340,UCO Bank,Bengaluru,12.947549,77.607312,20947.37,20947.37,1,20947.37,1,1
5474-1770-9851,Axis Bank,Kolkata,22.534731,88.37183,63000.6,56700.54,1,63000.6,1,2
5475-9897-6772,Axis Bank,Noida,28.525595,77.407566,22242.87,0.0,4,5560.72,1,3
5477-8486-6302,YES Bank,Chandigarh,30.753533,76.79028,16371.67,0.0,1,16371.67,1,2
5478-2102-9700,Kotak Mahindra Bank,Hyderabad,17.396826,78.492761,376312.07,0.0,3,125437.36,1,3
5488-2750-2219,Kotak Mahindra Bank,Lucknow,26.843687,80.993313,306.53,275.88,1,306.53,1,2
5490-8702-7416,UCO Bank,Mumbai,19.085707,72.923355,128814.47,115933.02,1,128814.47,1,2
5492-1319-4313,Bank of Baroda,Delhi,28.60665,77.197241,49188.66,0.0,1,49188.66,1,2
5498-8200-7690,Federal Bank,Ahmedabad,23.021536,72.55887,91203.47,0.0,1,91203.47,1,4
5504-6918-2915,Punjab National Bank,Bengaluru,12.995526,77.585589,32322.42,29090.18,1,32322.42,1,2
5506-8349-5695,State Bank of India,Chennai,13.128577,80.262298,6788.41,6788.41,1,6788.41,1,1
5508-1985-3949,HDFC Bank,Gurgaon,28.470426,76.9981,8133.88,7320.49,1,8133.88,1,2
5510-3627-2128,Federal Bank,Pune,18.507111,73.806772,188.66,169.79,1,188.66,1,2
5512-4304-1121,Bank of Baroda,Chandigarh,30.771224,76.77542,68270.44,61443.4,1,68270.44,1,2
5512-7602-3356,Punjab National Bank,Chandigarh,30.685323,76.811139,981.77,883.59,1,981.77,1,2
5513-6365-1176,HDFC Bank,Kolkata,22.575024,88.391066,38868.27,38868.27,1,38868.27,1,1
5520-9529-9613,IDBI Bank,Lucknow,26.839969,80.930987,13366.04,12029.44,1,13366.04,1,2
5522-2254-8240,YES Bank,Ahmedabad,23.01983,72.604387,19374.28,17436.85,1,19374.28,1,2
5523-8429-9402,HDFC Bank,Chandigarh,30.76272,76.761153,73210.47,65889.42,1,73210.47,1,2
5525-7306-7275,South Indian Bank,Patna,25.636692,85.17092,491642.29,491642.29,1,491642.29,1,1
5526-6137-7448,Punjab National Bank,Pune,18.495542,73.838843,7059.52,0.0,1,7059.52,1,4
5533-1478-8777,State Bank of India,Lucknow,26.818542,80.97728,11298.57,11298.57,1,11298.57,1,1
5540-2807-1708,Kotak Mahindra Bank,Bhopal,23.309251,77.373513,58397.62,0.0,1,58397.62,1,2
5542-3869-2931,Axis Bank,Jaipur,26.935263,75.815396,13005.43,0.0,1,13005.43,1,2
5547-1526-3880,HDFC Bank,Hyderabad,17.385822,78.443354,9167.48,0.0,1,9167.48,1,2
5548-2195-1033,South Indian Bank,Hyderabad,17.360458,78.507956,171751.2,154576.08,1,171751.2,1,2
5552-1612-1516,Bank of Baroda,Mumbai,19.06122,72.884294,429522.51,0.0,3,143174.17,1,3
5554-7065-4450,YES Bank,Pune,18.519164,73.830199,3162.17,2845.95,1,3162.17,1,2
5554-7294-5921,UCO Bank,Hyderabad,17.336885,78.474959,55210.95,49689.86,1,55210.95,1,2
5556-3439-7767,YES Bank,Jaipur,26.879045,75.78679,3204.79,2884.31,1,3204.79,1,2
5559-9868-4602,IndusInd Bank,Ahmedabad,22.995284,72.594294,128942.36,116048.12,1,128942.36,1,2
5561-5949-9119,Canara Bank,Hyderabad,17.341318,78.512261,82255.2,74029.68,1,82255.2,1,2
5562-4568-3525,Bank of Baroda,Kolkata,22.585535,88.398204,59522.36,59522.35999999999,1,59522.36,1,1
5563-4047-4753,ICICI Bank,Pune,18.517425,73.849026,95493.69,95493.69,1,95493.69,1,1
5563-9436-5334,ICICI Bank,Ahmedabad,22.979555,72.590378,17423.61,15681.25,1,17423.61,1,2
5565-2056-6490,Axis Bank,Jaipur,26.904116,75.746152,227996.61,227996.61,1,227996.61,1,1
5565-3307-4169,IndusInd Bank,Pune,18.492061,73.874481,79122.11,0.0,1,79122.11,1,2
5569-8148-7918,State Bank of India,Gurgaon,28.466542,77.043064,70875.94,63788.35,1,70875.94,1,2
5578-8896-5539,YES Bank,Chennai,13.108067,80.28224,19666.1,0.0,1,19666.1,1,2
5581-7172-4667,Canara Bank,Mumbai,19.026533,72.849929,291193.17,291193.17000000004,1,291193.17,1,1
5584-4415-3346,South Indian Bank,Hyderabad,17.400545,78.458407,132699.18,119429.26,1,132699.18,1,2
5585-1387-3644,UCO Bank,Mumbai,19.11225,72.919123,158090.31,0.0,1,158090.31,1,2
5586-3715-8524,State Bank of India,Hyderabad,17.353179,78.495736,58747.94,52873.15,1,58747.94,1,2
5590-4239-6342,Bank of Baroda,Ahmedabad,23.038505,72.558209,53006.93,47706.24,1,53006.93,1,2
5592-7916-7403,ICICI Bank,Kolkata,22.584961,88.337277,12557.7,12557.7,1,12557.7,1,1
5593-1287-8678,Punjab National Bank,Kolkata,22.568628,88.374866,171041.16,171041.16,1,171041.16,1,1
5600-8861-3032,Axis Bank,Delhi,28.617547,77.203635,168283.32,168283.32,1,168283.32,1,1
5604-1507-9818,Kotak Mahindra Bank,Chandigarh,30.731471,76.805606,47421.1,47421.1,1,47421.1,1,1
5605-7436-2685,YES Bank,Patna,25.575259,85.16701,187665.12,187665.12,1,187665.12,1,1
5613-8850-4321,YES Bank,Pune,18.511278,73.87158,10356.970000000001,0.0,5,2071.39,1,3
5614-5168-2111,Bank of Baroda,Bengaluru,12.99404,77.606199,191571.89,191571.89,1,191571.89,1,1
5615-7782-8120,YES Bank,Noida,28.575169,77.402199,186541.46,167887.31,1,186541.46,1,2
5617-3814-9800,ICICI Bank,Bhopal,23.30803,77.405009,77377.8,69640.02,1,77377.8,1,2
5627-5292-3959,Canara Bank,Noida,28.581422,77.348631,367945.65,367945.65,1,367945.65,1,1
5631-2867-2741,Bank of Baroda,Lucknow,26.826235,80.900141,4101.14,3691.03,1,4101.14,1,2
5637-7026-2854,IDBI Bank,Jaipur,26.896529,75.803556,124686.01000000001,0.0,5,24937.2,1,3
5640-2625-2435,IndusInd Bank,Chennai,13.090823,80.223964,667.52,0.0,1,667.52,1,2
5643-5027-2354,UCO Bank,Gurgaon,28.449456,77.01008,115101.25,0.0,3,38367.08,1,3
5646-4476-9638,UCO Bank,Chandigarh,30.769291,76.736882,18284.24,18284.24,1,18284.24,1,1
5646-8653-1365,Punjab National Bank,Bhopal,23.244111,77.429996,91047.31,0.0,3,30349.1,1,3
5647-4933-3552,State Bank of India,Chandigarh,30.750996,76.797388,108818.95,0.0,4,27204.74,1,3
5648-1524-7445,YES Bank,Bhopal,23.276526,77.383655,3341.19,3341.1899999999996,1,3341.19,1,1
5648-2207-3119,Federal Bank,Chandigarh,30.773808,76.742889,71886.2,64697.58,1,71886.2,1,2
5654-4399-7028,South Indian Bank,Jaipur,26.919948,75.770067,101269.26,0.0,1,101269.26,1,3
5657-1112-2377,Federal Bank,Kolkata,22.591937,88.353577,292481.46,292481.46,1,292481.46,1,1
5657-5886-8480,Union Bank of India,Chandigarh,30.737259,76.809195,199963.07,199963.07,1,199963.07,1,1
5658-7835-2152,ICICI Bank,Lucknow,26.871484,80.898377,238117.5,238117.5,1,238117.5,1,1
5666-3713-2942,YES Bank,Noida,28.552143,77.3551,224743.08,224743.08,1,224743.08,1,1
5668-5467-1082,Axis Bank,Delhi,28.605332,77.171977,469.85,422.86,1,469.85,1,2
5668-7028-1834,Union Bank of India,Ahmedabad,23.060853,72.597249,9093.85,9093.85,1,9093.85,1,3
5669-2688-6061,Bank of Baroda,Mumbai,19.079915,72.898368,7023.16,0.0,1,7023.16,1,4
5671-2143-4170,ICICI Bank,Ahmedabad,23.008949,72.553033,59375.21,53437.69,1,59375.21,1,2
5673-5812-4672,YES Bank,Delhi,28.588327,77.189796,84606.22,76145.6,1,84606.22,1,2
5675-8344-4299,Punjab National Bank,Bhopal,23.243101,77.431502,186085.52,0.0,3,62028.51,1,3
5676-1530-5091,South Indian Bank,Patna,25.589247,85.129919,52923.64,47631.28,1,52923.64,1,2
5676-4575-7988,YES Bank,Gurgaon,28.415662,77.025992,8917.14,8025.43,1,8917.14,1,2
5699-2677-2080,HDFC Bank,Patna,25.582559,85.186838,188655.16,188655.16,1,188655.16,1,1
5699-4922-5673,State Bank of India,Patna,25.568103,85.126529,25913.01,0.0,1,25913.01,1,2
5703-3916-5570,Federal Bank,Mumbai,19.114357,72.845411,124825.97,124825.97,1,124825.97,1,1
5703-7763-7070,Axis Bank,Delhi,28.594077,77.215668,371831.21,371831.21,1,371831.21,1,2
5705-8549-9665,IndusInd Bank,Patna,25.599132,85.160223,493826.02,493826.02,1,493826.02,1,1
5713-7834-3938,Kotak Mahindra Bank,Noida,28.560057,77.399107,16056.63,16056.63,1,16056.63,1,2
5714-6916-9694,Kotak Mahindra Bank,Pune,18.550503,73.824198,82909.53,74618.58,1,82909.53,1,2
5716-4542-5981,Punjab National Bank,Bengaluru,13.015369,77.632429,12415.7,11174.13,1,12415.7,1,2
5716-5486-8973,Union Bank of India,Bhopal,23.285386,77.365335,148277.79,148277.79,1,148277.79,1,1
5725-3846-5017,Bank of Baroda,Lucknow,26.83269,80.966058,152389.92,0.0,5,30477.98,1,3
5726-1388-4752,Axis Bank,Patna,25.613728,85.109844,139945.84,139945.84,1,139945.84,1,1
5727-7478-1041,Bank of Baroda,Noida,28.563628,77.397258,585.69,0.0,1,585.69,1,2
5734-1018-3445,Bank of Baroda,Kolkata,22.572288,88.382783,64676.42,64676.42,1,64676.42,1,1
5734-9215-1695,IndusInd Bank,Pune,18.50819,73.870367,21826.59,21826.59,1,21826.59,1,1
5734-9413-4732,Axis Bank,Bengaluru,12.940785,77.5781,85943.68,85943.68,1,85943.68,1,2
5735-8758-3678,Bank of Baroda,Chandigarh,30.762356,76.776737,26714.48,26714.480000000003,1,26714.48,1,1
5737-3520-1896,IndusInd Bank,Hyderabad,17.379539,78.524426,4017.72,3615.95,1,4017.72,1,2
5740-3317-4852,UCO Bank,Noida,28.498443,77.36919,35580.44,32022.4,1,35580.44,1,2
5740-5681-3978,South Indian Bank,Delhi,28.633576,77.212316,141912.62,0.0,3,47304.21,1,3
5742-2638-9076,Bank of Baroda,Jaipur,26.907833,75.799294,261562.91999999998,0.0,3,87187.64,1,3
5745-9064-1385,IDBI Bank,Noida,28.573665,77.391915,3785.43,3406.89,1,3785.43,1,2
5749-5786-5273,HDFC Bank,Kolkata,22.537394,88.380714,86384.61,0.0,1,86384.61,1,4
5749-5823-5948,State Bank of India,Pune,18.472481,73.823321,117648.61,117648.6,1,117648.61,1,1
5753-3713-9669,IDBI Bank,Mumbai,19.115054,72.877111,231569.29,231569.29,1,231569.29,1,3
5754-3285-2550,Axis Bank,Chennai,13.106045,80.256298,4358.66,3922.79,1,4358.66,1,2
5754-5398-3755,IndusInd Bank,Delhi,28.633213,77.183465,14719.6,0.0,1,14719.6,1,2
5757-1110-6072,YES Bank,Pune,18.496163,73.877782,388430.03,388430.03,1,388430.03,1,1
5757-7035-3002,Axis Bank,Ahmedabad,23.052564,72.535144,2097.06,0.0,1,2097.06,1,2
5758-7869-8503,YES Bank,Jaipur,26.924517,75.793561,22873.45,20586.1,1,22873.45,1,2
5760-6657-3173,UCO Bank,Ahmedabad,23.043512,72.588824,2312.81,2081.53,1,2312.81,1,2
5763-7254-7998,Kotak Mahindra Bank,Hyderabad,17.37913,78.482656,112224.36,0.0,1,112224.36,1,2
5764-7623-5015,Union Bank of India,Noida,28.485814,77.342708,23370.63,21033.57,1,23370.63,1,2
5769-3372-4436,IDBI Bank,Bhopal,23.220095,77.44115,32307.03,0.0,1,32307.03,1,2
5769-9627-7320,UCO Bank,Ahmedabad,23.01494,72.554865,217663.84,217663.84,1,217663.84,1,1
5770-1941-6855,Canara Bank,Hyderabad,17.360535,78.447351,406322.58,406322.58,1,406322.58,1,2
5778-3627-4363,State Bank of India,Bengaluru,13.017224,77.547807,64788.35,64788.35,1,64788.35,1,1
5778-9677-2258,HDFC Bank,Ahmedabad,22.989214,72.553661,222754.51,222754.51,1,222754.51,1,1
5780-1447-5699,HDFC Bank,Gurgaon,28.417186,77.054976,69122.55,62210.3,1,69122.55,1,2
5786-8947-9031,YES Bank,Pune,18.567336,73.83924,64906.27,64906.27,1,64906.27,1,1
5787-9247-5397,Axis Bank,Hyderabad,17.380136,78.494326,211565.25,190408.72,1,211565.25,1,2
5789-3950-1737,Federal Bank,Pune,18.532754,73.855635,125905.08,0.0,4,31476.27,1,3
5790-4243-3438,Federal Bank,Bengaluru,12.927953,77.632085,119202.0,119202.0,1,119202.0,1,1
5792-5574-7250,HDFC Bank,Lucknow,26.840969,80.93409,302438.99,302438.99,1,302438.99,1,2
5795-5001-9631,South Indian Bank,Hyderabad,17.430056,78.485321,10177.71,10177.71,1,10177.71,1,1
5795-6640-3231,Canara Bank,Pune,18.530926,73.806845,157707.66,0.0,1,157707.66,1,2
5795-7771-3452,Union Bank of India,Lucknow,26.813471,80.933083,5457.13,4911.42,1,5457.13,1,2
5800-8715-7860,Axis Bank,Chennai,13.045444,80.308598,153532.76,153532.76,1,153532.76,1,1
5801-4998-6385,YES Bank,Patna,25.567189,85.119082,182849.42,164564.48,1,182849.42,1,2
5803-3320-8141,State Bank of India,Ahmedabad,23.05081,72.608583,2739.52,2739.52,1,2739.52,1,1
5806-2950-6518,State Bank of India,Noida,28.577572,77.435992,69986.52,62987.87,1,69986.52,1,2
5807-1405-4799,HDFC Bank,Hyderabad,17.428763,78.498016,62756.31,62756.31,1,62756.31,1,1
5808-3725-9016,State Bank of India,Mumbai,19.081509,72.865651,322699.67,0.0,1,322699.67,1,4
5810-4153-8068,YES Bank,Patna,25.561714,85.09661,21978.0,21978.0,1,21978.0,1,1
5813-1440-3690,South Indian Bank,Bengaluru,13.009768,77.558611,40573.19,40573.19,1,40573.19,1,1
5819-2022-7049,Union Bank of India,Delhi,28.634235,77.241075,52902.34,47612.11,1,52902.34,1,2
5819-2577-7774,Bank of Baroda,Noida,28.508539,77.427056,35066.46,31559.81,1,35066.46,1,2
5819-3434-6368,IDBI Bank,Noida,28.532567,77.40735,8744.06,8744.06,1,8744.06,1,1
5819-8353-3906,HDFC Bank,Gurgaon,28.483008,76.988535,7883.05,7883.05,1,7883.05,1,2
5820-5441-9560,Union Bank of India,Ahmedabad,23.019711,72.542462,49117.19,44205.47,1,49117.19,1,2
5827-5738-3744,Punjab National Bank,Delhi,28.611216,77.175908,423605.33,423605.32999999996,1,423605.33,1,1
5832-3256-9925,Punjab National Bank,Bhopal,23.216835,77.430788,195628.63,176065.77,1,195628.63,1,2
5833-4112-6922,Union Bank of India,Kolkata,22.543046,88.360169,85943.68,0.0,1,85943.68,1,3
5842-3378-9769,State Bank of India,Patna,25.632834,85.144548,10952.1,10952.1,1,10952.1,1,1
5843-5795-8129,Kotak Mahindra Bank,Mumbai,19.108691,72.874085,44345.1,39910.59,1,44345.1,1,2
5845-7579-2443,Axis Bank,Noida,28.573765,77.376636,73780.45,66402.4,1,73780.45,1,2
5845-7869-7586,Kotak Mahindra Bank,Jaipur,26.951158,75.799736,129073.82,0.0,1,129073.82,1,2
5846-1513-9311,IDBI Bank,Delhi,28.620259,77.25084,65428.54,65428.54,1,65428.54,1,3
5846-2983-4392,Federal Bank,Patna,25.551234,85.112943,455146.88,455146.88,1,455146.88,1,1
5847-4296-5694,Canara Bank,Patna,25.619316,85.125366,33198.63,29878.77,1,33198.63,1,2
5849-5901-9627,YES Bank,Delhi,28.648966,77.204764,27585.01,0.0,1,27585.01,1,3
5849-6815-3445,Canara Bank,Bhopal,23.210571,77.388696,56260.4,50634.36,1,56260.4,1,2
5853-3386-4018,Kotak Mahindra Bank,Jaipur,26.910627,75.782889,117251.71,0.0,5,23450.34,1,3
5857-4108-5194,Union Bank of India,Bhopal,23.244226,77.396594,71476.05,71476.05,1,71476.05,1,1
5858-5435-3544,YES Bank,Bengaluru,12.991371,77.575365,7023.16,7023.16,1,7023.16,1,2
5858-6643-7643,Axis Bank,Hyderabad,17.392266,78.487263,18023.19,16220.87,1,18023.19,1,2
5861-2926-8134,Union Bank of India,Jaipur,26.942681,75.8325,29142.71,26228.44,1,29142.71,1,2
5864-9104-2156,UCO Bank,Kolkata,22.611546,88.314809,105023.66,105023.67,1,105023.66,1,1
5865-2187-9768,Axis Bank,Lucknow,26.893717,80.975866,51007.19,0.0,1,51007.19,1,2
5869-5533-6122,Canara Bank,Ahmedabad,22.989536,72.564004,16597.78,14938.0,1,16597.78,1,2
5878-3935-8083,State Bank of India,Noida,28.4937,77.401979,22154.05,22154.05,1,22154.05,1,1
5879-8779-2913,HDFC Bank,Patna,25.593738,85.09749,32003.11,28802.8,1,32003.11,1,2
5885-4804-6870,Canara Bank,Delhi,28.587413,77.204187,7383.02,6644.72,1,7383.02,1,2
5886-3659-7126,Canara Bank,Ahmedabad,23.031057,72.615279,95578.31,86020.48,1,95578.31,1,2
5886-4530-1501,YES Bank,Hyderabad,17.423955,78.514532,26664.09,23997.68,1,26664.09,1,2
5888-7768-1885,Bank of Baroda,Bhopal,23.227936,77.370681,3728.65,0.0,1,3728.65,1,2
5895-3045-9867,Canara Bank,Bhopal,23.221184,77.409253,990.11,891.1,1,990.11,1,2
5895-6680-9366,Federal Bank,Pune,18.522689,73.809572,19495.03,17545.53,1,19495.03,1,2
5900-5519-3322,State Bank of India,Hyderabad,17.403694,78.492101,163224.68,163224.68,1,163224.68,1,3
5902-9664-9854,IndusInd Bank,Ahmedabad,23.062371,72.567612,120760.55,108684.5,1,120760.55,1,2
5904-4476-8553,Canara Bank,Noida,28.578767,77.420507,44541.39,40087.25,1,44541.39,1,2
5911-2687-9208,IndusInd Bank,Bengaluru,12.961661,77.606076,29752.64,29752.64,1,29752.64,1,1
5912-3390-8975,Federal Bank,Kolkata,22.5297,88.36847,114.61,0.0,1,114.61,1,2
5915-8324-8405,UCO Bank,Bhopal,23.246894,77.450538,22855.64,22855.64,1,22855.64,1,1
5916-7449-3449,HDFC Bank,Chandigarh,30.721185,76.784769,8107.639999999999,0.0,3,2702.55,1,3
5917-8742-3034,South Indian Bank,Lucknow,26.821175,80.908135,137135.85,0.0,1,137135.85,1,2
5918-3828-3647,Union Bank of India,Lucknow,26.803121,80.947539,10310.15,10310.15,1,10310.15,1,1
5918-9801-3503,IDBI Bank,Gurgaon,28.447545,77.007185,452895.05,452895.05,1,452895.05,1,1
5919-1634-4759,Canara Bank,Delhi,28.568676,77.166611,2455.06,2209.55,1,2455.06,1,2
5921-1612-7251,Canara Bank,Chandigarh,30.770279,76.752072,3509.16,3158.24,1,3509.16,1,2
5923-1592-8224,Punjab National Bank,Ahmedabad,22.991356,72.543872,385831.36,347248.22,1,385831.36,1,2
5933-3226-5894,UCO Bank,Pune,18.475096,73.898751,13700.06,12330.05,1,13700.06,1,2
5935-4468-5944,ICICI Bank,Chandigarh,30.699092,76.79129,2476.01,2476.0,1,2476.01,1,1
5946-5868-7405,Canara Bank,Gurgaon,28.451926,77.049352,93919.44,0.0,1,93919.44,1,3
5946-6477-6297,Punjab National Bank,Hyderabad,17.401481,78.505161,2757.52,0.0,4,689.38,1,3
5947-5979-9095,IDBI Bank,Chennai,13.035384,80.220945,153192.48,153192.48,1,153192.48,1,1
5950-5490-8518,Axis Bank,Noida,28.538548,77.386063,40336.86,0.0,3,13445.62,1,3
5956-9892-8915,State Bank of India,Hyderabad,17.398405,78.519651,331119.85,331119.85,1,331119.85,1,2
5957-4821-5292,Union Bank of India,Lucknow,26.843999,80.916413,365230.89,0.0,1,365230.89,1,3
5963-3544-1242,ICICI Bank,Patna,25.613508,85.102518,352308.97,352308.97,1,352308.97,1,3
5967-4623-4838,Bank of Baroda,Delhi,28.613184,77.229405,101757.08,0.0,1,101757.08,1,2
5968-5659-9516,UCO Bank,Lucknow,26.811107,80.99251,5718.1,5718.1,1,5718.1,1,1
5969-5289-9221,Union Bank of India,Pune,18.544345,73.895178,93502.95,0.0,1,93502.95,1,2
5970-6913-8598,State Bank of India,Mumbai,19.044092,72.861093,175.16,300.0,1,175.16,1,1
5971-3181-1775,Federal Bank,Lucknow,26.809748,80.904709,54896.8,49407.12,1,54896.8,1,2
5971-4609-5855,State Bank of India,Kolkata,22.551784,88.377862,138755.49,138755.49,1,138755.49,1,1
5974-3897-6208,Kotak Mahindra Bank,Bhopal,23.302601,77.433069,7555.0,0.0,1,7555.0,1,2
5974-7075-3375,State Bank of India,Hyderabad,17.399579,78.450693,107787.19,107787.19,1,107787.19,1,1
5975-6492-1706,UCO Bank,Pune,18.509735,73.851231,33198.63,33198.63,1,33198.63,1,1
5982-3161-6021,YES Bank,Pune,18.518824,73.903772,48952.15,48952.15,1,48952.15,1,3
5983-9611-8892,UCO Bank,Patna,25.599199,85.157216,37889.11,0.0,4,9472.28,1,3
5986-6139-6638,IndusInd Bank,Chennai,13.067225,80.301883,5472.03,4924.83,1,5472.03,1,2
5987-6636-6856,Bank of Baroda,Patna,25.601646,85.145542,173536.6,0.0,3,57845.53,1,3
5989-2944-2359,Canara Bank,Bengaluru,12.935213,77.629701,217495.72,217495.72,1,217495.72,1,1
5991-3771-9438,IDBI Bank,Ahmedabad,23.022649,72.570663,149435.91,0.0,3,49811.97,1,3
6006-3077-5594,IndusInd Bank,Jaipur,26.904162,75.782442,379853.67000000004,0.0,3,126617.89,1,3
6006-6140-2347,ICICI Bank,Mumbai,19.097356,72.904461,392281.32,392281.32,1,392281.32,1,1
6025-4425-4663,Canara Bank,Noida,28.506968,77.365326,8957.87,8957.869999999999,1,8957.87,1,1
6028-3135-4473,Federal Bank,Delhi,28.629424,77.220141,50299.42,0.0,4,12574.86,1,3
6031-7889-6428,South Indian Bank,Mumbai,19.037982,72.89577,52041.41,0.0,1,52041.41,1,2
6033-4703-1290,IndusInd Bank,Hyderabad,17.434037,78.478031,241283.58,241283.58,1,241283.58,1,1
6036-3202-6163,IDBI Bank,Noida,28.513841,77.3471,1701.67,1531.5,1,1701.67,1,2
6041-6423-2560,State Bank of India,Jaipur,26.958308,75.792879,95589.57,95589.56999999999,1,95589.57,1,1
6043-5637-4005,Punjab National Bank,Ahmedabad,22.973777,72.521654,984.65,886.18,1,984.65,1,2
6045-9612-1003,Axis Bank,Hyderabad,17.384939,78.452328,12073.78,10866.4,1,12073.78,1,2
6064-4646-4617,Bank of Baroda,Ahmedabad,23.038493,72.590825,5618.2,5056.38,1,5618.2,1,2
6066-5168-3736,Punjab National Bank,Noida,28.563356,77.362119,130.21,117.19,1,130.21,1,2
6067-6945-2999,State Bank of India,Chandigarh,30.776051,76.821193,84013.69,75612.32,1,84013.69,1,2
6071-2618-3366,IDBI Bank,Hyderabad,17.421555,78.494134,46188.12,46188.12,1,46188.12,1,1
6073-6688-8891,Bank of Baroda,Pune,18.52391,73.875477,115765.53,115765.53,1,115765.53,1,1
6075-8392-4548,ICICI Bank,Ahmedabad,23.050583,72.614954,38063.26,0.0,1,38063.26,1,2
6082-2662-3928,ICICI Bank,Pune,18.537736,73.837566,316298.04000000004,0.0,3,105432.68,1,3
6084-9302-3718,HDFC Bank,Gurgaon,28.480611,77.003561,9093.85,9093.85,1,9093.85,1,2
6091-9339-5454,IndusInd Bank,Bhopal,23.253325,77.401667,29975.12,29975.12,1,29975.12,1,1
6092-6399-6253,State Bank of India,Pune,18.532721,73.858641,102367.33,0.0,1,102367.33,1,2
6100-9520-6159,IDBI Bank,Patna,25.590551,85.101926,222900.15,200610.14,1,222900.15,1,2
6105-4509-7213,Punjab National Bank,Hyderabad,17.420975,78.524445,3261.74,2935.57,1,3261.74,1,2
6114-4438-6257,Axis Bank,Pune,18.523628,73.883979,19732.03,17758.83,1,19732.03,1,2
6115-7540-1928,South Indian Bank,Patna,25.558029,85.142309,203019.95,203019.94,1,203019.95,1,1
6121-5664-9074,Canara Bank,Ahmedabad,22.983857,72.619037,226081.82,226081.82,1,226081.82,1,1
6122-1881-1212,South Indian Bank,Jaipur,26.933355,75.774074,7883.05,7883.05,1,7883.05,1,1
6123-7979-2898,South Indian Bank,Chennai,13.059531,80.294007,143650.36,143650.36,1,143650.36,1,1
6126-7457-9784,Kotak Mahindra Bank,Chennai,13.120477,80.308478,67843.82,61059.44,1,67843.82,1,2
6127-3146-7012,YES Bank,Chandigarh,30.77754,76.818822,406297.84,406297.84,1,406297.84,1,1
6129-6311-4922,Canara Bank,Pune,18.530176,73.873668,26604.81,0.0,1,26604.81,1,2
6129-9267-9822,IDBI Bank,Lucknow,26.808886,80.920313,4482.15,4482.16,1,4482.15,1,1
6131-3776-9248,South Indian Bank,Chennai,13.03455,80.2855,187277.41,187277.40999999997,1,187277.41,1,1
6131-4104-8343,Punjab National Bank,Ahmedabad,23.062877,72.561126,85868.91,77282.02,1,85868.91,1,2
6131-7178-9825,Canara Bank,Kolkata,22.600541,88.337033,3326.65,2993.98,1,3326.65,1,2
6134-4401-2183,ICICI Bank,Noida,28.550984,77.389076,27087.34,24378.61,1,27087.34,1,2
6137-6423-2947,Canara Bank,Patna,25.577074,85.090938,205082.8,205082.8,1,205082.8,1,1
6141-2603-7518,YES Bank,Patna,25.610558,85.164665,32955.92,32955.92,1,32955.92,1,1
6141-5535-8801,IndusInd Bank,Jaipur,26.899229,75.780112,122587.79,0.0,1,122587.79,1,2
6142-2932-2335,South Indian Bank,Chennai,13.049377,80.262563,86298.5,86298.5,1,86298.5,1,1
6145-6864-9129,Federal Bank,Patna,25.556132,85.128652,4133.41,4133.41,1,4133.41,1,1
6146-7216-8682,Bank of Baroda,Lucknow,26.824208,80.911196,161810.44,161810.44,1,161810.44,1,1
6148-6787-7637,Axis Bank,Lucknow,26.886545,80.934144,125566.6,125566.6,1,125566.6,1,1
6148-8380-9312,Federal Bank,Mumbai,19.093719,72.876581,8768.78,7891.9,1,8768.78,1,2
6150-2629-6690,Axis Bank,Chandigarh,30.712148,76.821169,24330.28,24330.28,1,24330.28,1,1
6152-1518-5448,Axis Bank,Kolkata,22.540101,88.351322,302164.97,302164.97,1,302164.97,1,1
6158-2897-8289,Bank of Baroda,Hyderabad,17.392252,78.464189,1934.69,1741.22,1,1934.69,1,2
6162-3001-7467,UCO Bank,Chennai,13.079345,80.30856,50229.99,50229.99,1,50229.99,1,1
6164-2497-3536,HDFC Bank,Noida,28.519156,77.351922,498594.91,0.0,1,498594.91,1,4
6167-9066-5501,Kotak Mahindra Bank,Gurgaon,28.450711,77.015484,253398.74,0.0,3,84466.25,1,3
6168-4532-1392,State Bank of India,Bhopal,23.292385,77.378052,19420.73,17478.66,1,19420.73,1,2
6168-8200-1507,Punjab National Bank,Hyderabad,17.421266,78.533485,56897.17,56897.17,1,56897.17,1,1
6170-5687-6310,IDBI Bank,Kolkata,22.611514,88.392829,58317.21,52485.49,1,58317.21,1,2
6171-1137-1193,Bank of Baroda,Ahmedabad,22.991215,72.547685,298145.37,298145.37,1,298145.37,1,1
6171-7843-9979,UCO Bank,Bhopal,23.243281,77.396549,142183.13,0.0,5,28436.63,1,3
6174-2040-5388,Axis Bank,Chennai,13.076511,80.271464,18487.83,16639.05,1,18487.83,1,2
6176-6659-4614,Canara Bank,Bengaluru,12.96019,77.591526,117.4,105.66,1,117.4,1,2
6177-1161-3730,ICICI Bank,Noida,28.574263,77.34414,128157.75,128157.75,1,128157.75,1,1
6182-1418-1042,Kotak Mahindra Bank,Kolkata,22.568116,88.350169,133039.99,0.0,5,26608.0,1,3
6184-1072-5599,UCO Bank,Delhi,28.598,77.239849,6888.71,6888.71,1,6888.71,1,1
6186-6010-2659,IDBI Bank,Noida,28.526107,77.40318,277713.66,249942.29,1,277713.66,1,2
6187-9967-6234,Federal Bank,Gurgaon,28.465765,77.063403,163340.38,147006.34,1,163340.38,1,2
6188-8235-3182,Union Bank of India,Gurgaon,28.419796,77.076394,3311.89,2980.7,1,3311.89,1,2
6192-6633-3423,South Indian Bank,Delhi,28.657007,77.235852,69155.32,69155.32,1,69155.32,1,1
6193-7864-2150,YES Bank,Noida,28.558224,77.380764,1332.28,1199.05,1,1332.28,1,2
6194-5031-6112,IndusInd Bank,Gurgaon,28.435328,77.014558,245764.17,245764.17,1,245764.17,1,1
6198-9690-8093,Punjab National Bank,Noida,28.489916,77.353787,58711.23,0.0,1,58711.23,1,3
6199-1687-4734,IndusInd Bank,Bhopal,23.294841,77.416644,38583.16,34724.84,1,38583.16,1,2
6199-2193-8423,HDFC Bank,Jaipur,26.895218,75.834188,34059.37,30653.43,1,34059.37,1,2
6207-9608-4603,Union Bank of India,Noida,28.536014,77.382593,134713.88,0.0,1,134713.88,1,3
6214-8208-1536,Punjab National Bank,Delhi,28.600664,77.20991,100.0,90.0,1,100.0,1,2
6214-9757-2286,Union Bank of India,Bengaluru,12.938379,77.556493,85427.63,76884.87,1,85427.63,1,2
6215-2514-7051,Punjab National Bank,Bengaluru,12.935752,77.601933,28906.32,26015.69,1,28906.32,1,2
6215-3562-4426,South Indian Bank,Chandigarh,30.763051,76.755376,226526.39,226526.39,1,226526.39,1,2
6220-5735-9316,HDFC Bank,Pune,18.510692,73.863713,19341.37,17407.23,1,19341.37,1,2
6220-9336-2859,Bank of Baroda,Noida,28.542691,77.364695,182485.92,182485.91999999998,1,182485.92,1,1
6222-5086-6119,IDBI Bank,Chennai,13.076547,80.283304,51570.520000000004,0.0,5,10314.1,1,3
6225-6438-6294,Bank of Baroda,Chandigarh,30.728183,76.782287,288998.52,0.0,3,96332.84,1,3
6230-4235-2223,State Bank of India,Noida,28.56422,77.350888,199118.95,179207.06,1,199118.95,1,2
6234-2909-8196,UCO Bank,Delhi,28.596819,77.232772,421743.44,421743.44,1,421743.44,1,2
6236-5374-5627,IDBI Bank,Ahmedabad,23.013818,72.568198,12999.88,11699.89,1,12999.88,1,2
6238-6771-9285,State Bank of India,Mumbai,19.081566,72.861824,18852.82,0.0,3,6284.27,1,3
6239-7087-3186,Punjab National Bank,Mumbai,19.086861,72.92134,167378.21,167378.21,1,167378.21,1,1
6239-8587-4192,Canara Bank,Delhi,28.594012,77.255766,176407.11,158766.4,1,176407.11,1,2
6243-8740-5043,Union Bank of India,Bengaluru,12.982197,77.609169,113593.10999999999,0.0,3,37864.37,1,3
6244-9456-4213,Bank of Baroda,Delhi,28.590833,77.16199,18014.94,0.0,1,18014.94,1,2
6245-1234-3207,Canara Bank,Hyderabad,17.411873,78.490714,14077.13,14077.130000000001,1,14077.13,1,1
6251-4947-3020,Union Bank of India,Lucknow,26.877091,80.95299,55362.1,49825.89,1,55362.1,1,2
6251-9639-9715,Union Bank of India,Hyderabad,17.390728,78.478002,114944.06999999999,0.0,4,28736.02,1,3
6256-1460-6453,Bank of Baroda,Mumbai,19.121186,72.926439,1053.49,0.0,1,1053.49,1,2
6258-4563-5028,Federal Bank,Bengaluru,12.935476,77.636019,25192.71,0.0,1,25192.71,1,2
6260-1466-1423,Union Bank of India,Hyderabad,17.394851,78.48922,40131.84,36118.66,1,40131.84,1,2
6260-1494-2835,IDBI Bank,Mumbai,19.041889,72.904044,72116.51,72116.51,1,72116.51,1,1
6262-8289-9125,Kotak Mahindra Bank,Ahmedabad,23.027325,72.523232,51820.2,46638.18,1,51820.2,1,2
6268-4493-1746,ICICI Bank,Bengaluru,12.933675,77.558724,299542.38,299542.38,1,299542.38,1,1
6270-5223-5478,IDBI Bank,Kolkata,22.550752,88.342431,22582.49,20324.24,1,22582.49,1,2
6278-9811-3282,Canara Bank,Mumbai,19.053953,72.918865,7697.05,7697.05,1,7697.05,1,2
6294-1909-2158,YES Bank,Hyderabad,17.399717,78.532143,117950.46,106155.41,1,117950.46,1,2
6295-2971-2930,YES Bank,Jaipur,26.893468,75.748459,101322.45,101322.45,1,101322.45,1,1
6298-5216-3653,Punjab National Bank,Bhopal,23.227693,77.36954,35799.38,35799.380000000005,1,35799.38,1,1
6306-7480-3916,IDBI Bank,Lucknow,26.809887,80.902588,4151.41,4151.41,1,4151.41,1,1
6308-1645-9383,HDFC Bank,Patna,25.641332,85.121416,26788.35,26788.35,1,26788.35,1,1
6308-5447-4481,IndusInd Bank,Pune,18.525253,73.856721,236571.91,212914.72,1,236571.91,1,2
6309-6703-7615,HDFC Bank,Delhi,28.623215,77.198268,57270.16,0.0,3,19090.05,1,3
6312-9754-9169,ICICI Bank,Gurgaon,28.491282,77.04411,198417.62,198417.62,1,198417.62,1,2
6318-6232-9299,IndusInd Bank,Hyderabad,17.38352,78.494865,110985.93,0.0,3,36995.31,1,3
6319-7090-7755,IndusInd Bank,Hyderabad,17.407587,78.497541,439614.75,0.0,1,439614.75,1,4
6320-8426-8987,Punjab National Bank,Patna,25.604544,85.100339,23473.72,0.0,1,23473.72,1,2
6326-9363-8987,Punjab National Bank,Chennai,13.128359,80.307526,171082.17,171082.16999999998,1,171082.17,1,1
6327-2705-2437,UCO Bank,Chennai,13.112499,80.231603,58565.66,52709.09,1,58565.66,1,2
6328-2455-1751,YES Bank,Ahmedabad,23.051938,72.580224,307303.46,307303.46,1,307303.46,1,1
6328-6774-7560,Axis Bank,Ahmedabad,22.998217,72.555082,740.5,740.5,1,740.5,1,2
6330-2599-8294,HDFC Bank,Mumbai,19.039892,72.885777,28232.81,28232.81,1,28232.81,1,1
6337-6927-4997,South Indian Bank,Jaipur,26.96056,75.827525,13000.77,11700.69,1,13000.77,1,2
6337-7084-7815,HDFC Bank,Jaipur,26.898123,75.780362,166062.78,0.0,3,55354.26,1,3
6338-3978-3826,UCO Bank,Ahmedabad,22.99391,72.562594,210614.11,210614.11,1,210614.11,1,2
6343-4731-2606,IDBI Bank,Hyderabad,17.372553,78.458766,336514.36,336514.36,1,336514.36,1,1
6345-3797-2579,Federal Bank,Bhopal,23.261275,77.405102,37930.85,0.0,4,9482.71,1,3
6351-1565-5635,ICICI Bank,Gurgaon,28.461778,77.070612,43734.96,43734.96000000001,1,43734.96,1,1
6355-3265-9502,Bank of Baroda,Hyderabad,17.414059,78.522998,261474.25,235326.82,1,261474.25,1,2
6355-7272-4873,Federal Bank,Hyderabad,17.424583,78.528503,2120.78,1908.7,1,2120.78,1,2
6361-5801-4719,ICICI Bank,Ahmedabad,23.000403,72.568622,11171.58,11171.58,1,11171.58,1,1
6361-6835-8906,UCO Bank,Chandigarh,30.703306,76.810473,83138.62,74824.76,1,83138.62,1,2
6361-7287-5868,State Bank of India,Bengaluru,13.018562,77.609496,30109.63,27098.67,1,30109.63,1,2
6361-9491-2522,UCO Bank,Ahmedabad,23.00361,72.574047,35656.84,32091.16,1,35656.84,1,2
6362-8114-4643,Canara Bank,Chennai,13.112502,80.302829,10991.27,10991.27,1,10991.27,1,1
6362-8788-3543,Union Bank of India,Patna,25.565597,85.164829,36955.46,33259.91,1,36955.46,1,2
6364-2102-6751,IDBI Bank,Lucknow,26.799291,80.937272,57952.08,0.0,1,57952.08,1,2
6364-7378-2561,Union Bank of India,Bhopal,23.287791,77.434629,410931.08,410931.08,1,410931.08,1,3
6369-3655-4424,Federal Bank,Ahmedabad,23.034156,72.535621,740.55,0.0,1,740.55,1,2
6370-5405-1388,Federal Bank,Bengaluru,12.969626,77.625479,84814.72,84814.72,1,84814.72,1,1
6371-7308-6333,IndusInd Bank,Patna,25.590076,85.150378,24118.88,0.0,3,8039.63,1,3
6372-8540-9372,Bank of Baroda,Bengaluru,12.966209,77.624637,42730.51,38457.46,1,42730.51,1,2
6375-5587-1082,State Bank of India,Noida,28.541578,77.407497,51676.22,0.0,4,12919.06,1,3
6377-9200-7883,ICICI Bank,Ahmedabad,23.031442,72.560141,200247.81,0.0,3,66749.27,1,3
6380-4246-1891,Union Bank of India,Gurgaon,28.439845,77.019694,86865.45,86865.45,1,86865.45,1,1
6384-9808-8433,IndusInd Bank,Hyderabad,17.39028,78.492695,62582.97,62582.97,1,62582.97,1,1
6385-2620-5356,Canara Bank,Kolkata,22.5309,88.386512,37524.98,33772.48,1,37524.98,1,2
6392-5953-5278,State Bank of India,Lucknow,26.853247,80.96333,47811.4,43030.26,1,47811.4,1,2
6393-9635-7779,YES Bank,Lucknow,26.839405,80.98098,37076.45,33368.8,1,37076.45,1,2
6394-2986-5200,Federal Bank,Kolkata,22.592213,88.356806,141937.01,0.0,3,47312.34,1,3
6394-6574-1699,South Indian Bank,Lucknow,26.848358,80.967291,12498.19,11248.37,1,12498.19,1,2
6395-7388-4865,Canara Bank,Mumbai,19.036681,72.849111,91203.47,91203.47,1,91203.47,1,3
6397-6431-3915,Union Bank of India,Gurgaon,28.468589,77.043045,163.31,146.98,1,163.31,1,2
6398-9313-2100,IDBI Bank,Gurgaon,28.503133,77.062352,8761.63,7885.47,1,8761.63,1,2
6399-4991-3513,South Indian Bank,Patna,25.635841,85.126652,26197.77,26197.77,1,26197.77,1,1
6402-6628-1341,Federal Bank,Kolkata,22.612942,88.366206,13414.39,12072.95,1,13414.39,1,2
6407-7792-8399,Union Bank of India,Chennai,13.038859,80.299669,61032.05,54928.84,1,61032.05,1,2
6409-8206-5376,ICICI Bank,Patna,25.553419,85.125989,3262.01,3262.01,1,3262.01,1,3
6413-2196-3976,IndusInd Bank,Ahmedabad,23.023609,72.579103,391907.54,0.0,3,130635.85,1,3
6414-8137-7424,Federal Bank,Bengaluru,13.002126,77.566656,8169.25,7352.32,1,8169.25,1,2
6416-6349-9629,Kotak Mahindra Bank,Pune,18.564394,73.836757,3799.88,0.0,1,3799.88,1,2
6417-8440-1866,Canara Bank,Jaipur,26.925914,75.773012,148664.55,0.0,4,37166.14,1,3
6419-6527-8722,Union Bank of India,Hyderabad,17.342888,78.494066,179388.03,179388.03,1,179388.03,1,1
6421-2733-2998,IDBI Bank,Chandigarh,30.701857,76.801225,31911.36,28720.22,1,31911.36,1,2
6426-5900-2329,Canara Bank,Bhopal,23.225305,77.409917,287.41,258.67,1,287.41,1,2
6427-4504-4935,Axis Bank,Noida,28.535013,77.396721,64648.89,64648.89,1,64648.89,1,1
6429-7102-3618,Axis Bank,Lucknow,26.810016,80.975518,96723.3,87050.97,1,96723.3,1,2
6431-7897-6782,IDBI Bank,Chandigarh,30.758243,76.802097,69122.55,69122.55,1,69122.55,1,1
6432-1466-8708,HDFC Bank,Delhi,28.653619,77.168212,20887.55,18798.79,1,20887.55,1,2
6434-1620-2433,Punjab National Bank,Kolkata,22.580096,88.336665,22611.02,22611.02,1,22611.02,1,1
6437-8481-1627,State Bank of India,Jaipur,26.903584,75.788971,187262.9,0.0,4,46815.72,1,3
6440-3872-6209,IndusInd Bank,Chennai,13.066211,80.281553,1034.71,931.24,1,1034.71,1,2
6441-5040-2097,ICICI Bank,Hyderabad,17.335345,78.454123,4979.07,4481.16,1,4979.07,1,2
6444-5252-7462,Federal Bank,Pune,18.515269,73.849561,117964.27,117964.26000000001,1,117964.27,1,1
6446-9216-1569,UCO Bank,Kolkata,22.591026,88.377668,38613.69,0.0,1,38613.69,1,2
6452-1442-4883,Kotak Mahindra Bank,Patna,25.585286,85.152276,175304.24,0.0,5,35060.85,1,3
6457-6028-4541,Union Bank of India,Mumbai,19.080176,72.88131,160228.08000000002,0.0,4,40057.02,1,3
6459-3238-8688,IDBI Bank,Bengaluru,12.962056,77.586182,64293.51,64293.51,1,64293.51,1,2
6460-3808-9322,Federal Bank,Chennai,13.099265,80.229503,31420.74,28278.67,1,31420.74,1,2
6461-9189-5325,Union Bank of India,Pune,18.556279,73.865365,28510.56,28510.56,1,28510.56,1,2
6464-1201-1425,Kotak Mahindra Bank,Mumbai,19.072148,72.846651,211267.85,190141.06,1,211267.85,1,2
6465-9514-4878,Kotak Mahindra Bank,Ahmedabad,22.981053,72.527469,9578.4,8620.56,1,9578.4,1,2
6467-2445-9965,South Indian Bank,Patna,25.580287,85.140283,87501.83,0.0,4,21875.46,1,3
6473-1341-3908,South Indian Bank,Noida,28.55342,77.426309,160941.59,160941.59,1,160941.59,1,3
6473-4319-7039,Federal Bank,Delhi,28.617698,77.223803,79026.42,71123.78,1,79026.42,1,2
6475-7998-3706,Kotak Mahindra Bank,Patna,25.5818,85.144157,28428.23,25585.41,1,28428.23,1,2
6476-5986-2827,Bank of Baroda,Lucknow,26.832838,80.974081,3529.25,3529.25,1,3529.25,1,1
6478-8482-4246,Federal Bank,Patna,25.595194,85.176794,40032.98,36029.68,1,40032.98,1,2
6480-7389-3064,Union Bank of India,Ahmedabad,22.996634,72.598816,37875.86,0.0,1,37875.86,1,2
6480-8479-6473,IDBI Bank,Ahmedabad,23.01485,72.538149,24235.87,0.0,1,24235.87,1,2
6482-3257-3014,Union Bank of India,Gurgaon,28.436102,77.04812,149300.16,149300.16,1,149300.16,1,1
6483-2340-1415,ICICI Bank,Bengaluru,12.927884,77.607129,9653.22,9678.4,1,9653.22,1,1
6483-8343-9615,ICICI Bank,Chandigarh,30.693946,76.741824,96148.27,86533.44,1,96148.27,1,2
6485-9490-8281,UCO Bank,Jaipur,26.959645,75.811758,37132.58,33419.32,1,37132.58,1,2
6487-5084-2504,YES Bank,Bengaluru,12.969086,77.587038,349018.05,0.0,5,69803.61,1,3
6488-5429-5375,Bank of Baroda,Jaipur,26.961721,75.768627,38030.47,34227.42,1,38030.47,1,2
6493-9800-5516,Bank of Baroda,Kolkata,22.556891,88.393934,456501.46,456501.46,1,456501.46,1,1
6495-7446-6712,Punjab National Bank,Bhopal,23.284433,77.393339,8525.55,7673.0,1,8525.55,1,2
6500-1898-9433,Union Bank of India,Lucknow,26.852776,80.973558,19989.56,17990.6,1,19989.56,1,2
6505-2979-2554,Kotak Mahindra Bank,Noida,28.486279,77.342147,20431.31,18388.18,1,20431.31,1,2
6508-1193-3773,IDBI Bank,Pune,18.565082,73.899976,145125.44,145125.44,1,145125.44,1,3
6508-5301-4547,Canara Bank,Lucknow,26.825442,80.995289,2489.64,2240.68,1,2489.64,1,2
6509-7726-3862,Axis Bank,Pune,18.504977,73.842694,227130.35,227130.35000000003,1,227130.35,1,1
6515-3504-5402,Canara Bank,Patna,25.593314,85.186386,34412.62,30971.36,1,34412.62,1,2
6517-3612-4259,Axis Bank,Chandigarh,30.706272,76.751346,6061.66,6061.66,1,6061.66,1,1
6517-7574-5170,Canara Bank,Kolkata,22.610154,88.351309,76693.49,0.0,1,76693.49,1,2
6521-8172-6922,Union Bank of India,Gurgaon,28.471347,76.984194,31074.49,0.0,1,31074.49,1,2
6524-4675-1407,Kotak Mahindra Bank,Chennai,13.060673,80.266103,50515.99,50515.990000000005,1,50515.99,1,1
6526-5581-9869,Bank of Baroda,Lucknow,26.838896,80.932571,309046.26,0.0,1,309046.26,1,4
6528-5852-1385,UCO Bank,Noida,28.55869,77.394127,10097.07,9087.36,1,10097.07,1,2
6529-1662-5470,ICICI Bank,Bhopal,23.210968,77.419965,276096.03,276096.03,1,276096.03,1,2
6530-2989-9199,UCO Bank,Pune,18.478727,73.8856,40883.18,40883.19,1,40883.18,1,1
6531-5541-5656,UCO Bank,Bengaluru,12.943587,77.625171,52684.37,0.0,1,52684.37,1,2
6531-5647-6383,IDBI Bank,Jaipur,26.885004,75.777782,236073.48,0.0,1,236073.48,1,3
6532-7852-2257,Bank of Baroda,Jaipur,26.940202,75.771049,58542.64,52688.38,1,58542.64,1,2
6533-8055-2867,Axis Bank,Noida,28.50791,77.366782,5837.18,5837.18,1,5837.18,1,1
6538-1725-4895,IDBI Bank,Ahmedabad,23.018702,72.56392,295978.68,0.0,4,73994.67,1,3
6538-5156-7183,South Indian Bank,Gurgaon,28.417649,76.981308,118841.63,118841.62999999999,1,118841.63,1,1
6543-3968-8347,State Bank of India,Gurgaon,28.449627,77.075751,8064.74,8064.74,1,8064.74,1,1
6544-4444-5998,Axis Bank,Bengaluru,12.958835,77.561736,403034.38,403034.38,1,403034.38,1,2
6561-8743-1260,IDBI Bank,Chandigarh,30.686301,76.810958,272.67,245.4,1,272.67,1,2
6562-3460-1135,Bank of Baroda,Chandigarh,30.773009,76.762446,185896.36,0.0,1,185896.36,1,2
6566-9354-4805,Bank of Baroda,Bengaluru,12.954968,77.610711,397328.84,0.0,4,99332.21,1,3
6567-4694-7867,Bank of Baroda,Ahmedabad,23.029258,72.524621,15030.6,13527.54,1,15030.6,1,2
6575-2905-1005,Federal Bank,Chennai,13.112899,80.30507,60392.8,0.0,1,60392.8,1,2
6575-7656-9329,UCO Bank,Chennai,13.126876,80.270795,5812.53,5812.53,1,5812.53,1,1
6575-8655-9894,Punjab National Bank,Hyderabad,17.340733,78.488677,331119.85,0.0,1,331119.85,1,3
6577-4418-9644,Canara Bank,Chennai,13.084046,80.298702,173294.44,173294.44,1,173294.44,1,1
6580-6237-6674,Federal Bank,Chennai,13.096874,80.270659,17361.32,0.0,3,5787.11,1,3
6581-5020-2747,ICICI Bank,Bengaluru,13.017909,77.635051,44073.11,39665.8,1,44073.11,1,2
6582-4036-9653,Axis Bank,Bhopal,23.266937,77.409973,288169.75,259352.78,1,288169.75,1,2
6585-7910-9004,State Bank of India,Chandigarh,30.760952,76.772493,30483.63,27435.27,1,30483.63,1,2
6585-9444-4429,UCO Bank,Lucknow,26.842906,80.956797,93323.95,0.0,1,93323.95,1,2
6587-7515-8554,Union Bank of India,Gurgaon,28.430003,77.029186,44287.84,44287.84,1,44287.84,1,1
6587-8170-9809,Federal Bank,Delhi,28.642447,77.245149,275402.35,275402.35000000003,1,275402.35,1,1
6592-6935-5253,Canara Bank,Bhopal,23.214461,77.429745,83249.82,83249.81,1,83249.82,1,1
6595-4102-8794,IDBI Bank,Lucknow,26.854397,80.96028,91120.89,0.0,4,22780.22,1,3
6597-7070-6137,UCO Bank,Bengaluru,13.020016,77.563337,2252.72,2027.45,1,2252.72,1,2
6604-3078-7373,State Bank of India,Lucknow,26.836035,80.924635,7323.67,6591.3,1,7323.67,1,2
6605-9429-7948,Kotak Mahindra Bank,Chandigarh,30.771771,76.757769,307303.46,276573.11,1,307303.46,1,2
6606-6405-8016,Union Bank of India,Chennai,13.113185,80.22672,27107.33,24396.6,1,27107.33,1,2
6606-6533-5757,Canara Bank,Kolkata,22.595245,88.383936,22602.08,0.0,1,22602.08,1,4
6611-2345-3111,Punjab National Bank,Gurgaon,28.469092,77.025391,42946.7,0.0,3,14315.57,1,3
6613-5985-8576,Union Bank of India,Chennai,13.101679,80.265756,126314.68,0.0,4,31578.67,1,3
6614-7704-8496,Axis Bank,Patna,25.560961,85.164048,6239.53,5615.58,1,6239.53,1,2
6616-6681-8928,UCO Bank,Kolkata,22.538439,88.38807,367945.65,331151.09,1,367945.65,1,2
6617-5819-8419,Federal Bank,Lucknow,26.882771,80.967387,21700.66,21700.66,1,21700.66,1,1
6618-3066-8343,YES Bank,Bhopal,23.283058,77.368051,64000.65,0.0,1,64000.65,1,2
6621-9569-9161,Punjab National Bank,Bengaluru,12.978551,77.555034,186446.48,186446.47999999998,1,186446.48,1,1
6622-6093-1746,Union Bank of India,Hyderabad,17.382163,78.507001,8844.98,8844.98,1,8844.98,1,1
6623-7076-7026,State Bank of India,Chandigarh,30.749162,76.769,121584.18,0.0,3,40528.06,1,3
6623-7312-7458,Axis Bank,Jaipur,26.907537,75.814242,18390.72,0.0,1,18390.72,1,2
6627-1379-4030,YES Bank,Jaipur,26.929634,75.760554,83768.12,83768.12,1,83768.12,1,1
6629-2139-9068,Canara Bank,Jaipur,26.901999,75.752798,1053.02,0.0,1,1053.02,1,2
6629-4739-6136,South Indian Bank,Chennai,13.118981,80.257016,89085.84,0.0,1,89085.84,1,2
6630-7542-4185,IndusInd Bank,Mumbai,19.121002,72.841726,24211.38,21790.24,1,24211.38,1,2
6632-3138-4124,Punjab National Bank,Noida,28.536085,77.365244,58008.9,58008.9,1,58008.9,1,1
6636-8962-5938,ICICI Bank,Patna,25.621441,85.113849,4103.98,0.0,1,4103.98,1,2
6641-7522-3262,YES Bank,Kolkata,22.592306,88.384579,26275.16,26275.16,1,26275.16,1,1
6647-2636-8713,Federal Bank,Chennai,13.056974,80.312395,18150.62,16335.56,1,18150.62,1,2
6647-9023-8674,YES Bank,Bengaluru,12.978033,77.60895,63419.85,0.0,1,63419.85,1,2
6648-2439-4135,Kotak Mahindra Bank,Kolkata,22.582206,88.361602,26566.69,0.0,3,8855.56,1,3
6651-6756-6047,South Indian Bank,Chennai,13.13196,80.301069,9522.42,8570.18,1,9522.42,1,2
6665-3194-1949,Federal Bank,Kolkata,22.599787,88.342584,295718.52,295718.52,1,295718.52,1,1
6668-7948-4502,Punjab National Bank,Bengaluru,13.012704,77.636181,20424.96,18382.46,1,20424.96,1,2
6670-4991-7124,IndusInd Bank,Ahmedabad,23.004328,72.566917,111049.56999999999,0.0,3,37016.52,1,3
6672-1905-3786,IndusInd Bank,Patna,25.57132,85.148059,115485.24,103936.72,1,115485.24,1,2
6679-7558-8267,Bank of Baroda,Chandigarh,30.742415,76.748227,12855.5,11569.95,1,12855.5,1,2
6679-7814-1819,IndusInd Bank,Chandigarh,30.743126,76.764652,5103.7,4593.33,1,5103.7,1,2
6685-5725-2805,ICICI Bank,Pune,18.499226,73.886679,11466.87,0.0,1,11466.87,1,2
6690-6996-8347,Punjab National Bank,Delhi,28.569979,77.256247,3449.47,3104.52,1,3449.47,1,2
6690-8187-4161,Axis Bank,Ahmedabad,23.026862,72.553768,5393.25,5393.25,1,5393.25,1,1
6693-6874-8669,State Bank of India,Ahmedabad,23.014558,72.596027,753.0,0.0,1,753.0,1,2
6694-7522-3098,South Indian Bank,Chennai,13.113172,80.269617,262912.73,236621.46,1,262912.73,1,2
6694-7972-4893,HDFC Bank,Patna,25.630914,85.143201,120535.44,108481.9,1,120535.44,1,2
6695-7815-4875,Bank of Baroda,Lucknow,26.872677,80.93653,9636.63,0.0,1,9636.63,1,2
6698-4222-3642,Bank of Baroda,Mumbai,19.065603,72.914997,124464.1,0.0,1,124464.1,1,2
6699-6740-9673,IndusInd Bank,Bengaluru,12.933935,77.606253,192546.14,173291.53,1,192546.14,1,2
6701-5875-2127,Union Bank of India,Lucknow,26.836304,80.943159,316639.32,0.0,3,105546.44,1,3
6705-6514-4588,YES Bank,Bhopal,23.254918,77.456506,2672.05,2404.85,1,2672.05,1,2
6710-9518-3071,ICICI Bank,Noida,28.560019,77.387276,9204.29,8283.86,1,9204.29,1,2
6712-5333-3733,South Indian Bank,Pune,18.535921,73.823739,90464.9,90464.9,1,90464.9,1,1
6714-5965-8518,HDFC Bank,Delhi,28.631988,77.253688,36516.87,32865.18,1,36516.87,1,2
6714-8920-8324,HDFC Bank,Patna,25.627522,85.16597,131156.66,118040.99,1,131156.66,1,2
6717-9618-7162,IDBI Bank,Noida,28.512848,77.361076,53353.47,53353.47,1,53353.47,1,1
6722-4441-9638,UCO Bank,Bengaluru,13.009282,77.625273,100113.98,90102.58,1,100113.98,1,2
6723-4450-7098,YES Bank,Patna,25.620957,85.1078,3267.98,2941.18,1,3267.98,1,2
6725-7670-2946,IDBI Bank,Gurgaon,28.50166,77.063381,11323.56,0.0,1,11323.56,1,2
6729-4050-7587,State Bank of India,Noida,28.534705,77.349474,188167.54,0.0,1,188167.54,1,4
6729-7911-2361,IDBI Bank,Jaipur,26.945005,75.804118,47554.87,47554.869999999995,1,47554.87,1,1
6730-2804-3646,IndusInd Bank,Mumbai,19.055971,72.926445,222497.55,222497.55999999997,1,222497.55,1,1
6731-6325-2781,South Indian Bank,Ahmedabad,23.054725,72.543621,15590.94,14031.85,1,15590.94,1,2
6733-7234-2081,YES Bank,Lucknow,26.846356,80.897909,7986.66,7187.99,1,7986.66,1,2
6734-4768-6002,State Bank of India,Ahmedabad,23.036111,72.585833,272.67,272.67,1,272.67,1,1
6735-8887-6302,Federal Bank,Gurgaon,28.465655,77.016561,5821.6,5821.6,1,5821.6,1,1
6740-2206-3141,Federal Bank,Delhi,28.590765,77.223745,37903.63,37903.630000000005,1,37903.63,1,1
6744-2833-4885,Federal Bank,Chennai,13.078051,80.309527,83777.58,83777.58,1,83777.58,1,1
6748-2467-3049,IndusInd Bank,Chandigarh,30.77795,76.800933,455802.57,455802.57,1,455802.57,1,1
6752-7684-2743,Axis Bank,Jaipur,26.898628,75.795058,52768.19,0.0,5,10553.64,1,3
6757-1966-2498,UCO Bank,Bengaluru,12.982642,77.628984,418384.31,418384.31,1,418384.31,1,1
6757-4485-9361,State Bank of India,Gurgaon,28.462909,76.983594,223869.1,223869.1,1,223869.1,1,3
6761-3354-1211,Axis Bank,Gurgaon,28.431611,76.995442,183235.13,164911.62,1,183235.13,1,2
6761-5755-7223,Kotak Mahindra Bank,Gurgaon,28.434828,77.074376,45601.89,41041.7,1,45601.89,1,2
6761-7283-4155,State Bank of India,Ahmedabad,22.979837,72.600879,6788.41,6788.41,1,6788.41,1,3
6761-8207-8137,State Bank of India,Chennai,13.098724,80.223224,13278.99,11951.09,1,13278.99,1,2
6762-9065-3121,ICICI Bank,Kolkata,22.568187,88.384246,343792.23,343792.23,1,343792.23,1,1
6763-9810-1859,Federal Bank,Jaipur,26.936254,75.789698,47673.0,47673.0,1,47673.0,1,2
6766-5351-2938,ICICI Bank,Hyderabad,17.378085,78.470074,47656.5,42890.85,1,47656.5,1,2
6766-5656-7645,Punjab National Bank,Noida,28.547609,77.403079,40170.7,0.0,5,8034.14,1,3
6769-8763-1016,Federal Bank,Mumbai,19.036939,72.909593,160941.59,0.0,1,160941.59,1,4
6774-2311-6967,Canara Bank,Gurgaon,28.446811,77.039586,13450.86,0.0,4,3362.72,1,3
6778-5380-9250,IndusInd Bank,Hyderabad,17.367535,78.480509,63120.59,0.0,5,12624.12,1,3
6779-3384-9410,YES Bank,Pune,18.493885,73.864238,163049.76,163049.76,1,163049.76,1,1
6780-3059-1137,IndusInd Bank,Lucknow,26.881687,80.910168,265592.01,265592.01,1,265592.01,1,1
6786-4080-4977,South Indian Bank,Bhopal,23.284732,77.415028,188325.79,188325.79,1,188325.79,1,1
6786-9962-8028,IndusInd Bank,Patna,25.591376,85.140052,523.68,0.0,1,523.68,1,2
6794-7385-5452,Bank of Baroda,Chennai,13.068799,80.263825,9199.04,0.0,3,3066.35,1,3
6795-7635-1936,ICICI Bank,Bhopal,23.30919,77.396353,14485.85,0.0,1,14485.85,1,4
6795-8129-3136,South Indian Bank,Lucknow,26.883134,80.961036,152150.37,0.0,1,152150.37,1,2
6797-8074-5466,IDBI Bank,Mumbai,19.093189,72.90475,46872.44,42185.2,1,46872.44,1,2
6800-2753-8540,Federal Bank,Ahmedabad,23.010873,72.546265,30833.72,30833.72,1,30833.72,1,1
6803-4641-3996,HDFC Bank,Bhopal,23.276522,77.446781,14485.85,14485.85,1,14485.85,1,2
6809-6622-5214,Punjab National Bank,Kolkata,22.55141,88.407661,2560.74,2304.67,1,2560.74,1,2
6811-3282-8666,Kotak Mahindra Bank,Pune,18.568575,73.842475,63633.52,63633.520000000004,1,63633.52,1,1
6816-2613-9264,South Indian Bank,Bengaluru,12.925702,77.549964,29652.7,26687.43,1,29652.7,1,2
6816-6107-9552,Kotak Mahindra Bank,Chennai,13.111597,80.289237,6773.85,6096.46,1,6773.85,1,2
6817-1278-9615,HDFC Bank,Bhopal,23.235182,77.415458,24944.14,22449.73,1,24944.14,1,2
6818-3906-8051,Punjab National Bank,Delhi,28.56999,77.214713,118773.9,118773.9,1,118773.9,1,1
6818-4231-8514,IndusInd Bank,Pune,18.475917,73.896233,39772.21,35794.99,1,39772.21,1,2
6820-1764-5382,State Bank of India,Chandigarh,30.763199,76.825665,1769.05,1769.05,1,1769.05,1,2
6825-7714-7276,South Indian Bank,Chennai,13.117226,80.30042,2908.47,2617.62,1,2908.47,1,2
6828-2747-3234,HDFC Bank,Mumbai,19.112377,72.861032,371831.21,0.0,1,371831.21,1,4
6830-7518-2572,HDFC Bank,Jaipur,26.927576,75.836367,41839.34,0.0,1,41839.34,1,2
6830-7588-3793,IndusInd Bank,Patna,25.598831,85.148764,98686.29000000001,0.0,3,32895.43,1,3
6830-7951-1873,South Indian Bank,Chandigarh,30.760806,76.73697,135093.54,135093.53,1,135093.54,1,1
6831-7772-2127,State Bank of India,Lucknow,26.884965,80.90776,226645.01,203980.51,1,226645.01,1,2
6839-5919-8527,Axis Bank,Chennai,13.086132,80.242925,2251.46,0.0,1,2251.46,1,2
6848-6143-7031,IDBI Bank,Chennai,13.124025,80.23558,26813.59,24132.23,1,26813.59,1,2
6853-2471-8918,Axis Bank,Jaipur,26.948788,75.796609,7585.59,7585.59,1,7585.59,1,2
6857-3544-4977,IDBI Bank,Lucknow,26.867825,80.931604,91103.96,91103.95999999999,1,91103.96,1,1
6858-2520-2875,Punjab National Bank,Delhi,28.596123,77.183386,11471.75,11471.75,1,11471.75,1,1
6863-1491-2887,Punjab National Bank,Chennai,13.095833,80.311971,446866.61,446866.61,1,446866.61,1,2
6868-4439-7544,South Indian Bank,Patna,25.604148,85.108487,25160.44,0.0,1,25160.44,1,3
6869-2352-7292,IDBI Bank,Bengaluru,12.979838,77.619514,7059.52,7059.52,1,7059.52,1,3
6871-2458-1015,Union Bank of India,Bengaluru,12.952642,77.630252,5537.72,5537.72,1,5537.72,1,1
6872-5846-4916,State Bank of India,Chennai,13.109884,80.30812,37089.43,33380.49,1,37089.43,1,2
6880-6463-5961,Federal Bank,Chennai,13.109351,80.285479,83083.52,74775.17,1,83083.52,1,2
6883-9848-6746,HDFC Bank,Hyderabad,17.369231,78.489699,16614.96,0.0,3,5538.32,1,3
6886-7596-9742,ICICI Bank,Chandigarh,30.712282,76.783714,332909.74,332909.74,1,332909.74,1,2
6888-9017-1670,Federal Bank,Noida,28.574995,77.351233,69996.49,69996.49,1,69996.49,1,1
6895-8831-5182,Canara Bank,Hyderabad,17.345007,78.472739,17188.86,15469.97,1,17188.86,1,2
6896-5897-8820,Federal Bank,Noida,28.49625,77.389412,28510.56,0.0,1,28510.56,1,4
6901-1749-6333,Kotak Mahindra Bank,Mumbai,19.074454,72.90162,449416.62,0.0,1,449416.62,1,3
6902-1627-9946,Axis Bank,Bengaluru,12.96477,77.586709,30224.77,0.0,4,7556.19,1,3
6906-3106-3892,IndusInd Bank,Pune,18.486795,73.893161,65651.19,65651.19,1,65651.19,1,2
6906-3905-8731,Bank of Baroda,Bhopal,23.266172,77.369234,8403.29,7562.96,1,8403.29,1,2
6907-9988-7172,Union Bank of India,Mumbai,19.110931,72.872045,22180.93,19962.84,1,22180.93,1,2
6910-7471-5958,ICICI Bank,Gurgaon,28.42858,77.058197,292391.92,292391.92,1,292391.92,1,3
6910-9225-9173,Kotak Mahindra Bank,Gurgaon,28.470268,77.071561,299679.69,269711.72,1,299679.69,1,2
6914-4233-2271,Union Bank of India,Pune,18.477826,73.873174,403677.73,363309.96,1,403677.73,1,2
6914-8526-2035,IDBI Bank,Delhi,28.565287,77.227287,6302.78,6302.78,1,6302.78,1,1
6919-5036-7250,UCO Bank,Kolkata,22.599729,88.39465,1391.58,1252.42,1,1391.58,1,2
6922-1857-4900,Punjab National Bank,Gurgaon,28.438266,77.049393,134856.81,134856.81,1,134856.81,1,1
6924-1246-1598,Canara Bank,Chandigarh,30.73371,76.779424,76656.26999999999,0.0,3,25552.09,1,3
6925-7904-2274,UCO Bank,Lucknow,26.856485,80.95297,386940.56,386940.56,1,386940.56,1,3
6931-5750-6752,Union Bank of India,Ahmedabad,23.018092,72.538042,51352.77,51352.77,1,51352.77,1,1
6932-6278-3066,UCO Bank,Bhopal,23.24209,77.393554,126170.99,0.0,4,31542.75,1,3
6934-6456-4260,HDFC Bank,Jaipur,26.905133,75.817906,301713.46,301713.46,1,301713.46,1,1
6937-5999-4550,Canara Bank,Gurgaon,28.425402,76.994957,15957.01,15957.01,1,15957.01,1,1
6939-2570-9755,YES Bank,Chennai,13.066731,80.311779,14187.85,12769.06,1,14187.85,1,2
6939-2857-2559,YES Bank,Bengaluru,13.010441,77.562862,29720.8,26748.72,1,29720.8,1,2
6940-4953-9102,Federal Bank,Lucknow,26.828966,80.930408,34981.44,0.0,3,11660.48,1,3
6943-5577-3887,IndusInd Bank,Jaipur,26.912206,75.748543,83071.0,0.0,1,83071.0,1,2
6947-8786-7025,IDBI Bank,Chandigarh,30.75046,76.754698,75140.29,75140.29,1,75140.29,1,1
6948-2375-7200,Punjab National Bank,Jaipur,26.865193,75.797516,15738.8,14164.92,1,15738.8,1,2
6948-5577-2496,South Indian Bank,Hyderabad,17.426529,78.513816,64235.74,0.0,1,64235.74,1,2
6948-8683-2696,IndusInd Bank,Bhopal,23.254461,77.4292,39315.26,0.0,5,7863.05,1,3
6950-7644-9132,Bank of Baroda,Bengaluru,12.964117,77.561848,34835.03,31351.53,1,34835.03,1,2
6952-5636-8971,South Indian Bank,Bengaluru,12.960643,77.572833,10397.55,9357.8,1,10397.55,1,2
6953-1889-4652,IndusInd Bank,Bengaluru,12.966853,77.554344,77847.03,77847.03,1,77847.03,1,1
6954-8591-9981,HDFC Bank,Kolkata,22.567832,88.404368,2659.17,2393.25,1,2659.17,1,2
6955-9124-4660,UCO Bank,Bhopal,23.217982,77.385815,4270.39,0.0,1,4270.39,1,2
6956-5596-6751,IDBI Bank,Hyderabad,17.400804,78.47397,274425.19,0.0,3,91475.06,1,3
6957-6715-9569,Axis Bank,Lucknow,26.831392,80.977291,39164.87,35248.38,1,39164.87,1,2
6963-1844-2818,Bank of Baroda,Mumbai,19.037356,72.875549,100.0,90.0,1,100.0,1,2
6964-4620-6628,ICICI Bank,Chandigarh,30.781873,76.778482,40929.42,36836.48,1,40929.42,1,2
6974-3327-2465,Bank of Baroda,Delhi,28.627449,77.224786,289170.6,0.0,5,57834.12,1,3
6974-9710-4864,Axis Bank,Noida,28.556141,77.377584,11491.13,10342.02,1,11491.13,1,2
6976-3512-7387,Bank of Baroda,Gurgaon,28.451008,77.066293,648.96,648.96,1,648.96,1,2
6977-2829-3930,South Indian Bank,Lucknow,26.822484,80.94769,7396.17,6656.55,1,7396.17,1,2
6985-9759-6571,South Indian Bank,Noida,28.554384,77.38965,36615.75,0.0,1,36615.75,1,2
6986-7326-2036,Bank of Baroda,Bengaluru,12.978468,77.624528,61006.69,0.0,1,61006.69,1,2
6987-6410-5188,IndusInd Bank,Bengaluru,12.926105,77.633929,39550.21,35595.19,1,39550.21,1,2
6988-4279-5350,ICICI Bank,Bengaluru,12.964042,77.556969,65651.19,0.0,1,65651.19,1,3
6988-9390-7497,IDBI Bank,Mumbai,19.097176,72.917355,116192.73,116192.73,1,116192.73,1,1
6993-1420-9022,YES Bank,Jaipur,26.944886,75.759721,25903.39,0.0,1,25903.39,1,2
6996-5287-3519,State Bank of India,Mumbai,19.104189,72.850793,106004.66,95404.19,1,106004.66,1,2
6999-7293-5066,Federal Bank,Mumbai,19.115054,72.838535,71552.66,71552.66,1,71552.66,1,1
7000-9459-1232,IndusInd Bank,Hyderabad,17.418772,78.503664,47834.08,47834.08,1,47834.08,1,2
7001-3023-4618,YES Bank,Chandigarh,30.765611,76.740423,16534.93,14881.44,1,16534.93,1,2
7002-4616-2161,State Bank of India,Chandigarh,30.73953,76.796536,13176.880000000001,0.0,5,2635.38,1,3
7003-5364-3160,Kotak Mahindra Bank,Bhopal,23.214437,77.406112,25989.85,23390.86,1,25989.85,1,2
7009-9398-7955,IDBI Bank,Bengaluru,13.015891,77.616512,276096.03,0.0,1,276096.03,1,4
7010-5527-9427,State Bank of India,Gurgaon,28.476622,77.015876,32720.31,0.0,4,8180.08,1,3
7020-3937-1209,HDFC Bank,Noida,28.524981,77.410504,22936.07,22936.07,1,22936.07,1,1
7020-7684-9127,IndusInd Bank,Pune,18.564374,73.828587,8073.88,8073.87,1,8073.88,1,1
7022-2971-1355,Punjab National Bank,Hyderabad,17.377596,78.505043,2256.69,0.0,3,752.23,1,3
7023-9408-8900,YES Bank,Bhopal,23.25528,77.411878,94900.87,85410.78,1,94900.87,1,2
7034-2167-7177,IDBI Bank,Bengaluru,13.002354,77.599605,102394.18,92154.76,1,102394.18,1,2
7034-5985-3681,Axis Bank,Ahmedabad,23.05221,72.523797,27646.72,24882.05,1,27646.72,1,2
7034-9904-2742,HDFC Bank,Noida,28.573278,77.40747,100111.09,90099.98,1,100111.09,1,2
7035-4612-5584,Canara Bank,Patna,25.611239,85.147231,22684.47,0.0,1,22684.47,1,2
7035-8605-9275,Canara Bank,Jaipur,26.919647,75.776978,18832.989999999998,0.0,4,4708.25,1,3
7036-6798-6064,ICICI Bank,Lucknow,26.804984,80.934707,27892.11,25102.9,1,27892.11,1,2
7036-8404-8785,Canara Bank,Jaipur,26.862713,75.801107,449416.62,449416.62,1,449416.62,1,2
7038-2233-9667,Federal Bank,Pune,18.558744,73.824442,28989.97,0.0,1,28989.97,1,4
7038-3280-2193,Kotak Mahindra Bank,Chennai,13.103307,80.287796,55644.02,55644.020000000004,1,55644.02,1,1
7039-7541-9746,Union Bank of India,Ahmedabad,23.061611,72.537651,1839.82,1655.84,1,1839.82,1,2
7040-3249-1830,Bank of Baroda,Jaipur,26.86457,75.771333,1943.62,0.0,1,1943.62,1,2
7050-5134-7974,Bank of Baroda,Hyderabad,17.379677,78.466468,6533.93,5880.54,1,6533.93,1,2
7055-5744-1659,ICICI Bank,Noida,28.515992,77.378446,5086.92,4578.23,1,5086.92,1,2
7056-8506-2404,Kotak Mahindra Bank,Gurgaon,28.50694,77.016355,135646.92,135646.92,1,135646.92,1,2
7058-8649-7396,IDBI Bank,Patna,25.57765,85.107537,3803.05,3422.75,1,3803.05,1,2
7067-2122-3509,Punjab National Bank,Ahmedabad,22.990284,72.597334,15149.85,0.0,1,15149.85,1,2
7068-1629-3350,HDFC Bank,Jaipur,26.86299,75.737642,253640.09,253640.09,1,253640.09,1,3
7068-3783-5966,South Indian Bank,Chandigarh,30.757041,76.766968,212222.88,212222.88,1,212222.88,1,1
7070-4855-5255,State Bank of India,Bengaluru,12.979092,77.612344,343553.22,0.0,3,114517.74,1,3
7074-6452-6515,Axis Bank,Bhopal,23.292347,77.433398,113767.1,102390.39,1,113767.1,1,2
7075-9552-5174,Punjab National Bank,Lucknow,26.79873,80.952916,109964.84,98968.36,1,109964.84,1,2
7078-8659-7007,State Bank of India,Delhi,28.635561,77.202038,24448.29,24448.29,1,24448.29,1,1
7079-8234-7202,UCO Bank,Delhi,28.592424,77.184876,32917.77,32917.77,1,32917.77,1,1
7082-1071-4048,Kotak Mahindra Bank,Chennai,13.131097,80.289657,1051.34,946.21,1,1051.34,1,2
7082-9859-3387,Kotak Mahindra Bank,Bengaluru,12.950845,77.626023,44510.78,44510.78,1,44510.78,1,1
7085-2222-9368,Canara Bank,Noida,28.498366,77.43588,12137.85,10924.06,1,12137.85,1,2
7086-7778-1272,Bank of Baroda,Ahmedabad,23.011697,72.577955,12669.41,0.0,3,4223.14,1,3
7089-5552-3622,HDFC Bank,Chandigarh,30.72059,76.790395,208196.24999999997,0.0,3,69398.75,1,3
7091-4226-2282,HDFC Bank,Noida,28.523684,77.372748,164935.19,0.0,3,54978.4,1,3
7093-1601-8570,UCO Bank,Hyderabad,17.389715,78.499277,136307.76,0.0,4,34076.94,1,3
7093-2160-9752,Bank of Baroda,Bhopal,23.251105,77.412608,11518.44,11518.44,1,11518.44,1,1
7094-6287-3046,ICICI Bank,Delhi,28.610565,77.242049,25806.57,23225.91,1,25806.57,1,2
7096-5850-9378,South Indian Bank,Chandigarh,30.754423,76.783233,221290.93,221290.93,1,221290.93,1,1
7099-2435-3156,Axis Bank,Kolkata,22.603866,88.408038,198417.62,198417.62,1,198417.62,1,3
7104-7527-6850,Punjab National Bank,Lucknow,26.831041,80.948733,386940.56,386940.56,1,386940.56,1,1
7105-7286-2522,State Bank of India,Chandigarh,30.706823,76.784703,33865.01,30478.51,1,33865.01,1,2
7108-6085-8939,Punjab National Bank,Gurgaon,28.461943,76.995052,234624.45,211162.0,1,234624.45,1,2
7109-8347-9845,South Indian Bank,Bengaluru,12.922029,77.618449,61996.47,61996.47,1,61996.47,1,1
7113-2564-3760,State Bank of India,Patna,25.600436,85.173536,97898.34,88108.51,1,97898.34,1,2
7113-8384-6772,YES Bank,Chennai,13.113359,80.274411,210.35,189.32,1,210.35,1,2
7116-9854-3755,Axis Bank,Kolkata,22.618735,88.369415,223869.1,223869.1,1,223869.1,1,1
7119-6771-4493,South Indian Bank,Mumbai,19.062031,72.885429,194477.33,0.0,3,64825.78,1,3
7120-2904-9515,UCO Bank,Kolkata,22.531961,88.359178,87539.54,78785.59,1,87539.54,1,2
7122-1592-6836,Canara Bank,Kolkata,22.530748,88.35721,399521.31,359569.18,1,399521.31,1,2
7122-2367-7769,South Indian Bank,Jaipur,26.924461,75.801687,83827.14,75444.43,1,83827.14,1,2
7126-4803-4857,Union Bank of India,Chennai,13.080705,80.233089,1216.55,1094.9,1,1216.55,1,2
7128-1870-6743,UCO Bank,Pune,18.552509,73.861861,9093.85,9093.85,1,9093.85,1,1
7132-3033-1874,IndusInd Bank,Bengaluru,12.990711,77.546405,109746.15,98771.54,1,109746.15,1,2
7132-9370-7363,ICICI Bank,Bhopal,23.264205,77.405979,63470.979999999996,0.0,5,12694.2,1,3
7135-3600-2640,ICICI Bank,Jaipur,26.948294,75.759926,193104.65,193104.65000000002,1,193104.65,1,1
7140-1897-7304,South Indian Bank,Jaipur,26.871462,75.76682,460347.59,460347.58999999997,1,460347.59,1,1
7146-8878-2178,ICICI Bank,Chandigarh,30.683718,76.815566,388601.54,0.0,1,388601.54,1,2
7147-9647-1917,IDBI Bank,Bengaluru,12.966914,77.621965,12527.59,11274.83,1,12527.59,1,2
7151-1839-7633,South Indian Bank,Mumbai,19.032136,72.894231,376.99,339.29,1,376.99,1,2
7161-4061-5231,Axis Bank,Ahmedabad,22.988445,72.593493,122951.77,122951.77,1,122951.77,1,2
7161-8045-5292,Bank of Baroda,Delhi,28.622654,77.217584,87926.12,0.0,1,87926.12,1,4
7163-6976-8118,UCO Bank,Ahmedabad,23.040626,72.573802,3138.72,2824.85,1,3138.72,1,2
7164-5135-9667,Union Bank of India,Patna,25.615075,85.144872,68835.17,61951.65,1,68835.17,1,2
7166-6864-7336,YES Bank,Pune,18.56254,73.842482,12533.93,11280.54,1,12533.93,1,2
7167-8726-5375,Kotak Mahindra Bank,Lucknow,26.817466,80.975984,242662.63,0.0,1,242662.63,1,2
7170-9631-1712,Punjab National Bank,Jaipur,26.953687,75.773322,12500.28,11250.25,1,12500.28,1,2
7171-1963-6458,Canara Bank,Pune,18.536325,73.891552,8569.53,8569.529999999999,1,8569.53,1,1
7171-7201-6985,IndusInd Bank,Chandigarh,30.691084,76.754559,187694.6,0.0,1,187694.6,1,3
7176-1286-6236,South Indian Bank,Noida,28.580936,77.361292,234642.11,211177.9,1,234642.11,1,2
7177-3328-7948,State Bank of India,Ahmedabad,23.009952,72.555116,8360.05,7524.04,1,8360.05,1,2
7178-5556-4104,IDBI Bank,Patna,25.556989,85.15655,32282.35,32282.35,1,32282.35,1,1
7180-3051-8040,Bank of Baroda,Hyderabad,17.358817,78.445899,140.31,126.28,1,140.31,1,2
7181-6056-4636,Union Bank of India,Hyderabad,17.350877,78.504928,38181.42,34363.28,1,38181.42,1,2
7181-7316-8773,IndusInd Bank,Bhopal,23.281035,77.446588,15362.43,13826.19,1,15362.43,1,2
7186-7770-4970,YES Bank,Bhopal,23.216286,77.453886,52268.72,0.0,1,52268.72,1,2
7195-1669-3607,IDBI Bank,Kolkata,22.534533,88.392416,98192.35,98192.35,1,98192.35,1,3
7200-1566-6489,IndusInd Bank,Chennai,13.103506,80.293492,49606.81,49606.81,1,49606.81,1,1
7200-3578-9153,ICICI Bank,Bengaluru,12.948952,77.640702,1968.18,1771.36,1,1968.18,1,2
7201-3241-7848,UCO Bank,Delhi,28.632721,77.176296,76225.75,68603.18,1,76225.75,1,2
7203-7607-4850,HDFC Bank,Chennai,13.085621,80.254221,150696.05,0.0,4,37674.01,1,3
7204-1476-4984,Kotak Mahindra Bank,Kolkata,22.605716,88.357663,366078.87,366078.87,1,366078.87,1,1
7208-1424-5055,ICICI Bank,Bhopal,23.232477,77.363586,1309.27,0.0,1,1309.27,1,2
7208-9547-7159,State Bank of India,Chandigarh,30.702876,76.775251,11563.51,10407.16,1,11563.51,1,2
7212-1189-9008,Axis Bank,Lucknow,26.861662,80.91659,65651.19,65651.19,1,65651.19,1,1
7212-2478-6460,South Indian Bank,Bengaluru,12.973716,77.600797,311306.05,0.0,5,62261.21,1,3
7217-6129-5179,South Indian Bank,Hyderabad,17.363587,78.482638,261197.46,0.0,1,261197.46,1,4
7223-2845-4585,Canara Bank,Mumbai,19.077329,72.894663,217807.25,217807.25,1,217807.25,1,1
7224-8847-3288,Canara Bank,Bhopal,23.230117,77.366342,459796.49,459796.49,1,459796.49,1,1
7227-1166-5866,IndusInd Bank,Hyderabad,17.409611,78.457423,267161.58,240445.42,1,267161.58,1,2
7230-4001-6635,Axis Bank,Kolkata,22.59029,88.348756,19990.8,17991.72,1,19990.8,1,2
7232-1206-8632,Union Bank of India,Ahmedabad,23.003126,72.570009,134473.01,134473.01,1,134473.01,1,1
7250-6927-6568,UCO Bank,Pune,18.52235,73.870139,257406.8,0.0,5,51481.36,1,3
7251-5669-8167,HDFC Bank,Chennai,13.107873,80.313423,510.19,0.0,1,510.19,1,2
7252-4173-7820,Bank of Baroda,Gurgaon,28.448591,77.008896,352308.97,352308.97,1,352308.97,1,2
7252-8159-4823,IDBI Bank,Noida,28.522274,77.426333,7156.92,6441.23,1,7156.92,1,2
7255-1753-6004,ICICI Bank,Chandigarh,30.781147,76.771296,455802.57,455802.57,1,455802.57,1,3
7255-3675-7554,Canara Bank,Lucknow,26.85029,80.903256,10181.21,9163.09,1,10181.21,1,2
7262-6387-6058,State Bank of India,Kolkata,22.595108,88.371722,710.63,639.57,1,710.63,1,2
7264-1404-3942,Federal Bank,Kolkata,22.577265,88.321716,20528.99,0.0,1,20528.99,1,2
7268-1689-2766,Federal Bank,Hyderabad,17.409431,78.47143,136448.98,122804.08,1,136448.98,1,2
7269-4289-3463,Federal Bank,Bengaluru,12.960971,77.631788,2182.93,1964.64,1,2182.93,1,2
7271-7366-6450,YES Bank,Hyderabad,17.396397,78.447325,203938.64,203938.64,1,203938.64,1,1
7272-3467-6091,Kotak Mahindra Bank,Pune,18.564816,73.841383,22401.73,20161.56,1,22401.73,1,2
7274-6409-5542,South Indian Bank,Patna,25.558749,85.104082,95353.85,85818.47,1,95353.85,1,2
7276-2685-3324,YES Bank,Patna,25.546745,85.144708,12821.91,11539.72,1,12821.91,1,2
7280-1309-3515,Kotak Mahindra Bank,Gurgaon,28.44531,77.020754,33803.86,30423.47,1,33803.86,1,2
7280-7850-7852,Axis Bank,Jaipur,26.924288,75.751157,251695.87,251695.87,1,251695.87,1,2
7283-5593-4610,IDBI Bank,Bengaluru,13.014778,77.621234,3680.51,0.0,1,3680.51,1,2
7283-7935-5198,HDFC Bank,Kolkata,22.527811,88.407006,58711.23,58711.23,1,58711.23,1,2
7287-9831-2605,IDBI Bank,Ahmedabad,23.060564,72.616312,455146.88,0.0,1,455146.88,1,4
7288-7831-7523,HDFC Bank,Chennai,13.086036,80.257777,304680.74,0.0,3,101560.25,1,3
7292-9020-6043,UCO Bank,Noida,28.574,77.440247,64293.51,64293.51,1,64293.51,1,3
7299-3798-6798,Axis Bank,Ahmedabad,23.039616,72.584227,17883.66,16095.29,1,17883.66,1,2
7299-4066-2909,IDBI Bank,Hyderabad,17.376386,78.531955,108631.97,97768.77,1,108631.97,1,2
7299-5097-8541,Kotak Mahindra Bank,Ahmedabad,23.010589,72.588031,6163.47,5547.12,1,6163.47,1,2
7304-3007-5684,IndusInd Bank,Pune,18.524846,73.826241,396733.42,396733.42,1,396733.42,1,2
7305-3435-1894,Federal Bank,Gurgaon,28.484643,77.008663,3458.28,0.0,1,3458.28,1,2
7306-7938-3275,Punjab National Bank,Lucknow,26.844749,80.935769,70976.44,0.0,3,23658.81,1,3
7308-1334-5752,State Bank of India,Mumbai,19.050798,72.854401,32960.03,0.0,1,32960.03,1,2
7313-3206-8108,South Indian Bank,Bhopal,23.251721,77.398474,398602.55999999994,0.0,3,132867.52,1,3
7313-3531-8355,Canara Bank,Noida,28.554551,77.43063,10034.58,10034.58,1,10034.58,1,2
7315-3166-2778,IndusInd Bank,Hyderabad,17.349956,78.44633,151118.24,151118.23,1,151118.24,1,1
7318-3551-9813,IDBI Bank,Patna,25.553176,85.164941,46767.82,42091.04,1,46767.82,1,2
7330-8425-2639,IndusInd Bank,Bhopal,23.255777,77.383868,5624.13,5061.72,1,5624.13,1,2
7330-8828-8005,Bank of Baroda,Mumbai,19.041117,72.896096,207389.13,0.0,1,207389.13,1,3
7336-8367-4893,Union Bank of India,Chandigarh,30.705684,76.758086,201326.4,201326.4,1,201326.4,1,1
7336-9568-2991,YES Bank,Jaipur,26.884626,75.82141,278279.25,0.0,1,278279.25,1,3
7339-2765-7628,Federal Bank,Mumbai,19.068219,72.879587,11125.99,0.0,1,11125.99,1,2
7339-5098-1543,IDBI Bank,Lucknow,26.845354,80.897747,29752.64,26777.38,1,29752.64,1,2
7340-1320-6585,Punjab National Bank,Gurgaon,28.414646,77.036035,28510.56,28510.56,1,28510.56,1,3
7342-5284-6963,South Indian Bank,Chandigarh,30.715315,76.765107,24221.17,0.0,1,24221.17,1,2
7344-7308-5248,Bank of Baroda,Bhopal,23.290815,77.386461,130971.69,117874.52,1,130971.69,1,2
7347-3121-8307,State Bank of India,Patna,25.574944,85.139809,61312.32,61312.31999999999,1,61312.32,1,1
7347-5723-3916,IDBI Bank,Mumbai,19.047441,72.918441,28989.97,28989.97,1,28989.97,1,2
7348-2677-8563,IndusInd Bank,Pune,18.498216,73.899002,65012.45,58511.2,1,65012.45,1,2
7348-7687-3167,IDBI Bank,Patna,25.581693,85.087878,7522.79,6770.51,1,7522.79,1,2
7352-7581-5616,IndusInd Bank,Gurgaon,28.470552,77.048086,138565.72,138565.71,1,138565.72,1,1
7355-9555-1810,UCO Bank,Kolkata,22.561742,88.389204,5469.7,4922.73,1,5469.7,1,2
7356-3549-6812,HDFC Bank,Ahmedabad,23.00099,72.619218,6830.0,6147.0,1,6830.0,1,2
7358-2389-2981,YES Bank,Hyderabad,17.39445,78.499833,185896.36,185896.36,1,185896.36,1,1
7359-7941-6237,Bank of Baroda,Patna,25.637493,85.100231,66296.63,59666.97,1,66296.63,1,2
7362-3016-4851,Union Bank of India,Chennai,13.087394,80.221392,33701.18,30331.06,1,33701.18,1,2
7365-5013-1665,IndusInd Bank,Mumbai,19.069456,72.916732,28906.32,28906.32,1,28906.32,1,1
7367-3734-8888,ICICI Bank,Delhi,28.636874,77.254453,13984.75,0.0,1,13984.75,1,2
7374-1009-6843,IndusInd Bank,Chandigarh,30.701453,76.807059,41381.7,37243.53,1,41381.7,1,2
7376-1187-4204,Union Bank of India,Chennai,13.072189,80.249808,36999.9,33299.91,1,36999.9,1,2
7377-2871-1433,Kotak Mahindra Bank,Chandigarh,30.744014,76.817495,12419.27,11177.34,1,12419.27,1,2
7381-2938-9762,IndusInd Bank,Lucknow,26.803024,80.970795,22611.02,22611.02,1,22611.02,1,2
7388-4643-1732,Punjab National Bank,Noida,28.546787,77.381128,1624.19,1624.19,1,1624.19,1,1
7388-8267-8119,Kotak Mahindra Bank,Pune,18.532973,73.810736,106214.73,0.0,1,106214.73,1,3
7389-8326-4205,UCO Bank,Delhi,28.662542,77.19942,135058.64,121552.78,1,135058.64,1,2
7392-1454-2698,IndusInd Bank,Hyderabad,17.335612,78.527144,46013.38,0.0,1,46013.38,1,2
7394-6282-2601,Kotak Mahindra Bank,Kolkata,22.59909,88.347854,168375.66,151538.09,1,168375.66,1,2
7399-6051-8274,State Bank of India,Ahmedabad,23.033396,72.582085,200463.24,0.0,5,40092.65,1,3
7399-8318-8838,HDFC Bank,Noida,28.528245,77.413671,2518.24,2266.42,1,2518.24,1,2
7399-9405-2028,Punjab National Bank,Patna,25.609944,85.179948,3011.46,2710.31,1,3011.46,1,2
7401-1623-7298,Canara Bank,Jaipur,26.864392,75.817385,9778.93,8801.04,1,9778.93,1,2
7401-9662-4222,Kotak Mahindra Bank,Delhi,28.597161,77.199734,6553.2,6553.2,1,6553.2,1,1
7402-8369-4681,Canara Bank,Jaipur,26.925934,75.761434,155.23,139.71,1,155.23,1,2
7407-3305-1551,Kotak Mahindra Bank,Mumbai,19.117274,72.891417,3849.21,3849.21,1,3849.21,1,1
7410-8737-3455,Kotak Mahindra Bank,Hyderabad,17.429733,78.452682,48932.85,44039.56,1,48932.85,1,2
7418-4515-1216,YES Bank,Patna,25.57231,85.140215,64648.89,0.0,1,64648.89,1,3
7419-6293-3303,Punjab National Bank,Kolkata,22.578169,88.342627,28433.98,28433.98,1,28433.98,1,1
7423-4004-6412,HDFC Bank,Chennai,13.067844,80.266824,190357.69,190357.69,1,190357.69,1,2
7425-6851-9903,Canara Bank,Noida,28.531974,77.372891,18076.61,18076.61,1,18076.61,1,1
7427-4011-2485,ICICI Bank,Noida,28.515049,77.356697,193297.56,193297.56,1,193297.56,1,3
7429-2169-9899,Federal Bank,Hyderabad,17.336262,78.53416,322893.92,322893.92,1,322893.92,1,1
7432-6161-4204,UCO Bank,Chennai,13.058948,80.289697,26813.59,26813.59,1,26813.59,1,1
7438-7077-5900,Punjab National Bank,Delhi,28.608602,77.191393,193803.82,193803.83000000002,1,193803.82,1,1
7439-3094-4233,Bank of Baroda,Mumbai,19.080033,72.878686,31547.81,28393.03,1,31547.81,1,2
7444-1845-8030,IndusInd Bank,Hyderabad,17.352372,78.527117,47378.42,47378.43,1,47378.42,1,1
7447-4414-1618,Axis Bank,Mumbai,19.056009,72.865292,18230.75,16407.68,1,18230.75,1,2
7449-7106-9955,State Bank of India,Hyderabad,17.358212,78.473682,38603.88,38603.88,1,38603.88,1,1
7453-3923-8079,IDBI Bank,Chandigarh,30.697256,76.734417,317144.65,317144.65,1,317144.65,1,3
7457-3180-5264,Kotak Mahindra Bank,Kolkata,22.588523,88.379527,187888.71,187888.71000000002,1,187888.71,1,1
7459-8422-1062,Canara Bank,Bhopal,23.280259,77.401343,37618.77,33856.89,1,37618.77,1,2
7460-6217-8397,Punjab National Bank,Chandigarh,30.694238,76.739156,10677.13,10677.12,1,10677.13,1,1
7461-4608-1686,Punjab National Bank,Delhi,28.583349,77.215929,3262.01,0.0,1,3262.01,1,4
7461-6133-2577,ICICI Bank,Delhi,28.584351,77.237949,34602.42,31142.18,1,34602.42,1,2
7468-9598-3303,Bank of Baroda,Bhopal,23.267543,77.395264,31854.93,28669.44,1,31854.93,1,2
7471-9670-9074,Union Bank of India,Lucknow,26.806906,80.987008,2725.15,0.0,1,2725.15,1,2
7472-3584-6298,Federal Bank,Jaipur,26.890442,75.817522,393889.2,393889.2,1,393889.2,1,1
7472-8010-2979,Federal Bank,Pune,18.532791,73.811094,1034.71,1034.71,1,1034.71,1,1
7473-1504-8765,Union Bank of India,Mumbai,19.100675,72.907377,22611.02,22611.02,1,22611.02,1,3
7473-5897-2031,Bank of Baroda,Lucknow,26.813771,80.904749,15936.59,15936.6,1,15936.59,1,1
7484-1315-9359,UCO Bank,Delhi,28.586851,77.208147,4950.1,4455.09,1,4950.1,1,2
7487-3708-8546,ICICI Bank,Pune,18.478438,73.830318,5967.84,0.0,1,5967.84,1,2
7487-5342-7754,Union Bank of India,Patna,25.606908,85.156011,15058.97,13553.07,1,15058.97,1,2
7489-2817-5544,ICICI Bank,Noida,28.498325,77.347505,91830.49,82647.44,1,91830.49,1,2
7491-4625-3067,Bank of Baroda,Patna,25.641218,85.099711,7697.05,0.0,1,7697.05,1,4
7493-2339-7864,IndusInd Bank,Lucknow,26.83019,80.907892,12745.69,11471.12,1,12745.69,1,2
7510-6343-5525,ICICI Bank,Gurgaon,28.468293,77.052438,7247.35,7247.349999999999,1,7247.35,1,1
7511-9132-5174,Axis Bank,Jaipur,26.896342,75.741105,460.73,414.66,1,460.73,1,2
7512-6301-8366,Bank of Baroda,Chandigarh,30.739957,76.799386,1466.6,0.0,1,1466.6,1,2
7513-9370-4192,ICICI Bank,Bhopal,23.270936,77.400547,132547.89,0.0,3,44182.63,1,3
7515-2316-9495,Canara Bank,Pune,18.500622,73.903468,2361.55,2125.4,1,2361.55,1,2
7515-8452-2716,ICICI Bank,Mumbai,19.09769,72.842935,2364.72,2128.25,1,2364.72,1,2
7519-8482-1646,Union Bank of India,Bhopal,23.305209,77.375287,157174.84,157174.84,1,157174.84,1,1
7520-6047-1105,Bank of Baroda,Gurgaon,28.422933,77.025247,60345.9,0.0,1,60345.9,1,2
7521-5989-5684,Kotak Mahindra Bank,Gurgaon,28.464025,77.008782,106493.57,0.0,4,26623.39,1,3
7523-3977-5798,South Indian Bank,Ahmedabad,22.975062,72.566706,186358.85,186358.85,1,186358.85,1,1
7527-1653-6953,YES Bank,Patna,25.616299,85.124246,51109.12,45998.21,1,51109.12,1,2
7536-6603-2245,Punjab National Bank,Gurgaon,28.477811,77.067593,132420.1,119178.09,1,132420.1,1,2
7538-6150-2316,Union Bank of India,Noida,28.574173,77.391238,386940.56,0.0,1,386940.56,1,4
7538-6215-3357,Canara Bank,Noida,28.527325,77.397014,129840.89,116856.8,1,129840.89,1,2
7541-2195-4654,Canara Bank,Bhopal,23.24364,77.411235,103324.03,0.0,3,34441.34,1,3
7542-6092-2945,YES Bank,Gurgaon,28.41701,76.994902,84544.08,84544.08,1,84544.08,1,1
7543-2103-7274,State Bank of India,Chandigarh,30.717043,76.754709,296835.91,0.0,1,296835.91,1,4
7544-1261-7227,Bank of Baroda,Bhopal,23.298541,77.388949,424088.81,424088.81,1,424088.81,1,1
7547-1611-2996,State Bank of India,Kolkata,22.533691,88.391525,65953.36,59358.02,1,65953.36,1,2
7551-6359-5639,Kotak Mahindra Bank,Jaipur,26.959423,75.73999,149534.55,134581.1,1,149534.55,1,2
7553-5603-7557,Canara Bank,Bhopal,23.248992,77.384439,26850.06,0.0,1,26850.06,1,2
7554-4178-8301,YES Bank,Delhi,28.632425,77.253136,127719.85,0.0,1,127719.85,1,3
7554-5725-1054,Federal Bank,Bengaluru,12.968002,77.561827,251695.87,251695.87,1,251695.87,1,1
7556-3500-3130,Canara Bank,Bhopal,23.2541,77.448226,28180.59,25362.53,1,28180.59,1,2
7561-1875-8871,Punjab National Bank,Ahmedabad,23.01738,72.581427,56358.51,50722.66,1,56358.51,1,2
7562-9931-2018,HDFC Bank,Bhopal,23.25475,77.374125,3098.39,0.0,1,3098.39,1,2
7563-1904-2485,Union Bank of India,Delhi,28.629973,77.188887,84239.37,75815.43,1,84239.37,1,2
7567-5857-7386,Axis Bank,Chandigarh,30.744612,76.825328,75270.58,67743.52,1,75270.58,1,2
7571-6864-4025,Kotak Mahindra Bank,Bhopal,23.224799,77.406013,83768.12,0.0,1,83768.12,1,2
7574-1628-5486,Axis Bank,Bengaluru,12.96952,77.595586,251229.16,226106.24,1,251229.16,1,2
7574-1939-9334,Punjab National Bank,Jaipur,26.885324,75.820117,3146.06,2831.45,1,3146.06,1,2
7576-7193-6007,South Indian Bank,Noida,28.561597,77.440671,3469.43,0.0,1,3469.43,1,2
7577-1834-6094,IDBI Bank,Kolkata,22.523019,88.408497,233877.89,0.0,1,233877.89,1,3
7577-8254-1487,Kotak Mahindra Bank,Mumbai,19.084022,72.845431,161971.53,161971.53,1,161971.53,1,1
7581-1635-7484,Punjab National Bank,Pune,18.519562,73.876318,981.6,883.44,1,981.6,1,2
7582-7985-2253,IDBI Bank,Pune,18.515268,73.899032,11552.92,11552.92,1,11552.92,1,3
7585-7181-9459,Canara Bank,Hyderabad,17.386556,78.489876,104070.40999999999,0.0,4,26017.6,1,3
7587-3291-8206,YES Bank,Ahmedabad,23.042931,72.584063,1186.73,1068.06,1,1186.73,1,2
7591-8441-2666,South Indian Bank,Gurgaon,28.428001,77.03809,117862.57,117862.57,1,117862.57,1,1
7593-1161-1480,Federal Bank,Ahmedabad,23.047199,72.528134,10331.58,0.0,1,10331.58,1,2
7601-1097-8582,Punjab National Bank,Bhopal,23.220605,77.422034,100662.07,90595.86,1,100662.07,1,2
7607-8429-4920,Union Bank of India,Ahmedabad,23.050314,72.621327,178528.02,178528.02,1,178528.02,1,2
7611-5298-7744,IndusInd Bank,Ahmedabad,22.982949,72.613931,15282.31,0.0,1,15282.31,1,2
7612-2970-5494,Axis Bank,Patna,25.550367,85.118005,219490.74,219490.74,1,219490.74,1,1
7621-4812-1530,ICICI Bank,Noida,28.527983,77.398858,244804.18,0.0,1,244804.18,1,4
7622-1897-7681,IndusInd Bank,Noida,28.561879,77.438234,3036.18,0.0,1,3036.18,1,2
7626-7246-3143,State Bank of India,Lucknow,26.83925,80.981758,97157.43,97157.43,1,97157.43,1,1
7627-4232-5940,Union Bank of India,Pune,18.479682,73.861879,70293.6,63264.24,1,70293.6,1,2
7627-7742-5713,Canara Bank,Ahmedabad,23.047179,72.59053,15857.61,14271.85,1,15857.61,1,2
7635-6292-4698,South Indian Bank,Hyderabad,17.338476,78.444384,50229.99,50229.99,1,50229.99,1,2
7638-5119-9576,Federal Bank,Pune,18.53084,73.847941,14627.01,13164.31,1,14627.01,1,2
7639-3610-7363,Union Bank of India,Kolkata,22.579175,88.361148,126250.8,0.0,1,126250.8,1,2
7643-1227-4115,South Indian Bank,Bhopal,23.268466,77.420704,87101.23999999999,0.0,3,29033.75,1,3
7646-8407-4519,YES Bank,Kolkata,22.556325,88.403153,11993.77,0.0,1,11993.77,1,2
7647-1194-8733,Axis Bank,Lucknow,26.817688,80.919572,273188.91,273188.91000000003,1,273188.91,1,1
7648-7899-7844,Axis Bank,Lucknow,26.853539,80.991001,4534.8,0.0,1,4534.8,1,2
7653-2894-9230,South Indian Bank,Delhi,28.649068,77.163716,53706.56,48335.9,1,53706.56,1,2
7653-7077-4830,Bank of Baroda,Patna,25.63411,85.123334,108256.12,97430.51,1,108256.12,1,2
7655-6877-9921,ICICI Bank,Hyderabad,17.361604,78.51506,413.14,0.0,1,413.14,1,2
7658-5305-9531,IDBI Bank,Mumbai,19.095645,72.905138,73599.22,73599.22,1,73599.22,1,1
7659-4925-8247,IDBI Bank,Kolkata,22.566963,88.399374,225138.07,202624.26,1,225138.07,1,2
7660-9976-5149,Kotak Mahindra Bank,Lucknow,26.886042,80.896402,730.68,657.61,1,730.68,1,2
7661-2106-6107,ICICI Bank,Jaipur,26.874894,75.799224,250340.57,250340.57,1,250340.57,1,1
7661-5372-6590,State Bank of India,Hyderabad,17.403444,78.530194,109651.44,109651.44,1,109651.44,1,1
7662-4571-3174,Punjab National Bank,Gurgaon,28.455428,77.033638,91013.09,0.0,1,91013.09,1,2
7663-4085-4194,IDBI Bank,Bengaluru,12.93685,77.588533,176407.11,176407.11,1,176407.11,1,1
7664-2215-1980,ICICI Bank,Mumbai,19.093517,72.866779,207389.13,207389.13,1,207389.13,1,2
7666-9841-3751,Punjab National Bank,Mumbai,19.063704,72.895366,195723.07,0.0,5,39144.61,1,3
7669-1696-9865,UCO Bank,Bengaluru,12.949649,77.632128,42720.03,38448.03,1,42720.03,1,2
7675-3945-5066,State Bank of India,Gurgaon,28.447937,77.050586,31019.06,27917.15,1,31019.06,1,2
7677-3416-4933,South Indian Bank,Gurgaon,28.506069,77.075532,102354.26,102354.26,1,102354.26,1,1
7679-3734-9243,Punjab National Bank,Bengaluru,12.953055,77.56447,278631.13,250768.02,1,278631.13,1,2
7688-7140-6028,Federal Bank,Ahmedabad,22.977589,72.543118,1681.28,0.0,1,1681.28,1,2
7689-8675-8224,Kotak Mahindra Bank,Bengaluru,12.922671,77.63019,1855.16,1669.64,1,1855.16,1,2
7692-7898-9274,Union Bank of India,Lucknow,26.870985,80.90884,26107.54,26107.54,1,26107.54,1,1
7693-4757-8937,Federal Bank,Lucknow,26.88682,80.986324,4640.61,4640.610000000001,1,4640.61,1,1
7693-8276-8250,IDBI Bank,Chandigarh,30.768359,76.804469,474760.34,474760.34,1,474760.34,1,1
7695-5433-1498,IndusInd Bank,Bengaluru,12.929677,77.599843,26091.51,23482.36,1,26091.51,1,2
7698-8921-2340,Punjab National Bank,Ahmedabad,23.013943,72.529616,4901.53,4901.53,1,4901.53,1,1
7703-4869-8085,Union Bank of India,Kolkata,22.579271,88.344883,59470.04,0.0,3,19823.35,1,3
7715-3008-5956,ICICI Bank,Hyderabad,17.369509,78.441591,989.99,890.99,1,989.99,1,2
7715-6037-7594,Kotak Mahindra Bank,Delhi,28.639601,77.218373,14426.13,14426.14,1,14426.13,1,1
7716-6929-2305,Bank of Baroda,Kolkata,22.589185,88.370033,416102.38,0.0,3,138700.79,1,3
7722-8788-5607,UCO Bank,Patna,25.548769,85.134673,54260.42,0.0,1,54260.42,1,2
7724-1819-6355,YES Bank,Hyderabad,17.365574,78.49832,222913.76,0.0,4,55728.44,1,3
7725-4577-1688,IndusInd Bank,Hyderabad,17.417667,78.508972,90737.57,81663.81,1,90737.57,1,2
7727-2555-1168,HDFC Bank,Kolkata,22.568918,88.383613,55659.09,50093.18,1,55659.09,1,2
7730-9197-8403,Punjab National Bank,Chandigarh,30.721499,76.762396,71398.83,64258.95,1,71398.83,1,2
7735-2860-8704,HDFC Bank,Mumbai,19.123438,72.854247,78698.13,70828.32,1,78698.13,1,2
7735-5940-9185,IDBI Bank,Kolkata,22.621653,88.398947,21352.13,19216.92,1,21352.13,1,2
7736-3353-1824,ICICI Bank,Delhi,28.658193,77.247544,64864.59,58378.13,1,64864.59,1,2
7738-6185-8677,Axis Bank,Bhopal,23.270405,77.412067,253697.09,0.0,5,50739.42,1,3
7743-6104-3617,South Indian Bank,Mumbai,19.125575,72.82944,64676.42,58208.78,1,64676.42,1,2
7750-3596-7315,HDFC Bank,Gurgaon,28.474814,77.071847,11250.59,0.0,1,11250.59,1,2
7750-7931-5989,YES Bank,Chennai,13.094574,80.269143,7942.11,7147.9,1,7942.11,1,2
7760-4604-8502,HDFC Bank,Chandigarh,30.773667,76.732399,396733.42,0.0,1,396733.42,1,4
7767-8915-1753,Kotak Mahindra Bank,Bhopal,23.239435,77.378414,2642.68,2378.41,1,2642.68,1,2
7770-1227-2567,ICICI Bank,Jaipur,26.889264,75.820183,127719.85,127719.85,1,127719.85,1,1
7774-3226-7359,Canara Bank,Chennai,13.064016,80.224814,145403.26,130862.93,1,145403.26,1,2
7776-6080-9141,HDFC Bank,Mumbai,19.033635,72.895132,4241.17,3817.05,1,4241.17,1,2
7779-9496-4691,Axis Bank,Lucknow,26.873294,80.980186,161588.05,145429.24,1,161588.05,1,2
7780-2422-9143,YES Bank,Mumbai,19.070377,72.830193,19732.03,19732.03,1,19732.03,1,1
7782-3157-8483,Federal Bank,Bengaluru,12.986986,77.593311,750.42,675.38,1,750.42,1,2
7782-6463-3264,Union Bank of India,Kolkata,22.545611,88.322262,4197.25,3777.52,1,4197.25,1,2
7784-4820-5391,State Bank of India,Hyderabad,17.423582,78.471629,55673.82,0.0,1,55673.82,1,2
7789-2693-7857,Punjab National Bank,Ahmedabad,22.994292,72.612786,382863.51,382863.51,1,382863.51,1,1
7792-3052-2158,South Indian Bank,Ahmedabad,22.979796,72.599514,113767.1,113767.1,1,113767.1,1,1
7793-6410-2856,IndusInd Bank,Chennai,13.05377,80.236825,113986.17,102587.55,1,113986.17,1,2
7798-1746-2719,IDBI Bank,Ahmedabad,23.071562,72.593576,6372.2,5734.98,1,6372.2,1,2
7798-2113-1657,ICICI Bank,Hyderabad,17.350226,78.437435,18052.82,16247.54,1,18052.82,1,2
7799-2835-3095,UCO Bank,Kolkata,22.547039,88.351629,50229.99,50229.99,1,50229.99,1,3
7802-2728-6864,Kotak Mahindra Bank,Lucknow,26.839407,80.90661,439614.75,439614.75,1,439614.75,1,2
7805-1383-5651,Canara Bank,Mumbai,19.125213,72.884775,6395.66,5756.09,1,6395.66,1,2
7810-2861-4508,Punjab National Bank,Patna,25.632874,85.095356,869.21,0.0,1,869.21,1,2
7816-6604-8473,Axis Bank,Pune,18.481483,73.839782,222900.15,222900.15,1,222900.15,1,1
7816-8747-4098,Kotak Mahindra Bank,Pune,18.515327,73.904738,46084.87,41476.38,1,46084.87,1,2
7817-2585-5885,Punjab National Bank,Kolkata,22.533869,88.353578,5140.82,5140.82,1,5140.82,1,1
7818-2270-6225,Union Bank of India,Hyderabad,17.358165,78.480001,35279.81,0.0,1,35279.81,1,2
7819-8798-3079,ICICI Bank,Jaipur,26.914709,75.778503,147015.65,147015.65,1,147015.65,1,3
7824-2953-2246,Kotak Mahindra Bank,Bengaluru,12.951943,77.617745,10136.6,9122.94,1,10136.6,1,2
7825-6211-8840,Kotak Mahindra Bank,Chennai,13.10246,80.254156,146817.72,0.0,5,29363.54,1,3
7829-6902-8738,YES Bank,Bhopal,23.248188,77.420228,274566.04,0.0,5,54913.21,1,3
7832-4493-5923,Union Bank of India,Kolkata,22.542142,88.38962,21743.81,19569.43,1,21743.81,1,2
7834-1831-5093,YES Bank,Bengaluru,12.960718,77.57833,194806.38,0.0,1,194806.38,1,2
7841-3266-6867,Punjab National Bank,Kolkata,22.621965,88.373032,38247.62,34422.86,1,38247.62,1,2
7843-4054-5203,State Bank of India,Hyderabad,17.410902,78.459483,2118.66,1906.79,1,2118.66,1,2
7846-9064-3938,Kotak Mahindra Bank,Ahmedabad,22.994051,72.589881,47136.11,47136.10999999999,1,47136.11,1,1
7850-7543-1151,UCO Bank,Chandigarh,30.739681,76.745995,159638.01,143674.21,1,159638.01,1,2
7852-4065-2307,Bank of Baroda,Noida,28.486692,77.378936,15298.25,13768.42,1,15298.25,1,2
7853-6593-8558,UCO Bank,Mumbai,19.076691,72.854536,168811.98,168811.99,1,168811.98,1,1
7857-3384-5104,Bank of Baroda,Bengaluru,12.936579,77.59029,253510.27,253510.27,1,253510.27,1,1
7857-7628-7361,Bank of Baroda,Kolkata,22.607142,88.397964,12237.68,12237.68,1,12237.68,1,1
7858-8760-1549,Canara Bank,Kolkata,22.613262,88.401453,58566.63,52709.97,1,58566.63,1,2
7859-6289-4343,ICICI Bank,Hyderabad,17.364194,78.439721,64158.76,57742.88,1,64158.76,1,2
7861-8220-4728,YES Bank,Noida,28.580727,77.362531,191698.15,191698.15,1,191698.15,1,1
7862-8080-6337,IDBI Bank,Kolkata,22.616968,88.382522,101269.26,101269.26,1,101269.26,1,2
7866-7099-6981,Canara Bank,Pune,18.488389,73.819814,298145.37,268330.83,1,298145.37,1,2
7868-2737-1114,Bank of Baroda,Patna,25.590652,85.184628,17088.3,15379.47,1,17088.3,1,2
7877-8414-7473,IndusInd Bank,Ahmedabad,22.974839,72.593679,79739.47,0.0,1,79739.47,1,2
7881-8873-5792,IndusInd Bank,Chandigarh,30.691945,76.738627,10984.81,9886.33,1,10984.81,1,2
7882-3456-3847,IDBI Bank,Bengaluru,12.967077,77.583759,49844.34,44859.91,1,49844.34,1,2
7885-3607-5009,YES Bank,Mumbai,19.123107,72.870636,171041.16,0.0,1,171041.16,1,2
7889-4263-5353,Bank of Baroda,Noida,28.50361,77.377133,90662.99,81596.69,1,90662.99,1,2
7891-4471-4651,Federal Bank,Chennai,13.067761,80.300075,14470.6,13023.54,1,14470.6,1,2
7895-8606-7482,Punjab National Bank,Kolkata,22.598852,88.363541,487453.97,487453.97,1,487453.97,1,1
7899-4840-9981,South Indian Bank,Bengaluru,13.017707,77.578803,7470.66,7470.66,1,7470.66,1,1
7909-4738-3260,State Bank of India,Chennai,13.109715,80.292463,92459.92,83213.93,1,92459.92,1,2
7911-7196-7715,YES Bank,Pune,18.477269,73.87718,66688.42,66688.42,1,66688.42,1,1
7912-6857-7602,IDBI Bank,Ahmedabad,23.006817,72.558892,455146.88,455146.88,1,455146.88,1,2
7913-5642-6353,YES Bank,Kolkata,22.542741,88.317664,5402.31,4862.08,1,5402.31,1,2
7916-9957-2313,YES Bank,Bengaluru,12.938063,77.572231,256169.21,256169.21000000002,1,256169.21,1,1
7917-4924-9464,IndusInd Bank,Lucknow,26.877581,80.93749,201160.49,181044.44,1,201160.49,1,2
7918-6264-8394,Punjab National Bank,Jaipur,26.878976,75.765428,20064.19,18057.77,1,20064.19,1,2
7919-9951-1414,HDFC Bank,Chennai,13.121054,80.296647,127719.85,127719.85,1,127719.85,1,2
7920-2644-3627,IDBI Bank,Pune,18.514474,73.860785,439399.79000000004,0.0,3,146466.6,1,3
7923-2273-9930,YES Bank,Gurgaon,28.502593,77.044217,10762.47,10762.47,1,10762.47,1,1
7928-8335-5576,IDBI Bank,Hyderabad,17.427562,78.474103,4465.7,4019.13,1,4465.7,1,2
7930-1178-5885,State Bank of India,Delhi,28.628299,77.201142,76693.0,69023.7,1,76693.0,1,2
7932-9685-8911,YES Bank,Delhi,28.643709,77.181758,2989.35,2690.42,1,2989.35,1,2
7934-1884-6682,HDFC Bank,Mumbai,19.085073,72.858459,88462.48,88462.48000000001,1,88462.48,1,1
7934-4356-1654,Axis Bank,Mumbai,19.087831,72.884762,36870.27,33183.24,1,36870.27,1,2
7934-7993-2427,Kotak Mahindra Bank,Delhi,28.582644,77.219713,14485.85,14485.85,1,14485.85,1,1
7935-7729-4355,Punjab National Bank,Gurgaon,28.429946,76.986179,32609.14,0.0,1,32609.14,1,2
7940-8896-1312,Punjab National Bank,Hyderabad,17.354646,78.513521,30270.05,30270.05,1,30270.05,1,1
7941-2476-8285,Federal Bank,Chandigarh,30.76195,76.740867,315.83,0.0,1,315.83,1,2
7942-5451-6222,ICICI Bank,Chandigarh,30.77911,76.754706,1436.34,1292.71,1,1436.34,1,2
7947-9711-7282,IDBI Bank,Bhopal,23.253389,77.409076,35533.81,0.0,1,35533.81,1,2
7950-4190-5422,Axis Bank,Pune,18.524557,73.813232,13846.63,13846.63,1,13846.63,1,1
7952-5278-5185,Bank of Baroda,Mumbai,19.105964,72.845457,342136.49,342136.49,1,342136.49,1,1
7956-6022-8709,Canara Bank,Lucknow,26.834537,80.958268,187820.33,0.0,3,62606.78,1,3
7958-9177-5563,IDBI Bank,Patna,25.603465,85.16323,22936.07,22936.07,1,22936.07,1,2
7966-7929-4403,State Bank of India,Patna,25.590568,85.1625,111597.24,111597.23,1,111597.24,1,1
7967-3461-5940,YES Bank,Delhi,28.641678,77.173659,6904.96,6904.97,1,6904.96,1,1
7969-5216-2663,YES Bank,Hyderabad,17.38637,78.489272,461501.92,461501.92,1,461501.92,1,2
7971-1247-7867,State Bank of India,Noida,28.514596,77.379942,1151.03,1035.93,1,1151.03,1,2
7974-7608-9808,ICICI Bank,Bengaluru,12.984584,77.6049,127912.23,115121.01,1,127912.23,1,2
7982-6009-7017,Punjab National Bank,Ahmedabad,22.98517,72.573632,156740.82,156740.82,1,156740.82,1,1
7985-9037-8927,IndusInd Bank,Hyderabad,17.411464,78.482738,710.63,710.63,1,710.63,1,1
7987-8288-9534,Canara Bank,Chennai,13.041386,80.234382,80607.25,72546.53,1,80607.25,1,2
7988-1416-9901,Federal Bank,Noida,28.540546,77.370571,1506.1,0.0,1,1506.1,1,2
7991-1450-9388,Kotak Mahindra Bank,Chennai,13.044761,80.240497,36999.96,36999.96,1,36999.96,1,1
7993-3257-2893,Axis Bank,Hyderabad,17.410257,78.517474,776.14,698.53,1,776.14,1,2
7997-9698-3412,HDFC Bank,Mumbai,19.088271,72.884285,180804.51,0.0,1,180804.51,1,2
8000-1563-6160,ICICI Bank,Gurgaon,28.431743,77.035648,137936.8,124143.12,1,137936.8,1,2
8001-1817-5992,Kotak Mahindra Bank,Kolkata,22.548792,88.335128,17213.87,15492.48,1,17213.87,1,2
8001-3314-2366,State Bank of India,Lucknow,26.845617,80.97821,32917.77,0.0,1,32917.77,1,3
8010-1629-7244,YES Bank,Chennai,13.110246,80.317716,32023.51,28821.16,1,32023.51,1,2
8014-5041-5060,State Bank of India,Chennai,13.109561,80.224062,128470.02,128470.01999999999,1,128470.02,1,1
8018-1545-6528,Kotak Mahindra Bank,Jaipur,26.864625,75.777755,3755.31,0.0,1,3755.31,1,2
8018-9120-9890,South Indian Bank,Mumbai,19.097043,72.847245,290825.64,290825.64,1,290825.64,1,2
8019-8975-4934,South Indian Bank,Jaipur,26.898005,75.790019,32955.92,29660.33,1,32955.92,1,2
8020-5572-5329,ICICI Bank,Ahmedabad,22.998002,72.554456,134713.88,134713.88,1,134713.88,1,2
8025-7773-7706,HDFC Bank,Noida,28.51698,77.439194,17277.98,15550.18,1,17277.98,1,2
8025-7843-4433,ICICI Bank,Pune,18.471368,73.88774,208498.76,187648.88,1,208498.76,1,2
8026-9404-5930,IndusInd Bank,Gurgaon,28.41229,76.98405,2313.27,0.0,1,2313.27,1,2
8030-9518-2094,Bank of Baroda,Chandigarh,30.705329,76.828751,65126.62,0.0,1,65126.62,1,2
8031-1242-7181,Kotak Mahindra Bank,Patna,25.581225,85.176968,99608.1,99608.09999999999,1,99608.1,1,1
8031-2698-2449,ICICI Bank,Jaipur,26.958091,75.816976,648.96,648.96,1,648.96,1,3
8031-6961-9294,IndusInd Bank,Patna,25.551304,85.135295,956.78,0.0,1,956.78,1,2
8032-6556-2710,South Indian Bank,Mumbai,19.081344,72.904243,235213.18,211691.86,1,235213.18,1,2
8033-3833-4407,State Bank of India,Delhi,28.605734,77.258603,316731.36,316731.36,1,316731.36,1,1
8035-7609-8029,State Bank of India,Chandigarh,30.758985,76.782503,7170.94,0.0,1,7170.94,1,2
8043-1888-3961,State Bank of India,Jaipur,26.954203,75.746016,188655.16,188655.16,1,188655.16,1,3
8044-7558-6307,South Indian Bank,Delhi,28.646641,77.2515,229651.93,229651.93,1,229651.93,1,1
8044-9877-5731,Axis Bank,Jaipur,26.916628,75.834801,174301.28,174301.29,1,174301.28,1,1
8050-6771-1010,State Bank of India,Pune,18.535549,73.868111,285413.69,0.0,3,95137.9,1,3
8052-1096-6984,Union Bank of India,Jaipur,26.910169,75.7602,79834.48,71851.03,1,79834.48,1,2
8052-5799-4788,Canara Bank,Mumbai,19.097494,72.892299,7544.67,6790.2,1,7544.67,1,2
8056-6888-4380,South Indian Bank,Chennai,13.050195,80.311733,119246.73,0.0,1,119246.73,1,2
8066-4385-4531,State Bank of India,Pune,18.493949,73.851798,58711.23,58711.23,1,58711.23,1,1
8068-1079-6067,South Indian Bank,Lucknow,26.849638,80.929739,149707.29,134736.56,1,149707.29,1,2
8068-1392-3735,ICICI Bank,Kolkata,22.614462,88.404326,3874.64,3487.18,1,3874.64,1,2
8069-7414-4216,Bank of Baroda,Delhi,28.628622,77.196693,23414.89,21073.4,1,23414.89,1,2
8069-9553-7892,South Indian Bank,Patna,25.613771,85.097372,133217.39,119895.65,1,133217.39,1,2
8073-2416-5148,Federal Bank,Jaipur,26.951374,75.771645,8696.22,7826.6,1,8696.22,1,2
8076-8235-3429,IDBI Bank,Delhi,28.615921,77.19968,37355.94,0.0,3,12451.98,1,3
8077-6477-5250,IndusInd Bank,Bhopal,23.249295,77.429711,74717.66,0.0,3,24905.89,1,3
8077-7918-7714,IDBI Bank,Lucknow,26.813509,80.896413,84544.08,0.0,1,84544.08,1,2
8078-5054-4331,IndusInd Bank,Pune,18.516798,73.860088,145135.43,0.0,1,145135.43,1,2
8082-9132-8919,HDFC Bank,Bhopal,23.225374,77.434982,24067.97,24067.97,1,24067.97,1,1
8083-5925-8426,Bank of Baroda,Bengaluru,12.987466,77.54985,40032.98,40032.98,1,40032.98,1,1
8083-6080-3151,Bank of Baroda,Jaipur,26.907098,75.775295,150740.69,0.0,3,50246.9,1,3
8084-2696-9395,Axis Bank,Bhopal,23.30328,77.440677,4642.37,4178.13,1,4642.37,1,2
8086-3466-3101,Kotak Mahindra Bank,Chennai,13.071434,80.288269,94521.29999999999,0.0,3,31507.1,1,3
8100-9420-1592,YES Bank,Kolkata,22.597494,88.364495,9093.85,0.0,1,9093.85,1,4
8105-5888-3051,YES Bank,Patna,25.592956,85.13949,212732.19,191458.97,1,212732.19,1,2
8108-5361-2035,South Indian Bank,Bengaluru,12.995792,77.571392,41306.17,0.0,1,41306.17,1,2
8110-1095-6885,State Bank of India,Gurgaon,28.451606,77.009721,3064.46,2758.01,1,3064.46,1,2
8110-7216-2877,UCO Bank,Jaipur,26.954355,75.804974,33865.01,33865.01,1,33865.01,1,1
8117-4832-6227,Canara Bank,Jaipur,26.959425,75.799956,11576.89,10419.2,1,11576.89,1,2
8123-4013-6176,Bank of Baroda,Bhopal,23.231171,77.395344,302438.99,302438.99,1,302438.99,1,1
8126-1645-8453,YES Bank,Noida,28.568455,77.382725,5156.74,5156.74,1,5156.74,1,1
8126-5785-8876,Punjab National Bank,Bhopal,23.235666,77.427424,7413.39,6672.05,1,7413.39,1,2
8126-9576-9745,ICICI Bank,Pune,18.470409,73.888238,310345.59,310345.58999999997,1,310345.59,1,1
8128-3977-6716,HDFC Bank,Kolkata,22.555976,88.413876,42645.15,38380.64,1,42645.15,1,2
8129-7220-7207,Bank of Baroda,Lucknow,26.87948,80.940875,405638.89,405638.89,1,405638.89,1,1
8131-5909-3248,Kotak Mahindra Bank,Gurgaon,28.456487,77.066076,46230.24,41607.22,1,46230.24,1,2
8132-3118-4566,IDBI Bank,Noida,28.513932,77.402173,124464.1,124464.1,1,124464.1,1,1
8132-5917-5176,Kotak Mahindra Bank,Patna,25.632318,85.16202,26853.05,24167.74,1,26853.05,1,2
8133-2444-2049,UCO Bank,Delhi,28.602333,77.257445,3647.5,0.0,1,3647.5,1,2
8133-6704-3916,Union Bank of India,Chandigarh,30.721546,76.747301,18501.22,0.0,1,18501.22,1,2
8134-7961-2552,Union Bank of India,Patna,25.594305,85.093577,13567.47,12210.72,1,13567.47,1,2
8139-3703-6169,YES Bank,Chennai,13.051592,80.226157,16859.37,16859.37,1,16859.37,1,1
8139-5362-3900,State Bank of India,Patna,25.632264,85.178941,14381.05,12942.94,1,14381.05,1,2
8141-3252-5235,Kotak Mahindra Bank,Gurgaon,28.462221,77.036794,186358.85,167722.96,1,186358.85,1,2
8141-7405-5323,Kotak Mahindra Bank,Delhi,28.632477,77.187739,442133.2,442133.2,1,442133.2,1,2
8153-5497-3154,YES Bank,Kolkata,22.575195,88.386282,96033.61,0.0,1,96033.61,1,2
8153-7073-8736,Punjab National Bank,Hyderabad,17.428119,78.496165,102354.26,92118.83,1,102354.26,1,2
8163-1525-9261,YES Bank,Bengaluru,12.975481,77.572865,301713.46,271542.11,1,301713.46,1,2
8165-4385-4337,Axis Bank,Delhi,28.62439,77.205842,177563.45,0.0,1,177563.45,1,2
8175-4831-7979,IndusInd Bank,Bengaluru,12.924516,77.567491,34574.85,0.0,1,34574.85,1,2
8177-3338-8242,UCO Bank,Patna,25.611445,85.148272,29054.11,0.0,3,9684.7,1,3
8181-1577-7278,UCO Bank,Patna,25.571071,85.090944,96940.23,0.0,1,96940.23,1,3
8187-4991-1666,State Bank of India,Chandigarh,30.691372,76.730122,152526.73,0.0,1,152526.73,1,2
8187-7154-5304,YES Bank,Chandigarh,30.738057,76.729648,37280.87,0.0,1,37280.87,1,2
8189-1044-4060,State Bank of India,Bengaluru,12.988272,77.60419,370577.84,370577.83999999997,1,370577.84,1,1
8190-1414-8217,Union Bank of India,Gurgaon,28.464212,77.008355,253640.09,253640.09,1,253640.09,1,2
8190-6196-7656,State Bank of India,Pune,18.55272,73.90075,75140.29,67626.26,1,75140.29,1,2
8190-8004-7162,Federal Bank,Noida,28.520588,77.39169,409238.70999999996,0.0,4,102309.68,1,3
8191-9159-6884,Federal Bank,Chandigarh,30.748332,76.769148,251860.43,0.0,3,83953.48,1,3
8193-7137-8674,YES Bank,Patna,25.551076,85.166132,91290.36,82161.32,1,91290.36,1,2
8206-2930-5576,IndusInd Bank,Bhopal,23.286227,77.388886,22979.38,20681.44,1,22979.38,1,2
8206-5831-3530,ICICI Bank,Ahmedabad,22.998442,72.593514,31917.45,31917.45,1,31917.45,1,1
8208-3549-5211,Kotak Mahindra Bank,Lucknow,26.843627,80.950945,48897.58,0.0,1,48897.58,1,2
8214-3189-7990,Federal Bank,Delhi,28.636092,77.195015,7555.04,6799.54,1,7555.04,1,2
8218-9673-7992,Axis Bank,Bengaluru,12.972032,77.562969,14577.56,0.0,1,14577.56,1,2
8220-3524-8686,Bank of Baroda,Ahmedabad,23.052766,72.579893,171952.31,171952.3,1,171952.31,1,1
8222-7518-2062,South Indian Bank,Hyderabad,17.377799,78.470659,10217.21,9195.49,1,10217.21,1,2
8225-3705-2109,Union Bank of India,Hyderabad,17.401648,78.474966,3430.95,3087.86,1,3430.95,1,2
8231-7499-8746,State Bank of India,Kolkata,22.576634,88.410887,61653.69,61653.68,1,61653.69,1,1
8240-6132-9254,Kotak Mahindra Bank,Delhi,28.566542,77.235677,460655.22,460655.22000000003,1,460655.22,1,1
8247-1099-2058,Axis Bank,Gurgaon,28.426868,77.031485,49119.0,44207.1,1,49119.0,1,2
8252-4191-8475,Union Bank of India,Chennai,13.061076,80.285228,13089.58,11780.62,1,13089.58,1,2
8252-7214-8422,IDBI Bank,Gurgaon,28.455991,77.033388,87349.97,0.0,3,29116.66,1,3
8253-8015-1081,Canara Bank,Mumbai,19.043387,72.833151,102.24,0.0,1,102.24,1,2
8255-1303-5992,UCO Bank,Jaipur,26.938996,75.805735,228241.05,228241.05,1,228241.05,1,1
8255-8220-8474,Canara Bank,Mumbai,19.072844,72.846074,74826.94,67344.25,1,74826.94,1,2
8256-6958-5385,Axis Bank,Lucknow,26.863887,80.982713,61068.72,54961.85,1,61068.72,1,2
8257-1390-4382,UCO Bank,Jaipur,26.889732,75.811897,78806.24,70925.62,1,78806.24,1,2
8259-5544-2450,IDBI Bank,Delhi,28.626911,77.23616,334140.07,334140.07,1,334140.07,1,1
8259-8062-3935,Bank of Baroda,Bhopal,23.270344,77.413946,53747.11,0.0,5,10749.42,1,3
8260-6245-3277,South Indian Bank,Bhopal,23.216933,77.393181,64262.92,57836.63,1,64262.92,1,2
8268-2364-5627,ICICI Bank,Pune,18.55147,73.889373,42486.82,0.0,1,42486.82,1,2
8271-7401-1911,Federal Bank,Kolkata,22.604769,88.382032,79174.98,71257.48,1,79174.98,1,2
8272-9433-9435,Canara Bank,Noida,28.584451,77.373486,73568.64,73568.64,1,73568.64,1,1
8280-5880-3236,Federal Bank,Ahmedabad,23.017005,72.58414,2684.63,2416.17,1,2684.63,1,2
8284-7713-2913,Bank of Baroda,Jaipur,26.88022,75.804856,7942.11,7942.11,1,7942.11,1,1
8290-1209-8620,State Bank of India,Bhopal,23.297296,77.440419,13663.67,12297.3,1,13663.67,1,2
8291-5983-4850,IndusInd Bank,Mumbai,19.062413,72.904859,22722.09,20449.88,1,22722.09,1,2
8293-3022-6783,Bank of Baroda,Chandigarh,30.727758,76.751552,64259.08,57833.17,1,64259.08,1,2
8293-7374-1884,Federal Bank,Chandigarh,30.753163,76.737716,48995.51,44095.96,1,48995.51,1,2
8298-1484-4239,YES Bank,Hyderabad,17.423599,78.465001,52123.29,0.0,1,52123.29,1,2
8299-3114-2002,ICICI Bank,Noida,28.561668,77.388893,395317.41,395317.41000000003,1,395317.41,1,1
8300-2435-4533,ICICI Bank,Patna,25.641136,85.129983,5394.56,0.0,1,5394.56,1,2
8301-4937-4994,South Indian Bank,Kolkata,22.599649,88.365331,144221.61,129799.45,1,144221.61,1,2
8305-1147-6479,Bank of Baroda,Noida,28.567367,77.367733,23702.76,21332.48,1,23702.76,1,2
8307-8010-9248,Kotak Mahindra Bank,Bengaluru,12.949478,77.595872,179461.31,179461.31,1,179461.31,1,2
8308-8773-3953,HDFC Bank,Jaipur,26.922668,75.767311,3207.13,2886.42,1,3207.13,1,2
8317-8783-6547,ICICI Bank,Hyderabad,17.388231,78.498529,8227.48,8227.48,1,8227.48,1,1
8320-8185-7540,Union Bank of India,Chandigarh,30.755752,76.74157,93890.32,93890.32,1,93890.32,1,1
8322-2284-7243,YES Bank,Chandigarh,30.725482,76.790631,306056.71,306056.70999999996,1,306056.71,1,1
8327-7837-6939,Union Bank of India,Patna,25.62399,85.122862,1201.28,1201.28,1,1201.28,1,1
8328-7214-9742,YES Bank,Noida,28.565072,77.371118,7673.29,0.0,1,7673.29,1,2
8329-6281-6238,Union Bank of India,Pune,18.502391,73.861475,11529.25,10376.33,1,11529.25,1,2
8331-3149-6554,Punjab National Bank,Bengaluru,12.989206,77.576201,17802.48,0.0,3,5934.16,1,3
8331-7505-1003,Federal Bank,Bengaluru,12.998752,77.638935,11419.09,11419.09,1,11419.09,1,1
8337-8375-6071,South Indian Bank,Bengaluru,12.990663,77.547977,120688.17,120688.17,1,120688.17,1,2
8338-2906-2072,YES Bank,Hyderabad,17.370832,78.528361,96219.5,0.0,1,96219.5,1,2
8340-2329-6180,State Bank of India,Gurgaon,28.483388,77.072953,15671.93,15671.93,1,15671.93,1,1
8344-6258-4442,Bank of Baroda,Hyderabad,17.399303,78.523765,606.76,0.0,1,606.76,1,2
8350-4162-2789,ICICI Bank,Chennai,13.043347,80.243558,137343.55,0.0,1,137343.55,1,2
8354-1012-3160,South Indian Bank,Patna,25.589117,85.122918,217100.18,0.0,4,54275.04,1,3
8356-1589-6379,IndusInd Bank,Mumbai,19.093451,72.909149,137479.53,123731.58,1,137479.53,1,2
8361-2596-1597,UCO Bank,Delhi,28.645278,77.160619,68593.13,68593.13,1,68593.13,1,1
8367-3793-1601,Punjab National Bank,Mumbai,19.095965,72.878077,38893.28,35003.95,1,38893.28,1,2
8368-5407-4345,Bank of Baroda,Ahmedabad,23.060414,72.613516,78964.42,71067.98,1,78964.42,1,2
8368-8138-5739,YES Bank,Ahmedabad,23.066162,72.529779,17874.35,16086.92,1,17874.35,1,2
8371-3291-5947,Canara Bank,Mumbai,19.09202,72.893847,444443.42,0.0,3,148147.81,1,3
8375-4073-9375,IndusInd Bank,Kolkata,22.591602,88.335539,192.38,173.14,1,192.38,1,2
8376-1946-8760,ICICI Bank,Hyderabad,17.342697,78.507146,244804.18,244804.18,1,244804.18,1,1
8383-1869-3021,Union Bank of India,Gurgaon,28.448626,77.072048,369.4,332.46,1,369.4,1,2
8387-6744-4829,South Indian Bank,Hyderabad,17.343759,78.520352,8989.4,8090.46,1,8989.4,1,2
8393-5505-6491,ICICI Bank,Kolkata,22.563325,88.388615,12732.17,11458.95,1,12732.17,1,2
8396-7876-9597,State Bank of India,Noida,28.519702,77.416318,224787.06,202308.35,1,224787.06,1,2
8397-1419-7745,UCO Bank,Noida,28.495988,77.379963,135604.86,122044.37,1,135604.86,1,2
8397-8837-3187,Canara Bank,Bhopal,23.232349,77.457411,52769.7,47492.73,1,52769.7,1,2
8404-8075-4374,IDBI Bank,Patna,25.630477,85.162157,607.82,547.04,1,607.82,1,2
8407-9270-3656,Union Bank of India,Pune,18.526803,73.85413,176120.39,176120.39,1,176120.39,1,1
8408-1176-3185,ICICI Bank,Kolkata,22.613211,88.398277,226081.82,226081.82,1,226081.82,1,2
8409-1358-7371,South Indian Bank,Hyderabad,17.378736,78.471523,61299.11,61299.11,1,61299.11,1,2
8411-6534-7181,Kotak Mahindra Bank,Bhopal,23.264128,77.423078,17967.95,0.0,4,4491.99,1,3
8412-8531-3017,YES Bank,Chandigarh,30.696743,76.814303,265819.95,239237.96,1,265819.95,1,2
8415-9039-6747,Kotak Mahindra Bank,Noida,28.554078,77.413822,50902.95,50902.95,1,50902.95,1,1
8420-9187-1598,Punjab National Bank,Bengaluru,12.955566,77.580245,22602.08,22602.08,1,22602.08,1,2
8421-9704-5775,Punjab National Bank,Chandigarh,30.755079,76.820912,106650.45,95985.4,1,106650.45,1,2
8422-3578-9730,UCO Bank,Bhopal,23.254408,77.394173,12341.38,11107.24,1,12341.38,1,2
8423-6323-3118,UCO Bank,Hyderabad,17.374886,78.454501,8482.36,7634.12,1,8482.36,1,2
8424-1709-2710,State Bank of India,Chandigarh,30.700889,76.807949,190723.2,190723.2,1,190723.2,1,3
8424-3137-4765,Canara Bank,Hyderabad,17.362302,78.465174,207820.29,187038.26,1,207820.29,1,2
8424-6420-1623,YES Bank,Bengaluru,13.011205,77.593184,106240.45,106240.45000000001,1,106240.45,1,1
8425-5305-9943,Bank of Baroda,Patna,25.621301,85.133232,14138.76,0.0,1,14138.76,1,2
8425-5524-3239,Bank of Baroda,Patna,25.60295,85.099466,396733.42,396733.42,1,396733.42,1,1
8429-7351-2692,Bank of Baroda,Lucknow,26.847742,80.909823,123814.85,111433.36,1,123814.85,1,2
8431-8836-2000,Federal Bank,Chennai,13.122731,80.272528,37919.47,34127.52,1,37919.47,1,2
8436-7113-1439,ICICI Bank,Hyderabad,17.406618,78.436726,392048.3,392048.3,1,392048.3,1,2
8437-1032-7997,IndusInd Bank,Jaipur,26.894475,75.80485,171874.09,0.0,4,42968.52,1,3
8437-9046-7938,Kotak Mahindra Bank,Jaipur,26.875279,75.758608,112989.19,101690.27,1,112989.19,1,2
8439-9474-6377,YES Bank,Bhopal,23.300337,77.375198,40203.69,40203.69,1,40203.69,1,1
8440-6034-5411,Punjab National Bank,Chennai,13.10588,80.306017,300087.82,270079.04,1,300087.82,1,2
8443-2605-3401,UCO Bank,Kolkata,22.600482,88.401101,6251.03,6251.030000000001,1,6251.03,1,1
8444-3517-2153,ICICI Bank,Chandigarh,30.752444,76.808846,4226.67,3804.0,1,4226.67,1,2
8445-3098-3176,YES Bank,Bengaluru,12.932247,77.563985,3652.3,3287.07,1,3652.3,1,2
8445-6439-8751,Axis Bank,Delhi,28.599414,77.222366,408845.27,408845.27,1,408845.27,1,1
8448-7243-2875,Canara Bank,Chandigarh,30.747786,76.807864,54122.53,0.0,1,54122.53,1,2
8449-3161-4595,IndusInd Bank,Chandigarh,30.726966,76.759779,28586.27,28667.83,1,28586.27,1,1
8449-9978-7370,Axis Bank,Bengaluru,12.945545,77.626359,22554.4,20298.96,1,22554.4,1,2
8450-5539-9374,Canara Bank,Jaipur,26.921927,75.784937,17474.83,15727.35,1,17474.83,1,2
8451-9573-4459,South Indian Bank,Kolkata,22.587617,88.359528,152387.11,137148.4,1,152387.11,1,2
8454-8850-3509,Canara Bank,Patna,25.558498,85.133593,78806.24,78806.24,1,78806.24,1,1
8461-1961-5298,Canara Bank,Mumbai,19.109894,72.903954,89335.69,89335.69,1,89335.69,1,1
8461-4379-3953,IDBI Bank,Gurgaon,28.503869,76.991323,244804.18,244804.18,1,244804.18,1,2
8464-6085-8625,Axis Bank,Mumbai,19.11211,72.889394,213831.41,213831.41,1,213831.41,1,1
8466-4330-4615,IDBI Bank,Mumbai,19.0752,72.836626,856.03,770.43,1,856.03,1,2
8469-2899-2980,State Bank of India,Chennai,13.047343,80.225505,12007.82,12007.82,1,12007.82,1,1
8471-7783-7723,HDFC Bank,Chandigarh,30.729182,76.766712,50474.77,45427.29,1,50474.77,1,2
8472-2364-5164,Punjab National Bank,Jaipur,26.926957,75.808744,72385.13,0.0,1,72385.13,1,2
8472-8917-7138,YES Bank,Gurgaon,28.430101,76.986631,666.69,600.02,1,666.69,1,2
8476-6681-5873,Canara Bank,Ahmedabad,23.036494,72.568002,339416.57,0.0,3,113138.86,1,3
8476-8739-2570,ICICI Bank,Chandigarh,30.756195,76.735875,337390.3,337390.3,1,337390.3,1,1
8482-4666-3734,Union Bank of India,Pune,18.502304,73.876029,79122.11,79122.11,1,79122.11,1,1
8486-7583-3275,UCO Bank,Noida,28.513447,77.410926,449416.62,449416.62,1,449416.62,1,1
8488-4122-6536,YES Bank,Hyderabad,17.427663,78.520447,408845.27,367960.74,1,408845.27,1,2
8493-8145-4998,UCO Bank,Chandigarh,30.750617,76.817676,4847.68,4913.51,1,4847.68,1,1
8495-6966-6980,Kotak Mahindra Bank,Chennai,13.055487,80.309297,225775.66,225775.66,1,225775.66,1,1
8507-5311-3631,Canara Bank,Patna,25.622197,85.104806,277713.66,277713.66,1,277713.66,1,1
8512-5616-1471,Punjab National Bank,Gurgaon,28.454718,77.000516,7697.05,7697.05,1,7697.05,1,1
8516-9456-6927,Canara Bank,Delhi,28.639819,77.225018,19726.51,17753.86,1,19726.51,1,2
8517-4007-5158,Federal Bank,Patna,25.560091,85.115464,116478.36,116478.36,1,116478.36,1,1
8522-1252-9650,IndusInd Bank,Jaipur,26.940559,75.744565,2696.48,2426.83,1,2696.48,1,2
8524-3490-4704,Federal Bank,Hyderabad,17.409639,78.448467,72116.51,0.0,1,72116.51,1,4
8526-5900-6195,Bank of Baroda,Chennai,13.062156,80.26357,90067.34,90067.34,1,90067.34,1,1
8531-1502-7800,HDFC Bank,Kolkata,22.555318,88.336874,261592.75,235433.48,1,261592.75,1,2
8533-8726-9132,Axis Bank,Hyderabad,17.376113,78.536502,15093.85,15093.849999999999,1,15093.85,1,1
8536-3272-5924,Canara Bank,Lucknow,26.853416,80.905043,9755.92,0.0,1,9755.92,1,2
8540-8861-8439,Punjab National Bank,Ahmedabad,22.973081,72.618377,167489.67,167489.67,1,167489.67,1,1
8542-7719-8644,IndusInd Bank,Gurgaon,28.421017,77.053738,318446.21,318446.21,1,318446.21,1,2
8548-1448-8896,IndusInd Bank,Patna,25.611791,85.110593,257828.6,257828.6,1,257828.6,1,1
8548-2964-3069,Canara Bank,Jaipur,26.929224,75.789476,272451.3,0.0,1,272451.3,1,2
8548-6468-4769,ICICI Bank,Hyderabad,17.40282,78.498253,38033.04,34229.74,1,38033.04,1,2
8552-5662-6225,Axis Bank,Kolkata,22.604931,88.356156,77388.06,0.0,1,77388.06,1,2
8552-6918-6498,Kotak Mahindra Bank,Pune,18.530612,73.885106,27351.45,27351.449999999997,1,27351.45,1,1
8554-5260-6257,YES Bank,Chandigarh,30.746279,76.806074,176423.75,176423.75,1,176423.75,1,1
8564-8004-9959,HDFC Bank,Gurgaon,28.433422,77.058539,42466.39,0.0,1,42466.39,1,3
8566-6297-4354,Punjab National Bank,Delhi,28.660233,77.162747,123142.58,0.0,1,123142.58,1,2
8566-8617-9043,South Indian Bank,Noida,28.541817,77.38368,53346.73,53346.74,1,53346.73,1,1
8567-3634-4720,IDBI Bank,Bhopal,23.28707,77.404885,5100.85,4590.77,1,5100.85,1,2
8568-8591-1404,Union Bank of India,Delhi,28.582805,77.229042,17328.55,0.0,1,17328.55,1,2
8576-6212-2591,Bank of Baroda,Mumbai,19.087139,72.900516,17325.67,15593.1,1,17325.67,1,2
8577-3052-2940,State Bank of India,Hyderabad,17.416147,78.492429,34157.74,30741.97,1,34157.74,1,2
8577-3420-4938,Federal Bank,Pune,18.486458,73.875385,32300.06,29070.05,1,32300.06,1,2
8578-5139-6074,IndusInd Bank,Patna,25.572581,85.110826,88054.36,79248.92,1,88054.36,1,2
8580-9315-7355,UCO Bank,Jaipur,26.876632,75.817844,185328.21,185328.21,1,185328.21,1,1
8584-4415-3676,South Indian Bank,Bengaluru,12.923799,77.557402,4452.47,0.0,1,4452.47,1,2
8590-9104-3573,ICICI Bank,Gurgaon,28.476359,76.993631,39570.34,39570.34,1,39570.34,1,1
8596-8608-8408,State Bank of India,Bhopal,23.288727,77.400746,170488.56,170488.56,1,170488.56,1,1
8598-8453-4934,Punjab National Bank,Bengaluru,12.95148,77.606348,12303.54,12303.55,1,12303.54,1,1
8602-9117-8388,Federal Bank,Patna,25.633621,85.16891,123010.28,123010.28,1,123010.28,1,1
8607-3510-2615,Union Bank of India,Kolkata,22.563865,88.353885,10787.79,0.0,1,10787.79,1,2
8608-9588-4936,South Indian Bank,Bhopal,23.304222,77.386858,20636.66,20636.66,1,20636.66,1,1
8612-3832-4589,State Bank of India,Pune,18.501341,73.84011,61673.07,0.0,3,20557.69,1,3
8614-8192-7817,South Indian Bank,Noida,28.52067,77.39358,184164.02,0.0,4,46041.0,1,3
8620-7333-8100,South Indian Bank,Bhopal,23.257846,77.397848,3262.01,3262.01,1,3262.01,1,1
8627-6121-9111,UCO Bank,Jaipur,26.898298,75.819001,66310.74,66310.73999999999,1,66310.74,1,1
8628-1461-8776,YES Bank,Gurgaon,28.438461,77.003101,211267.85,211267.85,1,211267.85,1,1
8629-2008-6569,Punjab National Bank,Jaipur,26.868152,75.822597,393619.52,0.0,1,393619.52,1,3
8642-1606-6877,Punjab National Bank,Chandigarh,30.738445,76.824729,108323.67,108323.67,1,108323.67,1,1
8645-8936-1491,IndusInd Bank,Mumbai,19.067415,72.912605,13752.01,12376.81,1,13752.01,1,2
8645-9514-6798,Kotak Mahindra Bank,Gurgaon,28.413142,76.983942,200567.88,180511.09,1,200567.88,1,2
8647-4960-2781,Canara Bank,Ahmedabad,22.973775,72.522553,57892.14,52102.93,1,57892.14,1,2
8650-5352-9600,Union Bank of India,Noida,28.498572,77.352301,102898.89,92609.0,1,102898.89,1,2
8650-5515-2455,UCO Bank,Chandigarh,30.769158,76.746549,145644.11,145644.12,1,145644.11,1,1
8652-1351-9150,ICICI Bank,Jaipur,26.880629,75.748366,4793.77,4314.39,1,4793.77,1,2
8652-7756-9765,HDFC Bank,Noida,28.584477,77.395857,84901.72,76411.55,1,84901.72,1,2
8655-5606-7996,Federal Bank,Patna,25.606033,85.114046,9353.95,8418.56,1,9353.95,1,2
8656-1198-5037,Canara Bank,Patna,25.613629,85.154454,178750.27,0.0,4,44687.57,1,3
8656-1475-7610,Federal Bank,Kolkata,22.569909,88.362718,20220.04,0.0,4,5055.01,1,3
8656-4903-3160,South Indian Bank,Delhi,28.621204,77.199976,99026.94,0.0,5,19805.39,1,3
8657-3036-5133,UCO Bank,Patna,25.629892,85.150707,6544.16,6544.16,1,6544.16,1,1
8658-8320-4723,South Indian Bank,Lucknow,26.860481,80.949812,58631.74,0.0,4,14657.94,1,3
8662-3072-7386,YES Bank,Bengaluru,12.928023,77.589791,75482.33,0.0,1,75482.33,1,3
8663-4342-7228,Canara Bank,Mumbai,19.100291,72.844474,8990.97,8990.97,1,8990.97,1,2
8663-9122-9947,Bank of Baroda,Hyderabad,17.354039,78.481449,217807.25,217807.25,1,217807.25,1,2
8668-1055-2826,HDFC Bank,Delhi,28.596448,77.210914,64352.8,64352.8,1,64352.8,1,1
8671-8165-2297,UCO Bank,Delhi,28.571553,77.163509,108511.18,97660.06,1,108511.18,1,2
8678-9228-5699,IndusInd Bank,Bhopal,23.304645,77.403251,48746.89,43872.2,1,48746.89,1,2
8679-9484-4566,Axis Bank,Gurgaon,28.468886,77.014013,93095.93,83786.34,1,93095.93,1,2
8684-5849-1464,YES Bank,Patna,25.57716,85.125594,498594.91,498594.91,1,498594.91,1,3
8689-4312-9492,IndusInd Bank,Bengaluru,12.992181,77.591906,2217.1,0.0,1,2217.1,1,2
8693-5607-5086,IndusInd Bank,Gurgaon,28.419207,76.980538,781.01,702.91,1,781.01,1,2
8696-1317-6135,Kotak Mahindra Bank,Chennai,13.122743,80.315414,86815.87,86815.87,1,86815.87,1,1
8696-1868-7663,Axis Bank,Hyderabad,17.420603,78.492526,21826.59,0.0,1,21826.59,1,2
8702-3836-7852,ICICI Bank,Mumbai,19.04788,72.914652,53419.99,48077.99,1,53419.99,1,2
8702-3975-4148,Axis Bank,Hyderabad,17.432497,78.461416,59548.93,59548.93,1,59548.93,1,1
8707-7775-6265,YES Bank,Patna,25.551229,85.134722,6788.41,6788.41,1,6788.41,1,2
8709-8156-4495,UCO Bank,Mumbai,19.060001,72.877591,106214.73,106214.73,1,106214.73,1,2
8712-9071-2668,UCO Bank,Bhopal,23.258588,77.457261,53648.83,53648.83,1,53648.83,1,1
8715-5171-7369,ICICI Bank,Lucknow,26.85642,80.949092,95223.44,0.0,4,23805.86,1,3
8718-4804-8180,YES Bank,Chandigarh,30.717438,76.75661,33651.49,30286.34,1,33651.49,1,2
8720-9852-1791,ICICI Bank,Jaipur,26.865542,75.76133,188655.16,0.0,1,188655.16,1,4
8723-4951-9724,HDFC Bank,Ahmedabad,22.99563,72.608055,74809.71,74809.70999999999,1,74809.71,1,1
8725-6260-3599,Union Bank of India,Hyderabad,17.412844,78.498306,96854.97,87169.47,1,96854.97,1,2
8728-7678-3760,Union Bank of India,Lucknow,26.808871,80.983218,74318.54,66886.69,1,74318.54,1,2
8731-1757-9931,HDFC Bank,Mumbai,19.06221,72.881313,331494.75,0.0,4,82873.69,1,3
8732-7024-2050,Union Bank of India,Jaipur,26.886222,75.774608,17050.88,15345.79,1,17050.88,1,2
8737-1812-1829,UCO Bank,Kolkata,22.621128,88.319047,296835.91,296835.91,1,296835.91,1,2
8737-9148-5323,Punjab National Bank,Bhopal,23.22187,77.435078,50229.99,0.0,1,50229.99,1,4
8738-4880-3345,Bank of Baroda,Kolkata,22.593837,88.346023,311811.96,311811.96,1,311811.96,1,1
8739-3404-3095,YES Bank,Patna,25.615177,85.167674,9708.36,8737.52,1,9708.36,1,2
8740-2279-9834,UCO Bank,Pune,18.475677,73.841055,48743.38,0.0,1,48743.38,1,3
8743-3322-7478,Kotak Mahindra Bank,Noida,28.529419,77.414436,93919.44,93919.44,1,93919.44,1,1
8746-7215-8813,Kotak Mahindra Bank,Ahmedabad,22.990683,72.610799,4586.99,4128.29,1,4586.99,1,2
8750-1613-3821,South Indian Bank,Bengaluru,12.945358,77.619175,5283.98,4755.58,1,5283.98,1,2
8752-4095-4526,IDBI Bank,Chandigarh,30.716095,76.764664,33795.27,0.0,5,6759.05,1,3
8753-7010-9295,ICICI Bank,Bengaluru,13.0142,77.628786,5195.43,4675.89,1,5195.43,1,2
8756-4429-3754,State Bank of India,Bengaluru,13.011195,77.549819,143582.73,0.0,1,143582.73,1,2
8756-4496-1886,ICICI Bank,Noida,28.492426,77.381507,5525.1,4972.59,1,5525.1,1,2
8758-4973-5533,YES Bank,Noida,28.554336,77.440728,8709.01,7838.11,1,8709.01,1,2
8761-5291-2736,Bank of Baroda,Chandigarh,30.688024,76.750685,38319.88,34487.89,1,38319.88,1,2
8762-5396-7569,Axis Bank,Chennai,13.07229,80.2513,2039.81,1835.83,1,2039.81,1,2
8762-7830-5413,Bank of Baroda,Lucknow,26.879623,80.927735,131339.76,131339.76,1,131339.76,1,1
8763-8592-1555,HDFC Bank,Pune,18.488524,73.902166,95866.02,95866.01999999999,1,95866.02,1,1
8764-6680-7883,IDBI Bank,Jaipur,26.891552,75.743595,48952.15,48952.15,1,48952.15,1,2
8765-6089-7573,ICICI Bank,Pune,18.568749,73.81593,64138.35,57724.52,1,64138.35,1,2
8766-2453-9881,Punjab National Bank,Mumbai,19.088228,72.86171,305935.21,0.0,5,61187.04,1,3
8768-7299-1781,Canara Bank,Chandigarh,30.750763,76.75568,32596.37,29336.73,1,32596.37,1,2
8772-3269-6624,Kotak Mahindra Bank,Noida,28.511551,77.361061,157573.14,157573.14,1,157573.14,1,1
8784-7678-1006,ICICI Bank,Mumbai,19.117835,72.859822,304477.89,304477.89,1,304477.89,1,1
8790-6483-6516,IndusInd Bank,Chandigarh,30.749826,76.771651,144617.38,0.0,5,28923.48,1,3
8794-9771-6136,UCO Bank,Bhopal,23.255924,77.406387,12470.12,0.0,1,12470.12,1,2
8795-7626-8938,Punjab National Bank,Gurgaon,28.454963,76.988819,3886.88,3886.88,1,3886.88,1,3
8796-5458-8208,Kotak Mahindra Bank,Hyderabad,17.396205,78.489994,4128.25,0.0,3,1376.08,1,3
8799-2959-7114,IDBI Bank,Ahmedabad,23.057028,72.537685,16056.63,16056.63,1,16056.63,1,3
8799-4232-9115,UCO Bank,Lucknow,26.838223,80.953246,406966.33999999997,0.0,3,135655.45,1,3
8800-8175-7079,HDFC Bank,Kolkata,22.544921,88.359547,131683.54,118515.19,1,131683.54,1,2
8802-5937-8803,IDBI Bank,Hyderabad,17.361263,78.489744,87085.86,87085.86,1,87085.86,1,1
8802-8692-5208,ICICI Bank,Bengaluru,12.966223,77.599144,238811.22,0.0,3,79603.74,1,3
8808-6578-9282,UCO Bank,Chandigarh,30.717667,76.825867,24067.97,0.0,1,24067.97,1,2
8809-9805-2132,Federal Bank,Jaipur,26.885685,75.776397,210353.8,210353.8,1,210353.8,1,1
8816-3205-4005,State Bank of India,Ahmedabad,23.009487,72.58634,8233.19,0.0,1,8233.19,1,2
8816-5908-1149,State Bank of India,Kolkata,22.541457,88.402116,2250.91,2025.82,1,2250.91,1,2
8822-7550-9433,Punjab National Bank,Noida,28.510981,77.358267,117697.2,117697.19,1,117697.2,1,1
8825-4211-9835,Canara Bank,Patna,25.640452,85.093948,14824.58,13342.12,1,14824.58,1,2
8825-5921-3434,Union Bank of India,Hyderabad,17.344448,78.502786,110166.3,99149.67,1,110166.3,1,2
8826-9388-5374,Union Bank of India,Ahmedabad,23.05572,72.604519,3800.2,3420.18,1,3800.2,1,2
8829-2094-4039,UCO Bank,Hyderabad,17.36659,78.474798,206598.3,0.0,3,68866.1,1,3
8832-3094-4221,HDFC Bank,Chennai,13.121597,80.318602,30413.03,27371.73,1,30413.03,1,2
8833-8144-7617,Canara Bank,Lucknow,26.874683,80.90832,33771.29,30394.16,1,33771.29,1,2
8838-1686-9050,Kotak Mahindra Bank,Bengaluru,12.924704,77.614663,455146.88,455146.88,1,455146.88,1,3
8838-4665-1016,Axis Bank,Noida,28.552332,77.422431,93164.92,93164.92,1,93164.92,1,1
8840-4971-7912,South Indian Bank,Noida,28.526459,77.421332,138260.95,138260.95,1,138260.95,1,2
8843-7525-1719,IDBI Bank,Lucknow,26.851711,80.965046,131007.69,0.0,5,26201.54,1,3
8844-3121-5432,Bank of Baroda,Hyderabad,17.365342,78.521683,2508.35,2257.52,1,2508.35,1,2
8844-5008-2092,HDFC Bank,Bhopal,23.210531,77.4295,3146.06,3146.06,1,3146.06,1,1
8846-3531-4994,State Bank of India,Noida,28.515174,77.392154,17435.31,0.0,1,17435.31,1,2
8848-2535-9125,Kotak Mahindra Bank,Gurgaon,28.495735,76.995486,159332.95,0.0,1,159332.95,1,4
8849-5955-2564,ICICI Bank,Bengaluru,12.958989,77.571354,1916.16,0.0,1,1916.16,1,2
8856-5484-2549,Bank of Baroda,Noida,28.576388,77.420522,120901.52,108811.37,1,120901.52,1,2
8858-5404-5599,UCO Bank,Bengaluru,12.970598,77.580462,255743.38,0.0,5,51148.68,1,3
8863-8077-1393,YES Bank,Jaipur,26.946451,75.762015,68286.99,61458.29,1,68286.99,1,2
8870-4498-4091,IndusInd Bank,Jaipur,26.948269,75.744392,17624.42,17624.42,1,17624.42,1,1
8876-6431-7158,Canara Bank,Gurgaon,28.508488,77.012882,446866.61,446866.61,1,446866.61,1,1
8877-1979-5799,HDFC Bank,Noida,28.570207,77.416794,35693.19,32123.87,1,35693.19,1,2
8879-3625-4972,Canara Bank,Patna,25.59086,85.141257,173794.19,0.0,3,57931.4,1,3
8881-3404-3358,South Indian Bank,Delhi,28.635285,77.163424,53236.28,53236.28,1,53236.28,1,1
8887-8284-4046,Bank of Baroda,Pune,18.558922,73.88425,13107.09,11796.38,1,13107.09,1,2
8889-5471-3991,Punjab National Bank,Mumbai,19.048924,72.891575,15298.25,15298.25,1,15298.25,1,1
8890-7101-4803,ICICI Bank,Jaipur,26.91327,75.829081,206075.41,206075.41,1,206075.41,1,1
8899-1854-7342,HDFC Bank,Chandigarh,30.781553,76.766171,3756.44,3380.8,1,3756.44,1,2
8899-6173-7630,HDFC Bank,Chennai,13.038911,80.262604,132236.22,0.0,1,132236.22,1,2
8901-3053-3757,IndusInd Bank,Bhopal,23.283611,77.370615,11437.98,11437.98,1,11437.98,1,1
8907-9386-1819,Union Bank of India,Ahmedabad,23.008124,72.589956,87926.12,87926.12,1,87926.12,1,2
8913-3315-1301,State Bank of India,Chennai,13.127218,80.22736,16540.05,14886.04,1,16540.05,1,2
8914-1947-6403,IDBI Bank,Noida,28.505493,77.413334,3211.28,2890.15,1,3211.28,1,2
8916-8135-2776,Union Bank of India,Mumbai,19.071089,72.887319,35495.270000000004,0.0,4,8873.82,1,3
8917-6429-6260,South Indian Bank,Chandigarh,30.715661,76.786239,12167.55,10950.8,1,12167.55,1,2
8924-7793-7795,State Bank of India,Pune,18.544782,73.815866,124389.33,124389.33,1,124389.33,1,1
8925-4015-4849,ICICI Bank,Bhopal,23.275647,77.379678,173271.09,155943.98,1,173271.09,1,2
8925-5157-6024,IDBI Bank,Gurgaon,28.430946,77.016656,24694.08,24694.08,1,24694.08,1,1
8926-8784-8686,IndusInd Bank,Kolkata,22.542442,88.391923,131156.66,131156.66,1,131156.66,1,1
8933-3700-1768,Canara Bank,Pune,18.502925,73.852068,279.1,0.0,1,279.1,1,2
8935-8057-1954,IndusInd Bank,Bengaluru,13.016559,77.555344,1462.79,1316.51,1,1462.79,1,2
8936-1890-8141,Canara Bank,Bengaluru,12.967374,77.564015,198658.48,198658.48,1,198658.48,1,2
8936-9874-5551,Bank of Baroda,Delhi,28.623622,77.239044,14355.56,0.0,1,14355.56,1,2
8941-5773-1590,IDBI Bank,Chandigarh,30.694239,76.739602,44052.8,0.0,1,44052.8,1,2
8947-9436-2901,South Indian Bank,Mumbai,19.070482,72.885676,190723.2,0.0,1,190723.2,1,4
8949-8499-9077,Punjab National Bank,Gurgaon,28.42633,77.027474,13967.64,12570.88,1,13967.64,1,2
8953-8324-4351,Bank of Baroda,Jaipur,26.895142,75.789927,145317.45,145317.46,1,145317.45,1,1
8954-4587-6567,ICICI Bank,Kolkata,22.600555,88.324932,10068.9,9062.01,1,10068.9,1,2
8954-9388-4644,IDBI Bank,Bhopal,23.214413,77.377459,21743.81,21743.81,1,21743.81,1,1
8955-4977-9109,UCO Bank,Hyderabad,17.361575,78.53643,489277.18,489277.18,1,489277.18,1,1
8956-9373-2833,Punjab National Bank,Ahmedabad,23.025185,72.586569,47871.72,43084.55,1,47871.72,1,2
8961-1458-3340,South Indian Bank,Pune,18.491958,73.888613,2090.9,1881.81,1,2090.9,1,2
8965-8346-1097,State Bank of India,Hyderabad,17.339153,78.476281,59551.74,53596.57,1,59551.74,1,2
8967-4483-8802,IndusInd Bank,Mumbai,19.082821,72.926481,235975.95,235975.95,1,235975.95,1,1
8972-2873-8584,YES Bank,Bhopal,23.242641,77.427099,52902.34,52902.34,1,52902.34,1,1
8976-1229-9209,South Indian Bank,Bengaluru,12.963368,77.641571,33645.49,33645.49,1,33645.49,1,1
8976-8368-5715,IDBI Bank,Gurgaon,28.490536,77.062543,168688.63,0.0,1,168688.63,1,3
8976-8898-1108,Axis Bank,Noida,28.549848,77.362152,113986.17,113986.17,1,113986.17,1,1
8978-3210-5468,Bank of Baroda,Chandigarh,30.729704,76.764794,58279.61,52451.65,1,58279.61,1,2
8986-2792-9037,Federal Bank,Gurgaon,28.415074,77.002939,20727.74,18654.97,1,20727.74,1,2
8988-1106-6229,Union Bank of India,Chennai,13.049013,80.227256,121738.65,109564.78,1,121738.65,1,2
8989-2979-2900,HDFC Bank,Ahmedabad,23.022984,72.527435,155502.5,139952.25,1,155502.5,1,2
8992-4812-6189,Kotak Mahindra Bank,Lucknow,26.852602,80.950473,8673.4,8673.4,1,8673.4,1,1
8992-6933-9217,HDFC Bank,Patna,25.585154,85.111434,16296.54,0.0,1,16296.54,1,2
8992-8101-8309,UCO Bank,Bengaluru,13.011389,77.626534,114028.5,102625.65,1,114028.5,1,2
8993-4799-1994,IndusInd Bank,Hyderabad,17.346694,78.49897,52098.69,46888.82,1,52098.69,1,2
8993-7157-9502,Axis Bank,Bengaluru,12.988861,77.634979,237298.47,213568.62,1,237298.47,1,2
8998-7759-1393,IndusInd Bank,Kolkata,22.560853,88.347306,445445.09,0.0,4,111361.27,1,3
8999-1942-6828,UCO Bank,Chennai,13.062535,80.231416,188167.54,188167.54,1,188167.54,1,3
9001-2639-4373,Punjab National Bank,Bengaluru,12.941776,77.608144,31596.36,28436.72,1,31596.36,1,2
9001-9124-5341,Union Bank of India,Lucknow,26.810534,80.931614,2324.22,2091.8,1,2324.22,1,2
9017-9147-4781,ICICI Bank,Delhi,28.63768,77.242031,3886.88,0.0,1,3886.88,1,4
9018-8316-2020,Canara Bank,Chennai,13.081914,80.294084,12558.44,11302.6,1,12558.44,1,2
9019-4487-9457,Kotak Mahindra Bank,Lucknow,26.844985,80.925439,1052.51,947.26,1,1052.51,1,2
9020-7830-3668,HDFC Bank,Lucknow,26.842243,80.899461,28349.85,0.0,1,28349.85,1,2
9022-6610-9728,UCO Bank,Jaipur,26.887559,75.764121,112548.49,112548.48999999999,1,112548.49,1,1
9023-8531-6738,Canara Bank,Gurgaon,28.504035,77.051336,61178.09,61178.09,1,61178.09,1,1
9026-9010-5487,Canara Bank,Noida,28.49957,77.368933,245301.9,245301.9,1,245301.9,1,1
9029-5596-6274,IDBI Bank,Chennai,13.04188,80.29732,203233.09,203233.09,1,203233.09,1,3
9034-4506-1135,Punjab National Bank,Jaipur,26.930043,75.782629,30002.08,27001.87,1,30002.08,1,2
9036-2966-3521,State Bank of India,Kolkata,22.604836,88.344696,8272.31,7445.08,1,8272.31,1,2
9037-5096-6654,ICICI Bank,Hyderabad,17.423194,78.473508,7969.09,7969.09,1,7969.09,1,1
9038-3250-4043,IndusInd Bank,Lucknow,26.817075,80.937567,4725.71,4253.14,1,4725.71,1,2
9039-5777-3140,YES Bank,Kolkata,22.599453,88.408139,25821.69,23239.52,1,25821.69,1,2
9040-4845-7148,Federal Bank,Gurgaon,28.487252,77.050046,158.9,143.01,1,158.9,1,2
9042-4304-9141,South Indian Bank,Kolkata,22.526724,88.323736,374.48,374.48,1,374.48,1,1
9042-8366-4314,Bank of Baroda,Ahmedabad,23.011534,72.601216,95556.51,0.0,1,95556.51,1,2
9046-3844-5123,UCO Bank,Chandigarh,30.78237,76.746753,276632.25,0.0,1,276632.25,1,2
9046-8168-5687,IndusInd Bank,Jaipur,26.882754,75.818301,56818.61,51136.75,1,56818.61,1,2
9050-1806-3834,IDBI Bank,Noida,28.505587,77.412049,54051.77,0.0,1,54051.77,1,2
9060-8564-5154,UCO Bank,Jaipur,26.914492,75.76706,334709.39,334709.39,1,334709.39,1,1
9063-9697-9333,Axis Bank,Hyderabad,17.430898,78.478369,154649.11,0.0,1,154649.11,1,2
9064-2048-9423,State Bank of India,Pune,18.548364,73.879396,22722.31,20450.08,1,22722.31,1,2
9066-9006-8904,Punjab National Bank,Pune,18.52302,73.847282,174097.58,0.0,4,43524.4,1,3
9071-9971-4897,Canara Bank,Mumbai,19.092688,72.846947,9425.92,8483.33,1,9425.92,1,2
9073-8596-3243,IDBI Bank,Jaipur,26.908296,75.757661,354677.24,0.0,1,354677.24,1,2
9083-5509-3800,Federal Bank,Noida,28.541579,77.379444,19251.39,17326.25,1,19251.39,1,2
9084-5129-7747,UCO Bank,Hyderabad,17.361814,78.457622,42728.78,38455.9,1,42728.78,1,2
9084-8063-5500,Kotak Mahindra Bank,Lucknow,26.82111,80.978757,15993.17,14393.85,1,15993.17,1,2
9086-2194-1579,HDFC Bank,Hyderabad,17.408929,78.529636,272561.01,245304.91,1,272561.01,1,2
9086-6768-2636,Punjab National Bank,Delhi,28.56913,77.211377,406322.58,406322.58,1,406322.58,1,1
9086-7897-3940,YES Bank,Delhi,28.633521,77.198516,4334.65,0.0,1,4334.65,1,2
9088-1152-2132,Canara Bank,Chennai,13.107561,80.282307,75288.39,67759.55,1,75288.39,1,2
9089-4496-4830,South Indian Bank,Lucknow,26.809777,80.990538,24574.41,0.0,1,24574.41,1,2
9096-7259-3133,IDBI Bank,Jaipur,26.904233,75.778152,135646.92,135646.92,1,135646.92,1,1
9099-8192-1175,Federal Bank,Jaipur,26.914215,75.756775,26275.16,23647.64,1,26275.16,1,2
9101-4677-4587,Federal Bank,Ahmedabad,23.056293,72.562853,27109.96,27109.97,1,27109.96,1,1
9102-3094-4209,IDBI Bank,Hyderabad,17.361312,78.453111,22906.24,20615.62,1,22906.24,1,2
9105-5458-2633,Axis Bank,Gurgaon,28.446623,77.054678,90464.9,0.0,1,90464.9,1,3
9112-6953-7763,Federal Bank,Bhopal,23.241684,77.393009,295138.86,0.0,5,59027.77,1,3
9115-3494-4212,IndusInd Bank,Patna,25.599441,85.153978,79834.48,79834.48,1,79834.48,1,1
9119-3087-6322,Federal Bank,Hyderabad,17.345973,78.447488,195359.92,175823.93,1,195359.92,1,2
9119-5191-4490,Bank of Baroda,Noida,28.565979,77.370423,132485.09,132485.1,1,132485.09,1,1
9122-1815-2386,YES Bank,Lucknow,26.887576,80.926791,148983.76,148983.76,1,148983.76,1,1
9123-5600-7396,South Indian Bank,Noida,28.545408,77.400221,167460.78999999998,0.0,5,33492.16,1,3
9123-7133-5466,Kotak Mahindra Bank,Lucknow,26.875421,80.984018,29752.19,0.0,1,29752.19,1,2
9128-2574-3227,IDBI Bank,Jaipur,26.904699,75.804932,95875.72,0.0,3,31958.57,1,3
9129-1836-3756,Canara Bank,Bhopal,23.275685,77.451102,3629.6,0.0,1,3629.6,1,2
9129-3756-4588,Bank of Baroda,Bhopal,23.287171,77.399572,25245.85,25245.85,1,25245.85,1,1
9129-4369-7211,IDBI Bank,Ahmedabad,23.029335,72.542299,691.82,0.0,1,691.82,1,2
9132-9514-9154,Kotak Mahindra Bank,Patna,25.583409,85.12922,364239.91,0.0,3,121413.3,1,3
9136-9316-4690,Union Bank of India,Ahmedabad,23.040694,72.595192,156171.05,0.0,1,156171.05,1,2
9137-2315-5262,South Indian Bank,Noida,28.503958,77.357898,1904.18,1713.76,1,1904.18,1,2
9137-9079-5448,ICICI Bank,Mumbai,19.070738,72.912853,116774.75,116774.75,1,116774.75,1,1
9141-1000-1295,South Indian Bank,Lucknow,26.837701,80.991264,5594.24,5034.82,1,5594.24,1,2
9143-2538-6177,Kotak Mahindra Bank,Ahmedabad,23.009842,72.539324,251465.53,251465.53,1,251465.53,1,1
9144-9826-9745,IDBI Bank,Noida,28.521671,77.361328,1498.57,0.0,1,1498.57,1,2
9146-3521-3121,State Bank of India,Hyderabad,17.353624,78.49922,35802.5,32222.25,1,35802.5,1,2
9148-5843-5250,IDBI Bank,Mumbai,19.079464,72.90619,91591.48,91591.48000000001,1,91591.48,1,1
9151-6194-5473,Axis Bank,Pune,18.477989,73.896848,17538.72,15784.85,1,17538.72,1,2
9155-8035-8130,Bank of Baroda,Mumbai,19.10319,72.900751,455802.57,455802.57,1,455802.57,1,2
9157-9032-9270,Union Bank of India,Delhi,28.56706,77.202041,329681.16,329681.16,1,329681.16,1,1
9162-7737-9200,YES Bank,Delhi,28.644164,77.199446,146473.03,131825.73,1,146473.03,1,2
9164-1712-7982,State Bank of India,Chennai,13.126564,80.230631,18962.25,18962.25,1,18962.25,1,1
9170-1575-9435,Punjab National Bank,Kolkata,22.609123,88.407287,1174.59,1057.13,1,1174.59,1,2
9172-1071-9689,IDBI Bank,Delhi,28.627453,77.208317,438023.06,0.0,3,146007.69,1,3
9172-7937-8210,IDBI Bank,Chennai,13.129503,80.272019,109781.68,0.0,1,109781.68,1,2
9176-9315-7355,Kotak Mahindra Bank,Ahmedabad,23.009796,72.591746,474760.34,0.0,1,474760.34,1,3
9183-7577-5881,Union Bank of India,Kolkata,22.561546,88.412782,141390.53,0.0,1,141390.53,1,2
9186-9411-3790,HDFC Bank,Jaipur,26.88851,75.830359,37919.47,37919.47,1,37919.47,1,1
9192-1223-4874,State Bank of India,Jaipur,26.909587,75.791183,185445.86,0.0,3,61815.29,1,3
9193-2364-2663,Canara Bank,Chandigarh,30.739531,76.787186,312024.37,0.0,3,104008.12,1,3
9197-9093-3793,South Indian Bank,Ahmedabad,22.995297,72.573708,18292.01,0.0,1,18292.01,1,2
9202-3687-2217,Federal Bank,Chandigarh,30.732443,76.800453,179875.39,161887.85,1,179875.39,1,2
9204-5043-7222,Union Bank of India,Patna,25.611823,85.156438,176083.32,0.0,4,44020.83,1,3
9205-3507-5989,IDBI Bank,Pune,18.524797,73.851474,50150.39,50150.39,1,50150.39,1,1
9207-5375-3053,UCO Bank,Lucknow,26.882889,80.898251,124674.62,0.0,1,124674.62,1,2
9208-9199-7803,ICICI Bank,Bhopal,23.233952,77.398038,363674.16,363674.16,1,363674.16,1,2
9214-3033-2670,UCO Bank,Patna,25.605664,85.160964,87337.55,0.0,1,87337.55,1,3
9215-1026-7523,South Indian Bank,Noida,28.521023,77.378519,204939.4,0.0,5,40987.88,1,3
9216-7519-8944,ICICI Bank,Pune,18.472824,73.869856,44818.72,44818.73,1,44818.72,1,1
9218-8161-8030,YES Bank,Kolkata,22.572547,88.320607,89130.67,89130.67,1,89130.67,1,1
9220-6016-1838,UCO Bank,Mumbai,19.092129,72.856456,5156.74,4641.07,1,5156.74,1,2
9221-8118-3136,Canara Bank,Jaipur,26.88201,75.7989,144408.48,0.0,1,144408.48,1,2
9222-3276-8207,ICICI Bank,Bengaluru,12.99333,77.556433,22129.51,22129.510000000002,1,22129.51,1,1
9226-3043-9177,Bank of Baroda,Bhopal,23.252485,77.460007,23124.45,20812.0,1,23124.45,1,2
9226-8699-8996,Axis Bank,Hyderabad,17.349325,78.500868,97384.28,87645.85,1,97384.28,1,2
9230-8680-7126,State Bank of India,Hyderabad,17.431882,78.529244,73839.8,73839.8,1,73839.8,1,1
9230-9396-5185,IDBI Bank,Ahmedabad,23.003108,72.619928,26784.32,0.0,1,26784.32,1,2
9231-7967-4993,IndusInd Bank,Jaipur,26.946085,75.773582,159395.82,143456.24,1,159395.82,1,2
9241-7568-7941,IDBI Bank,Ahmedabad,23.025351,72.597979,176120.39,158508.35,1,176120.39,1,2
9243-2503-3298,HDFC Bank,Chandigarh,30.74649,76.730725,61520.25,61520.25,1,61520.25,1,1
9245-8811-6002,ICICI Bank,Bengaluru,12.935783,77.545873,160941.59,160941.59,1,160941.59,1,2
9246-7566-3800,Punjab National Bank,Lucknow,26.840919,80.93642,52404.7,0.0,3,17468.23,1,3
9247-4198-9964,Canara Bank,Chandigarh,30.737319,76.762485,20846.09,0.0,1,20846.09,1,2
9248-1266-2866,IDBI Bank,Jaipur,26.923847,75.801016,307225.32,0.0,3,102408.44,1,3
9248-2710-1884,IDBI Bank,Kolkata,22.534875,88.386391,39182.9,39182.9,1,39182.9,1,1
9248-9288-8182,IndusInd Bank,Kolkata,22.61503,88.393769,49709.03,44738.13,1,49709.03,1,2
9249-9982-7849,Kotak Mahindra Bank,Jaipur,26.914434,75.768994,189544.7,170590.23,1,189544.7,1,2
9250-2654-9227,Kotak Mahindra Bank,Noida,28.494829,77.412846,12262.5,11036.25,1,12262.5,1,2
9253-8510-8154,Federal Bank,Noida,28.574704,77.411787,5433.27,0.0,1,5433.27,1,3
9255-9564-2065,Kotak Mahindra Bank,Mumbai,19.072989,72.89289,62582.97,62582.97,1,62582.97,1,2
9264-7492-9851,Bank of Baroda,Lucknow,26.886419,80.953108,158095.51,158095.51,1,158095.51,1,2
9267-1520-3094,Axis Bank,Mumbai,19.043043,72.922121,66296.63,66296.63,1,66296.63,1,1
9268-6529-3591,UCO Bank,Chennai,13.122948,80.275708,439614.75,439614.75,1,439614.75,1,3
9272-2727-1330,State Bank of India,Bengaluru,12.930505,77.558698,2063.31,1856.98,1,2063.31,1,2
9279-4898-9317,Union Bank of India,Chandigarh,30.749577,76.762353,132142.63,0.0,5,26428.53,1,3
9284-2796-7014,ICICI Bank,Ahmedabad,22.984802,72.612385,305622.22,305622.22,1,305622.22,1,1
9284-3595-4275,State Bank of India,Noida,28.534639,77.356597,50829.08,50829.08,1,50829.08,1,2
9289-8374-5306,YES Bank,Mumbai,19.108124,72.828494,28265.01,0.0,1,28265.01,1,2
9292-1550-5498,YES Bank,Mumbai,19.116999,72.883055,101322.45,0.0,1,101322.45,1,2
9294-3457-4967,IndusInd Bank,Jaipur,26.898946,75.771496,11552.92,11552.92,1,11552.92,1,1
9306-7291-8449,Union Bank of India,Bengaluru,12.968955,77.578106,15993.17,15993.17,1,15993.17,1,1
9307-2900-3839,IDBI Bank,Bhopal,23.278005,77.448917,55437.57,49893.81,1,55437.57,1,2
9308-3415-5053,HDFC Bank,Kolkata,22.619201,88.318096,250158.51,0.0,1,250158.51,1,2
9309-7413-1591,ICICI Bank,Gurgaon,28.494598,77.017407,31317.96,28186.16,1,31317.96,1,2
9309-7504-5203,Axis Bank,Jaipur,26.864716,75.831842,26269.5,26269.5,1,26269.5,1,1
9311-2727-3736,HDFC Bank,Bhopal,23.300999,77.378303,1769.05,0.0,1,1769.05,1,3
9312-3438-8292,Bank of Baroda,Jaipur,26.921411,75.754039,413.05,371.74,1,413.05,1,2
9314-1114-8715,UCO Bank,Chandigarh,30.720098,76.799652,74556.68,74556.68,1,74556.68,1,1
9314-5224-7229,South Indian Bank,Bhopal,23.281683,77.403372,26893.53,24204.18,1,26893.53,1,2
9321-5763-4992,YES Bank,Chandigarh,30.724151,76.809818,58603.99,0.0,1,58603.99,1,2
9326-1500-2156,Union Bank of India,Kolkata,22.61531,88.371009,9327.06,9327.06,1,9327.06,1,1
9331-9702-5237,HDFC Bank,Patna,25.594038,85.178633,192781.12,192781.12,1,192781.12,1,1
9335-2834-8486,Federal Bank,Noida,28.580094,77.4062,23232.56,20909.3,1,23232.56,1,2
9335-7075-1732,Axis Bank,Noida,28.580496,77.430236,185596.21,185596.21,1,185596.21,1,2
9337-1023-6641,Union Bank of India,Lucknow,26.869592,80.976976,6788.41,0.0,1,6788.41,1,4
9339-1884-6834,Canara Bank,Patna,25.549182,85.107692,58872.0,58872.0,1,58872.0,1,1
9342-3672-5625,YES Bank,Lucknow,26.830215,80.900531,2604.95,2344.46,1,2604.95,1,2
9347-4583-9537,State Bank of India,Chennai,13.066104,80.281993,3262.01,3262.01,1,3262.01,1,2
9354-7399-3746,IndusInd Bank,Chennai,13.040627,80.24448,59448.08,53503.27,1,59448.08,1,2
9357-3043-3720,Bank of Baroda,Ahmedabad,23.062254,72.568863,498594.91,498594.91,1,498594.91,1,1
9359-7644-4198,Punjab National Bank,Kolkata,22.530625,88.338545,62280.4,56052.36,1,62280.4,1,2
9360-1704-2548,Punjab National Bank,Pune,18.494051,73.827189,217807.25,0.0,1,217807.25,1,4
9363-6150-2929,Union Bank of India,Jaipur,26.945879,75.792443,17047.13,17047.129999999997,1,17047.13,1,1
9363-8254-7240,South Indian Bank,Chandigarh,30.767635,76.731703,148904.26,0.0,1,148904.26,1,2
9364-9451-4795,Punjab National Bank,Patna,25.579413,85.127114,1183.94,0.0,1,1183.94,1,2
9367-7690-9374,IndusInd Bank,Delhi,28.635955,77.232308,11552.92,0.0,1,11552.92,1,4
9367-8069-6499,South Indian Bank,Chandigarh,30.723072,76.785441,5454.0,0.0,3,1818.0,1,3
9370-1992-7824,Punjab National Bank,Noida,28.532773,77.440262,7872.55,0.0,1,7872.55,1,2
9370-9186-5430,ICICI Bank,Ahmedabad,23.014847,72.611781,15896.25,14306.62,1,15896.25,1,2
9371-2566-7293,Punjab National Bank,Noida,28.524458,77.360318,262290.51,262290.51,1,262290.51,1,1
9374-6802-3305,Canara Bank,Patna,25.564549,85.176114,238117.5,238117.5,1,238117.5,1,2
9379-3687-7876,Punjab National Bank,Noida,28.496499,77.395837,4045.85,3641.26,1,4045.85,1,2
9391-2081-2376,South Indian Bank,Gurgaon,28.49902,77.016765,1634.59,0.0,1,1634.59,1,2
9397-2718-9947,IndusInd Bank,Delhi,28.587621,77.217739,21258.08,21258.08,1,21258.08,1,1
9397-3333-3637,YES Bank,Ahmedabad,22.977939,72.596504,106854.61,106854.61,1,106854.61,1,1
9399-3445-7512,YES Bank,Kolkata,22.569474,88.39534,142942.83,142942.83,1,142942.83,1,1
9403-9960-3318,Punjab National Bank,Delhi,28.623051,77.216328,365668.06,0.0,3,121889.35,1,3
9410-6599-8594,Axis Bank,Jaipur,26.933764,75.830367,341361.47,341361.47,1,341361.47,1,1
9411-5591-9526,Kotak Mahindra Bank,Bengaluru,12.926801,77.56848,305497.17,305497.17000000004,1,305497.17,1,1
9413-9037-4558,State Bank of India,Gurgaon,28.494717,76.97817,8990.97,8990.97,1,8990.97,1,1
9415-2540-7627,Union Bank of India,Noida,28.568913,77.369668,168688.63,168688.63,1,168688.63,1,1
9416-7902-3079,Punjab National Bank,Chennai,13.035064,80.29562,31547.81,31547.81,1,31547.81,1,1
9417-7090-9912,Canara Bank,Jaipur,26.925234,75.806637,388611.29,0.0,1,388611.29,1,3
9418-4183-1848,IDBI Bank,Kolkata,22.619103,88.322477,20941.61,18847.45,1,20941.61,1,2
9419-4175-4002,Federal Bank,Bhopal,23.289888,77.389746,149741.75,149741.75,1,149741.75,1,1
9422-1946-1162,YES Bank,Pune,18.544336,73.814971,45394.53,45394.53,1,45394.53,1,1
9422-9833-4993,YES Bank,Chandigarh,30.710779,76.798286,469.85,469.85,1,469.85,1,1
9426-6855-4025,Punjab National Bank,Mumbai,19.090541,72.909167,12354.74,0.0,1,12354.74,1,2
9427-8969-2492,HDFC Bank,Gurgaon,28.48071,77.004987,29496.55,26546.9,1,29496.55,1,2
9432-3314-8768,Punjab National Bank,Bengaluru,12.936973,77.622068,29130.33,0.0,1,29130.33,1,2
9432-9408-1643,Punjab National Bank,Chandigarh,30.754422,76.795202,19108.25,19108.25,1,19108.25,1,1
9433-7463-1162,ICICI Bank,Chennai,13.072371,80.249688,50858.01,50858.009999999995,1,50858.01,1,1
9436-6616-3402,IDBI Bank,Chennai,13.044917,80.25496,25160.44,25160.44,1,25160.44,1,2
9442-8018-8271,IndusInd Bank,Kolkata,22.619707,88.399532,38545.36,0.0,1,38545.36,1,2
9444-5585-6509,IndusInd Bank,Ahmedabad,23.071289,72.524487,51332.64,0.0,1,51332.64,1,2
9447-4072-3320,State Bank of India,Chandigarh,30.741217,76.757878,5081.48,0.0,1,5081.48,1,2
9447-6141-6171,State Bank of India,Patna,25.560835,85.121474,283829.15,283829.15,1,283829.15,1,2
9451-5199-3288,South Indian Bank,Gurgaon,28.418758,77.003157,27704.46,24934.01,1,27704.46,1,2
9453-1445-2816,Federal Bank,Pune,18.568145,73.835334,149584.51,149584.51,1,149584.51,1,1
9457-4056-9178,IndusInd Bank,Bhopal,23.30371,77.389394,185502.5,185502.51,1,185502.5,1,1
9458-7489-8883,South Indian Bank,Patna,25.637199,85.11492,9787.87,8809.08,1,9787.87,1,2
9461-4154-6919,Kotak Mahindra Bank,Mumbai,19.033807,72.895382,5086.92,5086.92,1,5086.92,1,1
9462-7126-1920,South Indian Bank,Bhopal,23.293598,77.387549,6250.59,0.0,1,6250.59,1,2
9468-2234-2493,Axis Bank,Bhopal,23.307272,77.397126,198417.62,0.0,1,198417.62,1,4
9471-2323-9228,Canara Bank,Bengaluru,12.973532,77.606255,10630.14,9567.13,1,10630.14,1,2
9471-7619-9662,ICICI Bank,Ahmedabad,23.009256,72.587753,198089.79,178280.81,1,198089.79,1,2
9472-9936-4895,Canara Bank,Lucknow,26.842809,80.913385,14680.87,13212.78,1,14680.87,1,2
9474-8057-8857,Kotak Mahindra Bank,Patna,25.557127,85.127632,160327.1,160327.1,1,160327.1,1,1
9475-5710-5005,IDBI Bank,Hyderabad,17.421817,78.503817,8844.98,7960.48,1,8844.98,1,2
9479-1549-1979,ICICI Bank,Ahmedabad,22.9835,72.599107,94716.96,94716.96,1,94716.96,1,1
9481-3369-1939,Union Bank of India,Bhopal,23.265845,77.368061,40203.69,36183.32,1,40203.69,1,2
9483-5289-7924,Canara Bank,Jaipur,26.909458,75.781862,50150.39,50150.39,1,50150.39,1,2
9484-1495-6506,South Indian Bank,Chandigarh,30.765428,76.81023,79952.7,71957.43,1,79952.7,1,2
9485-6918-7358,IDBI Bank,Kolkata,22.605565,88.397387,187694.6,187694.6,1,187694.6,1,2
9490-4551-9180,Bank of Baroda,Lucknow,26.836942,80.908466,96940.23,96940.23,1,96940.23,1,1
9492-2821-1841,UCO Bank,Jaipur,26.946973,75.821159,444.29,399.86,1,444.29,1,2
9495-1422-2296,South Indian Bank,Pune,18.511235,73.891164,28708.54,25837.69,1,28708.54,1,2
9496-6697-4157,Kotak Mahindra Bank,Patna,25.557291,85.165375,23486.2,0.0,1,23486.2,1,2
9497-1189-2735,South Indian Bank,Delhi,28.582336,77.18843,283829.15,0.0,1,283829.15,1,3
9499-3778-2028,Canara Bank,Mumbai,19.114197,72.915768,260794.91,260794.91,1,260794.91,1,1
9502-5306-7328,Punjab National Bank,Jaipur,26.874398,75.804843,1512.59,1361.33,1,1512.59,1,2
9508-2572-2908,IDBI Bank,Gurgaon,28.473361,77.044154,334601.70999999996,0.0,4,83650.43,1,3
9513-6503-7745,Bank of Baroda,Jaipur,26.941082,75.785915,222176.88,222176.88,1,222176.88,1,2
9514-8506-1202,South Indian Bank,Noida,28.563454,77.419575,46488.16,46488.16,1,46488.16,1,1
9515-1117-7144,IndusInd Bank,Mumbai,19.068636,72.872191,182432.91999999998,0.0,4,45608.23,1,3
9523-3269-1286,UCO Bank,Hyderabad,17.337994,78.517159,56805.67,51125.1,1,56805.67,1,2
9526-7082-2691,Canara Bank,Hyderabad,17.38651,78.478486,228080.22,205272.2,1,228080.22,1,2
9530-5129-8816,Union Bank of India,Bhopal,23.288953,77.461384,15776.54,14198.89,1,15776.54,1,2
9535-8377-7782,IDBI Bank,Lucknow,26.804706,80.912891,244683.36,220215.02,1,244683.36,1,2
9537-5904-6169,Union Bank of India,Delhi,28.62164,77.192172,44605.32,0.0,1,44605.32,1,3
9537-9324-2150,Federal Bank,Hyderabad,17.390968,78.494927,931.12,0.0,1,931.12,1,2
9541-4327-5901,Canara Bank,Chandigarh,30.720551,76.820935,75482.33,75482.33,1,75482.33,1,2
9543-6269-4007,Kotak Mahindra Bank,Noida,28.490711,77.440201,17696.85,15927.16,1,17696.85,1,2
9544-3412-5238,Punjab National Bank,Chennai,13.061973,80.268947,13003.24,0.0,1,13003.24,1,2
9547-5356-3062,UCO Bank,Patna,25.565843,85.120596,214365.65,192929.08,1,214365.65,1,2
9548-8714-3775,South Indian Bank,Ahmedabad,22.980838,72.617108,63409.44,63409.44,1,63409.44,1,1
9549-4209-8263,State Bank of India,Chandigarh,30.727365,76.789284,34713.44,0.0,1,34713.44,1,2
9553-5759-5710,UCO Bank,Lucknow,26.854984,80.940004,120760.55,120760.55,1,120760.55,1,1
9556-3883-6547,UCO Bank,Delhi,28.647318,77.220345,36343.35,0.0,1,36343.35,1,2
9556-4287-6968,Federal Bank,Bhopal,23.273293,77.447197,152302.26,137072.03,1,152302.26,1,2
9556-9009-1070,IndusInd Bank,Bengaluru,12.968949,77.605512,301116.06,0.0,3,100372.02,1,3
9557-8208-1045,HDFC Bank,Bengaluru,12.925541,77.591334,94161.59,0.0,1,94161.59,1,2
9561-7874-2843,South Indian Bank,Bengaluru,12.948014,77.610079,20335.75,20335.75,1,20335.75,1,1
9563-3604-4300,IDBI Bank,Gurgaon,28.470137,77.055271,174278.35,156850.52,1,174278.35,1,2
9564-2744-1414,ICICI Bank,Delhi,28.56956,77.185698,21700.66,19530.59,1,21700.66,1,2
9565-1246-7017,Union Bank of India,Gurgaon,28.46293,77.033347,10764.36,9687.92,1,10764.36,1,2
9573-5237-9991,ICICI Bank,Delhi,28.58397,77.228653,161.41,0.0,1,161.41,1,2
9573-9852-7246,Union Bank of India,Kolkata,22.621954,88.39797,220.17,0.0,1,220.17,1,2
9574-7133-7192,Kotak Mahindra Bank,Chandigarh,30.684723,76.824095,1765.36,0.0,1,1765.36,1,2
9575-4808-1965,IDBI Bank,Bengaluru,12.936661,77.576744,36984.93,33286.44,1,36984.93,1,2
9579-6084-6363,Canara Bank,Lucknow,26.808284,80.927298,144040.88,129636.79,1,144040.88,1,2
9580-8747-1985,IDBI Bank,Bhopal,23.285676,77.363273,431573.36,431573.36,1,431573.36,1,1
9581-7089-2862,Punjab National Bank,Lucknow,26.865816,80.905786,104204.02,104204.01999999999,1,104204.02,1,1
9585-4964-6527,Canara Bank,Bhopal,23.307801,77.406142,133.6,120.24,1,133.6,1,2
9588-7161-8779,Punjab National Bank,Pune,18.498526,73.869587,145403.26,145403.26,1,145403.26,1,1
9591-1674-6231,Union Bank of India,Ahmedabad,23.022596,72.560232,43014.149999999994,0.0,3,14338.05,1,3
9591-2146-8449,ICICI Bank,Bengaluru,12.960711,77.64356,200287.72,200287.72,1,200287.72,1,1
9591-8763-1160,Bank of Baroda,Hyderabad,17.38382,78.506432,214108.12,0.0,3,71369.37,1,3
9592-1137-1174,ICICI Bank,Mumbai,19.028657,72.908769,410931.08,0.0,1,410931.08,1,4
9593-2595-4901,YES Bank,Hyderabad,17.377693,78.467342,21824.05,0.0,4,5456.01,1,3
9594-7451-2593,South Indian Bank,Chennai,13.085732,80.312914,2696.91,0.0,1,2696.91,1,2
9596-2375-5762,IndusInd Bank,Chandigarh,30.767454,76.781709,122683.99,110415.59,1,122683.99,1,2
9598-7276-7321,South Indian Bank,Mumbai,19.0709,72.891432,9605.9,9605.900000000001,1,9605.9,1,1
9605-1630-9530,Union Bank of India,Kolkata,22.620983,88.317825,5995.98,5396.38,1,5995.98,1,2
9608-3463-5438,Bank of Baroda,Bhopal,23.263478,77.411202,230821.86,230821.86,1,230821.86,1,1
9609-8918-9106,South Indian Bank,Patna,25.609074,85.10832,6704.25,6033.82,1,6704.25,1,2
9610-1877-7421,Kotak Mahindra Bank,Bengaluru,13.001134,77.614161,11106.67,9996.0,1,11106.67,1,2
9610-3699-9790,Union Bank of India,Bengaluru,12.975118,77.574403,35344.28,31809.85,1,35344.28,1,2
9618-3958-7822,South Indian Bank,Noida,28.535424,77.374772,140462.54,0.0,3,46820.85,1,3
9630-6706-7589,Canara Bank,Hyderabad,17.430555,78.523103,309046.26,309046.26,1,309046.26,1,2
9632-6397-5386,UCO Bank,Delhi,28.595716,77.21657,344577.16000000003,0.0,3,114859.05,1,3
9637-9162-9611,Axis Bank,Chennai,13.084828,80.285771,238117.5,0.0,1,238117.5,1,3
9646-9390-7830,IDBI Bank,Lucknow,26.840164,80.976958,6302.78,5672.5,1,6302.78,1,2
9647-2691-2812,IDBI Bank,Patna,25.627315,85.18687,48303.61,48303.61,1,48303.61,1,1
9653-7874-3981,Bank of Baroda,Bengaluru,12.99326,77.61862,375710.52,338139.47,1,375710.52,1,2
9655-1311-7914,Bank of Baroda,Chennai,13.076323,80.236833,63114.19,56802.77,1,63114.19,1,2
9656-8813-6330,IDBI Bank,Patna,25.574891,85.155707,37517.32,0.0,3,12505.77,1,3
9657-6715-7829,Union Bank of India,Gurgaon,28.487679,77.024236,203.4,183.06,1,203.4,1,2
9664-4555-4138,Bank of Baroda,Lucknow,26.815213,80.963553,98124.15,88311.74,1,98124.15,1,2
9667-3639-8580,UCO Bank,Pune,18.532476,73.862659,214801.51,214801.51,1,214801.51,1,1
9667-9183-7646,IDBI Bank,Ahmedabad,22.999356,72.554483,2637.39,0.0,1,2637.39,1,2
9668-2422-9099,YES Bank,Hyderabad,17.425648,78.439379,24673.99,0.0,1,24673.99,1,2
9669-5902-5303,South Indian Bank,Mumbai,19.075634,72.915085,21212.5,19091.25,1,21212.5,1,2
9669-8170-5074,Bank of Baroda,Mumbai,19.027341,72.845584,31854.93,31854.93,1,31854.93,1,1
9670-2776-8438,IDBI Bank,Mumbai,19.103423,72.851598,140080.59,140080.59,1,140080.59,1,1
9670-5874-4106,YES Bank,Bengaluru,12.962801,77.575179,318371.68,0.0,4,79592.92,1,3
9671-6670-8020,Kotak Mahindra Bank,Lucknow,26.844911,80.920395,65428.54,65428.54,1,65428.54,1,1
9676-7048-5981,YES Bank,Bengaluru,12.98905,77.547556,11768.86,11768.86,1,11768.86,1,1
9677-3188-2776,Kotak Mahindra Bank,Delhi,28.588497,77.211019,7012.84,7012.84,1,7012.84,1,1
9679-5618-6237,Federal Bank,Delhi,28.622068,77.177835,13186.87,11868.18,1,13186.87,1,2
9686-6246-6627,Union Bank of India,Kolkata,22.550103,88.372723,17773.4,0.0,1,17773.4,1,2
9690-3731-1775,Canara Bank,Mumbai,19.124367,72.847147,255622.24,230060.02,1,255622.24,1,2
9690-9761-8784,Federal Bank,Jaipur,26.95647,75.805794,4402.37,3962.13,1,4402.37,1,2
9691-6486-3971,IndusInd Bank,Bengaluru,13.002672,77.615731,1839.61,1839.61,1,1839.61,1,1
9692-1114-5123,YES Bank,Chandigarh,30.727893,76.827117,10348.04,9313.24,1,10348.04,1,2
9694-8846-1854,Kotak Mahindra Bank,Gurgaon,28.450746,77.065232,89154.56,80239.1,1,89154.56,1,2
9694-9576-9299,UCO Bank,Gurgaon,28.4702,76.998335,147831.44,133048.3,1,147831.44,1,2
9698-2437-8027,Punjab National Bank,Bhopal,23.261701,77.397427,128797.35,0.0,4,32199.34,1,3
9700-9072-9763,South Indian Bank,Chennai,13.032772,80.234685,71476.05,0.0,1,71476.05,1,2
9700-9693-1630,Union Bank of India,Bengaluru,13.015176,77.610357,191698.15,191698.15,1,191698.15,1,2
9702-3539-8362,Union Bank of India,Hyderabad,17.353553,78.438572,385.68,347.11,1,385.68,1,2
9703-3404-8595,State Bank of India,Bhopal,23.252803,77.393272,82726.48,0.0,1,82726.48,1,3
9708-5620-4017,Axis Bank,Lucknow,26.833664,80.938259,206504.09,0.0,3,68834.7,1,3
9709-2442-4054,Union Bank of India,Pune,18.519393,73.881139,32824.02,29541.62,1,32824.02,1,2
9709-4766-8883,IndusInd Bank,Lucknow,26.830608,80.938922,74924.83,0.0,3,24974.94,1,3
9710-6870-1124,HDFC Bank,Jaipur,26.867275,75.794945,81799.35,81799.35,1,81799.35,1,1
9711-9652-6821,Federal Bank,Patna,25.604796,85.103258,7824.63,7042.17,1,7824.63,1,2
9715-8533-1732,State Bank of India,Kolkata,22.595906,88.34392,178528.02,0.0,1,178528.02,1,4
9723-9412-2228,ICICI Bank,Chennai,13.078066,80.281875,12763.4,0.0,3,4254.47,1,3
9724-4828-7222,State Bank of India,Pune,18.515282,73.874549,245540.44,245540.44,1,245540.44,1,1
9726-3058-8771,Union Bank of India,Bengaluru,12.975101,77.554706,1893.52,1704.17,1,1893.52,1,2
9727-5411-7412,Punjab National Bank,Noida,28.553553,77.373788,18515.48,18515.48,1,18515.48,1,1
9728-8106-1981,IDBI Bank,Jaipur,26.892428,75.780839,900.19,810.17,1,900.19,1,2
9731-6155-8315,Punjab National Bank,Ahmedabad,23.005942,72.567212,364755.3,0.0,4,91188.82,1,3
9734-6253-2707,Axis Bank,Chennai,13.085609,80.228793,53962.1,0.0,1,53962.1,1,3
9741-6249-7583,State Bank of India,Chennai,13.066696,80.238751,267462.77,0.0,1,267462.77,1,3
9743-2272-5290,Federal Bank,Jaipur,26.903457,75.746686,8031.98,0.0,1,8031.98,1,2
9745-5616-5173,YES Bank,Gurgaon,28.422499,76.985195,54114.21,48702.79,1,54114.21,1,2
9745-9077-2607,IndusInd Bank,Hyderabad,17.35706,78.492671,74689.73,74689.73,1,74689.73,1,1
9748-3033-8578,YES Bank,Bengaluru,12.939492,77.597966,2739.52,2465.57,1,2739.52,1,2
9748-5509-6397,ICICI Bank,Hyderabad,17.347725,78.500816,142290.43,142290.43,1,142290.43,1,1
9748-8081-3687,ICICI Bank,Bhopal,23.309194,77.383281,39221.19,39221.19,1,39221.19,1,1
9750-8289-3291,Axis Bank,Delhi,28.578067,77.244609,16814.44,16814.44,1,16814.44,1,1
9751-1388-8184,IDBI Bank,Chandigarh,30.746227,76.773405,18117.04,16305.34,1,18117.04,1,2
9751-5231-7595,Axis Bank,Bengaluru,12.996975,77.557702,50829.08,50829.08,1,50829.08,1,3
9753-5399-4853,Federal Bank,Bengaluru,12.924991,77.605117,51783.53,51783.53,1,51783.53,1,1
9757-7331-4085,Kotak Mahindra Bank,Noida,28.553978,77.39656,374518.57,0.0,4,93629.64,1,3
9758-6538-6166,ICICI Bank,Bhopal,23.26621,77.400482,193297.56,193297.56,1,193297.56,1,1
9759-8622-8171,UCO Bank,Pune,18.528668,73.865982,102497.36,92247.62,1,102497.36,1,2
9762-4040-3602,ICICI Bank,Mumbai,19.046967,72.871379,5673.53,5106.18,1,5673.53,1,2
9763-1171-7983,State Bank of India,Patna,25.587523,85.156713,58834.35,0.0,4,14708.59,1,3
9763-4872-8248,HDFC Bank,Chandigarh,30.758967,76.759142,329068.01,296161.21,1,329068.01,1,2
9771-5224-2692,Bank of Baroda,Ahmedabad,23.060738,72.555483,63348.94,63348.94,1,63348.94,1,1
9772-8616-2491,Federal Bank,Ahmedabad,23.030281,72.587433,31221.519999999997,0.0,3,10407.17,1,3
9772-9960-3769,YES Bank,Mumbai,19.029153,72.882717,278279.25,278279.25,1,278279.25,1,2
9774-1518-6833,ICICI Bank,Lucknow,26.797519,80.941989,25061.26,22555.13,1,25061.26,1,2
9774-4840-2427,YES Bank,Ahmedabad,23.070339,72.566364,4493.03,4043.73,1,4493.03,1,2
9776-1798-5148,South Indian Bank,Chennai,13.118056,80.224682,4790.1,4311.09,1,4790.1,1,2
9779-4507-5708,State Bank of India,Pune,18.510603,73.829289,218152.51,196337.26,1,218152.51,1,2
9782-7882-2029,Federal Bank,Bhopal,23.301943,77.421716,168104.27,168104.27000000002,1,168104.27,1,1
9786-5693-5664,Axis Bank,Gurgaon,28.509056,77.023496,10724.52,9652.07,1,10724.52,1,2
9787-2759-3061,IDBI Bank,Hyderabad,17.40744,78.46177,574.34,574.34,1,574.34,1,1
9787-2869-2342,UCO Bank,Mumbai,19.089372,72.860891,170231.95,0.0,5,34046.39,1,3
9789-6974-8087,Bank of Baroda,Gurgaon,28.4969,76.976678,9793.05,8813.74,1,9793.05,1,2
9793-9916-7437,IDBI Bank,Noida,28.572331,77.364471,352308.97,0.0,1,352308.97,1,4
9796-7780-3653,HDFC Bank,Mumbai,19.095853,72.876854,117808.61,117808.61,1,117808.61,1,1
9799-7973-5807,Punjab National Bank,Bengaluru,12.962803,77.55204,29720.8,29720.8,1,29720.8,1,1
9801-2178-3466,State Bank of India,Chennai,13.11652,80.309291,2304.63,0.0,1,2304.63,1,2
9802-4674-3163,Canara Bank,Jaipur,26.930979,75.81153,98192.35,98192.35,1,98192.35,1,2
9802-7286-2528,Punjab National Bank,Noida,28.492042,77.423272,392586.75,353328.08,1,392586.75,1,2
9802-9048-2390,Kotak Mahindra Bank,Chandigarh,30.723114,76.750028,322699.67,322699.67,1,322699.67,1,3
9806-9251-5747,Union Bank of India,Gurgaon,28.485283,77.021729,17758.54,17758.54,1,17758.54,1,1
9810-5782-2093,Union Bank of India,Noida,28.493153,77.351522,191985.92,191985.91999999998,1,191985.92,1,1
9812-5937-8231,Union Bank of India,Lucknow,26.865459,80.958421,301238.45,0.0,3,100412.82,1,3
9820-8615-3221,YES Bank,Chandigarh,30.716162,76.823971,43455.77,39110.19,1,43455.77,1,2
9821-5079-7485,YES Bank,Jaipur,26.873465,75.79867,13700.06,13700.06,1,13700.06,1,1
9824-3992-4171,YES Bank,Noida,28.524029,77.391071,130504.77,0.0,4,32626.19,1,3
9826-4970-6292,UCO Bank,Hyderabad,17.401464,78.485952,426512.75,0.0,5,85302.55,1,3
9827-2829-7787,Kotak Mahindra Bank,Kolkata,22.568055,88.358976,87494.58,0.0,5,17498.92,1,3
9829-8245-5579,Federal Bank,Gurgaon,28.458771,77.010389,309046.26,309046.26,1,309046.26,1,3
9830-7348-4110,Canara Bank,Jaipur,26.873446,75.78962,976.32,878.69,1,976.32,1,2
9831-4797-3071,South Indian Bank,Delhi,28.64973,77.213367,434705.61,434705.61,1,434705.61,1,1
9831-7245-2937,YES Bank,Bengaluru,12.955579,77.607659,32059.29,28853.36,1,32059.29,1,2
9832-2931-5752,Canara Bank,Mumbai,19.118911,72.923613,190177.9,0.0,1,190177.9,1,2
9832-7129-7237,UCO Bank,Chennai,13.036381,80.281131,91008.77,91008.76999999999,1,91008.77,1,1
9835-3900-8480,Axis Bank,Patna,25.588286,85.124178,9795.58,9795.58,1,9795.58,1,1
9837-4644-8595,Bank of Baroda,Mumbai,19.040547,72.910091,3894.75,3505.28,1,3894.75,1,2
9837-8697-8797,Canara Bank,Ahmedabad,23.007776,72.619178,3896.49,3506.84,1,3896.49,1,2
9840-4203-4315,Federal Bank,Kolkata,22.573457,88.371911,85868.91,85868.91,1,85868.91,1,1
9840-5526-1301,Axis Bank,Ahmedabad,23.043684,72.536361,388611.29,388611.29,1,388611.29,1,1
9841-1395-4424,Canara Bank,Hyderabad,17.351032,78.530677,388611.29,388611.29,1,388611.29,1,2
9844-9813-4197,Kotak Mahindra Bank,Bhopal,23.212478,77.382914,24330.28,21897.25,1,24330.28,1,2
9850-3045-5719,South Indian Bank,Delhi,28.659343,77.184925,120738.99,108665.09,1,120738.99,1,2
9864-3736-1104,South Indian Bank,Bhopal,23.27959,77.424429,132375.84,0.0,3,44125.28,1,3
9865-7809-9379,IndusInd Bank,Gurgaon,28.50205,76.982608,61520.25,55368.22,1,61520.25,1,2
9868-5451-4360,IndusInd Bank,Chennai,13.111659,80.273094,474760.34,474760.34,1,474760.34,1,2
9871-3814-6253,Canara Bank,Lucknow,26.844483,80.936653,93230.47,0.0,1,93230.47,1,3
9871-4718-7590,IDBI Bank,Chennai,13.127937,80.267052,183613.93,165252.54,1,183613.93,1,2
9872-6698-1425,YES Bank,Lucknow,26.87194,80.97694,13703.34,0.0,1,13703.34,1,2
9873-4725-9795,ICICI Bank,Bengaluru,13.008821,77.551009,322663.43,322663.44,1,322663.43,1,1
9876-3755-5675,IndusInd Bank,Gurgaon,28.470948,77.009129,155788.4,155788.4,1,155788.4,1,1
9876-7931-1499,Kotak Mahindra Bank,Delhi,28.628448,77.195171,205029.00999999998,0.0,4,51257.25,1,3
9877-1866-9548,Union Bank of India,Gurgaon,28.436996,76.99718,267462.77,267462.77,1,267462.77,1,2
9877-5797-9247,Punjab National Bank,Chandigarh,30.757159,76.789469,102394.18,102394.18,1,102394.18,1,1
9882-8127-9311,Canara Bank,Pune,18.5309,73.858674,68450.47,0.0,1,68450.47,1,2
9883-8395-6757,South Indian Bank,Hyderabad,17.398963,78.471955,133738.97999999998,0.0,3,44579.66,1,3
9884-7681-6903,ICICI Bank,Bengaluru,12.986146,77.589677,5424.32,4881.89,1,5424.32,1,2
9885-7594-3900,HDFC Bank,Delhi,28.582887,77.225382,2448.79,0.0,1,2448.79,1,2
9887-4393-2326,Bank of Baroda,Chennai,13.036787,80.257343,1963.73,1767.36,1,1963.73,1,2
9890-6822-9801,Bank of Baroda,Jaipur,26.952796,75.80655,22242.78,20018.5,1,22242.78,1,2
9892-5378-3928,Axis Bank,Gurgaon,28.462999,76.989205,16911.85,15220.66,1,16911.85,1,2
9892-9076-4412,Union Bank of India,Jaipur,26.904283,75.830048,87186.66,87186.67,1,87186.66,1,1
9897-8391-6296,Axis Bank,Bhopal,23.251808,77.443011,59267.02,53340.32,1,59267.02,1,2
9898-4334-4352,Canara Bank,Chennai,13.106707,80.229279,106626.53,95963.88,1,106626.53,1,2
9903-7834-9778,State Bank of India,Noida,28.543785,77.394084,79900.4,79900.4,1,79900.4,1,2
9904-1094-9084,Canara Bank,Chennai,13.092822,80.221357,45460.12,0.0,1,45460.12,1,2
9908-2214-9887,ICICI Bank,Chennai,13.086694,80.260592,263233.31,0.0,3,87744.44,1,3
9908-2508-2359,IDBI Bank,Bengaluru,12.981961,77.591528,61938.12,61938.119999999995,1,61938.12,1,1
9908-3944-1828,Canara Bank,Hyderabad,17.388379,78.50097,27376.56,27376.56,1,27376.56,1,1
9916-1649-2185,South Indian Bank,Mumbai,19.094878,72.879849,356786.99,0.0,3,118929.0,1,3
9918-6411-6771,State Bank of India,Jaipur,26.904724,75.753468,107856.44,97070.8,1,107856.44,1,2
9919-1791-4254,UCO Bank,Noida,28.553378,77.390258,410931.08,410931.08,1,410931.08,1,2
9922-3685-7115,IDBI Bank,Jaipur,26.9031,75.795321,14120.54,14120.539999999999,1,14120.54,1,1
9923-9860-1651,Kotak Mahindra Bank,Lucknow,26.842977,80.902831,20947.37,18852.63,1,20947.37,1,2
9924-7887-6773,South Indian Bank,Lucknow,26.827577,80.907729,661.35,595.22,1,661.35,1,2
9934-5100-1298,ICICI Bank,Gurgaon,28.425534,77.058122,466.54,419.89,1,466.54,1,2
9935-6236-8903,Union Bank of India,Patna,25.565905,85.089026,5257.13,0.0,1,5257.13,1,2
9941-5832-3360,IndusInd Bank,Chandigarh,30.770014,76.794194,22611.02,0.0,1,22611.02,1,4
9944-2816-8716,Bank of Baroda,Chandigarh,30.749634,76.817227,4672.88,4672.89,1,4672.88,1,1
9948-7012-1548,UCO Bank,Chennai,13.040706,80.293719,48743.38,48743.38,1,48743.38,1,2
9955-6512-4026,Federal Bank,Lucknow,26.842549,80.901851,76587.28,68928.55,1,76587.28,1,2
9955-7537-5260,Union Bank of India,Bengaluru,13.014851,77.59851,15896.25,15896.25,1,15896.25,1,1
9956-5753-2104,IndusInd Bank,Bengaluru,12.952195,77.619359,1629.17,0.0,1,1629.17,1,2
9957-7338-8196,Punjab National Bank,Delhi,28.633445,77.183164,385872.08,385872.07999999996,1,385872.08,1,1
9959-1020-3217,Axis Bank,Hyderabad,17.428363,78.487611,27757.27,24981.54,1,27757.27,1,2
9964-2428-9174,South Indian Bank,Pune,18.477216,73.864351,30977.33,30977.33,1,30977.33,1,1
9964-5754-9827,South Indian Bank,Chandigarh,30.74049,76.821709,23398.64,23398.64,1,23398.64,1,1
9971-1793-5721,YES Bank,Pune,18.480722,73.875604,106.69,96.02,1,106.69,1,2
9973-9552-7125,ICICI Bank,Bhopal,23.284151,77.403521,1118.56,1006.7,1,1118.56,1,2
9979-9743-2222,IndusInd Bank,Bhopal,23.253082,77.404133,277000.79,0.0,4,69250.2,1,3
9981-4099-5052,Punjab National Bank,Lucknow,26.801016,80.931239,7357.91,0.0,1,7357.91,1,2
9982-4163-8471,Punjab National Bank,Chennai,13.050136,80.254686,19462.99,0.0,1,19462.99,1,2
9986-7568-8796,UCO Bank,Delhi,28.653492,77.228408,49709.31,0.0,1,49709.31,1,2
9993-7326-9518,YES Bank,Mumbai,19.119514,72.903624,74871.75,74871.75,1,74871.75,1,1
9999-5326-3189,South Indian Bank,Ahmedabad,23.004964,72.527126,159332.95,159332.95,1,159332.95,1,2
1050-4501-7418,Federal Bank,Kolkata,22.599787,88.342584,0.0,371779.68000000005,2,185889.84,0,0
1054-4924-2081,Federal Bank,Patna,25.59063,85.09981,0.0,41377.9,2,20688.95,0,0
1066-2563-5487,Punjab National Bank,Hyderabad,17.354646,78.513521,0.0,241700.03999999998,3,80566.68,0,0
1075-8927-5201,UCO Bank,Kolkata,22.543934,88.399646,0.0,85312.38,3,28437.46,0,0
1096-1494-5224,South Indian Bank,Chandigarh,30.757041,76.766968,0.0,212222.88,1,212222.88,0,0
1101-6325-5177,YES Bank,Kolkata,22.572547,88.320607,0.0,157981.27000000002,2,78990.64,0,0
1102-8888-2079,UCO Bank,Bengaluru,12.982642,77.628984,0.0,418384.31,1,418384.31,0,0
1112-1818-1019,Punjab National Bank,Kolkata,22.598852,88.363541,0.0,487453.97,1,487453.97,0,0
1115-7582-7357,Union Bank of India,Ahmedabad,22.99489,72.611929,0.0,286141.11,3,95380.37,0,0
1118-5768-5297,Federal Bank,Bhopal,23.234386,77.428922,0.0,86097.15000000001,3,28699.05,0,0
1157-3832-4281,HDFC Bank,Bhopal,23.300018,77.39877,0.0,407697.28,2,203848.64,0,0
1164-3284-6130,Canara Bank,Chennai,13.036635,80.265519,0.0,162438.57,1,162438.57,0,0
1182-6656-4774,ICICI Bank,Kolkata,22.568187,88.384246,0.0,343792.23,1,343792.23,0,0
1206-8984-3089,IndusInd Bank,Gurgaon,28.459784,77.068759,0.0,44082.75,3,14694.25,0,0
1215-3647-3712,Union Bank of India,Noida,28.568913,77.369668,0.0,168688.63,1,168688.63,0,0
1238-6886-6387,State Bank of India,Delhi,28.6158,77.183867,0.0,202089.19,1,202089.19,0,0
1266-1530-3206,Kotak Mahindra Bank,Lucknow,26.844911,80.920395,0.0,130077.43,2,65038.72,0,0
1294-9321-5360,IndusInd Bank,Bhopal,23.283611,77.370615,0.0,27394.989999999998,2,13697.5,0,0
1315-4941-5507,South Indian Bank,Ahmedabad,23.043753,72.57904,0.0,398860.57,3,132953.52,0,0
1324-7249-8002,IDBI Bank,Gurgaon,28.447545,77.007185,0.0,452895.05,1,452895.05,0,0
1325-5173-6877,UCO Bank,Chandigarh,30.720098,76.799652,0.0,186067.55,3,62022.52,0,0
1447-7225-1633,IDBI Bank,Bhopal,23.27303,77.372001,0.0,155660.47,2,77830.24,0,0
1449-7333-1813,Axis Bank,Pune,18.511351,73.808705,0.0,19749.62,1,19749.62,0,0
1450-1490-2302,IDBI Bank,Lucknow,26.807336,80.995359,0.0,242221.18,2,121110.59,0,0
1466-2511-1412,Punjab National Bank,Ahmedabad,23.022133,72.595289,0.0,382549.34,1,382549.34,0,0
1539-2424-6007,Kotak Mahindra Bank,Kolkata,22.588523,88.379527,0.0,303182.39,3,101060.8,0,0
1540-6926-5569,State Bank of India,Hyderabad,17.386656,78.521444,0.0,55444.14,2,27722.07,0,0
1544-1864-4025,Federal Bank,Bengaluru,12.990738,77.578114,0.0,477247.24,1,477247.24,0,0
1591-1328-9627,ICICI Bank,Pune,18.472824,73.869856,0.0,44818.72,1,44818.72,0,0
1613-1729-3113,IDBI Bank,Pune,18.524797,73.851474,0.0,50150.39,1,50150.39,0,0
1644-1307-4794,ICICI Bank,Pune,18.516768,73.815384,0.0,196242.67,3,65414.22,0,0
1646-5760-6901,South Indian Bank,Chennai,13.059531,80.294007,0.0,182694.78,3,60898.26,0,0
1657-3112-3499,Kotak Mahindra Bank,Jaipur,26.89466,75.75626,0.0,476072.75,3,158690.92,0,0
1674-3763-5702,Bank of Baroda,Hyderabad,17.368524,78.456337,0.0,199982.34,3,66660.78,0,0
1699-4322-3347,ICICI Bank,Chennai,13.081589,80.304903,0.0,368762.81,3,122920.94,0,0
1711-7607-9324,ICICI Bank,Mumbai,19.07715,72.884765,0.0,441089.55,2,220544.78,0,0
1711-9884-2880,Union Bank of India,Pune,18.497941,73.870189,0.0,352308.97,1,352308.97,0,0
1715-4927-3587,Union Bank of India,Noida,28.493153,77.351522,0.0,222736.93000000002,2,111368.47,0,0
1732-6426-9384,YES Bank,Chandigarh,30.701493,76.730679,0.0,480927.25999999995,3,160309.09,0,0
1762-5550-1548,Punjab National Bank,Lucknow,26.831041,80.948733,0.0,398493.48,2,199246.74,0,0
1768-3676-3653,ICICI Bank,Kolkata,22.584961,88.337277,0.0,26684.1,3,8894.7,0,0
1768-4709-5427,Punjab National Bank,Delhi,28.570482,77.2289,0.0,473903.07,3,157967.69,0,0
1769-7251-7349,South Indian Bank,Jaipur,26.933355,75.774074,0.0,142596.93,2,71298.46,0,0
1794-6137-2640,HDFC Bank,Kolkata,22.538568,88.314192,0.0,278279.25,1,278279.25,0,0
1794-9856-9760,Punjab National Bank,Jaipur,26.863612,75.814316,0.0,163978.01,1,163978.01,0,0
1798-6564-8627,Canara Bank,Pune,18.544679,73.860207,0.0,207593.52999999997,3,69197.84,0,0
1807-7383-4968,HDFC Bank,Bhopal,23.210531,77.4295,0.0,300385.83,3,100128.61,0,0
1815-4816-1272,IDBI Bank,Chandigarh,30.71729,76.730719,0.0,78862.72,1,78862.72,0,0
1820-5102-2298,Punjab National Bank,Gurgaon,28.416178,77.063781,0.0,111895.93,3,37298.64,0,0
1828-8322-8956,UCO Bank,Patna,25.629892,85.150707,0.0,256131.75,3,85377.25,0,0
1841-1034-8720,IndusInd Bank,Jaipur,26.932398,75.803906,0.0,390118.43,1,390118.43,0,0
1860-3745-8602,IDBI Bank,Hyderabad,17.361263,78.489744,0.0,332626.3,2,166313.15,0,0
1866-4492-8208,Canara Bank,Mumbai,19.10598,72.838214,0.0,372546.52,3,124182.17,0,0
1888-7909-3070,Kotak Mahindra Bank,Ahmedabad,22.994051,72.589881,0.0,489352.89,2,244676.44,0,0
1927-1588-8019,UCO Bank,Bengaluru,12.947549,77.607312,0.0,97224.26,2,48612.13,0,0
1979-6824-3521,IDBI Bank,Hyderabad,17.40744,78.46177,0.0,14640.99,3,4880.33,0,0
1987-4481-1215,Federal Bank,Bengaluru,13.016038,77.615451,0.0,488420.48,3,162806.83,0,0
2004-7746-5024,South Indian Bank,Delhi,28.653056,77.168988,0.0,21742.76,1,21742.76,0,0
2023-1977-8390,ICICI Bank,Bhopal,23.309194,77.383281,0.0,44068.87,2,22034.44,0,0
2024-5391-9522,IndusInd Bank,Lucknow,26.877159,80.973618,0.0,57742.7,1,57742.7,0,0
2032-9552-7323,UCO Bank,Jaipur,26.954355,75.804974,0.0,281666.42,2,140833.21,0,0
2036-3606-8761,Federal Bank,Chandigarh,30.694152,76.805842,0.0,34690.58,2,17345.29,0,0
2097-2425-7358,ICICI Bank,Gurgaon,28.468293,77.052438,0.0,74071.26000000001,3,24690.42,0,0
2098-7183-3226,IndusInd Bank,Patna,25.599132,85.160223,0.0,493826.02,1,493826.02,0,0
2181-3519-1389,Punjab National Bank,Kolkata,22.580096,88.336665,0.0,85884.23,2,42942.12,0,0
2191-3273-6363,Union Bank of India,Bhopal,23.305209,77.375287,0.0,383259.65,3,127753.22,0,0
2192-8778-6793,IndusInd Bank,Mumbai,19.064661,72.927133,0.0,281191.8,3,93730.6,0,0
2217-4674-6652,YES Bank,Chandigarh,30.77754,76.818822,0.0,406297.84,1,406297.84,0,0
2233-1974-8908,IDBI Bank,Hyderabad,17.421555,78.494134,0.0,273374.82,3,91124.94,0,0
2276-4537-9511,Axis Bank,Mumbai,19.091688,72.884703,0.0,439614.75,1,439614.75,0,0
2311-8740-4872,UCO Bank,Patna,25.618942,85.159856,0.0,88903.36,1,88903.36,0,0
2314-3393-1918,Federal Bank,Hyderabad,17.336262,78.53416,0.0,382442.85,2,191221.42,0,0
2318-5338-5979,Bank of Baroda,Hyderabad,17.346488,78.455306,0.0,457593.6,2,228796.8,0,0
2329-4326-2941,South Indian Bank,Bengaluru,12.963368,77.641571,0.0,442891.74,2,221445.87,0,0
2354-4447-9189,IndusInd Bank,Gurgaon,28.424679,76.997325,0.0,318446.21,1,318446.21,0,0
2368-8281-1367,Union Bank of India,Gurgaon,28.485283,77.021729,0.0,42981.85,3,14327.28,0,0
2374-9199-4333,Axis Bank,Kolkata,22.618735,88.369415,0.0,223869.1,1,223869.1,0,0
2448-7017-8475,IDBI Bank,Jaipur,26.9031,75.795321,0.0,58631.32,2,29315.66,0,0
2463-8954-5208,Kotak Mahindra Bank,Bhopal,23.229099,77.423381,0.0,46380.55,3,15460.18,0,0
2507-2953-3171,Bank of Baroda,Chennai,13.062156,80.26357,0.0,226140.25,3,75380.08,0,0
2533-4525-7130,Punjab National Bank,Hyderabad,17.382519,78.515408,0.0,20947.57,1,20947.57,0,0
2595-1244-3336,South Indian Bank,Pune,18.477216,73.864351,0.0,143069.47999999998,2,71534.74,0,0
2606-3523-5282,Axis Bank,Chennai,13.100921,80.268084,0.0,214669.74,1,214669.74,0,0
2610-9797-1836,Axis Bank,Noida,28.544438,77.400829,0.0,145005.3,2,72502.65,0,0
2664-7526-8707,IndusInd Bank,Noida,28.574927,77.399899,0.0,114156.62,3,38052.21,0,0
2665-2287-3676,Canara Bank,Mumbai,19.077329,72.894663,0.0,217807.25,1,217807.25,0,0
2694-2817-8522,South Indian Bank,Bhopal,23.24898,77.411704,0.0,397501.78,3,132500.59,0,0
2705-2694-3626,State Bank of India,Bengaluru,13.017224,77.547807,0.0,260416.98,2,130208.49,0,0
2713-4710-6348,UCO Bank,Kolkata,22.553762,88.364572,0.0,254751.75999999998,3,84917.25,0,0
2727-3850-7292,YES Bank,Bengaluru,12.984729,77.547546,0.0,454709.67000000004,2,227354.84,0,0
2772-9015-9954,IDBI Bank,Mumbai,19.063478,72.909597,0.0,48212.14,3,16070.71,0,0
2780-6122-6096,Axis Bank,Chennai,13.110098,80.308489,0.0,194451.07,2,97225.54,0,0
2801-6805-1629,Axis Bank,Chandigarh,30.697227,76.7758,0.0,280856.94999999995,3,93618.98,0,0
2860-1442-3252,Axis Bank,Lucknow,26.861662,80.91659,0.0,65651.19,1,65651.19,0,0
2865-4403-5194,Canara Bank,Noida,28.506968,77.365326,0.0,35751.54,3,11917.18,0,0
2868-3928-4357,Bank of Baroda,Bhopal,23.296943,77.384069,0.0,361604.73,1,361604.73,0,0
2902-2663-3694,Bank of Baroda,Patna,25.587097,85.158441,0.0,229553.66,1,229553.66,0,0
2907-4139-5275,YES Bank,Chandigarh,30.710779,76.798286,0.0,19290.37,2,9645.18,0,0
2908-3469-1424,Axis Bank,Delhi,28.5929,77.24493,0.0,271690.43,1,271690.43,0,0
2950-7622-9917,ICICI Bank,Noida,28.562471,77.366782,0.0,379888.51,1,379888.51,0,0
2960-4010-2610,State Bank of India,Hyderabad,17.403444,78.530194,0.0,109651.44,1,109651.44,0,0
3016-3436-7250,IndusInd Bank,Delhi,28.626611,77.183532,0.0,8157.049999999999,2,4078.52,0,0
3017-7145-1416,Axis Bank,Patna,25.603122,85.100065,0.0,482588.10000000003,2,241294.05,0,0
3027-6134-4135,Axis Bank,Delhi,28.595365,77.172739,0.0,332909.74,1,332909.74,0,0
3083-2445-2244,IndusInd Bank,Mumbai,19.031007,72.839102,0.0,120909.95000000001,2,60454.98,0,0
3100-1043-4079,Union Bank of India,Chennai,13.055266,80.256435,0.0,191698.93999999997,2,95849.47,0,0
3138-7033-9656,Federal Bank,Hyderabad,17.429545,78.499863,0.0,464896.72000000003,2,232448.36,0,0
3159-2522-8672,Axis Bank,Mumbai,19.11211,72.889394,0.0,213831.41,1,213831.41,0,0
3169-3962-7480,Canara Bank,Gurgaon,28.494997,77.004007,0.0,249972.63,2,124986.32,0,0
3174-6087-1873,Federal Bank,Mumbai,19.114357,72.845411,0.0,160685.99,2,80343.0,0,0
3192-6615-9031,ICICI Bank,Mumbai,19.028191,72.878163,0.0,142546.31,2,71273.16,0,0
3193-7336-2778,Federal Bank,Bengaluru,12.969626,77.625479,0.0,417883.52,3,139294.51,0,0
3208-1689-5344,HDFC Bank,Chandigarh,30.732903,76.781615,0.0,377460.6,1,377460.6,0,0
3209-8247-7881,Punjab National Bank,Mumbai,19.048924,72.891575,0.0,103731.61,2,51865.8,0,0
3215-1865-9486,South Indian Bank,Delhi,28.64973,77.213367,0.0,434705.61,1,434705.61,0,0
3225-8424-8431,Canara Bank,Ahmedabad,23.055005,72.613223,0.0,335729.88,1,335729.88,0,0
3229-1050-7564,ICICI Bank,Mumbai,19.097356,72.904461,0.0,392281.32,1,392281.32,0,0
3248-8689-6522,UCO Bank,Jaipur,26.887559,75.764121,0.0,112548.49,1,112548.49,0,0
3257-2920-3344,Federal Bank,Ahmedabad,22.975519,72.557924,0.0,355117.78,2,177558.89,0,0
3257-4645-9410,Bank of Baroda,Kolkata,22.572288,88.382783,0.0,68525.63,2,34262.82,0,0
3261-3277-2932,Canara Bank,Mumbai,19.109894,72.903954,0.0,262069.69,3,87356.56,0,0
3271-2064-8574,IndusInd Bank,Gurgaon,28.456766,77.021851,0.0,26465.69,3,8821.9,0,0
3292-9743-3444,South Indian Bank,Gurgaon,28.428001,77.03809,0.0,406042.05,3,135347.35,0,0
3293-7187-9514,Canara Bank,Bhopal,23.218095,77.368819,0.0,158095.91,3,52698.64,0,0
3331-2646-9277,UCO Bank,Chennai,13.115507,80.28299,0.0,45205.31,2,22602.66,0,0
3336-4695-2346,IDBI Bank,Chennai,13.091778,80.27239,0.0,237397.85,3,79132.62,0,0
3343-5977-8965,Punjab National Bank,Noida,28.561062,77.392567,0.0,10221.150000000001,2,5110.58,0,0
3355-9917-4667,South Indian Bank,Chandigarh,30.760806,76.73697,0.0,135093.54,1,135093.54,0,0
3440-4817-2180,South Indian Bank,Chandigarh,30.68788,76.79953,0.0,460096.63,1,460096.63,0,0
3480-3975-6981,Punjab National Bank,Hyderabad,17.372318,78.520842,0.0,265345.79,1,265345.79,0,0
3484-7994-9962,Kotak Mahindra Bank,Chandigarh,30.775782,76.778748,0.0,30937.52,3,10312.51,0,0
3487-2546-3832,South Indian Bank,Chandigarh,30.754423,76.783233,0.0,221290.93,1,221290.93,0,0
3487-4372-8264,HDFC Bank,Kolkata,22.575024,88.391066,0.0,38868.27,1,38868.27,0,0
3499-8317-8186,UCO Bank,Bhopal,23.246894,77.450538,0.0,139630.39,2,69815.2,0,0
3518-7729-3029,Punjab National Bank,Bengaluru,13.010819,77.598243,0.0,239412.73,2,119706.36,0,0
3523-8465-2190,State Bank of India,Bhopal,23.260808,77.38094,0.0,229554.66999999998,2,114777.34,0,0
3563-2093-6741,YES Bank,Hyderabad,17.391111,78.50086,0.0,484682.33,3,161560.78,0,0
3567-2604-5033,Kotak Mahindra Bank,Noida,28.488191,77.354691,0.0,374705.22000000003,2,187352.61,0,0
3570-9193-1739,HDFC Bank,Jaipur,26.867275,75.794945,0.0,175541.79,2,87770.9,0,0
3580-5528-5000,YES Bank,Bengaluru,13.011205,77.593184,0.0,107441.73,2,53720.86,0,0
3581-3223-1548,ICICI Bank,Pune,18.491191,73.817478,0.0,406691.35,1,406691.35,0,0
3586-5719-2225,IndusInd Bank,Delhi,28.597705,77.185088,0.0,480253.84,3,160084.61,0,0
3587-3574-6335,Bank of Baroda,Lucknow,26.879623,80.927735,0.0,244748.98,3,81582.99,0,0
3626-7034-1730,YES Bank,Lucknow,26.875047,80.967484,0.0,462335.97,2,231167.98,0,0
3666-9543-4857,IndusInd Bank,Kolkata,22.525608,88.405895,0.0,333487.99,1,333487.99,0,0
3722-4233-8169,IndusInd Bank,Patna,25.592819,85.162499,0.0,237897.91,1,237897.91,0,0
3736-1102-9818,South Indian Bank,Kolkata,22.533667,88.410894,0.0,44634.11,3,14878.04,0,0
3736-1721-7810,Axis Bank,Noida,28.517837,77.342499,0.0,44885.94,3,14961.98,0,0
3758-7619-4393,Axis Bank,Lucknow,26.886545,80.934144,0.0,125566.6,1,125566.6,0,0
3769-6983-5140,Kotak Mahindra Bank,Bengaluru,12.926801,77.56848,0.0,305497.17,1,305497.17,0,0
3773-6729-8245,State Bank of India,Mumbai,19.118673,72.914575,0.0,221859.54,3,73953.18,0,0
3790-3101-9414,Axis Bank,Delhi,28.617547,77.203635,0.0,168283.32,1,168283.32,0,0
3826-4546-9929,HDFC Bank,Chandigarh,30.77062,76.811001,0.0,83019.61,1,83019.61,0,0
3841-2920-5775,Punjab National Bank,Chandigarh,30.729208,76.76354,0.0,451339.63,3,150446.54,0,0
3852-8862-9901,HDFC Bank,Bengaluru,12.933823,77.613751,0.0,390365.11,2,195182.56,0,0
3862-9248-1523,Axis Bank,Noida,28.50791,77.366782,0.0,5837.18,1,5837.18,0,0
3870-8736-4273,Axis Bank,Jaipur,26.906765,75.761488,0.0,125646.79999999999,2,62823.4,0,0
3875-6736-8569,Punjab National Bank,Kolkata,22.545124,88.376621,0.0,423425.44,1,423425.44,0,0
3883-1691-8960,Punjab National Bank,Bhopal,23.299957,77.403301,0.0,180070.92,1,180070.92,0,0
3896-8715-7849,HDFC Bank,Bhopal,23.2747,77.410279,0.0,207389.13,1,207389.13,0,0
3898-3156-2356,Punjab National Bank,Bhopal,23.275411,77.436345,0.0,168252.81,2,84126.4,0,0
3900-8987-5654,State Bank of India,Chandigarh,30.775923,76.799601,0.0,279386.6,3,93128.87,0,0
3906-8460-6901,South Indian Bank,Hyderabad,17.341767,78.479432,0.0,404711.01,1,404711.01,0,0
3935-4066-1484,ICICI Bank,Jaipur,26.889264,75.820183,0.0,127719.85,1,127719.85,0,0
3943-5919-7202,ICICI Bank,Ahmedabad,22.984802,72.612385,0.0,305622.22,1,305622.22,0,0
3955-5621-1344,Canara Bank,Mumbai,19.116913,72.924739,0.0,392404.5,2,196202.25,0,0
3956-6694-2287,Punjab National Bank,Hyderabad,17.426671,78.513315,0.0,340379.77,2,170189.88,0,0
3977-2848-4924,Bank of Baroda,Patna,25.60295,85.099466,0.0,396733.42,1,396733.42,0,0
4010-2001-4060,State Bank of India,Jaipur,26.946293,75.741939,0.0,401623.32,3,133874.44,0,0
4015-7965-8082,Canara Bank,Noida,28.584451,77.373486,0.0,486283.67000000004,2,243141.84,0,0
4022-4361-1568,South Indian Bank,Delhi,28.657007,77.235852,0.0,146068.77000000002,3,48689.59,0,0
4024-2185-3528,IndusInd Bank,Kolkata,22.557493,88.372598,0.0,467926.99,1,467926.99,0,0
4027-6759-1479,ICICI Bank,Bhopal,23.28798,77.423896,0.0,255177.48,1,255177.48,0,0
4028-5133-9049,Bank of Baroda,Lucknow,26.832838,80.974081,0.0,17710.82,2,8855.41,0,0
4042-5040-3180,Punjab National Bank,Noida,28.553553,77.373788,0.0,68946.92,3,22982.31,0,0
4061-5087-5606,Kotak Mahindra Bank,Lucknow,26.877695,80.966314,0.0,304916.88,1,304916.88,0,0
4070-2914-6050,Axis Bank,Kolkata,22.540101,88.351322,0.0,401293.29,3,133764.43,0,0
4089-4580-9316,HDFC Bank,Patna,25.582559,85.186838,0.0,188655.16,1,188655.16,0,0
4102-3031-2241,Canara Bank,Jaipur,26.921631,75.797455,0.0,49616.02,1,49616.02,0,0
4127-2410-5930,IDBI Bank,Lucknow,26.893087,80.943349,0.0,305073.38,2,152536.69,0,0
4129-1385-1265,Federal Bank,Patna,25.551234,85.112943,0.0,455146.88,1,455146.88,0,0
4131-7043-9807,State Bank of India,Pune,18.496773,73.875492,0.0,475684.39,1,475684.39,0,0
4133-8112-8887,Axis Bank,Kolkata,22.56802,88.323986,0.0,353746.31,3,117915.44,0,0
4151-4199-1024,Federal Bank,Kolkata,22.573457,88.371911,0.0,431758.57,3,143919.52,0,0
4160-9008-5614,YES Bank,Gurgaon,28.485706,77.000896,0.0,452184.82999999996,2,226092.41,0,0
4163-5097-3833,YES Bank,Patna,25.575259,85.16701,0.0,187665.12,1,187665.12,0,0
4163-9700-5983,Union Bank of India,Lucknow,26.803121,80.947539,0.0,54597.99,2,27299.0,0,0
4172-4893-4788,HDFC Bank,Gurgaon,28.501464,76.980812,0.0,212028.36,3,70676.12,0,0
4208-9150-9254,Canara Bank,Hyderabad,17.337271,78.471237,0.0,128590.23,3,42863.41,0,0
4232-4309-1605,IDBI Bank,Patna,25.627315,85.18687,0.0,243971.69,2,121985.84,0,0
4248-4418-4026,Federal Bank,Patna,25.560091,85.115464,0.0,407671.52999999997,2,203835.76,0,0
4250-2220-8699,State Bank of India,Gurgaon,28.494717,76.97817,0.0,8990.97,1,8990.97,0,0
4256-6336-4769,IDBI Bank,Hyderabad,17.372553,78.458766,0.0,336514.36,1,336514.36,0,0
4279-5892-4511,State Bank of India,Mumbai,19.044092,72.861093,0.0,11889.73,3,3963.24,0,0
4285-3083-7999,IndusInd Bank,Chandigarh,30.77795,76.800933,0.0,455802.57,1,455802.57,0,0
4326-3467-4489,ICICI Bank,Pune,18.48055,73.862889,0.0,9008.49,2,4504.24,0,0
4328-4121-5361,IDBI Bank,Jaipur,26.904233,75.778152,0.0,194358.15000000002,2,97179.08,0,0
4330-9999-4522,IDBI Bank,Delhi,28.565287,77.227287,0.0,27741.75,3,9247.25,0,0
4352-4541-4423,Axis Bank,Patna,25.624695,85.096606,0.0,461161.07,2,230580.54,0,0
4391-6322-3086,State Bank of India,Jaipur,26.905327,75.819728,0.0,405188.06,3,135062.69,0,0
4420-5115-7174,Federal Bank,Pune,18.568145,73.835334,0.0,149584.51,1,149584.51,0,0
4476-8711-2516,UCO Bank,Chennai,13.036381,80.281131,0.0,231089.36,2,115544.68,0,0
4496-4804-2644,IDBI Bank,Chandigarh,30.768359,76.804469,0.0,474760.34,1,474760.34,0,0
4534-9110-5775,Canara Bank,Pune,18.536325,73.891552,0.0,269391.20999999996,3,89797.07,0,0
4549-8446-8744,Axis Bank,Chandigarh,30.694251,76.803454,0.0,330147.89,1,330147.89,0,0
4563-9457-6880,Bank of Baroda,Jaipur,26.895142,75.789927,0.0,376139.31,2,188069.66,0,0
4577-7493-8591,Axis Bank,Hyderabad,17.376113,78.536502,0.0,24714.300000000003,2,12357.15,0,0
4578-2798-3086,UCO Bank,Jaipur,26.914492,75.76706,0.0,334709.39,1,334709.39,0,0
4578-5466-9773,UCO Bank,Delhi,28.598,77.239849,0.0,6888.71,1,6888.71,0,0
4610-6096-9724,Punjab National Bank,Gurgaon,28.47017,77.058243,0.0,423438.25,3,141146.08,0,0
4616-4150-9297,ICICI Bank,Patna,25.577751,85.116519,0.0,306853.68000000005,3,102284.56,0,0
4673-2425-3264,UCO Bank,Chennai,13.058948,80.289697,0.0,310594.52,3,103531.51,0,0
4690-6281-7998,Kotak Mahindra Bank,Jaipur,26.882433,75.819452,0.0,162497.28,1,162497.28,0,0
4700-7672-5761,Kotak Mahindra Bank,Jaipur,26.902037,75.789566,0.0,26822.95,2,13411.48,0,0
4712-1037-7534,Punjab National Bank,Noida,28.536085,77.365244,0.0,361845.23,3,120615.08,0,0
4772-8643-4492,Canara Bank,Gurgaon,28.508488,77.012882,0.0,446866.61,1,446866.61,0,0
4786-5868-5039,HDFC Bank,Patna,25.594038,85.178633,0.0,441975.39,3,147325.13,0,0
4804-4783-1427,Federal Bank,Hyderabad,17.382385,78.453079,0.0,118326.18,2,59163.09,0,0
4821-2474-6796,Axis Bank,Noida,28.55991,77.407499,0.0,457048.69999999995,3,152349.57,0,0
4826-2633-2365,UCO Bank,Jaipur,26.876632,75.817844,0.0,185328.21,1,185328.21,0,0
4845-6713-8933,Punjab National Bank,Noida,28.496737,77.42909,0.0,345895.61,3,115298.54,0,0
4870-3137-1178,Canara Bank,Chandigarh,30.768283,76.782816,0.0,228387.27,2,114193.64,0,0
4883-5081-9005,Kotak Mahindra Bank,Chennai,13.122743,80.315414,0.0,457454.23,3,152484.74,0,0
4891-2754-5035,ICICI Bank,Ahmedabad,22.978892,72.593234,0.0,108400.1,2,54200.05,0,0
4950-4582-1586,Bank of Baroda,Pune,18.513626,73.835634,0.0,57300.59,2,28650.3,0,0
5006-1756-4098,IDBI Bank,Noida,28.532567,77.40735,0.0,71002.87,3,23667.62,0,0
5007-7265-1282,State Bank of India,Hyderabad,17.358212,78.473682,0.0,118317.59,2,59158.8,0,0
5013-7678-3263,UCO Bank,Chennai,13.120844,80.24051,0.0,116280.68,3,38760.23,0,0
5020-3384-2659,UCO Bank,Pune,18.552509,73.861861,0.0,12355.86,2,6177.93,0,0
5029-3925-4211,Federal Bank,Jaipur,26.900292,75.816041,0.0,403034.38,1,403034.38,0,0
5040-7526-2769,ICICI Bank,Bhopal,23.26621,77.400482,0.0,200994.61,2,100497.3,0,0
5062-4528-6252,Punjab National Bank,Noida,28.510981,77.358267,0.0,290929.03,3,96976.34,0,0
5081-7461-3092,YES Bank,Pune,18.534654,73.879851,0.0,425091.31000000006,3,141697.1,0,0
5082-3583-2697,ICICI Bank,Noida,28.561668,77.388893,0.0,395317.41,1,395317.41,0,0
5122-9220-9712,Punjab National Bank,Bengaluru,12.978551,77.555034,0.0,353824.69,2,176912.34,0,0
5123-8875-7456,IndusInd Bank,Lucknow,26.881687,80.910168,0.0,265592.01,1,265592.01,0,0
5129-8773-3953,ICICI Bank,Chennai,13.086234,80.301567,0.0,210737.07,1,210737.07,0,0
5253-8530-1782,IDBI Bank,Hyderabad,17.356505,78.44233,0.0,284159.31,2,142079.66,0,0
5275-8637-3078,IDBI Bank,Bhopal,23.272728,77.430141,0.0,424350.31999999995,2,212175.16,0,0
5296-1591-2494,HDFC Bank,Noida,28.537096,77.379926,0.0,54943.86,3,18314.62,0,0
5320-1819-7329,ICICI Bank,Bengaluru,13.008821,77.551009,0.0,494615.74,2,247307.87,0,0
5333-3929-8271,IndusInd Bank,Bhopal,23.231684,77.368458,0.0,237606.68,2,118803.34,0,0
5341-5420-1064,IndusInd Bank,Kolkata,22.546161,88.346755,0.0,72543.58,2,36271.79,0,0
5342-6592-4066,HDFC Bank,Hyderabad,17.336792,78.476193,0.0,292391.92,1,292391.92,0,0
5350-5231-9605,UCO Bank,Pune,18.488982,73.869707,0.0,198611.41,2,99305.7,0,0
5356-9692-1145,Kotak Mahindra Bank,Chennai,13.054112,80.237942,0.0,329186.33999999997,2,164593.17,0,0
5367-3478-2661,Punjab National Bank,Chandigarh,30.754422,76.795202,0.0,196152.24,3,65384.08,0,0
5373-8271-8228,State Bank of India,Chennai,13.126564,80.230631,0.0,18962.25,1,18962.25,0,0
5437-5229-4706,IDBI Bank,Chandigarh,30.769112,76.797491,0.0,249969.42,3,83323.14,0,0
5494-6833-6183,State Bank of India,Mumbai,19.077938,72.844209,0.0,290825.64,1,290825.64,0,0
5506-8264-4302,State Bank of India,Pune,18.513729,73.822561,0.0,444605.06,3,148201.69,0,0
5509-8292-7018,Kotak Mahindra Bank,Jaipur,26.953248,75.759794,0.0,434091.42,1,434091.42,0,0
5529-2425-2054,UCO Bank,Ahmedabad,23.01494,72.554865,0.0,379026.58999999997,3,126342.2,0,0
5532-8307-1783,Canara Bank,Patna,25.622197,85.104806,0.0,452194.91,2,226097.46,0,0
5539-5998-7406,IndusInd Bank,Pune,18.564374,73.828587,0.0,153864.53,3,51288.18,0,0
5561-1266-4982,UCO Bank,Chennai,13.057577,80.257644,0.0,338534.16000000003,2,169267.08,0,0
5569-5806-3265,UCO Bank,Kolkata,22.611546,88.314809,0.0,105023.66,1,105023.66,0,0
5576-7676-2832,Punjab National Bank,Pune,18.511106,73.905025,0.0,115999.59999999999,2,57999.8,0,0
5589-4075-6101,Bank of Baroda,Noida,28.565979,77.370423,0.0,410944.36,3,136981.45,0,0
5650-4373-4818,ICICI Bank,Bengaluru,12.960711,77.64356,0.0,377129.51,2,188564.76,0,0
5666-4410-4172,Canara Bank,Chandigarh,30.74251,76.742626,0.0,231329.17,1,231329.17,0,0
5690-8363-3571,Federal Bank,Bengaluru,12.968002,77.561827,0.0,251695.87,1,251695.87,0,0
5710-9199-9236,UCO Bank,Patna,25.597784,85.186907,0.0,322288.78,1,322288.78,0,0
5715-3961-2380,IDBI Bank,Pune,18.495543,73.846087,0.0,348312.39,3,116104.13,0,0
5719-3912-9225,Canara Bank,Bengaluru,12.935213,77.629701,0.0,217495.72,1,217495.72,0,0
5736-5244-1654,ICICI Bank,Bhopal,23.303377,77.452177,0.0,147377.02,1,147377.02,0,0
5762-4740-9606,Punjab National Bank,Jaipur,26.887754,75.783175,0.0,487275.99,3,162425.33,0,0
5856-8474-2468,State Bank of India,Patna,25.632834,85.144548,0.0,82917.90000000001,3,27639.3,0,0
5863-2809-2173,Punjab National Bank,Kolkata,22.533869,88.353578,0.0,134083.18,2,67041.59,0,0
5864-2427-9510,ICICI Bank,Ahmedabad,22.9835,72.599107,0.0,257015.65000000002,2,128507.83,0,0
5876-9951-8117,Kotak Mahindra Bank,Chennai,13.055487,80.309297,0.0,225775.66,1,225775.66,0,0
5886-4012-5815,State Bank of India,Chennai,13.128577,80.262298,0.0,14374.0,2,7187.0,0,0
5906-5617-6679,Axis Bank,Lucknow,26.817688,80.919572,0.0,416131.74,2,208065.87,0,0
5918-1657-4838,South Indian Bank,Ahmedabad,23.066785,72.541246,0.0,233678.29,3,77892.76,0,0
5918-7012-1680,IDBI Bank,Gurgaon,28.477404,77.03973,0.0,87337.55,1,87337.55,0,0
5959-2288-1095,Kotak Mahindra Bank,Chennai,13.103307,80.287796,0.0,100042.6,3,33347.53,0,0
5960-1558-8282,Kotak Mahindra Bank,Pune,18.568575,73.842475,0.0,63633.52,1,63633.52,0,0
5963-9599-1702,State Bank of India,Lucknow,26.818542,80.97728,0.0,33663.44,3,11221.15,0,0
6012-4647-8076,UCO Bank,Bhopal,23.258588,77.457261,0.0,318890.86000000004,3,106296.95,0,0
6074-4356-5466,Kotak Mahindra Bank,Pune,18.471443,73.875952,0.0,83197.93,2,41598.96,0,0
6098-7771-7899,Kotak Mahindra Bank,Patna,25.557127,85.127632,0.0,204411.13,2,102205.56,0,0
6103-6225-6107,Axis Bank,Ahmedabad,23.043684,72.536361,0.0,388611.29,1,388611.29,0,0
6113-2391-2073,Kotak Mahindra Bank,Jaipur,26.919205,75.827441,0.0,418124.53,2,209062.26,0,0
6139-9532-6362,IndusInd Bank,Gurgaon,28.470552,77.048086,0.0,347573.9,3,115857.97,0,0
6142-9538-4630,Canara Bank,Lucknow,26.862851,80.896327,0.0,283829.15,1,283829.15,0,0
6185-9941-7943,State Bank of India,Jaipur,26.865881,75.811245,0.0,488221.99,2,244111.0,0,0
6199-3381-8231,Canara Bank,Jaipur,26.952107,75.798269,0.0,72584.68000000001,3,24194.89,0,0
6236-3292-1417,IDBI Bank,Mumbai,19.079464,72.90619,0.0,114118.11,3,38039.37,0,0
6263-8673-4730,HDFC Bank,Jaipur,26.905133,75.817906,0.0,435452.83,2,217726.42,0,0
6268-4811-2085,UCO Bank,Chandigarh,30.769291,76.736882,0.0,139103.63,2,69551.82,0,0
6273-9259-7302,ICICI Bank,Hyderabad,17.405001,78.511543,0.0,27683.07,2,13841.54,0,0
6300-3519-1473,Punjab National Bank,Ahmedabad,22.973081,72.618377,0.0,167489.67,1,167489.67,0,0
6311-1272-6490,Federal Bank,Lucknow,26.88682,80.986324,0.0,13485.59,2,6742.8,0,0
6311-2189-7549,HDFC Bank,Bhopal,23.258647,77.371577,0.0,409164.79,1,409164.79,0,0
6312-2979-9943,ICICI Bank,Bengaluru,12.933675,77.558724,0.0,299542.38,1,299542.38,0,0
6313-8520-3966,Union Bank of India,Hyderabad,17.42435,78.455294,0.0,431435.11000000004,2,215717.56,0,0
6317-6581-9867,UCO Bank,Bhopal,23.227498,77.387411,0.0,405283.67,2,202641.84,0,0
6345-2383-8864,South Indian Bank,Gurgaon,28.417649,76.981308,0.0,209835.98,2,104917.99,0,0
6352-7948-2209,ICICI Bank,Noida,28.508599,77.345688,0.0,53323.4,2,26661.7,0,0
6364-3453-5987,Axis Bank,Patna,25.550367,85.118005,0.0,260063.93,2,130031.96,0,0
6385-3199-5556,Bank of Baroda,Bengaluru,12.942182,77.550007,0.0,206761.69,2,103380.84,0,0
6405-9844-3340,YES Bank,Noida,28.580727,77.362531,0.0,191698.15,1,191698.15,0,0
6447-9273-5480,Kotak Mahindra Bank,Delhi,28.597161,77.199734,0.0,35108.58,3,11702.86,0,0
6455-1836-3065,YES Bank,Kolkata,22.602801,88.345061,0.0,63341.52,2,31670.76,0,0
6468-3174-8750,HDFC Bank,Patna,25.565657,85.177957,0.0,127890.28,1,127890.28,0,0
6475-5860-7730,Bank of Baroda,Noida,28.558409,77.440239,0.0,368327.51,3,122775.84,0,0
6553-3589-4277,State Bank of India,Delhi,28.635561,77.202038,0.0,242502.69,2,121251.34,0,0
6555-5093-3524,Kotak Mahindra Bank,Noida,28.549595,77.427341,0.0,346693.74,2,173346.87,0,0
6576-3682-2559,IDBI Bank,Kolkata,22.57427,88.375825,0.0,189146.61000000002,3,63048.87,0,0
6582-2962-1532,IndusInd Bank,Gurgaon,28.435328,77.014558,0.0,314037.16000000003,3,104679.05,0,0
6633-4469-7760,YES Bank,Ahmedabad,22.977939,72.596504,0.0,411792.28,3,137264.09,0,0
6707-8010-8800,YES Bank,Noida,28.568735,77.44063,0.0,171384.12,3,57128.04,0,0
6722-4657-6080,South Indian Bank,Chandigarh,30.726524,76.752461,0.0,18323.47,3,6107.82,0,0
6722-6232-6571,Bank of Baroda,Lucknow,26.836942,80.908466,0.0,96940.23,1,96940.23,0,0
6776-6526-2099,ICICI Bank,Chennai,13.069465,80.231437,0.0,460512.13,3,153504.04,0,0
6802-7721-7946,HDFC Bank,Ahmedabad,23.036853,72.535167,0.0,293067.99,1,293067.99,0,0
6829-6566-9358,Bank of Baroda,Bengaluru,12.936579,77.59029,0.0,253510.27,1,253510.27,0,0
6833-6410-2641,UCO Bank,Noida,28.513447,77.410926,0.0,449416.62,1,449416.62,0,0
6836-9663-7416,Union Bank of India,Hyderabad,17.342888,78.494066,0.0,179388.03,1,179388.03,0,0
6843-2361-1211,UCO Bank,Hyderabad,17.361575,78.53643,0.0,489277.18,1,489277.18,0,0
6847-8411-3691,ICICI Bank,Bhopal,23.233322,77.36712,0.0,50156.27,1,50156.27,0,0
6851-7985-9394,Canara Bank,Lucknow,26.839427,80.926016,0.0,249486.65,2,124743.32,0,0
6853-7208-7088,Bank of Baroda,Ahmedabad,23.062254,72.568863,0.0,498594.91,1,498594.91,0,0
6899-8976-9969,Canara Bank,Ahmedabad,23.011064,72.523056,0.0,314674.12,3,104891.37,0,0
6906-2389-1710,Federal Bank,Pune,18.55794,73.833809,0.0,11262.81,3,3754.27,0,0
6907-8046-5635,Kotak Mahindra Bank,Patna,25.599667,85.179885,0.0,156069.47999999998,2,78034.74,0,0
6917-5521-7192,IDBI Bank,Patna,25.589899,85.139306,0.0,165182.83000000002,3,55060.94,0,0
6942-5771-6024,Punjab National Bank,Jaipur,26.8652,75.758466,0.0,141742.45,3,47247.48,0,0
6953-5563-5854,HDFC Bank,Pune,18.54499,73.888987,0.0,143108.17,2,71554.09,0,0
6957-8760-4638,Bank of Baroda,Delhi,28.60361,77.24974,0.0,65314.93,2,32657.46,0,0
6979-1725-2750,HDFC Bank,Bhopal,23.225374,77.434982,0.0,218155.03,3,72718.34,0,0
7005-6773-8350,Punjab National Bank,Ahmedabad,22.994292,72.612786,0.0,382863.51,1,382863.51,0,0
7068-6171-3421,State Bank of India,Patna,25.590568,85.1625,0.0,160620.78,3,53540.26,0,0
7096-9155-9301,Canara Bank,Bhopal,23.214461,77.429745,0.0,83249.82,1,83249.82,0,0
7144-1417-8114,IDBI Bank,Lucknow,26.809887,80.902588,0.0,74674.72,3,24891.57,0,0
7145-5057-6467,ICICI Bank,Lucknow,26.871484,80.898377,0.0,238117.5,1,238117.5,0,0
7187-5213-2958,Union Bank of India,Hyderabad,17.368469,78.509564,0.0,348249.3,2,174124.65,0,0
7225-4419-3077,Bank of Baroda,Ahmedabad,23.060738,72.555483,0.0,63723.420000000006,2,31861.71,0,0
7254-5742-9037,IDBI Bank,Chennai,13.035384,80.220945,0.0,153192.48,1,153192.48,0,0
7265-4950-2675,Kotak Mahindra Bank,Jaipur,26.882232,75.816021,0.0,423019.76,2,211509.88,0,0
7316-8720-6006,Bank of Baroda,Pune,18.476828,73.808586,0.0,442133.2,1,442133.2,0,0
7347-7677-7247,Kotak Mahindra Bank,Noida,28.511551,77.361061,0.0,306698.43,3,102232.81,0,0
7370-6011-9152,IDBI Bank,Chandigarh,30.737579,76.793493,0.0,233269.21,2,116634.6,0,0
7386-7202-2642,Bank of Baroda,Kolkata,22.556891,88.393934,0.0,456501.46,1,456501.46,0,0
7397-7853-9509,UCO Bank,Patna,25.558689,85.154099,0.0,26798.76,1,26798.76,0,0
7421-7437-2659,YES Bank,Mumbai,19.08969,72.898285,0.0,183636.13,1,183636.13,0,0
7478-6554-9863,IDBI Bank,Delhi,28.626911,77.23616,0.0,334140.07,1,334140.07,0,0
7530-6283-6370,Punjab National Bank,Delhi,28.56913,77.211377,0.0,489065.80000000005,2,244532.9,0,0
7551-7281-9971,Canara Bank,Bengaluru,12.980217,77.546278,0.0,343600.6,1,343600.6,0,0
7597-8812-3090,IDBI Bank,Pune,18.562244,73.870619,0.0,237801.88,2,118900.94,0,0
7609-2506-6724,Punjab National Bank,Mumbai,19.087828,72.875186,0.0,336736.71,1,336736.71,0,0
7629-5678-9779,Kotak Mahindra Bank,Hyderabad,17.425785,78.48672,0.0,279240.61,2,139620.3,0,0
7636-5728-4954,Bank of Baroda,Chandigarh,30.686257,76.802001,0.0,396429.99,1,396429.99,0,0
7639-3720-3548,IndusInd Bank,Gurgaon,28.49471,77.017701,0.0,471207.9,2,235603.95,0,0
7651-1595-9572,HDFC Bank,Patna,25.642609,85.106137,0.0,5774.35,2,2887.18,0,0
7670-5152-7485,YES Bank,Ahmedabad,23.06599,72.565397,0.0,140031.69,1,140031.69,0,0
7674-2768-4811,ICICI Bank,Mumbai,19.117835,72.859822,0.0,304477.89,1,304477.89,0,0
7775-1619-3152,South Indian Bank,Patna,25.595709,85.134056,0.0,197248.73,1,197248.73,0,0
7778-1075-7946,UCO Bank,Chennai,13.126876,80.270795,0.0,198412.09,3,66137.36,0,0
7783-1745-6468,Punjab National Bank,Kolkata,22.554992,88.314513,0.0,236177.21000000002,2,118088.61,0,0
7792-6336-7199,ICICI Bank,Chandigarh,30.756195,76.735875,0.0,415030.08999999997,2,207515.04,0,0
7861-1074-4860,Bank of Baroda,Bhopal,23.308578,77.413354,0.0,299286.98,1,299286.98,0,0
7869-7199-9973,YES Bank,Jaipur,26.946748,75.79776,0.0,102169.45,1,102169.45,0,0
7873-6832-1798,HDFC Bank,Ahmedabad,22.989214,72.553661,0.0,372496.26,2,186248.13,0,0
7882-9723-8354,Axis Bank,Lucknow,26.892478,80.9879,0.0,77940.21,2,38970.11,0,0
7946-4517-4334,State Bank of India,Pune,18.544782,73.815866,0.0,183261.33000000002,2,91630.66,0,0
7974-3984-2644,UCO Bank,Lucknow,26.811107,80.99251,0.0,15324.0,2,7662.0,0,0
7985-4284-1071,Federal Bank,Bhopal,23.299034,77.434604,0.0,412563.42,1,412563.42,0,0
8005-3535-5473,IndusInd Bank,Patna,25.599441,85.153978,0.0,159385.72,3,53128.57,0,0
8020-9970-1963,Punjab National Bank,Delhi,28.633445,77.183164,0.0,385872.08,1,385872.08,0,0
8029-5216-1144,UCO Bank,Chandigarh,30.733281,76.7633,0.0,259915.16999999998,2,129957.58,0,0
8043-1800-5883,IDBI Bank,Delhi,28.597056,77.20497,0.0,229448.99,2,114724.5,0,0
8045-4962-7412,IndusInd Bank,Hyderabad,17.352372,78.527117,0.0,47378.42,1,47378.42,0,0
8053-9505-5558,Axis Bank,Chandigarh,30.712148,76.821169,0.0,397351.15,3,132450.38,0,0
8055-6459-8869,YES Bank,Pune,18.496163,73.877782,0.0,388430.03,1,388430.03,0,0
8071-1787-2039,UCO Bank,Bhopal,23.260697,77.412132,0.0,127654.26000000001,3,42551.42,0,0
8074-5515-1568,Canara Bank,Bhopal,23.230117,77.366342,0.0,459796.49,1,459796.49,0,0
8076-5747-7460,UCO Bank,Lucknow,26.851515,80.922456,0.0,464812.18,1,464812.18,0,0
8078-2322-5764,YES Bank,Jaipur,26.901024,75.777211,0.0,289161.79,1,289161.79,0,0
8085-3917-9667,YES Bank,Patna,25.610558,85.164665,0.0,45608.81,2,22804.4,0,0
8091-7388-7915,IDBI Bank,Noida,28.569572,77.440312,0.0,256701.80000000002,2,128350.9,0,0
8096-4268-7578,Punjab National Bank,Chennai,13.087208,80.315553,0.0,249681.72,2,124840.86,0,0
8101-4981-9188,Union Bank of India,Ahmedabad,23.025321,72.549733,0.0,387797.83,3,129265.94,0,0
8112-7979-2522,Axis Bank,Jaipur,26.933764,75.830367,0.0,341361.47,1,341361.47,0,0
8132-6606-9921,Punjab National Bank,Hyderabad,17.394826,78.505251,0.0,327811.72000000003,3,109270.57,0,0
8154-5739-2927,Federal Bank,Noida,28.574995,77.351233,0.0,341746.13,3,113915.38,0,0
8177-5628-1718,IDBI Bank,Lucknow,26.864107,80.960591,0.0,123388.41,2,61694.2,0,0
8214-2344-2323,IDBI Bank,Chandigarh,30.693563,76.768619,0.0,268445.18,1,268445.18,0,0
8228-4774-2477,Kotak Mahindra Bank,Ahmedabad,23.009842,72.539324,0.0,339928.01,2,169964.0,0,0
8233-9288-9165,YES Bank,Delhi,28.647381,77.206366,0.0,474692.88,3,158230.96,0,0
8246-5098-7312,Bank of Baroda,Hyderabad,17.407191,78.523649,0.0,461501.92,1,461501.92,0,0
8250-1668-5028,YES Bank,Mumbai,19.027242,72.852068,0.0,218189.96,3,72729.99,0,0
8257-1056-4396,Punjab National Bank,Gurgaon,28.438266,77.049393,0.0,371741.03,3,123913.68,0,0
8259-2398-8065,IndusInd Bank,Chandigarh,30.717539,76.755506,0.0,234656.77000000002,2,117328.38,0,0
8263-4648-4957,YES Bank,Delhi,28.60201,77.192501,0.0,223436.54,1,223436.54,0,0
8266-5959-7011,South Indian Bank,Hyderabad,17.430056,78.485321,0.0,123733.25999999998,3,41244.42,0,0
8267-7013-9057,Canara Bank,Pune,18.485293,73.85004,0.0,103075.85,3,34358.62,0,0
8287-5032-5834,South Indian Bank,Patna,25.636692,85.17092,0.0,491642.29,1,491642.29,0,0
8287-9751-9855,UCO Bank,Lucknow,26.805754,80.98633,0.0,282638.95,1,282638.95,0,0
8315-3228-6618,Bank of Baroda,Mumbai,19.027341,72.845584,0.0,55888.240000000005,3,18629.41,0,0
8350-3761-9577,Union Bank of India,Bengaluru,12.963872,77.582509,0.0,378345.44,1,378345.44,0,0
8359-9883-3158,Punjab National Bank,Lucknow,26.886564,80.987156,0.0,15411.96,1,15411.96,0,0
8370-8506-1633,YES Bank,Ahmedabad,23.036263,72.607823,0.0,494938.99,2,247469.5,0,0
8373-7303-6821,Kotak Mahindra Bank,Bhopal,23.233575,77.412773,0.0,245392.36,1,245392.36,0,0
8387-1408-3930,IDBI Bank,Noida,28.496916,77.38594,0.0,142846.25,2,71423.12,0,0
8425-9971-3958,IndusInd Bank,Bhopal,23.30371,77.389394,0.0,185502.5,1,185502.5,0,0
8428-7290-8605,Axis Bank,Noida,28.486729,77.41233,0.0,101245.44,2,50622.72,0,0
8429-2127-4765,IndusInd Bank,Hyderabad,17.349956,78.44633,0.0,202703.25,2,101351.62,0,0
8429-5528-7995,Punjab National Bank,Bhopal,23.227693,77.36954,0.0,369189.9,3,123063.3,0,0
8461-9254-9602,State Bank of India,Kolkata,22.551784,88.377862,0.0,298088.44,2,149044.22,0,0
8472-7191-9266,South Indian Bank,Ahmedabad,22.979796,72.599514,0.0,482494.19000000006,2,241247.1,0,0
8481-7273-9670,IDBI Bank,Bhopal,23.285676,77.363273,0.0,431573.36,1,431573.36,0,0
8490-2972-9490,Bank of Baroda,Ahmedabad,22.991215,72.547685,0.0,385456.37,2,192728.18,0,0
8501-2430-2313,IDBI Bank,Gurgaon,28.42455,76.997026,0.0,271129.03,2,135564.52,0,0
8581-5573-1237,State Bank of India,Chennai,13.109561,80.224062,0.0,161507.71,3,53835.9,0,0
8582-8421-3163,South Indian Bank,Delhi,28.646641,77.2515,0.0,470411.83999999997,3,156803.95,0,0
8598-8707-3743,YES Bank,Lucknow,26.882508,80.902917,0.0,467475.31,3,155825.1,0,0
8617-2353-6673,Kotak Mahindra Bank,Jaipur,26.90257,75.814436,0.0,105761.33,3,35253.78,0,0
8617-8563-6314,State Bank of India,Bhopal,23.288727,77.400746,0.0,394323.83999999997,2,197161.92,0,0
8629-2551-9879,South Indian Bank,Jaipur,26.871462,75.76682,0.0,460347.59,1,460347.59,0,0
8634-1130-3936,IndusInd Bank,Mumbai,19.055971,72.926445,0.0,437299.06,2,218649.53,0,0
8652-8361-4731,HDFC Bank,Lucknow,26.848419,80.901367,0.0,392048.3,1,392048.3,0,0
8658-1637-6241,Canara Bank,Bhopal,23.27664,77.444781,0.0,422059.63,2,211029.82,0,0
8681-8438-9399,IDBI Bank,Chandigarh,30.758243,76.802097,0.0,492727.88,2,246363.94,0,0
8687-6916-7651,YES Bank,Delhi,28.585742,77.229816,0.0,229589.13,3,76529.71,0,0
8690-5808-7149,Canara Bank,Hyderabad,17.411873,78.490714,0.0,261285.81,3,87095.27,0,0
8720-3359-9670,Kotak Mahindra Bank,Kolkata,22.605716,88.357663,0.0,388680.95,2,194340.48,0,0
8725-8965-3977,Bank of Baroda,Chandigarh,30.712799,76.781524,0.0,196558.75,2,98279.38,0,0
8727-3254-8667,YES Bank,Ahmedabad,23.070095,72.536863,0.0,321300.65,3,107100.22,0,0
8728-3602-1116,State Bank of India,Kolkata,22.576634,88.410887,0.0,467292.58,2,233646.29,0,0
8730-4215-5012,Kotak Mahindra Bank,Mumbai,19.12175,72.829343,0.0,159711.43,2,79855.72,0,0
8731-3049-1130,Union Bank of India,Pune,18.502304,73.876029,0.0,222286.59,3,74095.53,0,0
8734-3654-7790,South Indian Bank,Pune,18.565369,73.831907,0.0,42145.39,3,14048.46,0,0
8744-7425-6024,Union Bank of India,Ahmedabad,23.018092,72.538042,0.0,220164.75,2,110082.38,0,0
8764-7427-6074,Union Bank of India,Kolkata,22.569701,88.315839,0.0,155805.71,2,77902.86,0,0
8793-4650-9000,IDBI Bank,Bengaluru,12.958421,77.596482,0.0,122586.4,1,122586.4,0,0
8805-7325-5627,Union Bank of India,Chandigarh,30.705684,76.758086,0.0,288101.73,3,96033.91,0,0
8811-5705-9046,Union Bank of India,Hyderabad,17.337625,78.496621,0.0,186942.72,3,62314.24,0,0
8821-6131-7637,HDFC Bank,Noida,28.545819,77.425661,0.0,235112.52000000002,2,117556.26,0,0
8880-2863-7106,Canara Bank,Ahmedabad,22.983857,72.619037,0.0,226081.82,1,226081.82,0,0
8902-9109-8905,Bank of Baroda,Mumbai,19.050764,72.920199,0.0,5723.71,3,1907.9,0,0
8904-3928-7065,IDBI Bank,Gurgaon,28.430946,77.016656,0.0,80656.46,3,26885.49,0,0
8923-4985-6565,IndusInd Bank,Patna,25.611791,85.110593,0.0,299964.77,2,149982.38,0,0
8938-5379-7601,UCO Bank,Lucknow,26.86776,80.978301,0.0,53354.46000000001,3,17784.82,0,0
8945-4288-2879,HDFC Bank,Mumbai,19.036361,72.830166,0.0,290625.47,1,290625.47,0,0
8954-7769-9170,Punjab National Bank,Bengaluru,12.95148,77.606348,0.0,235203.69,2,117601.84,0,0
8958-9863-9504,YES Bank,Pune,18.493885,73.864238,0.0,300500.57,3,100166.86,0,0
8971-6657-2361,YES Bank,Bengaluru,12.98905,77.547556,0.0,11768.86,1,11768.86,0,0
8986-1682-7983,Kotak Mahindra Bank,Bhopal,23.269783,77.443619,0.0,39118.59,3,13039.53,0,0
9064-8635-4308,Union Bank of India,Delhi,28.56706,77.202041,0.0,354305.38999999996,2,177152.69,0,0
9070-8118-4777,Bank of Baroda,Lucknow,26.812634,80.990847,0.0,51203.29,1,51203.29,0,0
9121-9697-6837,IDBI Bank,Kolkata,22.531838,88.407153,0.0,309597.39,1,309597.39,0,0
9132-6932-1460,YES Bank,Chandigarh,30.706264,76.797668,0.0,97613.79999999999,3,32537.93,0,0
9160-3105-5752,Union Bank of India,Hyderabad,17.339963,78.467119,0.0,438747.87,1,438747.87,0,0
9161-2908-3956,State Bank of India,Bengaluru,12.988272,77.60419,0.0,435909.59,2,217954.8,0,0
9179-4358-6064,Canara Bank,Kolkata,22.538918,88.345685,0.0,85173.64,2,42586.82,0,0
9182-6184-2861,IDBI Bank,Mumbai,19.095645,72.905138,0.0,143430.95,3,47810.32,0,0
9185-7655-3753,IndusInd Bank,Ahmedabad,22.985913,72.55997,0.0,297887.0,3,99295.67,0,0
9249-4684-6599,South Indian Bank,Bengaluru,13.017707,77.578803,0.0,88786.54000000001,3,29595.51,0,0
9252-7043-3415,Canara Bank,Gurgaon,28.504035,77.051336,0.0,264570.77,3,88190.26,0,0
9253-2849-5754,Federal Bank,Kolkata,22.591937,88.353577,0.0,292481.46,1,292481.46,0,0
9270-6215-6613,South Indian Bank,Lucknow,26.861344,80.896405,0.0,333607.64,3,111202.55,0,0
9293-8850-5760,IDBI Bank,Mumbai,19.041889,72.904044,0.0,72116.51,1,72116.51,0,0
9317-6552-4012,UCO Bank,Chandigarh,30.769158,76.746549,0.0,268508.22,3,89502.74,0,0
9328-4389-8474,IndusInd Bank,Bengaluru,12.966853,77.554344,0.0,486692.30000000005,2,243346.15,0,0
9341-8443-5417,Federal Bank,Chennai,13.078051,80.309527,0.0,146360.55,2,73180.27,0,0
9343-7897-3949,Federal Bank,Hyderabad,17.38915,78.442599,0.0,105067.60999999999,2,52533.8,0,0
9349-9005-7032,IndusInd Bank,Jaipur,26.888533,75.782847,0.0,152813.25999999998,3,50937.75,0,0
9372-2526-6383,Kotak Mahindra Bank,Delhi,28.661633,77.200227,0.0,162672.37,1,162672.37,0,0
9408-7485-3765,YES Bank,Mumbai,19.119514,72.903624,0.0,168928.37,3,56309.46,0,0
9422-3864-6075,South Indian Bank,Pune,18.550092,73.904695,0.0,341054.37,1,341054.37,0,0
9423-3299-8310,State Bank of India,Mumbai,19.074764,72.833986,0.0,438801.98,1,438801.98,0,0
9449-1058-3123,UCO Bank,Patna,25.605627,85.185422,0.0,142780.69,2,71390.34,0,0
9456-7467-1808,IndusInd Bank,Bengaluru,12.961661,77.606076,0.0,49361.33,3,16453.78,0,0
9460-7649-6781,Axis Bank,Noida,28.549848,77.362152,0.0,136115.68,2,68057.84,0,0
9468-2596-7000,HDFC Bank,Mumbai,19.030245,72.872996,0.0,222682.59,2,111341.3,0,0
9486-3421-8247,YES Bank,Bengaluru,12.938063,77.572231,0.0,256169.21,1,256169.21,0,0
9629-4778-6503,Axis Bank,Jaipur,26.904116,75.746152,0.0,280575.47,3,93525.16,0,0
9649-6199-7258,ICICI Bank,Pune,18.479363,73.837379,0.0,417693.95999999996,2,208846.98,0,0
9663-6501-5420,Canara Bank,Bengaluru,13.001962,77.558648,0.0,461030.83,1,461030.83,0,0
9714-8021-5040,Union Bank of India,Bengaluru,12.952642,77.630252,0.0,5537.72,1,5537.72,0,0
9744-1458-5345,ICICI Bank,Noida,28.574263,77.34414,0.0,179015.76,2,89507.88,0,0
9786-3626-7229,Kotak Mahindra Bank,Gurgaon,28.409678,77.040432,0.0,410387.95999999996,2,205193.98,0,0
9798-7740-3223,ICICI Bank,Hyderabad,17.358386,78.438274,0.0,441476.48,3,147158.83,0,0
9805-2408-8846,Union Bank of India,Ahmedabad,23.003126,72.570009,0.0,134473.01,1,134473.01,0,0
9810-5193-3111,State Bank of India,Delhi,28.605734,77.258603,0.0,316731.36,1,316731.36,0,0
9817-4639-3243,Punjab National Bank,Chandigarh,30.757159,76.789469,0.0,126214.56999999999,2,63107.28,0,0
9821-3859-5663,Punjab National Bank,Chennai,13.128359,80.307526,0.0,477138.88,2,238569.44,0,0
9827-4769-4901,South Indian Bank,Ahmedabad,23.045665,72.572173,0.0,230724.78,2,115362.39,0,0
9833-6828-3544,Punjab National Bank,Jaipur,26.899163,75.759367,0.0,435462.04,1,435462.04,0,0
9838-4775-9697,ICICI Bank,Jaipur,26.948294,75.759926,0.0,193104.65,1,193104.65,0,0
9871-3440-4942,IndusInd Bank,Bhopal,23.253325,77.401667,0.0,245402.53999999998,3,81800.85,0,0
9883-1566-4689,Axis Bank,Gurgaon,28.50524,77.001068,0.0,236073.48,1,236073.48,0,0
9919-3811-7931,Kotak Mahindra Bank,Lucknow,26.848967,80.994802,0.0,166788.66,3,55596.22,0,0
9928-3092-7486,South Indian Bank,Pune,18.535921,73.823739,0.0,90464.9,1,90464.9,0,0
9939-4504-7145,ICICI Bank,Chandigarh,30.683957,76.827839,0.0,68553.76000000001,3,22851.25,0,0
9942-4004-7159,IDBI Bank,Bengaluru,12.957019,77.591255,0.0,470826.48,2,235413.24,0,0
9972-7967-8864,IndusInd Bank,Mumbai,19.069456,72.916732,0.0,41506.6,2,20753.3,0,0
9987-8288-3213,Axis Bank,Patna,25.588286,85.124178,0.0,435906.70000000007,3,145302.23,0,0
9990-9509-8058,South Indian Bank,Patna,25.621455,85.143362,0.0,118328.70000000001,2,59164.35,0,0
