txn_id,complaint_id,src_account,dst_account,bank_name,ifsc_code,city,district,state,lat,long,amount,timestamp,hop_depth,is_terminal
434dfed3-5c7e-48fe-8c16-eba8247b076e,20aab247-1767-4d22-b25f-ff69332fe3c6,2097-2425-7358,7510-6343-5525,ICICI Bank,ICIC0694116,Gurgaon,Gurugram,Haryana,28.468293,77.052438,7247.35,2026-06-09T00:26:57,1,0
4b5c7cd5-003e-4f61-bb5e-11cabeec00b1,20aab247-1767-4d22-b25f-ff69332fe3c6,2097-2425-7358,9514-8506-1202,South Indian Bank,SIBL0690016,Noida,Gautam Buddh Nagar,Uttar Pradesh,28.563454,77.419575,46488.16,2026-06-09T00:27:13,1,0
6f6655b0-ed4d-4a29-8c69-c63fb5c3269e,20aab247-1767-4d22-b25f-ff69332fe3c6,2097-2425-7358,9561-7874-2843,South Indian Bank,SIBL0530849,Bengaluru,Bengaluru Urban,Karnataka,12.948014,77.610079,20335.75,2026-06-09T00:27:57,1,0
8c40a26b-d590-4a8e-ab63-2db65c6be73e,20aab247-1767-4d22-b25f-ff69332fe3c6,7510-6343-5525,8750-1613-3821,South Indian Bank,SIBL0824056,Bengaluru,Bengaluru Urban,Karnataka,12.945358,77.619175,5283.98,2026-06-09T00:29:23,2,0
98a962c2-56a1-4fd6-930f-e0a58d3f5c0e,20aab247-1767-4d22-b25f-ff69332fe3c6,7510-6343-5525,5512-7602-3356,Punjab National Bank,PUNB0490532,Chandigarh,Chandigarh,Chandigarh,30.685323,76.811139,981.77,2026-06-09T00:30:51,2,0
4b3d063e-33cf-4d34-a032-6367986f7e40,20aab247-1767-4d22-b25f-ff69332fe3c6,7510-6343-5525,7581-1635-7484,Punjab National Bank,PUNB0983788,Pune,Pune,Maharashtra,18.519562,73.876318,981.6,2026-06-09T00:31:40,2,0
468a19b3-8933-429f-b60c-393ed122d4cb,20aab247-1767-4d22-b25f-ff69332fe3c6,9514-8506-1202,4734-3201-5923,Kotak Mahindra Bank,KKBK0965938,Patna,Patna,Bihar,25.576187,85.16048,46488.16,2026-06-09T00:32:57,2,0
1bf015e7-62bd-449d-b9a9-ab01125d21cd,20aab247-1767-4d22-b25f-ff69332fe3c6,9561-7874-2843,2462-4079-8237,YES Bank,YESB0168804,Gurgaon,Gurugram,Haryana,28.440612,77.02728,406.96,2026-06-09T00:33:59,2,0
2c181078-f68b-4559-9b07-1b6865572151,20aab247-1767-4d22-b25f-ff69332fe3c6,9561-7874-2843,4463-7671-8937,YES Bank,YESB0649753,Bhopal,Bhopal,Madhya Pradesh,23.297833,77.365495,13678.2,2026-06-09T00:34:37,2,0
ea3dc7c7-6e63-4067-9647-6297edb74f1e,20aab247-1767-4d22-b25f-ff69332fe3c6,9561-7874-2843,9462-7126-1920,South Indian Bank,SIBL0310477,Bhopal,Bhopal,Madhya Pradesh,23.293598,77.387549,6250.59,2026-06-09T00:35:19,2,0
77bb1491-7af7-4244-9670-586cbc2730b2,20aab247-1767-4d22-b25f-ff69332fe3c6,8750-1613-3821,7035-8605-9275,Canara Bank,CNRB0229890,Jaipur,Jaipur,Rajasthan,26.919647,75.776978,4755.58,2026-06-09T00:38:17,3,1
270dddb1-8c88-49b4-a2f1-9246d1753cee,20aab247-1767-4d22-b25f-ff69332fe3c6,7581-1635-7484,7035-8605-9275,Canara Bank,CNRB0722899,Jaipur,Jaipur,Rajasthan,26.910244,75.805721,883.44,2026-06-09T00:40:19,3,1
b7ff50ff-77d8-41c6-ac41-4ac11dc77950,20aab247-1767-4d22-b25f-ff69332fe3c6,5512-7602-3356,7035-8605-9275,Canara Bank,CNRB0715388,Jaipur,Jaipur,Rajasthan,26.914453,75.78107,883.59,2026-06-09T00:42:19,3,1
a3a484d0-163c-48f0-865f-9767a5c3b334,20aab247-1767-4d22-b25f-ff69332fe3c6,4463-7671-8937,7035-8605-9275,Canara Bank,CNRB0371224,Jaipur,Jaipur,Rajasthan,26.922358,75.794854,12310.38,2026-06-09T00:45:06,3,1
26d19da2-5300-48a3-ab1a-89f460a335a1,65d78397-22fa-447f-a6a9-b922cb316305,1449-7333-1813,4511-4626-4688,Axis Bank,UTIB0783238,Pune,Pune,Maharashtra,18.511351,73.808705,19749.62,2026-06-20T07:05:02,1,0
2c74cbfc-f2f4-4d59-bda0-a3adf195edcd,65d78397-22fa-447f-a6a9-b922cb316305,4511-4626-4688,1145-8767-3167,South Indian Bank,SIBL0992952,Hyderabad,Hyderabad,Telangana,17.369871,78.4619,5113.27,2026-06-20T07:05:59,2,0
c2fb341f-41fd-4beb-a8dd-267fac62a472,65d78397-22fa-447f-a6a9-b922cb316305,4511-4626-4688,3837-1138-4666,Punjab National Bank,PUNB0645928,Jaipur,Jaipur,Rajasthan,26.944831,75.777015,100.0,2026-06-20T07:06:58,2,0
8b714481-dda9-4be9-8a70-c83a4069b510,65d78397-22fa-447f-a6a9-b922cb316305,4511-4626-4688,5135-6004-5511,State Bank of India,SBIN0794530,Kolkata,Kolkata,West Bengal,22.619249,88.397838,14549.97,2026-06-20T07:07:34,2,0
7c7a060f-955f-4a2c-b14b-8503a984f820,65d78397-22fa-447f-a6a9-b922cb316305,3837-1138-4666,2045-6509-5529,IndusInd Bank,INDB0390334,Bengaluru,Bengaluru Urban,Karnataka,12.962046,77.603044,90.0,2026-06-20T07:10:24,3,1
bf7cbd12-2ffc-4406-bcc6-726a92f71f5b,65d78397-22fa-447f-a6a9-b922cb316305,1145-8767-3167,2045-6509-5529,IndusInd Bank,INDB0783112,Bengaluru,Bengaluru Urban,Karnataka,12.963552,77.580597,4601.94,2026-06-20T07:13:18,3,1
d2719fd4-638a-43cf-a848-4563e092b190,65d78397-22fa-447f-a6a9-b922cb316305,5135-6004-5511,2045-6509-5529,IndusInd Bank,INDB0351974,Bengaluru,Bengaluru Urban,Karnataka,12.987587,77.606817,13094.97,2026-06-20T07:15:55,3,1
44562aab-ce1f-4def-9172-e09d2b6120ff,72522edd-e904-4525-8c91-f641192045c1,6236-3292-1417,9148-5843-5250,IDBI Bank,IBKL0819656,Mumbai,Mumbai City,Maharashtra,19.079464,72.90619,91591.48,2026-07-26T06:43:06,1,0
b6a169b6-ef37-418e-99b4-d517455da64c,72522edd-e904-4525-8c91-f641192045c1,6236-3292-1417,7857-7628-7361,Bank of Baroda,BARB0414777,Kolkata,Kolkata,West Bengal,22.607142,88.397964,12237.68,2026-07-26T06:43:58,1,0
134a578f-2b46-454e-b4cb-b0ed0f5fbef8,72522edd-e904-4525-8c91-f641192045c1,6236-3292-1417,1578-4111-6622,ICICI Bank,ICIC0202344,Pune,Pune,Maharashtra,18.517478,73.880792,10288.95,2026-07-26T06:44:43,1,0
9b759d52-5714-4033-8ca8-3516230a9a11,72522edd-e904-4525-8c91-f641192045c1,9148-5843-5250,3999-6499-2463,Punjab National Bank,PUNB0408334,Ahmedabad,Ahmedabad,Gujarat,23.018876,72.533178,14173.66,2026-07-26T06:45:36,2,0
7f3400da-965e-458d-a93a-f3689cf60ace,72522edd-e904-4525-8c91-f641192045c1,9148-5843-5250,4641-6820-4659,Federal Bank,FDRL0711922,Jaipur,Jaipur,Rajasthan,26.920431,75.799365,25376.41,2026-07-26T06:46:09,2,0
7bd1ba2f-627b-4e7d-a0b3-5371a6a9fd79,72522edd-e904-4525-8c91-f641192045c1,9148-5843-5250,6031-7889-6428,South Indian Bank,SIBL0624788,Mumbai,Mumbai City,Maharashtra,19.037982,72.89577,52041.41,2026-07-26T06:47:09,2,0
58c13a67-cc00-4dc9-861f-0084affc3819,72522edd-e904-4525-8c91-f641192045c1,7857-7628-7361,5888-7768-1885,Bank of Baroda,BARB0850432,Bhopal,Bhopal,Madhya Pradesh,23.227936,77.370681,3728.65,2026-07-26T06:47:48,2,0
3356cd1a-4c43-4d47-8e3b-81601a7acaeb,72522edd-e904-4525-8c91-f641192045c1,7857-7628-7361,3470-3250-4281,IndusInd Bank,INDB0428638,Gurgaon,Gurugram,Haryana,28.47295,76.977071,2269.5,2026-07-26T06:48:39,2,0
bd5889cb-51f3-4d4d-9059-092904f9a25b,72522edd-e904-4525-8c91-f641192045c1,7857-7628-7361,6614-7704-8496,Axis Bank,UTIB0911117,Patna,Patna,Bihar,25.560961,85.164048,6239.53,2026-07-26T06:49:26,2,0
4acef767-f861-44a4-9ccb-48fb274ada31,72522edd-e904-4525-8c91-f641192045c1,1578-4111-6622,2442-3120-8105,Canara Bank,CNRB0139557,Delhi,Central Delhi,Delhi,28.617278,77.232066,3118.01,2026-07-26T06:50:26,2,0
d650dd64-79c1-4cb1-8206-3b242af22307,72522edd-e904-4525-8c91-f641192045c1,1578-4111-6622,8035-7609-8029,State Bank of India,SBIN0437864,Chandigarh,Chandigarh,Chandigarh,30.758985,76.782503,7170.94,2026-07-26T06:51:56,2,0
ffeda328-c767-4c01-8462-51738356825f,72522edd-e904-4525-8c91-f641192045c1,3999-6499-2463,5076-4707-6641,Punjab National Bank,PUNB0502181,Gurgaon,Gurugram,Haryana,28.459633,77.018845,12756.29,2026-07-26T06:53:09,3,1
1e6816b2-2ea8-479e-8c68-e2998c0b92d8,72522edd-e904-4525-8c91-f641192045c1,6614-7704-8496,5076-4707-6641,Punjab National Bank,PUNB0963862,Gurgaon,Gurugram,Haryana,28.441329,77.044539,5615.58,2026-07-26T06:54:17,3,1
543092cb-29cb-407a-b5ca-91ad65ff283d,72522edd-e904-4525-8c91-f641192045c1,2442-3120-8105,5076-4707-6641,Punjab National Bank,PUNB0863187,Gurgaon,Gurugram,Haryana,28.460312,77.027565,2806.21,2026-07-26T06:56:15,3,1
8329c09e-33e7-4655-aac7-c07131dd7861,e9aeb824-4a8c-4373-abe0-f7ad4d3aad44,3192-6615-9031,4087-3701-7609,ICICI Bank,ICIC0869735,Mumbai,Mumbai City,Maharashtra,19.028191,72.878163,61058.87,2026-06-19T23:20:58,1,0
c01c84ce-8872-4633-b923-4eace0f2bc5c,e9aeb824-4a8c-4373-abe0-f7ad4d3aad44,3192-6615-9031,1313-4742-4675,Bank of Baroda,BARB0782141,Lucknow,Lucknow,Uttar Pradesh,26.875913,80.933719,81487.44,2026-06-19T23:21:15,1,0
4c8449cd-17a8-42a9-b817-126a2f863418,e9aeb824-4a8c-4373-abe0-f7ad4d3aad44,4087-3701-7609,5190-9761-1796,Canara Bank,CNRB0673867,Noida,Gautam Buddh Nagar,Uttar Pradesh,28.510774,77.411187,37823.58,2026-06-19T23:22:13,2,0
f522b6f4-b7dd-4cca-8204-7317f243cb18,e9aeb824-4a8c-4373-abe0-f7ad4d3aad44,4087-3701-7609,1785-2771-1323,IDBI Bank,IBKL0760929,Jaipur,Jaipur,Rajasthan,26.86333,75.779387,5477.9,2026-06-19T23:22:56,2,0
f1450bb8-f073-4c46-872a-e263efaceb8e,e9aeb824-4a8c-4373-abe0-f7ad4d3aad44,4087-3701-7609,1790-2897-7828,IndusInd Bank,INDB0383091,Kolkata,Kolkata,West Bengal,22.58488,88.383973,17757.39,2026-06-19T23:23:32,2,0
0209f3e3-ed74-4919-9b38-da86fac40285,e9aeb824-4a8c-4373-abe0-f7ad4d3aad44,1313-4742-4675,2718-9381-2928,Axis Bank,UTIB0309452,Ahmedabad,Ahmedabad,Gujarat,23.050296,72.60455,77386.3,2026-06-19T23:24:33,2,0
573f71f1-c262-46aa-9415-1d10e44d379d,e9aeb824-4a8c-4373-abe0-f7ad4d3aad44,1313-4742-4675,5631-2867-2741,Bank of Baroda,BARB0529660,Lucknow,Lucknow,Uttar Pradesh,26.826235,80.900141,4101.14,2026-06-19T23:25:15,2,0
0e1c9932-2a7b-4a66-840d-d48a3a28f75d,e9aeb824-4a8c-4373-abe0-f7ad4d3aad44,1785-2771-1323,1044-1208-2458,South Indian Bank,SIBL0702042,Noida,Gautam Buddh Nagar,Uttar Pradesh,28.542261,77.376966,4930.11,2026-06-19T23:28:01,3,1
9d0c146c-795b-46e9-8f75-049a4c3c16b6,e9aeb824-4a8c-4373-abe0-f7ad4d3aad44,2718-9381-2928,1044-1208-2458,South Indian Bank,SIBL0917392,Noida,Gautam Buddh Nagar,Uttar Pradesh,28.535968,77.399943,69647.67,2026-06-19T23:29:12,3,1
d724fa3d-ab3d-4e25-8ab6-882517c8f146,e9aeb824-4a8c-4373-abe0-f7ad4d3aad44,5631-2867-2741,1044-1208-2458,South Indian Bank,SIBL0368322,Noida,Gautam Buddh Nagar,Uttar Pradesh,28.541273,77.38927,3691.03,2026-06-19T23:30:24,3,1
4381a133-5d92-4caf-8131-67378e3e775b,e9aeb824-4a8c-4373-abe0-f7ad4d3aad44,5190-9761-1796,1044-1208-2458,South Indian Bank,SIBL0376955,Noida,Gautam Buddh Nagar,Uttar Pradesh,28.534071,77.374992,34041.22,2026-06-19T23:32:01,3,1
049f5377-db2b-4fe6-8ae5-e0c09d14f75d,592ac665-e2a5-4a83-b24b-89eb9690d8ee,1646-5760-6901,6123-7979-2898,South Indian Bank,SIBL0752011,Chennai,Chennai,Tamil Nadu,13.059531,80.294007,143650.36,2026-07-02T11:04:54,1,0
f613fbf8-5c8f-45ed-8ae5-70211d9b43ec,592ac665-e2a5-4a83-b24b-89eb9690d8ee,1646-5760-6901,2556-1751-1158,Federal Bank,FDRL0291752,Bengaluru,Bengaluru Urban,Karnataka,12.932983,77.584625,28713.89,2026-07-02T11:05:27,1,0
e85ea342-0eb2-40fc-a9d2-e38d8a382345,592ac665-e2a5-4a83-b24b-89eb9690d8ee,1646-5760-6901,3267-3793-6384,Punjab National Bank,PUNB0504452,Bhopal,Bhopal,Madhya Pradesh,23.27889,77.410425,10330.53,2026-07-02T11:06:06,1,0
0f0b0874-0c4e-4ead-85a1-5ecf9a1d2a92,592ac665-e2a5-4a83-b24b-89eb9690d8ee,6123-7979-2898,3732-2852-3171,South Indian Bank,SIBL0606121,Ahmedabad,Ahmedabad,Gujarat,23.052726,72.589239,67331.32,2026-07-02T11:07:02,2,0
9c614bd7-3805-4f1d-ac38-c1389e28f228,592ac665-e2a5-4a83-b24b-89eb9690d8ee,6123-7979-2898,1960-3611-2699,UCO Bank,UCBA0917012,Hyderabad,Hyderabad,Telangana,17.37086,78.439582,76319.04,2026-07-02T11:07:43,2,0
3f798ae4-53c1-4e57-8984-c0731b3dcbe6,592ac665-e2a5-4a83-b24b-89eb9690d8ee,2556-1751-1158,3140-8914-8997,Bank of Baroda,BARB0838793,Delhi,Central Delhi,Delhi,28.650733,77.211482,22396.59,2026-07-02T11:08:54,2,0
20d92f29-3f08-42cd-b3ef-5dc214c46659,592ac665-e2a5-4a83-b24b-89eb9690d8ee,2556-1751-1158,2850-7738-8220,UCO Bank,UCBA0692458,Lucknow,Lucknow,Uttar Pradesh,26.819098,80.991776,4924.2,2026-07-02T11:10:11,2,0
f7ed3a55-ef1c-4618-a2cc-58bf3e36b1c4,592ac665-e2a5-4a83-b24b-89eb9690d8ee,2556-1751-1158,1753-2037-5286,Bank of Baroda,BARB0648513,Kolkata,Kolkata,West Bengal,22.591424,88.375724,1393.1,2026-07-02T11:11:36,2,0
f958886d-60bf-47f2-b94f-8b84e8f9b551,592ac665-e2a5-4a83-b24b-89eb9690d8ee,3267-3793-6384,5072-8895-6664,IndusInd Bank,INDB0264550,Chandigarh,Chandigarh,Chandigarh,30.733857,76.776329,6872.25,2026-07-02T11:12:06,2,0
5c6f7469-5ce0-4977-9db0-25afd1eb422c,592ac665-e2a5-4a83-b24b-89eb9690d8ee,3267-3793-6384,7305-3435-1894,Federal Bank,FDRL0178501,Gurgaon,Gurugram,Haryana,28.484643,77.008663,3458.28,2026-07-02T11:13:07,2,0
207a9eb4-732f-41ab-843f-3da59103c18d,592ac665-e2a5-4a83-b24b-89eb9690d8ee,3140-8914-8997,7203-7607-4850,HDFC Bank,HDFC0940183,Chennai,Chennai,Tamil Nadu,13.085621,80.254221,20156.93,2026-07-02T11:15:03,3,1
94b7a387-8018-4ef5-8f8b-7fa59772a780,592ac665-e2a5-4a83-b24b-89eb9690d8ee,3732-2852-3171,7203-7607-4850,HDFC Bank,HDFC0568784,Chennai,Chennai,Tamil Nadu,13.075342,80.289927,60598.19,2026-07-02T11:17:06,3,1
36ba2441-6a65-42af-b24e-3fff782bb5e5,592ac665-e2a5-4a83-b24b-89eb9690d8ee,1753-2037-5286,7203-7607-4850,HDFC Bank,HDFC0785111,Chennai,Chennai,Tamil Nadu,13.063411,80.266838,1253.79,2026-07-02T11:19:41,3,1
e0eeb4a2-d94c-45d2-a859-d8b1f8b093c6,592ac665-e2a5-4a83-b24b-89eb9690d8ee,1960-3611-2699,7203-7607-4850,HDFC Bank,HDFC0684194,Chennai,Chennai,Tamil Nadu,13.084664,80.283736,68687.14,2026-07-02T11:20:45,3,1
d5c698e9-8bc2-4746-ac39-26fe2f434819,f44c1994-7846-4569-8c17-a91960888185,9328-4389-8474,6953-1889-4652,IndusInd Bank,INDB0850689,Bengaluru,Bengaluru Urban,Karnataka,12.966853,77.554344,77847.03,2026-07-05T19:40:17,1,0
3420779f-2c80-4525-95a5-53ca7c0e460c,f44c1994-7846-4569-8c17-a91960888185,9328-4389-8474,8445-6439-8751,Axis Bank,UTIB0457938,Delhi,Central Delhi,Delhi,28.599414,77.222366,408845.27,2026-07-05T19:41:09,1,0
6e6bcafd-0bd8-45ab-b6e7-62e5af815fec,f44c1994-7846-4569-8c17-a91960888185,6953-1889-4652,9973-9552-7125,ICICI Bank,ICIC0851678,Bhopal,Bhopal,Madhya Pradesh,23.284151,77.403521,1118.56,2026-07-05T19:42:10,2,0
f779b165-4eb9-40fa-b410-5e9829b787e2,f44c1994-7846-4569-8c17-a91960888185,6953-1889-4652,2741-1750-3689,UCO Bank,UCBA0296653,Mumbai,Mumbai City,Maharashtra,19.038075,72.912919,76728.47,2026-07-05T19:42:56,2,0
5005d63f-396a-42c7-8882-88b614548b66,f44c1994-7846-4569-8c17-a91960888185,8445-6439-8751,8488-4122-6536,YES Bank,YESB0148759,Hyderabad,Hyderabad,Telangana,17.427663,78.520447,408845.27,2026-07-05T19:43:32,2,0
e4cd5026-6bcc-4daf-b052-56539861f731,f44c1994-7846-4569-8c17-a91960888185,2741-1750-3689,9172-1071-9689,IDBI Bank,IBKL0553834,Delhi,Central Delhi,Delhi,28.627453,77.208317,69055.62,2026-07-05T19:45:42,3,1
312a51e0-ba94-4b95-9a5b-037334ee0f23,f44c1994-7846-4569-8c17-a91960888185,8488-4122-6536,9172-1071-9689,IDBI Bank,IBKL0919023,Delhi,Central Delhi,Delhi,28.630746,77.196088,367960.74,2026-07-05T19:47:47,3,1
2cccc5d4-9162-4419-8f30-1c3aa45e44bc,f44c1994-7846-4569-8c17-a91960888185,9973-9552-7125,9172-1071-9689,IDBI Bank,IBKL0282085,Delhi,Central Delhi,Delhi,28.62312,77.194135,1006.7,2026-07-05T19:50:01,3,1
3df2db2b-f6f4-4654-a686-137f0ccb236f,f2986093-d9fe-4c0a-8425-9ed431807cd6,6273-9259-7302,5067-5482-7518,ICICI Bank,ICIC0731792,Hyderabad,Hyderabad,Telangana,17.405001,78.511543,5982.41,2026-06-21T04:39:35,1,0
5daac825-40eb-477a-83c6-60c38800017b,f2986093-d9fe-4c0a-8425-9ed431807cd6,6273-9259-7302,6617-5819-8419,Federal Bank,FDRL0674416,Lucknow,Lucknow,Uttar Pradesh,26.882771,80.967387,21700.66,2026-06-21T04:40:04,1,0
ccb9a47c-2018-449b-a437-4d181094c0af,f2986093-d9fe-4c0a-8425-9ed431807cd6,5067-5482-7518,4560-4291-4435,IndusInd Bank,INDB0844858,Bengaluru,Bengaluru Urban,Karnataka,12.933141,77.579824,1176.86,2026-06-21T04:41:18,2,0
75204a55-9a67-4728-ad8e-6834fe9713a6,f2986093-d9fe-4c0a-8425-9ed431807cd6,5067-5482-7518,5760-6657-3173,UCO Bank,UCBA0799565,Ahmedabad,Ahmedabad,Gujarat,23.043512,72.588824,2312.81,2026-06-21T04:42:18,2,0
49f74ab9-ab48-474d-9933-b4e0627b0c30,f2986093-d9fe-4c0a-8425-9ed431807cd6,5067-5482-7518,3913-9255-9888,Federal Bank,FDRL0399817,Kolkata,Kolkata,West Bengal,22.610348,88.356139,2492.74,2026-06-21T04:43:45,2,0
5a22947e-49d7-4bbc-bef4-b1a4c50ffb80,f2986093-d9fe-4c0a-8425-9ed431807cd6,6617-5819-8419,9564-2744-1414,ICICI Bank,ICIC0802812,Delhi,Central Delhi,Delhi,28.56956,77.185698,21700.66,2026-06-21T04:44:39,2,0
c14f02ba-a236-4888-b279-a056f9233fd7,f2986093-d9fe-4c0a-8425-9ed431807cd6,3913-9255-9888,3399-2016-5835,Axis Bank,UTIB0133875,Patna,Patna,Bihar,25.588447,85.135704,2243.47,2026-06-21T04:46:48,3,1
f987b9e9-9779-49d4-aea1-9eb6d0e48a1c,f2986093-d9fe-4c0a-8425-9ed431807cd6,9564-2744-1414,3399-2016-5835,Axis Bank,UTIB0808340,Patna,Patna,Bihar,25.60368,85.152194,19530.59,2026-06-21T04:49:06,3,1
949e9f2b-71f8-494e-9e55-080b6fb4050f,f2986093-d9fe-4c0a-8425-9ed431807cd6,5760-6657-3173,3399-2016-5835,Axis Bank,UTIB0778553,Patna,Patna,Bihar,25.596551,85.127104,2081.53,2026-06-21T04:51:41,3,1
24176779-00fb-45bc-a13f-63b0d06f33c8,4598ea58-71b6-4208-9b6b-174e1a253e80,1769-7251-7349,6122-1881-1212,South Indian Bank,SIBL0838857,Jaipur,Jaipur,Rajasthan,26.933355,75.774074,7883.05,2026-07-30T18:51:53,1,0
25e02787-e539-43f0-9e8d-b572f2d21b44,4598ea58-71b6-4208-9b6b-174e1a253e80,1769-7251-7349,5117-4327-8259,Union Bank of India,UBIN0732697,Lucknow,Lucknow,Uttar Pradesh,26.816347,80.968691,134713.88,2026-07-30T18:52:40,1,0
32538b72-5c70-499d-b19c-996fad496f1f,4598ea58-71b6-4208-9b6b-174e1a253e80,6122-1881-1212,5819-8353-3906,HDFC Bank,HDFC0282237,Gurgaon,Gurugram,Haryana,28.483008,76.988535,7883.05,2026-07-30T18:53:53,2,0
859d8aab-44db-40ac-8f84-25701a2aaf0b,4598ea58-71b6-4208-9b6b-174e1a253e80,5117-4327-8259,8020-5572-5329,ICICI Bank,ICIC0987110,Ahmedabad,Ahmedabad,Gujarat,22.998002,72.554456,134713.88,2026-07-30T18:54:31,2,0
2acb68a6-adfe-439e-9c8e-2f54598b739d,4598ea58-71b6-4208-9b6b-174e1a253e80,5819-8353-3906,3518-6285-1833,South Indian Bank,SIBL0745512,Jaipur,Jaipur,Rajasthan,26.946714,75.767415,7883.05,2026-07-30T18:58:49,3,1
755b2b4c-7d21-4d34-a4eb-e5925d091c3f,4598ea58-71b6-4208-9b6b-174e1a253e80,8020-5572-5329,6207-9608-4603,Union Bank of India,UBIN0924451,Noida,Gautam Buddh Nagar,Uttar Pradesh,28.536014,77.382593,134713.88,2026-07-30T19:00:36,3,1
f6ba95f0-4bbd-4fbc-aa5b-a26211862662,59fe7b55-a566-45a1-b56d-cfedb1108c9b,7609-2506-6724,4495-6437-6424,Punjab National Bank,PUNB0889216,Mumbai,Mumbai City,Maharashtra,19.087828,72.875186,336736.71,2026-08-06T04:59:34,1,0
f5c8da74-aab6-4226-95e3-a13137bb28e7,59fe7b55-a566-45a1-b56d-cfedb1108c9b,4495-6437-6424,1144-2879-6668,YES Bank,YESB0504620,Noida,Gautam Buddh Nagar,Uttar Pradesh,28.511159,77.413398,76722.56,2026-08-06T05:01:02,2,0
0bf37325-c070-4fbe-9258-dfbe73c26439,59fe7b55-a566-45a1-b56d-cfedb1108c9b,4495-6437-6424,8301-4937-4994,South Indian Bank,SIBL0962043,Kolkata,Kolkata,West Bengal,22.599649,88.365331,144221.61,2026-08-06T05:01:33,2,0
11d8408e-ab13-4c6c-8fa7-313e9739335e,59fe7b55-a566-45a1-b56d-cfedb1108c9b,4495-6437-6424,1653-6258-7248,Kotak Mahindra Bank,KKBK0145981,Chennai,Chennai,Tamil Nadu,13.062343,80.285853,115792.53,2026-08-06T05:02:35,2,0
4b966dd4-66f0-4617-a4dd-9fa3776ca918,59fe7b55-a566-45a1-b56d-cfedb1108c9b,1653-6258-7248,3742-9814-9736,State Bank of India,SBIN0321020,Jaipur,Jaipur,Rajasthan,26.919213,75.798243,104213.28,2026-08-06T05:03:43,3,1
81b7556e-5c8a-46cb-a9a8-a82bd0794cfa,59fe7b55-a566-45a1-b56d-cfedb1108c9b,1144-2879-6668,3742-9814-9736,State Bank of India,SBIN0818699,Jaipur,Jaipur,Rajasthan,26.909368,75.771457,69050.3,2026-08-06T05:06:33,3,1
d9a02e64-9307-44c1-b549-dc7fb23ec0dd,59fe7b55-a566-45a1-b56d-cfedb1108c9b,8301-4937-4994,3742-9814-9736,State Bank of India,SBIN0969005,Jaipur,Jaipur,Rajasthan,26.92051,75.806349,129799.45,2026-08-06T05:08:41,3,1
5ed18dea-3594-4cf8-beb2-f52d717f01f8,f5517245-2eec-418a-baa9-0eb31314915a,2181-3519-1389,6434-1620-2433,Punjab National Bank,PUNB0173863,Kolkata,Kolkata,West Bengal,22.580096,88.336665,22611.02,2026-07-05T21:49:42,1,0
78339b30-c325-41ee-a67e-9bc1ade96b93,f5517245-2eec-418a-baa9-0eb31314915a,2181-3519-1389,2200-1889-3916,Canara Bank,CNRB0573039,Hyderabad,Hyderabad,Telangana,17.398022,78.480003,63273.21,2026-07-05T21:50:08,1,0
f2f53d5e-7f3e-4e5b-a591-4f9854df5118,f5517245-2eec-418a-baa9-0eb31314915a,6434-1620-2433,7381-2938-9762,IndusInd Bank,INDB0748386,Lucknow,Lucknow,Uttar Pradesh,26.803024,80.970795,22611.02,2026-07-05T21:50:38,2,0
12f8de7d-7d47-42a8-b740-92813f0515f8,f5517245-2eec-418a-baa9-0eb31314915a,2200-1889-3916,2189-6860-9238,Punjab National Bank,PUNB0819195,Patna,Patna,Bihar,25.574235,85.096251,63273.21,2026-07-05T21:51:14,2,0
31ef45ff-c231-4e10-8255-f534048ae6d8,f5517245-2eec-418a-baa9-0eb31314915a,7381-2938-9762,7473-1504-8765,Union Bank of India,UBIN0243006,Mumbai,Mumbai City,Maharashtra,19.100675,72.907377,22611.02,2026-07-05T21:52:54,3,0
02d51377-db01-4380-9efd-c9da1d0c8779,f5517245-2eec-418a-baa9-0eb31314915a,7473-1504-8765,9941-5832-3360,IndusInd Bank,INDB0933635,Chandigarh,Chandigarh,Chandigarh,30.770014,76.794194,22611.02,2026-07-05T21:55:10,4,1
a5fbc919-d196-4110-9732-379084dcdb98,f5517245-2eec-418a-baa9-0eb31314915a,2189-6860-9238,3019-1684-1082,UCO Bank,UCBA0663244,Hyderabad,Hyderabad,Telangana,17.389753,78.445213,63273.21,2026-07-05T21:58:36,3,1
331b1c0d-4b32-4882-b063-ffa85694d1eb,7f2b1fbe-582e-49be-b4c1-0698b35856c2,6633-4469-7760,9397-3333-3637,YES Bank,YESB0993650,Ahmedabad,Ahmedabad,Gujarat,22.977939,72.596504,106854.61,2026-08-16T05:30:27,1,0
5b14f1fd-00b1-4a8d-bb0e-ed02b0c96bd0,7f2b1fbe-582e-49be-b4c1-0698b35856c2,6633-4469-7760,4014-4617-5140,Kotak Mahindra Bank,KKBK0676365,Jaipur,Jaipur,Rajasthan,26.869714,75.804469,251563.14,2026-08-16T05:31:12,1,0
27eaf7b6-63ab-4c4a-9ee8-33acf07b1f17,7f2b1fbe-582e-49be-b4c1-0698b35856c2,6633-4469-7760,4183-2877-3971,HDFC Bank,HDFC0860835,Mumbai,Mumbai City,Maharashtra,19.08406,72.922854,53374.53,2026-08-16T05:31:38,1,0
6b0c1f92-dac1-467f-9884-f46902dd94f2,7f2b1fbe-582e-49be-b4c1-0698b35856c2,9397-3333-3637,3100-4842-2639,Kotak Mahindra Bank,KKBK0444295,Chennai,Chennai,Tamil Nadu,13.094334,80.251268,47479.4,2026-08-16T05:32:28,2,0
4159d51f-051f-411d-8497-f134ce8ea087,7f2b1fbe-582e-49be-b4c1-0698b35856c2,9397-3333-3637,5671-2143-4170,ICICI Bank,ICIC0694397,Ahmedabad,Ahmedabad,Gujarat,23.008949,72.553033,59375.21,2026-08-16T05:33:35,2,0
2d141d30-1535-428f-a540-fa146ea955e3,7f2b1fbe-582e-49be-b4c1-0698b35856c2,4014-4617-5140,3762-1079-6131,Federal Bank,FDRL0240829,Bengaluru,Bengaluru Urban,Karnataka,12.989558,77.577756,38265.46,2026-08-16T05:34:22,2,0
21b69788-cdea-4231-83fc-06c8d4add20d,7f2b1fbe-582e-49be-b4c1-0698b35856c2,4014-4617-5140,5033-4629-8145,Kotak Mahindra Bank,KKBK0476167,Chennai,Chennai,Tamil Nadu,13.110177,80.269397,213297.68,2026-08-16T05:35:22,2,0
e159a598-67f6-4f8b-9b2a-32db7fd0b833,7f2b1fbe-582e-49be-b4c1-0698b35856c2,4183-2877-3971,3879-2343-5597,Federal Bank,FDRL0664781,Gurgaon,Gurugram,Haryana,28.429143,77.049954,53374.53,2026-08-16T05:36:46,2,0
ab1c1993-5e1b-470e-9412-e83628b33cba,7f2b1fbe-582e-49be-b4c1-0698b35856c2,3100-4842-2639,4485-1600-5269,Union Bank of India,UBIN0595036,Chandigarh,Chandigarh,Chandigarh,30.739456,76.765345,42731.46,2026-08-16T05:38:55,3,1
c319a70d-ae82-4093-a904-58e9095702ae,7f2b1fbe-582e-49be-b4c1-0698b35856c2,3879-2343-5597,4485-1600-5269,Union Bank of India,UBIN0334153,Chandigarh,Chandigarh,Chandigarh,30.748958,76.782984,48037.08,2026-08-16T05:40:45,3,1
e9689a35-8358-432e-ab8a-f799eb30de54,7f2b1fbe-582e-49be-b4c1-0698b35856c2,5033-4629-8145,4485-1600-5269,Union Bank of India,UBIN0405134,Chandigarh,Chandigarh,Chandigarh,30.718655,76.779445,191967.91,2026-08-16T05:43:34,3,1
4bc7f411-2dbb-43f1-8da9-1062857c6ee6,7f2b1fbe-582e-49be-b4c1-0698b35856c2,3762-1079-6131,4485-1600-5269,Union Bank of India,UBIN0516059,Chandigarh,Chandigarh,Chandigarh,30.727855,76.759824,34438.91,2026-08-16T05:44:45,3,1
23d006d1-5aaf-4b7d-9f03-1c0d0a567576,7f2b1fbe-582e-49be-b4c1-0698b35856c2,5671-2143-4170,4485-1600-5269,Union Bank of India,UBIN0989173,Chandigarh,Chandigarh,Chandigarh,30.75186,76.798674,53437.69,2026-08-16T05:46:15,3,1
3510228a-4d27-4946-b91c-fa42023ef058,24c80d86-56e3-4aa2-a701-63a26b25988c,9423-3299-8310,3935-3395-8921,State Bank of India,SBIN0898461,Mumbai,Mumbai City,Maharashtra,19.074764,72.833986,438801.98,2026-06-29T14:51:32,1,0
2cc8347f-b306-40e4-959d-afe84d207a2d,24c80d86-56e3-4aa2-a701-63a26b25988c,3935-3395-8921,4834-1701-4387,South Indian Bank,SIBL0148693,Chennai,Chennai,Tamil Nadu,13.03669,80.285552,251107.38,2026-06-29T14:52:32,2,0
5261b6a1-28ee-4b5c-b0f6-0d396674b399,24c80d86-56e3-4aa2-a701-63a26b25988c,3935-3395-8921,9485-6918-7358,IDBI Bank,IBKL0764343,Kolkata,Kolkata,West Bengal,22.605565,88.397387,187694.6,2026-06-29T14:53:08,2,0
727a73d8-b684-44f3-85c8-aeeb628ba71a,24c80d86-56e3-4aa2-a701-63a26b25988c,9485-6918-7358,7171-7201-6985,IndusInd Bank,INDB0976052,Chandigarh,Chandigarh,Chandigarh,30.691084,76.754559,187694.6,2026-06-29T14:56:38,3,1
4c79dc21-0ec5-4b43-b88f-dd1e9584decb,5c9dcb72-c7a1-477c-a6cf-4062ef7522cc,9460-7649-6781,8976-8898-1108,Axis Bank,UTIB0639535,Noida,Gautam Buddh Nagar,Uttar Pradesh,28.549848,77.362152,113986.17,2026-06-23T00:17:27,1,0
28fd864d-3cf5-4eea-ad4f-97c096fb8483,5c9dcb72-c7a1-477c-a6cf-4062ef7522cc,9460-7649-6781,9222-3276-8207,ICICI Bank,ICIC0731264,Bengaluru,Bengaluru Urban,Karnataka,12.99333,77.556433,22129.51,2026-06-23T00:17:48,1,0
3802986b-1e20-43a4-9f4f-b7a09aedaf98,5c9dcb72-c7a1-477c-a6cf-4062ef7522cc,8976-8898-1108,7793-6410-2856,IndusInd Bank,INDB0602290,Chennai,Chennai,Tamil Nadu,13.05377,80.236825,113986.17,2026-06-23T00:18:48,2,0
19a1e534-5545-4f6f-83d0-29f44c87c8ba,5c9dcb72-c7a1-477c-a6cf-4062ef7522cc,9222-3276-8207,1367-4992-1706,Union Bank of India,UBIN0700067,Delhi,Central Delhi,Delhi,28.578587,77.175634,21119.77,2026-06-23T00:19:58,2,0
adc9c8ae-582d-4578-b922-5e39d2340eb0,5c9dcb72-c7a1-477c-a6cf-4062ef7522cc,9222-3276-8207,3095-3639-3207,ICICI Bank,ICIC0525151,Kolkata,Kolkata,West Bengal,22.582536,88.37026,1009.74,2026-06-23T00:21:27,2,0
5232d16d-9b4f-4dc3-8b0f-96f63436e7a5,5c9dcb72-c7a1-477c-a6cf-4062ef7522cc,3095-3639-3207,4548-8359-8723,Federal Bank,FDRL0330019,Chennai,Chennai,Tamil Nadu,13.095915,80.274734,908.77,2026-06-23T00:22:48,3,1
9e117749-fb4d-448a-ac7f-c9646b301744,5c9dcb72-c7a1-477c-a6cf-4062ef7522cc,1367-4992-1706,4548-8359-8723,Federal Bank,FDRL0710948,Chennai,Chennai,Tamil Nadu,13.095518,80.257975,19007.79,2026-06-23T00:25:29,3,1
3ee2e0c9-f789-4932-acaa-6b66d9bebfe8,5c9dcb72-c7a1-477c-a6cf-4062ef7522cc,7793-6410-2856,4548-8359-8723,Federal Bank,FDRL0635617,Chennai,Chennai,Tamil Nadu,13.073281,80.279667,102587.55,2026-06-23T00:27:53,3,1
d03307a8-ca6f-4893-aced-560c2497ff90,f3a949b3-e24d-41f6-a3b8-f2080b61692c,8429-2127-4765,7315-3166-2778,IndusInd Bank,INDB0966662,Hyderabad,Hyderabad,Telangana,17.349956,78.44633,151118.24,2026-06-20T08:40:33,1,0
ce14f52d-fcea-4b72-bdb9-53d50ed33f04,f3a949b3-e24d-41f6-a3b8-f2080b61692c,8429-2127-4765,1271-4315-9564,South Indian Bank,SIBL0728950,Ahmedabad,Ahmedabad,Gujarat,22.976404,72.599787,51585.01,2026-06-20T08:41:13,1,0
7a89220f-d699-4146-9dc2-78a51621ef08,f3a949b3-e24d-41f6-a3b8-f2080b61692c,7315-3166-2778,2925-2526-8901,Federal Bank,FDRL0831531,Delhi,Central Delhi,Delhi,28.616882,77.181949,17464.32,2026-06-20T08:42:06,2,0
59377ddd-b260-4798-ae4d-913371973d7c,f3a949b3-e24d-41f6-a3b8-f2080b61692c,7315-3166-2778,3135-9835-1019,Kotak Mahindra Bank,KKBK0906010,Patna,Patna,Bihar,25.582224,85.146505,436.52,2026-06-20T08:43:27,2,0
ac40bf88-b68c-4731-919e-555ac81dc14a,f3a949b3-e24d-41f6-a3b8-f2080b61692c,7315-3166-2778,8069-9553-7892,South Indian Bank,SIBL0977857,Patna,Patna,Bihar,25.613771,85.097372,133217.39,2026-06-20T08:44:44,2,0
e118f923-f607-4209-bd8a-68ca5b75a1c1,f3a949b3-e24d-41f6-a3b8-f2080b61692c,1271-4315-9564,5170-8817-4809,Federal Bank,FDRL0397026,Noida,Gautam Buddh Nagar,Uttar Pradesh,28.545329,77.395373,51585.01,2026-06-20T08:46:12,2,0
afbdc04a-78ba-4906-bba5-5b34bbe162d8,f3a949b3-e24d-41f6-a3b8-f2080b61692c,3135-9835-1019,9515-1117-7144,IndusInd Bank,INDB0943356,Mumbai,Mumbai City,Maharashtra,19.068636,72.872191,392.87,2026-06-20T08:48:40,3,1
d6c3a5ac-5b60-40a5-9c8c-9aa1388f0941,f3a949b3-e24d-41f6-a3b8-f2080b61692c,2925-2526-8901,9515-1117-7144,IndusInd Bank,INDB0546768,Mumbai,Mumbai City,Maharashtra,19.082063,72.867845,15717.89,2026-06-20T08:49:59,3,1
b1d521a9-52da-4287-a92e-584dc42e9188,f3a949b3-e24d-41f6-a3b8-f2080b61692c,8069-9553-7892,9515-1117-7144,IndusInd Bank,INDB0662146,Mumbai,Mumbai City,Maharashtra,19.072942,72.872326,119895.65,2026-06-20T08:52:48,3,1
8255385a-6956-433a-bace-7c6bbf78b75c,f3a949b3-e24d-41f6-a3b8-f2080b61692c,5170-8817-4809,9515-1117-7144,IndusInd Bank,INDB0813666,Mumbai,Mumbai City,Maharashtra,19.071898,72.865848,46426.51,2026-06-20T08:54:23,3,1
b63bca61-af36-424e-9e3a-a75b0bb94f21,f3b8c40c-7e53-49ea-a7a7-d8b05169578a,8904-3928-7065,8925-5157-6024,IDBI Bank,IBKL0205149,Gurgaon,Gurugram,Haryana,28.430946,77.016656,24694.08,2026-06-14T14:25:36,1,0
e322205b-9aff-4e9e-bb51-483c3c5db655,f3b8c40c-7e53-49ea-a7a7-d8b05169578a,8904-3928-7065,6641-7522-3262,YES Bank,YESB0743852,Kolkata,Kolkata,West Bengal,22.592306,88.384579,26275.16,2026-06-14T14:26:07,1,0
9abf83cc-0e29-465e-bc73-4f1fd1e49f76,f3b8c40c-7e53-49ea-a7a7-d8b05169578a,8904-3928-7065,2951-4764-8317,Canara Bank,CNRB0105547,Jaipur,Jaipur,Rajasthan,26.942837,75.819626,29687.22,2026-06-14T14:26:27,1,0
782116d5-5b36-46a7-9bcb-84c1e83661cf,f3b8c40c-7e53-49ea-a7a7-d8b05169578a,8925-5157-6024,8133-2444-2049,UCO Bank,UCBA0859687,Delhi,Central Delhi,Delhi,28.602333,77.257445,3647.5,2026-06-14T14:27:02,2,0
7745a7e7-9533-4e2b-b6b8-6ef4d44cb130,f3b8c40c-7e53-49ea-a7a7-d8b05169578a,8925-5157-6024,5310-4633-7075,IndusInd Bank,INDB0400384,Kolkata,Kolkata,West Bengal,22.593761,88.373647,21046.58,2026-06-14T14:28:11,2,0
04401706-13cf-45a3-908a-3ba5f3bfbda9,f3b8c40c-7e53-49ea-a7a7-d8b05169578a,6641-7522-3262,9099-8192-1175,Federal Bank,FDRL0942960,Jaipur,Jaipur,Rajasthan,26.914215,75.756775,26275.16,2026-06-14T14:28:53,2,0
d3fe9d9c-627a-4d03-8e46-5323cacb86ce,f3b8c40c-7e53-49ea-a7a7-d8b05169578a,2951-4764-8317,9364-9451-4795,Punjab National Bank,PUNB0518836,Patna,Patna,Bihar,25.579413,85.127114,1183.94,2026-06-14T14:29:28,2,0
6e28515a-e2a7-4b67-8da3-e60346a2c4f4,f3b8c40c-7e53-49ea-a7a7-d8b05169578a,2951-4764-8317,3776-1590-6893,Axis Bank,UTIB0116112,Kolkata,Kolkata,West Bengal,22.596293,88.320762,19117.32,2026-06-14T14:30:35,2,0
e2c9e78d-b672-4d4f-a814-4b4e43620dc0,f3b8c40c-7e53-49ea-a7a7-d8b05169578a,2951-4764-8317,4919-1004-3579,Union Bank of India,UBIN0861411,Pune,Pune,Maharashtra,18.553376,73.898201,9385.96,2026-06-14T14:31:10,2,0
939aa8c4-3b1e-4b4d-8d13-f0849312a828,f3b8c40c-7e53-49ea-a7a7-d8b05169578a,9099-8192-1175,4187-8450-7618,UCO Bank,UCBA0283537,Delhi,Central Delhi,Delhi,28.610185,77.193259,23647.64,2026-06-14T14:32:43,3,1
d442ef29-6f58-4216-bdec-9b07198deb85,f3b8c40c-7e53-49ea-a7a7-d8b05169578a,4919-1004-3579,4187-8450-7618,UCO Bank,UCBA0627611,Delhi,Central Delhi,Delhi,28.60567,77.226881,8447.36,2026-06-14T14:33:52,3,1
01a69f3e-c4f1-43e7-a526-83c44bb61d69,f3b8c40c-7e53-49ea-a7a7-d8b05169578a,5310-4633-7075,4187-8450-7618,UCO Bank,UCBA0638220,Delhi,Central Delhi,Delhi,28.632168,77.224045,18941.92,2026-06-14T14:36:34,3,1
4700da4e-04b0-4fe9-ac14-940998701a2c,f3b8c40c-7e53-49ea-a7a7-d8b05169578a,3776-1590-6893,4187-8450-7618,UCO Bank,UCBA0931928,Delhi,Central Delhi,Delhi,28.616896,77.216768,17205.59,2026-06-14T14:39:18,3,1
baff592e-14ab-440c-9469-20e920137da6,049cd71d-23aa-40d1-aafe-703d4a117415,8923-4985-6565,8548-1448-8896,IndusInd Bank,INDB0331087,Patna,Patna,Bihar,25.611791,85.110593,257828.6,2026-07-14T12:15:26,1,0
0c7a2d56-6a7d-4dcb-87bf-8c07268d134b,049cd71d-23aa-40d1-aafe-703d4a117415,8923-4985-6565,2904-5224-2106,Canara Bank,CNRB0641593,Bengaluru,Bengaluru Urban,Karnataka,12.975165,77.614682,42136.17,2026-07-14T12:15:56,1,0
0626d4d5-e12f-4151-8b88-343320603ad3,049cd71d-23aa-40d1-aafe-703d4a117415,8548-1448-8896,5067-5706-2523,South Indian Bank,SIBL0599704,Gurgaon,Gurugram,Haryana,28.440887,76.998457,125408.5,2026-07-14T12:17:01,2,0
6b5166bf-8f8d-47a5-a4b2-cd667b0c346c,049cd71d-23aa-40d1-aafe-703d4a117415,8548-1448-8896,7536-6603-2245,Punjab National Bank,PUNB0882401,Gurgaon,Gurugram,Haryana,28.477811,77.067593,132420.1,2026-07-14T12:18:07,2,0
8955ca53-4928-4295-bc5f-05d6208c4fe7,049cd71d-23aa-40d1-aafe-703d4a117415,2904-5224-2106,4271-4847-4965,Federal Bank,FDRL0976960,Mumbai,Mumbai City,Maharashtra,19.08786,72.8433,23725.55,2026-07-14T12:18:49,2,0
93603e9b-b04c-46e4-b5c9-cf63a38d408a,049cd71d-23aa-40d1-aafe-703d4a117415,2904-5224-2106,5348-4387-4755,HDFC Bank,HDFC0182300,Chandigarh,Chandigarh,Chandigarh,30.750881,76.795742,18410.62,2026-07-14T12:19:25,2,0
a43c8d62-b4a0-47ce-96c0-d096105ecca7,049cd71d-23aa-40d1-aafe-703d4a117415,5067-5706-2523,6167-9066-5501,Kotak Mahindra Bank,KKBK0635962,Gurgaon,Gurugram,Haryana,28.450711,77.015484,112867.65,2026-07-14T12:22:02,3,1
a5a5c587-d7fe-461c-9293-523b38af0e01,049cd71d-23aa-40d1-aafe-703d4a117415,7536-6603-2245,6167-9066-5501,Kotak Mahindra Bank,KKBK0234475,Gurgaon,Gurugram,Haryana,28.441666,77.038571,119178.09,2026-07-14T12:24:15,3,1
4adb6112-79cf-4234-8574-643baf2dc9e7,049cd71d-23aa-40d1-aafe-703d4a117415,4271-4847-4965,6167-9066-5501,Kotak Mahindra Bank,KKBK0667036,Gurgaon,Gurugram,Haryana,28.440803,77.020492,21353.0,2026-07-14T12:26:16,3,1
fd0aab87-c892-4060-8312-aa21397af67b,eac9ecd1-f78b-4645-a63d-8c61550864a5,8490-2972-9490,6171-1137-1193,Bank of Baroda,BARB0372315,Ahmedabad,Ahmedabad,Gujarat,22.991215,72.547685,298145.37,2026-07-02T02:16:21,1,0
3a28ef60-7b7f-4c6b-b6a3-c6e153dc7c04,eac9ecd1-f78b-4645-a63d-8c61550864a5,8490-2972-9490,4452-7216-2650,Kotak Mahindra Bank,KKBK0459762,Ahmedabad,Ahmedabad,Gujarat,23.009092,72.571277,87311.0,2026-07-02T02:16:48,1,0
8fb96006-b455-469e-a45b-f3eecc8d290c,eac9ecd1-f78b-4645-a63d-8c61550864a5,6171-1137-1193,7866-7099-6981,Canara Bank,CNRB0572623,Pune,Pune,Maharashtra,18.488389,73.819814,298145.37,2026-07-02T02:18:12,2,0
882a25e2-5a07-4d41-b884-475a0a490307,eac9ecd1-f78b-4645-a63d-8c61550864a5,4452-7216-2650,4744-2636-5422,YES Bank,YESB0285186,Delhi,Central Delhi,Delhi,28.606052,77.172447,3962.04,2026-07-02T02:19:12,2,0
a6b57036-15bb-4895-85b3-633825f3add5,eac9ecd1-f78b-4645-a63d-8c61550864a5,4452-7216-2650,4863-8081-7240,Federal Bank,FDRL0642121,Jaipur,Jaipur,Rajasthan,26.915798,75.768873,38855.25,2026-07-02T02:20:39,2,0
149407c4-341e-4a21-87bb-9100570ae843,eac9ecd1-f78b-4645-a63d-8c61550864a5,4452-7216-2650,4212-3389-3450,Punjab National Bank,PUNB0689444,Pune,Pune,Maharashtra,18.55625,73.811471,44493.71,2026-07-02T02:21:40,2,0
368b39b9-6bc5-4b2d-a984-1a07ef54273d,eac9ecd1-f78b-4645-a63d-8c61550864a5,4744-2636-5422,5166-8807-2577,Kotak Mahindra Bank,KKBK0372387,Lucknow,Lucknow,Uttar Pradesh,26.841138,80.948614,3565.84,2026-07-02T02:23:22,3,1
35bbac24-8384-4546-9a20-eb35b932ea4c,eac9ecd1-f78b-4645-a63d-8c61550864a5,7866-7099-6981,5166-8807-2577,Kotak Mahindra Bank,KKBK0949363,Lucknow,Lucknow,Uttar Pradesh,26.837009,80.926993,268330.83,2026-07-02T02:26:21,3,1
6051dc90-e172-458e-b744-6a9f0e932ba8,eac9ecd1-f78b-4645-a63d-8c61550864a5,4863-8081-7240,5166-8807-2577,Kotak Mahindra Bank,KKBK0468145,Lucknow,Lucknow,Uttar Pradesh,26.861395,80.964725,34969.72,2026-07-02T02:27:36,3,1
7138ff33-7c03-4270-b493-43f45655ed4e,da7f4b4c-2f03-4f07-ab43-3a6b6819430a,9821-3859-5663,6326-9363-8987,Punjab National Bank,PUNB0762398,Chennai,Chennai,Tamil Nadu,13.128359,80.307526,171082.17,2026-08-23T02:29:54,1,0
9d226908-821d-4a87-90b3-cbdcd741f08e,da7f4b4c-2f03-4f07-ab43-3a6b6819430a,9821-3859-5663,8322-2284-7243,YES Bank,YESB0453777,Chandigarh,Chandigarh,Chandigarh,30.725482,76.790631,306056.71,2026-08-23T02:30:44,1,0
81c0f3ce-ee5a-4361-90a9-5574fa7b9dc2,da7f4b4c-2f03-4f07-ab43-3a6b6819430a,6326-9363-8987,2168-2296-3654,IndusInd Bank,INDB0844943,Pune,Pune,Maharashtra,18.497147,73.871164,81996.33,2026-08-23T02:31:34,2,0
c7fee6e8-4248-47ae-8c47-af78efec034f,da7f4b4c-2f03-4f07-ab43-3a6b6819430a,6326-9363-8987,6629-4739-6136,South Indian Bank,SIBL0918910,Chennai,Chennai,Tamil Nadu,13.118981,80.257016,89085.84,2026-08-23T02:32:21,2,0
ac2386fa-30f3-46c7-8e1b-4fdb27231798,da7f4b4c-2f03-4f07-ab43-3a6b6819430a,8322-2284-7243,9535-8377-7782,IDBI Bank,IBKL0886159,Lucknow,Lucknow,Uttar Pradesh,26.804706,80.912891,244683.36,2026-08-23T02:33:51,2,0
3510dfe0-e11c-48d7-8a12-55db8f52dd4d,da7f4b4c-2f03-4f07-ab43-3a6b6819430a,8322-2284-7243,3741-4012-1378,HDFC Bank,HDFC0596171,Noida,Gautam Buddh Nagar,Uttar Pradesh,28.540343,77.343636,11294.18,2026-08-23T02:34:27,2,0
6ae54d48-e6fe-4136-9aa7-feaa3dc4a5f6,da7f4b4c-2f03-4f07-ab43-3a6b6819430a,8322-2284-7243,3048-4844-5122,Union Bank of India,UBIN0187295,Patna,Patna,Bihar,25.554493,85.14941,50079.17,2026-08-23T02:35:22,2,0
7e429f9a-cab4-4c4b-98b8-76cb65b43d8f,da7f4b4c-2f03-4f07-ab43-3a6b6819430a,3741-4012-1378,5053-5655-8260,IndusInd Bank,INDB0652329,Gurgaon,Gurugram,Haryana,28.473041,77.007743,10164.76,2026-08-23T02:36:38,3,1
ef6f5b26-5b39-4e61-98af-5e8f99dacc38,da7f4b4c-2f03-4f07-ab43-3a6b6819430a,9535-8377-7782,5053-5655-8260,IndusInd Bank,INDB0474175,Gurgaon,Gurugram,Haryana,28.473915,77.019608,220215.02,2026-08-23T02:39:02,3,1
c216b633-150b-462c-b48b-8a6e3db48aae,da7f4b4c-2f03-4f07-ab43-3a6b6819430a,2168-2296-3654,5053-5655-8260,IndusInd Bank,INDB0589887,Gurgaon,Gurugram,Haryana,28.478499,77.028223,73796.7,2026-08-23T02:41:02,3,1
78938035-ed13-4104-a973-c7fda6fe6361,b9778d90-61e6-40fe-a434-e7715d577188,9987-8288-3213,9835-3900-8480,Axis Bank,UTIB0193904,Patna,Patna,Bihar,25.588286,85.124178,9795.58,2026-06-28T01:02:38,1,0
2f62ca3e-3fe5-4b0e-8046-9cbcaa870348,b9778d90-61e6-40fe-a434-e7715d577188,9987-8288-3213,8126-9576-9745,ICICI Bank,ICIC0111068,Pune,Pune,Maharashtra,18.470409,73.888238,310345.59,2026-06-28T01:03:04,1,0
49f47722-ea20-4d7c-9c3d-9d3de0ad7bb3,b9778d90-61e6-40fe-a434-e7715d577188,9987-8288-3213,6073-6688-8891,Bank of Baroda,BARB0591989,Pune,Pune,Maharashtra,18.52391,73.875477,115765.53,2026-06-28T01:03:22,1,0
9758a65d-7963-4780-9354-7145698f7b27,b9778d90-61e6-40fe-a434-e7715d577188,9835-3900-8480,8816-5908-1149,State Bank of India,SBIN0491794,Kolkata,Kolkata,West Bengal,22.541457,88.402116,2250.91,2026-06-28T01:04:42,2,0
ede66a1c-4d5e-4500-9ff0-3760b88af7ea,b9778d90-61e6-40fe-a434-e7715d577188,9835-3900-8480,8052-5799-4788,Canara Bank,CNRB0271200,Mumbai,Mumbai City,Maharashtra,19.097494,72.892299,7544.67,2026-06-28T01:05:39,2,0
883e61dd-aa2b-4adb-ad32-256b31e4c182,b9778d90-61e6-40fe-a434-e7715d577188,8126-9576-9745,4614-5308-2297,YES Bank,YESB0743003,Chandigarh,Chandigarh,Chandigarh,30.764057,76.797864,109185.1,2026-06-28T01:06:57,2,0
496751b8-f98e-41d4-bc7d-011a8dbcb030,b9778d90-61e6-40fe-a434-e7715d577188,8126-9576-9745,7917-4924-9464,IndusInd Bank,INDB0657783,Lucknow,Lucknow,Uttar Pradesh,26.877581,80.93749,201160.49,2026-06-28T01:07:45,2,0
764c10a2-da0e-4018-95a2-fef1d1932470,b9778d90-61e6-40fe-a434-e7715d577188,6073-6688-8891,3988-3238-5744,IndusInd Bank,INDB0747736,Chennai,Chennai,Tamil Nadu,13.077977,80.290747,115765.53,2026-06-28T01:08:22,2,0
19651d00-fd2e-4ed4-8e3d-f7a25310e268,b9778d90-61e6-40fe-a434-e7715d577188,8052-5799-4788,1813-9764-1362,ICICI Bank,ICIC0382271,Noida,Gautam Buddh Nagar,Uttar Pradesh,28.520502,77.388537,6790.2,2026-06-28T01:09:58,3,1
b7fafe5d-5725-4f07-9f87-c1947c79c29b,b9778d90-61e6-40fe-a434-e7715d577188,4614-5308-2297,1813-9764-1362,ICICI Bank,ICIC0344119,Noida,Gautam Buddh Nagar,Uttar Pradesh,28.519108,77.371589,98266.59,2026-06-28T01:10:59,3,1
0909ab2f-0fbc-482f-b534-0f75b9d50056,b9778d90-61e6-40fe-a434-e7715d577188,8816-5908-1149,1813-9764-1362,ICICI Bank,ICIC0458521,Noida,Gautam Buddh Nagar,Uttar Pradesh,28.53231,77.402429,2025.82,2026-06-28T01:12:26,3,1
f2961b25-27b9-46a6-9226-e4915767b2a1,b9778d90-61e6-40fe-a434-e7715d577188,7917-4924-9464,1813-9764-1362,ICICI Bank,ICIC0489438,Noida,Gautam Buddh Nagar,Uttar Pradesh,28.534047,77.402657,181044.44,2026-06-28T01:14:29,3,1
45497f28-6fef-4165-b8d6-8ff5fb0842c2,13c84566-c9f6-459b-b2bd-d1146b39f1b6,2314-3393-1918,7429-2169-9899,Federal Bank,FDRL0968485,Hyderabad,Hyderabad,Telangana,17.336262,78.53416,322893.92,2026-07-21T10:27:38,1,0
92e0fcfb-1a49-4cb6-9ab9-a5cca8a1cbf0,13c84566-c9f6-459b-b2bd-d1146b39f1b6,2314-3393-1918,8702-3975-4148,Axis Bank,UTIB0908688,Hyderabad,Hyderabad,Telangana,17.432497,78.461416,59548.93,2026-07-21T10:28:33,1,0
97e667c2-2ee6-47c7-b2c9-77f42a14f883,13c84566-c9f6-459b-b2bd-d1146b39f1b6,7429-2169-9899,4263-8550-2539,IndusInd Bank,INDB0595793,Mumbai,Mumbai City,Maharashtra,19.064912,72.923821,322893.92,2026-07-21T10:29:36,2,0
0691e04d-0f35-45a2-8ecd-de04f26a7e2f,13c84566-c9f6-459b-b2bd-d1146b39f1b6,8702-3975-4148,3598-1691-9534,Punjab National Bank,PUNB0477934,Mumbai,Mumbai City,Maharashtra,19.114752,72.914066,11297.06,2026-07-21T10:30:46,2,0
7a2742ff-b10e-4c54-8a82-8ba828ab9bea,13c84566-c9f6-459b-b2bd-d1146b39f1b6,8702-3975-4148,3001-5150-8884,HDFC Bank,HDFC0763653,Mumbai,Mumbai City,Maharashtra,19.069416,72.829207,48251.87,2026-07-21T10:31:29,2,0
4f6b3ae7-2f24-437c-80ba-77af4a3c3164,13c84566-c9f6-459b-b2bd-d1146b39f1b6,3001-5150-8884,4982-1146-1688,UCO Bank,UCBA0598357,Patna,Patna,Bihar,25.601636,85.1238,43426.68,2026-07-21T10:33:57,3,1
ec305e27-e161-43c9-ba37-07c6f19ad79e,13c84566-c9f6-459b-b2bd-d1146b39f1b6,4263-8550-2539,4982-1146-1688,UCO Bank,UCBA0193826,Patna,Patna,Bihar,25.584049,85.137597,290604.53,2026-07-21T10:36:35,3,1
6bf43680-6163-4797-9952-b5c71a8d57b3,13c84566-c9f6-459b-b2bd-d1146b39f1b6,3598-1691-9534,4982-1146-1688,UCO Bank,UCBA0748696,Patna,Patna,Bihar,25.587637,85.156386,10167.35,2026-07-21T10:39:02,3,1
79aac072-d2a5-4b1e-ba40-4c55daa02f41,4bcdc273-ea0d-4422-a282-8ab23c7db40f,1979-6824-3521,9787-2759-3061,IDBI Bank,IBKL0475565,Hyderabad,Hyderabad,Telangana,17.40744,78.46177,574.34,2026-07-04T07:23:58,1,0
08d4751f-c073-4337-bfec-c366a2bb5ca2,4bcdc273-ea0d-4422-a282-8ab23c7db40f,1979-6824-3521,8992-4812-6189,Kotak Mahindra Bank,KKBK0558752,Lucknow,Lucknow,Uttar Pradesh,26.852602,80.950473,8673.4,2026-07-04T07:24:10,1,0
06465b85-67eb-435f-ad04-e7bfae9ec261,4bcdc273-ea0d-4422-a282-8ab23c7db40f,1979-6824-3521,6690-8187-4161,Axis Bank,UTIB0295692,Ahmedabad,Ahmedabad,Gujarat,23.026862,72.553768,5393.25,2026-07-04T07:24:51,1,0
1094c87a-eb04-41e1-ac90-ff52862b3852,4bcdc273-ea0d-4422-a282-8ab23c7db40f,9787-2759-3061,5510-3627-2128,Federal Bank,FDRL0667915,Pune,Pune,Maharashtra,18.507111,73.806772,188.66,2026-07-04T07:25:39,2,0
fa1506f3-3ee7-41a1-983a-6c735417f9a2,4bcdc273-ea0d-4422-a282-8ab23c7db40f,9787-2759-3061,9702-3539-8362,Union Bank of India,UBIN0869295,Hyderabad,Hyderabad,Telangana,17.353553,78.438572,385.68,2026-07-04T07:26:49,2,0
2cd35412-1434-4722-8db8-d668288591f3,4bcdc273-ea0d-4422-a282-8ab23c7db40f,8992-4812-6189,4912-6254-2037,IndusInd Bank,INDB0902930,Chennai,Chennai,Tamil Nadu,13.087847,80.282004,7697.08,2026-07-04T07:27:52,2,0
a813d76a-10d9-4d4d-b65c-97e7b43aac1b,4bcdc273-ea0d-4422-a282-8ab23c7db40f,8992-4812-6189,9830-7348-4110,Canara Bank,CNRB0437666,Jaipur,Jaipur,Rajasthan,26.873446,75.78962,976.32,2026-07-04T07:28:42,2,0
432201b3-4f23-4e2c-a036-dbd1a2433f60,4bcdc273-ea0d-4422-a282-8ab23c7db40f,6690-8187-4161,1717-3126-3926,State Bank of India,SBIN0212255,Mumbai,Mumbai City,Maharashtra,19.074537,72.837575,5393.25,2026-07-04T07:30:07,2,0
3d58b3ef-b0b7-41dd-bb45-6c4292dbbebe,4bcdc273-ea0d-4422-a282-8ab23c7db40f,9830-7348-4110,7002-4616-2161,State Bank of India,SBIN0318877,Chandigarh,Chandigarh,Chandigarh,30.73953,76.796536,878.69,2026-07-04T07:33:04,3,1
49db5db9-e428-452e-8785-04c2742f2f58,4bcdc273-ea0d-4422-a282-8ab23c7db40f,1717-3126-3926,7002-4616-2161,State Bank of India,SBIN0183840,Chandigarh,Chandigarh,Chandigarh,30.732022,76.784957,4853.92,2026-07-04T07:35:50,3,1
c39781f5-9889-48ba-b73d-8aa436a88501,4bcdc273-ea0d-4422-a282-8ab23c7db40f,4912-6254-2037,7002-4616-2161,State Bank of India,SBIN0685126,Chandigarh,Chandigarh,Chandigarh,30.743039,76.795017,6927.37,2026-07-04T07:37:36,3,1
988d5a2a-c31c-4e69-884f-c781730b69f0,4bcdc273-ea0d-4422-a282-8ab23c7db40f,9702-3539-8362,7002-4616-2161,State Bank of India,SBIN0486996,Chandigarh,Chandigarh,Chandigarh,30.74507,76.761732,347.11,2026-07-04T07:40:21,3,1
d839f5fa-4d7b-44a1-a3cb-1a51c0f52ebd,4bcdc273-ea0d-4422-a282-8ab23c7db40f,5510-3627-2128,7002-4616-2161,State Bank of India,SBIN0378727,Chandigarh,Chandigarh,Chandigarh,30.734461,76.788772,169.79,2026-07-04T07:42:39,3,1
15e0898f-32fb-4ed0-a2be-1d3268007405,d64f51bb-59e7-47c9-b2b0-a67e5767e840,2276-4537-9511,2658-4784-9710,Axis Bank,UTIB0651752,Mumbai,Mumbai City,Maharashtra,19.091688,72.884703,439614.75,2026-06-06T17:08:02,1,0
fe8c60b0-9d53-4744-94a0-ea82932e597e,d64f51bb-59e7-47c9-b2b0-a67e5767e840,2658-4784-9710,7802-2728-6864,Kotak Mahindra Bank,KKBK0797557,Lucknow,Lucknow,Uttar Pradesh,26.839407,80.90661,439614.75,2026-06-06T17:09:15,2,0
1001fd44-14d9-424b-a342-aeecd8eb7e02,d64f51bb-59e7-47c9-b2b0-a67e5767e840,7802-2728-6864,9268-6529-3591,UCO Bank,UCBA0469438,Chennai,Chennai,Tamil Nadu,13.122948,80.275708,439614.75,2026-06-06T17:12:31,3,0
8b6bc3a9-6885-48dd-98db-0ea0e069d6d8,d64f51bb-59e7-47c9-b2b0-a67e5767e840,9268-6529-3591,6319-7090-7755,IndusInd Bank,INDB0966286,Hyderabad,Hyderabad,Telangana,17.407587,78.497541,439614.75,2026-06-06T17:16:46,4,1
803e1b02-a2e9-4420-925f-98d3bb6e90d0,016d891c-d86e-42d6-9e59-7035de58e2eb,9939-4504-7145,5162-6898-8412,ICICI Bank,ICIC0416503,Chandigarh,Chandigarh,Chandigarh,30.683957,76.827839,32865.26,2026-07-15T05:07:33,1,0
df935303-efab-401e-a73f-aedc7f4eb91a,016d891c-d86e-42d6-9e59-7035de58e2eb,9939-4504-7145,8331-7505-1003,Federal Bank,FDRL0122755,Bengaluru,Bengaluru Urban,Karnataka,12.998752,77.638935,11419.09,2026-07-15T05:07:56,1,0
765c7796-0914-4506-92d7-5f8c88c9042a,016d891c-d86e-42d6-9e59-7035de58e2eb,9939-4504-7145,1567-5660-1267,South Indian Bank,SIBL0636107,Kolkata,Kolkata,West Bengal,22.578232,88.406492,24269.41,2026-07-15T05:08:23,1,0
23dc1a33-c077-485d-b45d-f897ef568616,016d891c-d86e-42d6-9e59-7035de58e2eb,5162-6898-8412,2544-1618-8542,ICICI Bank,ICIC0377860,Gurgaon,Gurugram,Haryana,28.446208,77.034816,32865.26,2026-07-15T05:09:15,2,0
73f83079-4bdc-47a5-a259-91baeffa865d,016d891c-d86e-42d6-9e59-7035de58e2eb,8331-7505-1003,5198-5920-2505,Canara Bank,CNRB0327999,Ahmedabad,Ahmedabad,Gujarat,23.045927,72.593758,11419.09,2026-07-15T05:10:21,2,0
8161deee-9358-46cd-9be4-23f1e9a173ff,016d891c-d86e-42d6-9e59-7035de58e2eb,1567-5660-1267,3832-8999-2562,YES Bank,YESB0908348,Delhi,Central Delhi,Delhi,28.597339,77.246979,20760.25,2026-07-15T05:10:56,2,0
ffb51435-39c5-4c1e-b74e-7b29dfa8443d,016d891c-d86e-42d6-9e59-7035de58e2eb,1567-5660-1267,5921-1612-7251,Canara Bank,CNRB0226395,Chandigarh,Chandigarh,Chandigarh,30.770279,76.752072,3509.16,2026-07-15T05:11:53,2,0
e40eb526-51eb-4e90-b817-082aba17c794,016d891c-d86e-42d6-9e59-7035de58e2eb,5921-1612-7251,9591-1674-6231,Union Bank of India,UBIN0442707,Ahmedabad,Ahmedabad,Gujarat,23.022596,72.560232,3158.24,2026-07-15T05:13:12,3,1
1881e389-58c5-4052-9843-e939aef239b3,016d891c-d86e-42d6-9e59-7035de58e2eb,2544-1618-8542,9591-1674-6231,Union Bank of India,UBIN0806357,Ahmedabad,Ahmedabad,Gujarat,23.031763,72.567115,29578.73,2026-07-15T05:14:18,3,1
76782fe3-5cf7-4928-a67f-8dcfe86f1a81,016d891c-d86e-42d6-9e59-7035de58e2eb,5198-5920-2505,9591-1674-6231,Union Bank of India,UBIN0889410,Ahmedabad,Ahmedabad,Gujarat,23.026305,72.571589,10277.18,2026-07-15T05:16:15,3,1
93c4ec4d-5550-4fa5-9758-2e7e7f1afd3b,f5648e25-e072-482e-9d6d-d20adcb428be,8076-5747-7460,3165-6507-2352,UCO Bank,UCBA0151706,Lucknow,Lucknow,Uttar Pradesh,26.851515,80.922456,464812.18,2026-08-11T09:30:28,1,0
45ffde3e-ad2d-4036-a2a6-16be5bbf5989,f5648e25-e072-482e-9d6d-d20adcb428be,3165-6507-2352,9221-8118-3136,Canara Bank,CNRB0699083,Jaipur,Jaipur,Rajasthan,26.88201,75.7989,144408.48,2026-08-11T09:31:29,2,0
cab34a86-a666-4a09-9ca9-a88b3944ec49,f5648e25-e072-482e-9d6d-d20adcb428be,3165-6507-2352,3209-8879-4245,Union Bank of India,UBIN0354085,Mumbai,Mumbai City,Maharashtra,19.033164,72.905377,320403.7,2026-08-11T09:32:46,2,0
28d9c58f-48f2-47ba-bb53-6cd820d0808e,f5648e25-e072-482e-9d6d-d20adcb428be,3209-8879-4245,2843-7776-7939,Bank of Baroda,BARB0436318,Mumbai,Mumbai City,Maharashtra,19.060452,72.893241,320403.7,2026-08-11T09:35:19,3,1
0fb98dc0-45a0-4ba8-9e20-5646206eb576,242f3e76-d2ae-40c8-b387-3194438e24e4,3773-6729-8245,3389-8216-1735,State Bank of India,SBIN0751168,Mumbai,Mumbai City,Maharashtra,19.118673,72.914575,29201.74,2026-07-19T07:39:44,1,0
8581cd46-ccc1-42a1-90ee-a1b0ebaa95c0,242f3e76-d2ae-40c8-b387-3194438e24e4,3773-6729-8245,4825-4271-7124,State Bank of India,SBIN0827497,Bengaluru,Bengaluru Urban,Karnataka,13.002028,77.575112,89317.14,2026-07-19T07:40:12,1,0
625e57dd-a59d-4d14-a4d7-a885e2d5c5cd,242f3e76-d2ae-40c8-b387-3194438e24e4,3773-6729-8245,3555-2405-2841,State Bank of India,SBIN0319162,Bengaluru,Bengaluru Urban,Karnataka,12.995601,77.565788,103340.66,2026-07-19T07:40:52,1,0
d1d7d77b-80fc-46ea-a21f-36c1e8c4e630,242f3e76-d2ae-40c8-b387-3194438e24e4,3389-8216-1735,9573-5237-9991,ICICI Bank,ICIC0397809,Delhi,Central Delhi,Delhi,28.58397,77.228653,161.41,2026-07-19T07:41:38,2,0
d213cc17-78c7-474e-a4bb-edd565cff498,242f3e76-d2ae-40c8-b387-3194438e24e4,3389-8216-1735,8913-3315-1301,State Bank of India,SBIN0786563,Chennai,Chennai,Tamil Nadu,13.127218,80.22736,16540.05,2026-07-19T07:42:25,2,0
f92ac564-741c-4d53-a0e0-ec434191d619,242f3e76-d2ae-40c8-b387-3194438e24e4,3389-8216-1735,7170-9631-1712,Punjab National Bank,PUNB0993473,Jaipur,Jaipur,Rajasthan,26.953687,75.773322,12500.28,2026-07-19T07:43:37,2,0
cfe56efc-8b2f-4c97-87b5-5ff80896aed7,242f3e76-d2ae-40c8-b387-3194438e24e4,4825-4271-7124,1312-5792-7332,Canara Bank,CNRB0844162,Kolkata,Kolkata,West Bengal,22.53256,88.345446,89317.14,2026-07-19T07:44:21,2,0
fc683a34-c4ec-4941-9032-1e0b0ca48c5e,242f3e76-d2ae-40c8-b387-3194438e24e4,3555-2405-2841,9709-2442-4054,Union Bank of India,UBIN0449773,Pune,Pune,Maharashtra,18.519393,73.881139,32824.02,2026-07-19T07:45:50,2,0
aa4861ab-094a-47b4-a9e8-fc598a95ecd4,242f3e76-d2ae-40c8-b387-3194438e24e4,3555-2405-2841,4258-9202-8503,Bank of Baroda,BARB0469007,Jaipur,Jaipur,Rajasthan,26.897938,75.767533,16686.02,2026-07-19T07:46:21,2,0
a5223935-4a40-4a0a-b2c6-2830c41f79f7,242f3e76-d2ae-40c8-b387-3194438e24e4,3555-2405-2841,1352-1651-5053,Punjab National Bank,PUNB0165021,Patna,Patna,Bihar,25.606679,85.175468,53830.62,2026-07-19T07:47:23,2,0
24efc33e-0be0-4f0a-8910-7c0d86c8f7bb,242f3e76-d2ae-40c8-b387-3194438e24e4,9709-2442-4054,3485-6599-7436,IndusInd Bank,INDB0865344,Gurgaon,Gurugram,Haryana,28.454788,77.045024,29541.62,2026-07-19T07:48:34,3,1
8668449e-97e3-4f3a-8b42-b4a42635401b,242f3e76-d2ae-40c8-b387-3194438e24e4,7170-9631-1712,3485-6599-7436,IndusInd Bank,INDB0755910,Gurgaon,Gurugram,Haryana,28.466961,77.023293,11250.25,2026-07-19T07:50:52,3,1
6d7c14f0-8f8d-4a31-8775-b99ec6cfd66f,242f3e76-d2ae-40c8-b387-3194438e24e4,8913-3315-1301,3485-6599-7436,IndusInd Bank,INDB0260169,Gurgaon,Gurugram,Haryana,28.456559,77.019095,14886.04,2026-07-19T07:53:05,3,1
24ce7369-d573-4802-b4dd-c405bbb31b53,992fb8c2-f641-4d16-94d9-99568f86dbe4,8359-9883-3158,3270-9869-4314,Punjab National Bank,PUNB0839389,Lucknow,Lucknow,Uttar Pradesh,26.886564,80.987156,15411.96,2026-07-22T20:20:41,1,0
91950fbc-1363-46d1-bbee-17b6863bb274,992fb8c2-f641-4d16-94d9-99568f86dbe4,3270-9869-4314,3378-3589-6201,Bank of Baroda,BARB0252591,Bhopal,Bhopal,Madhya Pradesh,23.282608,77.439144,13562.7,2026-07-22T20:21:22,2,0
2e7f533b-7664-43dd-b250-c60e740a70a6,992fb8c2-f641-4d16-94d9-99568f86dbe4,3270-9869-4314,2111-9732-2939,Canara Bank,CNRB0418083,Hyderabad,Hyderabad,Telangana,17.3793,78.530077,1849.26,2026-07-22T20:22:48,2,0
d9d3cd93-09b7-4020-a1dc-8a255e171b8d,992fb8c2-f641-4d16-94d9-99568f86dbe4,2111-9732-2939,4079-2749-3155,State Bank of India,SBIN0741709,Patna,Patna,Bihar,25.605795,85.14816,1849.26,2026-07-22T20:24:35,3,1
9d6193ff-7ead-4e87-9c80-191873880cea,a1828b98-e119-4261-a9ad-15c05cf4b254,4804-4783-1427,2302-8808-3196,Federal Bank,FDRL0615318,Hyderabad,Hyderabad,Telangana,17.382385,78.453079,44486.38,2026-08-25T23:23:22,1,0
ddc97022-a8f2-4871-a33d-b16d6b9a8bdc,a1828b98-e119-4261-a9ad-15c05cf4b254,4804-4783-1427,9230-8680-7126,State Bank of India,SBIN0901677,Hyderabad,Hyderabad,Telangana,17.431882,78.529244,73839.8,2026-08-25T23:23:46,1,0
f9a01414-7e08-41c4-8d35-d6f59554ab43,a1828b98-e119-4261-a9ad-15c05cf4b254,2302-8808-3196,4646-4323-4351,UCO Bank,UCBA0821276,Chennai,Chennai,Tamil Nadu,13.06519,80.266454,5001.95,2026-08-25T23:25:11,2,0
cd3644e5-103b-4c69-af57-d4e02a0a4af6,a1828b98-e119-4261-a9ad-15c05cf4b254,2302-8808-3196,2083-3901-8197,Canara Bank,CNRB0913920,Hyderabad,Hyderabad,Telangana,17.339183,78.510233,39484.43,2026-08-25T23:25:56,2,0
e5603866-a1d1-4221-ad3d-1f9a28c83c77,a1828b98-e119-4261-a9ad-15c05cf4b254,9230-8680-7126,6126-7457-9784,Kotak Mahindra Bank,KKBK0967182,Chennai,Chennai,Tamil Nadu,13.120477,80.308478,67843.82,2026-08-25T23:26:32,2,0
e5187013-c012-4cd1-8d63-21a082de8921,a1828b98-e119-4261-a9ad-15c05cf4b254,9230-8680-7126,9605-1630-9530,Union Bank of India,UBIN0514828,Kolkata,Kolkata,West Bengal,22.620983,88.317825,5995.98,2026-08-25T23:27:17,2,0
9394abe9-cd6b-4dc7-a35a-9d25f2d8f906,a1828b98-e119-4261-a9ad-15c05cf4b254,4646-4323-4351,7521-5989-5684,Kotak Mahindra Bank,KKBK0408721,Gurgaon,Gurugram,Haryana,28.464025,77.008782,4501.76,2026-08-25T23:29:11,3,1
abc53fa5-03b2-4d83-8b1e-0bba73f40e3d,a1828b98-e119-4261-a9ad-15c05cf4b254,9605-1630-9530,7521-5989-5684,Kotak Mahindra Bank,KKBK0249149,Gurgaon,Gurugram,Haryana,28.458043,77.032444,5396.38,2026-08-25T23:31:17,3,1
67cf0233-0cef-4d88-838d-cbeafa7bed54,a1828b98-e119-4261-a9ad-15c05cf4b254,2083-3901-8197,7521-5989-5684,Kotak Mahindra Bank,KKBK0857750,Gurgaon,Gurugram,Haryana,28.459526,77.013791,35535.99,2026-08-25T23:32:28,3,1
b649525b-d369-44fb-bfbc-d3d4ff03664e,a1828b98-e119-4261-a9ad-15c05cf4b254,6126-7457-9784,7521-5989-5684,Kotak Mahindra Bank,KKBK0829928,Gurgaon,Gurugram,Haryana,28.461356,77.022323,61059.44,2026-08-25T23:34:42,3,1
97d7298a-e09c-4763-96cb-baccf87359cd,14b4e845-f86e-49e1-bd64-156f2f0db786,8387-1408-3930,4308-8449-2477,IDBI Bank,IBKL0195620,Noida,Gautam Buddh Nagar,Uttar Pradesh,28.496916,77.38594,93946.55,2026-07-16T04:43:17,1,0
4f18e805-ee82-40a8-b1cc-3b3b5df1454f,14b4e845-f86e-49e1-bd64-156f2f0db786,8387-1408-3930,5097-6309-3686,HDFC Bank,HDFC0841635,Kolkata,Kolkata,West Bengal,22.561009,88.393007,48899.7,2026-07-16T04:43:50,1,0
2c9ad34f-93b9-462a-9470-6feb201c3f91,14b4e845-f86e-49e1-bd64-156f2f0db786,4308-8449-2477,3619-7204-7235,YES Bank,YESB0153802,Lucknow,Lucknow,Uttar Pradesh,26.838658,80.927152,23981.51,2026-07-16T04:44:31,2,0
3eab1433-6b1d-4d97-9f7d-9ded230bd93d,14b4e845-f86e-49e1-bd64-156f2f0db786,4308-8449-2477,1719-3799-6491,Kotak Mahindra Bank,KKBK0756883,Pune,Pune,Maharashtra,18.48847,73.896554,2688.54,2026-07-16T04:45:50,2,0
08023a7a-1033-42eb-8bdd-ff70dbaf56f1,14b4e845-f86e-49e1-bd64-156f2f0db786,4308-8449-2477,3459-3656-3369,State Bank of India,SBIN0902575,Ahmedabad,Ahmedabad,Gujarat,22.997811,72.567264,67276.5,2026-07-16T04:46:32,2,0
677e6093-ca84-47c4-bcdb-1c01fa8ab759,14b4e845-f86e-49e1-bd64-156f2f0db786,5097-6309-3686,9904-1094-9084,Canara Bank,CNRB0183262,Chennai,Chennai,Tamil Nadu,13.092822,80.221357,45460.12,2026-07-16T04:47:31,2,0
e9440ae4-9261-4bcc-b3a7-87037d221d08,14b4e845-f86e-49e1-bd64-156f2f0db786,5097-6309-3686,4897-4553-8794,Union Bank of India,UBIN0749871,Pune,Pune,Maharashtra,18.533264,73.888712,3439.58,2026-07-16T04:48:57,2,0
8abc469c-9f34-400c-a26a-56578325e22f,14b4e845-f86e-49e1-bd64-156f2f0db786,3619-7204-7235,1902-6718-1601,ICICI Bank,ICIC0799396,Bhopal,Bhopal,Madhya Pradesh,23.263024,77.416731,21583.36,2026-07-16T04:50:01,3,1
f89d2ecc-1321-4221-9427-41bc1dacc4f5,14b4e845-f86e-49e1-bd64-156f2f0db786,1719-3799-6491,1902-6718-1601,ICICI Bank,ICIC0191962,Bhopal,Bhopal,Madhya Pradesh,23.241861,77.409278,2419.69,2026-07-16T04:51:43,3,1
d2999cb7-bce8-4ea0-84b6-d1b372340722,14b4e845-f86e-49e1-bd64-156f2f0db786,4897-4553-8794,1902-6718-1601,ICICI Bank,ICIC0269172,Bhopal,Bhopal,Madhya Pradesh,23.266784,77.417044,3095.62,2026-07-16T04:53:05,3,1
3d1aeca7-0ae9-4535-a1d9-1d4e613dd1d7,f42e8e22-a787-4efd-9850-ea346ffe638c,3906-8460-6901,2525-5903-6289,South Indian Bank,SIBL0960109,Hyderabad,Hyderabad,Telangana,17.341767,78.479432,404711.01,2026-06-17T13:19:22,1,0
41dc25e4-da31-4ff8-9696-07573740ab00,f42e8e22-a787-4efd-9850-ea346ffe638c,2525-5903-6289,2063-5797-8713,Axis Bank,UTIB0319205,Lucknow,Lucknow,Uttar Pradesh,26.857905,80.90713,44220.05,2026-06-17T13:20:25,2,0
de7b4aeb-984b-4aaa-98d4-913da2d3358f,f42e8e22-a787-4efd-9850-ea346ffe638c,2525-5903-6289,3204-2999-5496,IndusInd Bank,INDB0191928,Kolkata,Kolkata,West Bengal,22.570966,88.382765,323414.51,2026-06-17T13:21:41,2,0
49c3c9fb-0fb3-452c-8330-db51e0ec4ecb,f42e8e22-a787-4efd-9850-ea346ffe638c,2525-5903-6289,6393-9635-7779,YES Bank,YESB0401137,Lucknow,Lucknow,Uttar Pradesh,26.839405,80.98098,37076.45,2026-06-17T13:23:10,2,0
f92198bd-83a3-4ebc-ac86-e9a1ba4571ab,f42e8e22-a787-4efd-9850-ea346ffe638c,6393-9635-7779,9132-9514-9154,Kotak Mahindra Bank,KKBK0739008,Patna,Patna,Bihar,25.583409,85.12922,33368.8,2026-06-17T13:24:33,3,1
e27fe2bf-0afa-46b2-9477-87c42df9f086,f42e8e22-a787-4efd-9850-ea346ffe638c,3204-2999-5496,9132-9514-9154,Kotak Mahindra Bank,KKBK0101657,Patna,Patna,Bihar,25.578828,85.136195,291073.06,2026-06-17T13:25:57,3,1
bc17ffff-fbf9-46e6-a00a-bb42c9f01157,f42e8e22-a787-4efd-9850-ea346ffe638c,2063-5797-8713,9132-9514-9154,Kotak Mahindra Bank,KKBK0223654,Patna,Patna,Bihar,25.603599,85.125893,39798.05,2026-06-17T13:28:38,3,1
36546b7d-c5e3-4cad-a9bc-4e268b2a1b21,8eb45a6d-4da8-4666-8fcb-110148d0ec83,7783-1745-6468,4478-1185-4296,Punjab National Bank,PUNB0676710,Kolkata,Kolkata,West Bengal,22.554992,88.314513,44605.32,2026-08-08T20:29:35,1,0
8e9bafc1-6097-4cb4-9545-91c8a03b6197,8eb45a6d-4da8-4666-8fcb-110148d0ec83,7783-1745-6468,5614-5168-2111,Bank of Baroda,BARB0515287,Bengaluru,Bengaluru Urban,Karnataka,12.99404,77.606199,191571.89,2026-08-08T20:30:28,1,0
50f340e7-1412-40d9-9ee4-2dace20717dc,8eb45a6d-4da8-4666-8fcb-110148d0ec83,4478-1185-4296,3877-4178-6415,Bank of Baroda,BARB0805139,Chandigarh,Chandigarh,Chandigarh,30.731211,76.77685,44605.32,2026-08-08T20:31:51,2,0
3f7f8adc-fba5-4169-bf02-f7e5a2377d20,8eb45a6d-4da8-4666-8fcb-110148d0ec83,5614-5168-2111,3224-8888-3545,Kotak Mahindra Bank,KKBK0663051,Chandigarh,Chandigarh,Chandigarh,30.772893,76.775647,191571.89,2026-08-08T20:33:01,2,0
839c8d90-e6e1-4c43-a68e-c757e2f2fac4,8eb45a6d-4da8-4666-8fcb-110148d0ec83,3877-4178-6415,9537-5904-6169,Union Bank of India,UBIN0318379,Delhi,Central Delhi,Delhi,28.62164,77.192172,44605.32,2026-08-08T20:36:23,3,1
720b9eaf-c4db-4425-b7e8-704580b8cae5,8eb45a6d-4da8-4666-8fcb-110148d0ec83,3224-8888-3545,3446-5595-1510,Canara Bank,CNRB0660226,Jaipur,Jaipur,Rajasthan,26.946641,75.794398,191571.89,2026-08-08T20:38:49,3,1
cc7f338b-478d-4d48-981f-394c219e7cdd,2e641f28-0b97-4aac-800f-c8fede52edd1,4070-2914-6050,6152-1518-5448,Axis Bank,UTIB0417003,Kolkata,Kolkata,West Bengal,22.540101,88.351322,302164.97,2026-06-09T16:14:12,1,0
e71a8a11-6424-4c7d-9c62-806b1eef4cae,2e641f28-0b97-4aac-800f-c8fede52edd1,4070-2914-6050,7780-2422-9143,YES Bank,YESB0197102,Mumbai,Mumbai City,Maharashtra,19.070377,72.830193,19732.03,2026-06-09T16:14:24,1,0
e4a564a6-6ceb-448e-9888-eb42d96de489,2e641f28-0b97-4aac-800f-c8fede52edd1,4070-2914-6050,4893-7088-8404,South Indian Bank,SIBL0261562,Kolkata,Kolkata,West Bengal,22.541621,88.406264,79396.29,2026-06-09T16:15:04,1,0
9660b96d-3061-4440-967d-db9703ea4e08,2e641f28-0b97-4aac-800f-c8fede52edd1,6152-1518-5448,9579-6084-6363,Canara Bank,CNRB0647718,Lucknow,Lucknow,Uttar Pradesh,26.808284,80.927298,144040.88,2026-06-09T16:16:03,2,0
05cf5778-04d2-4577-8f13-14e3030f0a28,2e641f28-0b97-4aac-800f-c8fede52edd1,6152-1518-5448,3347-2609-9456,IndusInd Bank,INDB0723155,Bhopal,Bhopal,Madhya Pradesh,23.297088,77.395929,27256.72,2026-06-09T16:16:35,2,0
9f2db13b-e718-465a-a993-3cedb33d44b6,2e641f28-0b97-4aac-800f-c8fede52edd1,6152-1518-5448,3174-4361-1598,State Bank of India,SBIN0645865,Noida,Gautam Buddh Nagar,Uttar Pradesh,28.562118,77.415555,130867.37,2026-06-09T16:18:01,2,0
015aa866-4ab1-40d7-b102-f93a806cebef,2e641f28-0b97-4aac-800f-c8fede52edd1,7780-2422-9143,6114-4438-6257,Axis Bank,UTIB0390088,Pune,Pune,Maharashtra,18.523628,73.883979,19732.03,2026-06-09T16:18:43,2,0
44d50f8e-8f0c-4013-9ace-5ecfb962b1ac,2e641f28-0b97-4aac-800f-c8fede52edd1,4893-7088-8404,2927-5467-3446,Union Bank of India,UBIN0676051,Bengaluru,Bengaluru Urban,Karnataka,12.953448,77.558756,14781.57,2026-06-09T16:19:26,2,0
06a1e66b-6450-4348-80fe-938d35eb778f,2e641f28-0b97-4aac-800f-c8fede52edd1,4893-7088-8404,3580-5483-2875,YES Bank,YESB0701969,Pune,Pune,Maharashtra,18.494883,73.813824,32253.62,2026-06-09T16:20:41,2,0
83d66d7e-982f-4452-85a0-f8de22e27cfd,2e641f28-0b97-4aac-800f-c8fede52edd1,4893-7088-8404,1249-9422-2677,South Indian Bank,SIBL0666836,Bengaluru,Bengaluru Urban,Karnataka,12.965965,77.557607,32361.1,2026-06-09T16:21:50,2,0
f6dbc6ae-818c-42f9-be99-44a07307ef46,2e641f28-0b97-4aac-800f-c8fede52edd1,3580-5483-2875,1881-2410-7987,Canara Bank,CNRB0725078,Gurgaon,Gurugram,Haryana,28.475151,77.031779,29028.26,2026-06-09T16:24:20,3,1
c3258d2f-11c5-4cf8-b98f-cab3ec4c6c1d,2e641f28-0b97-4aac-800f-c8fede52edd1,9579-6084-6363,1881-2410-7987,Canara Bank,CNRB0833337,Gurgaon,Gurugram,Haryana,28.457333,77.020825,129636.79,2026-06-09T16:26:48,3,1
fff4f531-c68c-48a9-ba09-6497d4b32772,2e641f28-0b97-4aac-800f-c8fede52edd1,1249-9422-2677,1881-2410-7987,Canara Bank,CNRB0957150,Gurgaon,Gurugram,Haryana,28.447426,77.036936,29124.99,2026-06-09T16:28:30,3,1
c802b030-0aa2-4d3c-9152-d866ae355120,2e641f28-0b97-4aac-800f-c8fede52edd1,6114-4438-6257,1881-2410-7987,Canara Bank,CNRB0659399,Gurgaon,Gurugram,Haryana,28.442642,77.043511,17758.83,2026-06-09T16:31:13,3,1
21afe49b-e292-4a89-b222-565219f02295,fd05c6cf-e479-44c1-9f92-72bf5ad10abd,3159-2522-8672,8464-6085-8625,Axis Bank,UTIB0250703,Mumbai,Mumbai City,Maharashtra,19.11211,72.889394,213831.41,2026-06-26T02:41:14,1,0
b3c2fb85-abce-4752-bd36-7693b470ab22,fd05c6cf-e479-44c1-9f92-72bf5ad10abd,8464-6085-8625,7423-4004-6412,HDFC Bank,HDFC0218370,Chennai,Chennai,Tamil Nadu,13.067844,80.266824,190357.69,2026-06-26T02:41:45,2,0
295deb3a-73f4-43dd-8b9d-b4243229da56,fd05c6cf-e479-44c1-9f92-72bf5ad10abd,8464-6085-8625,6320-8426-8987,Punjab National Bank,PUNB0465549,Patna,Patna,Bihar,25.604544,85.100339,23473.72,2026-06-26T02:42:25,2,0
4fdabf31-d4d9-4f1a-8fbb-09be721c3e5e,fd05c6cf-e479-44c1-9f92-72bf5ad10abd,7423-4004-6412,2752-6339-2162,Punjab National Bank,PUNB0583367,Kolkata,Kolkata,West Bengal,22.562682,88.355244,190357.69,2026-06-26T02:46:47,3,0
dcbf59c0-2513-43b8-897e-dd513232b010,fd05c6cf-e479-44c1-9f92-72bf5ad10abd,2752-6339-2162,4992-9977-3605,Canara Bank,CNRB0457264,Noida,Gautam Buddh Nagar,Uttar Pradesh,28.506324,77.410406,190357.69,2026-06-26T02:49:50,4,1
5198b6e6-124a-467f-877a-5e85fecfda23,3efde4db-9660-4c9a-8917-0fe09a2ddfc6,8132-6606-9921,4869-3835-2276,Punjab National Bank,PUNB0172988,Hyderabad,Hyderabad,Telangana,17.394826,78.505251,246676.57,2026-07-21T13:17:00,1,0
d1da1ab1-31c5-4f7b-8996-c33715c2ebc3,3efde4db-9660-4c9a-8917-0fe09a2ddfc6,8132-6606-9921,8972-2873-8584,YES Bank,YESB0497316,Bhopal,Bhopal,Madhya Pradesh,23.242641,77.427099,52902.34,2026-07-21T13:17:48,1,0
45f00396-035a-463e-9bc8-6fc2d469ff17,3efde4db-9660-4c9a-8917-0fe09a2ddfc6,8132-6606-9921,6330-2599-8294,HDFC Bank,HDFC0956721,Mumbai,Mumbai City,Maharashtra,19.039892,72.885777,28232.81,2026-07-21T13:18:01,1,0
dfa3a59d-ebe0-4575-a451-6616f3165cd6,3efde4db-9660-4c9a-8917-0fe09a2ddfc6,4869-3835-2276,1003-3403-3444,IndusInd Bank,INDB0431976,Chandigarh,Chandigarh,Chandigarh,30.713274,76.808835,4967.49,2026-07-21T13:18:44,2,0
757defcc-e1ea-4afb-8daa-0c3f97abf1d0,3efde4db-9660-4c9a-8917-0fe09a2ddfc6,4869-3835-2276,8421-9704-5775,Punjab National Bank,PUNB0555844,Chandigarh,Chandigarh,Chandigarh,30.755079,76.820912,106650.45,2026-07-21T13:19:57,2,0
c431b610-1c0b-49fe-b9ea-d21cff0894f6,3efde4db-9660-4c9a-8917-0fe09a2ddfc6,4869-3835-2276,7389-8326-4205,UCO Bank,UCBA0741194,Delhi,Central Delhi,Delhi,28.662542,77.19942,135058.64,2026-07-21T13:20:32,2,0
244186ff-8479-46fb-8cd5-0ce8717ac5bd,3efde4db-9660-4c9a-8917-0fe09a2ddfc6,8972-2873-8584,5819-2022-7049,Union Bank of India,UBIN0100884,Delhi,Central Delhi,Delhi,28.634235,77.241075,52902.34,2026-07-21T13:21:59,2,0
7b3e7a57-14a6-4478-a8ae-ff92614a7be2,3efde4db-9660-4c9a-8917-0fe09a2ddfc6,6330-2599-8294,2797-5623-1510,Bank of Baroda,BARB0501384,Lucknow,Lucknow,Uttar Pradesh,26.837303,80.939719,643.08,2026-07-21T13:23:09,2,0
7338a03e-b3b9-409f-b53a-d5b4a5c17fb0,3efde4db-9660-4c9a-8917-0fe09a2ddfc6,6330-2599-8294,4854-8073-7459,IndusInd Bank,INDB0597938,Gurgaon,Gurugram,Haryana,28.423407,77.032142,27589.73,2026-07-21T13:23:52,2,0
2518a8c6-b82a-4bfa-b6d4-86f70f9de76b,3efde4db-9660-4c9a-8917-0fe09a2ddfc6,5819-2022-7049,3056-3200-1190,HDFC Bank,HDFC0250990,Jaipur,Jaipur,Rajasthan,26.921254,75.786768,47612.11,2026-07-21T13:24:54,3,1
c9ad3a81-3a39-4b74-9227-22c5447dcda3,3efde4db-9660-4c9a-8917-0fe09a2ddfc6,8421-9704-5775,3056-3200-1190,HDFC Bank,HDFC0242371,Jaipur,Jaipur,Rajasthan,26.895787,75.79299,95985.4,2026-07-21T13:26:49,3,1
eb63b31f-4d54-4c4f-aade-5b5e3bc5a58e,3efde4db-9660-4c9a-8917-0fe09a2ddfc6,7389-8326-4205,3056-3200-1190,HDFC Bank,HDFC0578180,Jaipur,Jaipur,Rajasthan,26.928143,75.795116,121552.78,2026-07-21T13:28:42,3,1
2f264bf3-cdfc-4cf4-acbb-eb87679a4e8b,3efde4db-9660-4c9a-8917-0fe09a2ddfc6,4854-8073-7459,3056-3200-1190,HDFC Bank,HDFC0546383,Jaipur,Jaipur,Rajasthan,26.91733,75.785476,24830.76,2026-07-21T13:31:41,3,1
9b107465-fffb-4f9b-b127-5f23884c2d9b,41dbe1d1-a5b2-4337-93c8-f76fd8970569,8373-7303-6821,4044-7959-1121,Kotak Mahindra Bank,KKBK0866418,Bhopal,Bhopal,Madhya Pradesh,23.233575,77.412773,245392.36,2026-06-19T19:41:45,1,0
f23af396-46c1-43b6-8998-ddc2b0938d88,41dbe1d1-a5b2-4337-93c8-f76fd8970569,4044-7959-1121,9948-7012-1548,UCO Bank,UCBA0824038,Chennai,Chennai,Tamil Nadu,13.040706,80.293719,48743.38,2026-06-19T19:42:22,2,0
8a36e85d-c20a-47f6-8a2f-d4eb65cdba96,41dbe1d1-a5b2-4337-93c8-f76fd8970569,4044-7959-1121,1620-8917-7038,Federal Bank,FDRL0916704,Patna,Patna,Bihar,25.572042,85.139295,196648.98,2026-06-19T19:43:25,2,0
956d14f2-3556-457b-9f9b-cd2d78e2cef1,41dbe1d1-a5b2-4337-93c8-f76fd8970569,9948-7012-1548,8740-2279-9834,UCO Bank,UCBA0742818,Pune,Pune,Maharashtra,18.475677,73.841055,48743.38,2026-06-19T19:47:49,3,1
29008de7-8e0c-4039-a064-116220bb70c3,eac3dee5-3fe9-4c0f-8e60-277311c887d6,8681-8438-9399,6431-7897-6782,IDBI Bank,IBKL0726667,Chandigarh,Chandigarh,Chandigarh,30.758243,76.802097,69122.55,2026-06-24T19:33:27,1,0
bc347d83-7f2e-46b2-ab37-21b7fd00d679,eac3dee5-3fe9-4c0f-8e60-277311c887d6,8681-8438-9399,5827-5738-3744,Punjab National Bank,PUNB0759868,Delhi,Central Delhi,Delhi,28.611216,77.175908,423605.33,2026-06-24T19:34:13,1,0
67b8b09c-cda3-4410-af42-e055a04848de,eac3dee5-3fe9-4c0f-8e60-277311c887d6,6431-7897-6782,5780-1447-5699,HDFC Bank,HDFC0630155,Gurgaon,Gurugram,Haryana,28.417186,77.054976,69122.55,2026-06-24T19:35:14,2,0
5a73ce0d-4714-44f5-aefa-de7f725d60a4,eac3dee5-3fe9-4c0f-8e60-277311c887d6,5827-5738-3744,3171-5603-5509,ICICI Bank,ICIC0720515,Chandigarh,Chandigarh,Chandigarh,30.757197,76.795316,63744.61,2026-06-24T19:36:22,2,0
9c375f34-107b-4129-8219-005c533224c5,eac3dee5-3fe9-4c0f-8e60-277311c887d6,5827-5738-3744,5209-1232-2827,YES Bank,YESB0373943,Gurgaon,Gurugram,Haryana,28.487753,77.00022,359860.72,2026-06-24T19:37:15,2,0
342e002a-213c-468a-ae65-4f84098dd38b,eac3dee5-3fe9-4c0f-8e60-277311c887d6,5209-1232-2827,2382-3376-3525,Federal Bank,FDRL0533007,Chennai,Chennai,Tamil Nadu,13.093515,80.260218,323874.65,2026-06-24T19:39:51,3,1
10ae72be-a37b-4842-8c3b-59165244235d,eac3dee5-3fe9-4c0f-8e60-277311c887d6,5780-1447-5699,2382-3376-3525,Federal Bank,FDRL0861265,Chennai,Chennai,Tamil Nadu,13.088203,80.259134,62210.3,2026-06-24T19:41:47,3,1
83dc0be6-aa2e-469c-96e8-adbe809941cc,eac3dee5-3fe9-4c0f-8e60-277311c887d6,3171-5603-5509,2382-3376-3525,Federal Bank,FDRL0982725,Chennai,Chennai,Tamil Nadu,13.076503,80.27639,57370.15,2026-06-24T19:44:20,3,1
cfcc1df0-6529-4c94-8738-4f8a9c550f44,f080688b-db20-4c6c-ac58-2dc654fd431a,1860-3745-8602,8802-5937-8803,IDBI Bank,IBKL0597643,Hyderabad,Hyderabad,Telangana,17.361263,78.489744,87085.86,2026-07-16T07:38:06,1,0
3f5a1fe1-9bdf-4d05-b231-00851f7f0a32,f080688b-db20-4c6c-ac58-2dc654fd431a,1860-3745-8602,9724-4828-7222,State Bank of India,SBIN0936039,Pune,Pune,Maharashtra,18.515282,73.874549,245540.44,2026-07-16T07:38:43,1,0
cf030bf3-3f17-4314-a9a1-76cb9a656db0,f080688b-db20-4c6c-ac58-2dc654fd431a,8802-5937-8803,1672-2595-9704,HDFC Bank,HDFC0786128,Pune,Pune,Maharashtra,18.528818,73.852811,2182.95,2026-07-16T07:40:04,2,0
9894e33b-5c6d-41cb-bef9-d74e96692c72,f080688b-db20-4c6c-ac58-2dc654fd431a,8802-5937-8803,6797-8074-5466,IDBI Bank,IBKL0869983,Mumbai,Mumbai City,Maharashtra,19.093189,72.90475,46872.44,2026-07-16T07:41:17,2,0
1a4e64bb-ee9b-40c4-bc04-20ae3344c150,f080688b-db20-4c6c-ac58-2dc654fd431a,8802-5937-8803,6488-5429-5375,Bank of Baroda,BARB0823809,Jaipur,Jaipur,Rajasthan,26.961721,75.768627,38030.47,2026-07-16T07:42:20,2,0
2c7ab511-f11c-4d49-aa45-819048002394,f080688b-db20-4c6c-ac58-2dc654fd431a,9724-4828-7222,1138-2113-1195,HDFC Bank,HDFC0208954,Kolkata,Kolkata,West Bengal,22.59115,88.349052,245540.44,2026-07-16T07:43:16,2,0
1904e234-ef7f-4288-8c3a-8dbeb472581f,f080688b-db20-4c6c-ac58-2dc654fd431a,6488-5429-5375,2506-1931-4552,UCO Bank,UCBA0842470,Jaipur,Jaipur,Rajasthan,26.930712,75.770755,34227.42,2026-07-16T07:44:31,3,1
74c1b323-4353-4ca7-af90-352d237bc835,f080688b-db20-4c6c-ac58-2dc654fd431a,1672-2595-9704,2506-1931-4552,UCO Bank,UCBA0236217,Jaipur,Jaipur,Rajasthan,26.907438,75.797854,1964.66,2026-07-16T07:46:48,3,1
49e117d3-6300-4644-abb9-64147811ea7b,f080688b-db20-4c6c-ac58-2dc654fd431a,1138-2113-1195,2506-1931-4552,UCO Bank,UCBA0693566,Jaipur,Jaipur,Rajasthan,26.924528,75.774691,220986.4,2026-07-16T07:49:10,3,1
4a222711-d3c1-4daf-8653-4067a1a7d377,f080688b-db20-4c6c-ac58-2dc654fd431a,6797-8074-5466,2506-1931-4552,UCO Bank,UCBA0829445,Jaipur,Jaipur,Rajasthan,26.899771,75.779083,42185.2,2026-07-16T07:50:24,3,1
0b1c8e7b-e428-4d57-a4d3-802038900841,77f439e6-1b94-4bfc-9da4-e575ae50db8d,8429-5528-7995,6298-5216-3653,Punjab National Bank,PUNB0377521,Bhopal,Bhopal,Madhya Pradesh,23.227693,77.36954,35799.38,2026-06-04T23:38:10,1,0
ff5b1c91-758e-4c9e-9f15-d85e4cae6c35,77f439e6-1b94-4bfc-9da4-e575ae50db8d,8429-5528-7995,2212-5543-2022,UCO Bank,UCBA0287110,Hyderabad,Hyderabad,Telangana,17.399548,78.447543,129451.88,2026-06-04T23:38:32,1,0
ab70b68b-0831-4fcc-9b76-c8e9c6e94123,77f439e6-1b94-4bfc-9da4-e575ae50db8d,8429-5528-7995,7271-7366-6450,YES Bank,YESB0328994,Hyderabad,Hyderabad,Telangana,17.396397,78.447325,203938.64,2026-06-04T23:39:16,1,0
9e8ca8d9-46c0-4082-ae2d-3e960e19c3d6,77f439e6-1b94-4bfc-9da4-e575ae50db8d,6298-5216-3653,5243-2692-1571,Kotak Mahindra Bank,KKBK0621877,Delhi,Central Delhi,Delhi,28.578785,77.223034,18538.75,2026-06-04T23:40:35,2,0
cf35af93-388f-46ca-abb7-21a46549d07e,77f439e6-1b94-4bfc-9da4-e575ae50db8d,6298-5216-3653,2194-2153-5105,State Bank of India,SBIN0509451,Jaipur,Jaipur,Rajasthan,26.889044,75.807306,17260.63,2026-06-04T23:42:04,2,0
5dd2a43c-1ae2-4cdc-a9a9-5f295c2d22eb,77f439e6-1b94-4bfc-9da4-e575ae50db8d,2212-5543-2022,1060-9444-9039,IDBI Bank,IBKL0951732,Patna,Patna,Bihar,25.622638,85.141613,95680.59,2026-06-04T23:43:28,2,0
c7c80ef2-94b2-4af2-8b9a-30cf5571ce5b,77f439e6-1b94-4bfc-9da4-e575ae50db8d,2212-5543-2022,8833-8144-7617,Canara Bank,CNRB0957710,Lucknow,Lucknow,Uttar Pradesh,26.874683,80.90832,33771.29,2026-06-04T23:43:58,2,0
6cf15b4a-8901-4fec-9279-7f6a8b011104,77f439e6-1b94-4bfc-9da4-e575ae50db8d,7271-7366-6450,6880-6463-5961,Federal Bank,FDRL0897392,Chennai,Chennai,Tamil Nadu,13.109351,80.285479,83083.52,2026-06-04T23:44:33,2,0
a25876a9-1c97-4a83-87b8-b4e4779fe8e8,77f439e6-1b94-4bfc-9da4-e575ae50db8d,7271-7366-6450,7563-1904-2485,Union Bank of India,UBIN0502824,Delhi,Central Delhi,Delhi,28.629973,77.188887,84239.37,2026-06-04T23:45:14,2,0
3fb4dbde-875c-46fa-ad0a-2607d119d24c,77f439e6-1b94-4bfc-9da4-e575ae50db8d,7271-7366-6450,6985-9759-6571,South Indian Bank,SIBL0761249,Noida,Gautam Buddh Nagar,Uttar Pradesh,28.554384,77.38965,36615.75,2026-06-04T23:46:08,2,0
88a63d27-4643-4424-954d-c0d8df5658e2,77f439e6-1b94-4bfc-9da4-e575ae50db8d,8833-8144-7617,4163-1415-4907,Kotak Mahindra Bank,KKBK0931247,Hyderabad,Hyderabad,Telangana,17.386622,78.479009,30394.16,2026-06-04T23:47:16,3,1
91d8abca-1982-4286-889e-8a93aad2b284,77f439e6-1b94-4bfc-9da4-e575ae50db8d,7563-1904-2485,4163-1415-4907,Kotak Mahindra Bank,KKBK0974774,Hyderabad,Hyderabad,Telangana,17.397471,78.505363,75815.43,2026-06-04T23:49:24,3,1
9ac51b4d-27d3-4714-9b6d-17f3bf28bd99,77f439e6-1b94-4bfc-9da4-e575ae50db8d,2194-2153-5105,4163-1415-4907,Kotak Mahindra Bank,KKBK0138842,Hyderabad,Hyderabad,Telangana,17.378571,78.480209,15534.57,2026-06-04T23:50:26,3,1
b32e7ae7-2413-41cb-a3b2-322e2d51daec,77f439e6-1b94-4bfc-9da4-e575ae50db8d,6880-6463-5961,4163-1415-4907,Kotak Mahindra Bank,KKBK0144894,Hyderabad,Hyderabad,Telangana,17.38122,78.475167,74775.17,2026-06-04T23:52:58,3,1
4bd3f4aa-d8a2-4680-9093-5737cffc9d22,77f439e6-1b94-4bfc-9da4-e575ae50db8d,5243-2692-1571,4163-1415-4907,Kotak Mahindra Bank,KKBK0799731,Hyderabad,Hyderabad,Telangana,17.385925,78.504304,16684.88,2026-06-04T23:55:21,3,1
dbdeb4c3-9369-4fb1-a46c-f37a4149b0c7,937ac607-42a3-491f-b780-7d1dafe5d98a,3440-4817-2180,3319-9010-1312,South Indian Bank,SIBL0748410,Chandigarh,Chandigarh,Chandigarh,30.68788,76.79953,460096.63,2026-07-20T15:14:54,1,0
d0a04f17-c607-4fd5-b775-e0d729b2017e,937ac607-42a3-491f-b780-7d1dafe5d98a,3319-9010-1312,1235-3822-1818,Punjab National Bank,PUNB0932251,Bhopal,Bhopal,Madhya Pradesh,23.219629,77.423723,460096.63,2026-07-20T15:16:21,2,0
a9e6b506-451c-44f3-b725-7ca0cfde893b,937ac607-42a3-491f-b780-7d1dafe5d98a,1235-3822-1818,2870-9145-4613,YES Bank,YESB0546915,Mumbai,Mumbai City,Maharashtra,19.059734,72.91129,460096.63,2026-07-20T15:17:37,3,1
65ccf8e1-b634-42ef-931c-1ef1b9936816,d5b96a62-592a-4eb7-8997-6ab8ff7736d3,6312-2979-9943,6268-4493-1746,ICICI Bank,ICIC0166292,Bengaluru,Bengaluru Urban,Karnataka,12.933675,77.558724,299542.38,2026-08-03T14:59:11,1,0
93d02855-bb24-4813-acde-10d68bfd25f0,d5b96a62-592a-4eb7-8997-6ab8ff7736d3,6268-4493-1746,3753-7060-3703,HDFC Bank,HDFC0988528,Patna,Patna,Bihar,25.607319,85.125213,147015.65,2026-08-03T14:59:49,2,0
b85672c4-6463-4a28-801b-28cec875bd4d,d5b96a62-592a-4eb7-8997-6ab8ff7736d3,6268-4493-1746,8187-4991-1666,State Bank of India,SBIN0610622,Chandigarh,Chandigarh,Chandigarh,30.691372,76.730122,152526.73,2026-08-03T15:00:29,2,0
1a9109bf-a132-411f-908b-c3ef7d1a66bc,d5b96a62-592a-4eb7-8997-6ab8ff7736d3,3753-7060-3703,7819-8798-3079,ICICI Bank,ICIC0384111,Jaipur,Jaipur,Rajasthan,26.914709,75.778503,147015.65,2026-08-03T15:02:21,3,0
df1f8c86-0d89-48fa-9da4-290fdf54c394,d5b96a62-592a-4eb7-8997-6ab8ff7736d3,7819-8798-3079,3859-1616-3949,Kotak Mahindra Bank,KKBK0192296,Ahmedabad,Ahmedabad,Gujarat,23.035219,72.599658,147015.65,2026-08-03T15:06:24,4,1
b4e463ef-733e-47b6-bee6-988beabe1cce,e1388a96-e808-4692-bd91-a69f5bdff57d,7861-1074-4860,2925-9686-2567,Bank of Baroda,BARB0898100,Bhopal,Bhopal,Madhya Pradesh,23.308578,77.413354,299286.98,2026-07-29T04:53:15,1,0
b86735fa-c606-42a6-b40e-000bcaa030d4,e1388a96-e808-4692-bd91-a69f5bdff57d,2925-9686-2567,4409-5528-1869,Federal Bank,FDRL0597457,Chandigarh,Chandigarh,Chandigarh,30.733051,76.745376,108563.78,2026-07-29T04:54:28,2,0
5b824d3b-623a-42cb-879a-1fffdd2e16d3,e1388a96-e808-4692-bd91-a69f5bdff57d,2925-9686-2567,4173-2846-3444,State Bank of India,SBIN0776185,Delhi,Central Delhi,Delhi,28.600319,77.179959,190723.2,2026-07-29T04:55:57,2,0
618abfe4-e531-4ac4-a700-db532dace01b,e1388a96-e808-4692-bd91-a69f5bdff57d,4173-2846-3444,8424-1709-2710,State Bank of India,SBIN0663463,Chandigarh,Chandigarh,Chandigarh,30.700889,76.807949,190723.2,2026-07-29T05:00:06,3,0
05d3247d-d235-4b53-85f7-73cd32461eb9,e1388a96-e808-4692-bd91-a69f5bdff57d,8424-1709-2710,8947-9436-2901,South Indian Bank,SIBL0856445,Mumbai,Mumbai City,Maharashtra,19.070482,72.885676,190723.2,2026-07-29T05:01:24,4,1
53002a1e-45b3-40c4-99a4-265627517cd7,768196b6-304f-45a9-8306-6916133b3a6b,4256-6336-4769,6343-4731-2606,IDBI Bank,IBKL0309668,Hyderabad,Hyderabad,Telangana,17.372553,78.458766,336514.36,2026-06-29T13:43:26,1,0
6a20a9ea-4c66-4c88-a6f2-c2828bb32082,768196b6-304f-45a9-8306-6916133b3a6b,6343-4731-2606,8936-1890-8141,Canara Bank,CNRB0243030,Bengaluru,Bengaluru Urban,Karnataka,12.967374,77.564015,198658.48,2026-06-29T13:44:07,2,0
f92f06fd-3b87-4748-b047-9561634e009a,768196b6-304f-45a9-8306-6916133b3a6b,6343-4731-2606,3374-4541-8454,Punjab National Bank,PUNB0452207,Mumbai,Mumbai City,Maharashtra,19.038721,72.896921,137855.88,2026-06-29T13:44:59,2,0
69d7dd37-8f63-4df0-a3c9-84fa781f08d1,768196b6-304f-45a9-8306-6916133b3a6b,8936-1890-8141,3236-2820-8627,Canara Bank,CNRB0897273,Gurgaon,Gurugram,Haryana,28.443858,77.065241,198658.48,2026-06-29T13:47:56,3,0
93de100f-ddd7-4e49-930e-9076ceef2142,768196b6-304f-45a9-8306-6916133b3a6b,3236-2820-8627,3568-3784-4763,Canara Bank,CNRB0647114,Bhopal,Bhopal,Madhya Pradesh,23.258821,77.462166,198658.48,2026-06-29T13:49:18,4,1
85274f7e-f74a-4054-9cd7-d0875cebb876,991a43c8-0c61-4dd3-8d57-ebcc3d5d0a2c,8581-5573-1237,8014-5041-5060,State Bank of India,SBIN0869105,Chennai,Chennai,Tamil Nadu,13.109561,80.224062,128470.02,2026-08-11T01:35:38,1,0
a21e9be3-09a5-417f-ab01-925eaca58681,991a43c8-0c61-4dd3-8d57-ebcc3d5d0a2c,8581-5573-1237,6362-8114-4643,Canara Bank,CNRB0949049,Chennai,Chennai,Tamil Nadu,13.112502,80.302829,10991.27,2026-08-11T01:36:21,1,0
b226e42a-c0cc-4e29-bc57-ff76ad0ff173,991a43c8-0c61-4dd3-8d57-ebcc3d5d0a2c,8581-5573-1237,3440-1083-7844,Kotak Mahindra Bank,KKBK0187127,Mumbai,Mumbai City,Maharashtra,19.081849,72.828942,22046.42,2026-08-11T01:36:59,1,0
656514d5-059e-40d6-a34f-da1c1ed5dfcb,991a43c8-0c61-4dd3-8d57-ebcc3d5d0a2c,8014-5041-5060,7662-4571-3174,Punjab National Bank,PUNB0837468,Gurgaon,Gurugram,Haryana,28.455428,77.033638,91013.09,2026-08-11T01:38:11,2,0
274e5613-3150-45f7-9f88-ee4b7bc9d5d6,991a43c8-0c61-4dd3-8d57-ebcc3d5d0a2c,8014-5041-5060,6872-5846-4916,State Bank of India,SBIN0586288,Chennai,Chennai,Tamil Nadu,13.109884,80.30812,37089.43,2026-08-11T01:39:18,2,0
4ed9459d-022f-495f-bb42-05b4418e5ec2,991a43c8-0c61-4dd3-8d57-ebcc3d5d0a2c,8014-5041-5060,2486-1260-8860,ICICI Bank,ICIC0488414,Patna,Patna,Bihar,25.606781,85.15799,367.5,2026-08-11T01:40:13,2,0
b2b375e3-2d58-46b9-b5b9-c21cae72afdf,991a43c8-0c61-4dd3-8d57-ebcc3d5d0a2c,6362-8114-4643,2158-7305-6454,State Bank of India,SBIN0546590,Pune,Pune,Maharashtra,18.545689,73.876505,10991.27,2026-08-11T01:41:16,2,0
36686c09-3300-491d-befb-6bf783ba4c10,991a43c8-0c61-4dd3-8d57-ebcc3d5d0a2c,3440-1083-7844,9887-4393-2326,Bank of Baroda,BARB0749208,Chennai,Chennai,Tamil Nadu,13.036787,80.257343,1963.73,2026-08-11T01:42:10,2,0
4bca3b00-fe08-44e1-b299-6c399a140cd2,991a43c8-0c61-4dd3-8d57-ebcc3d5d0a2c,3440-1083-7844,6500-1898-9433,Union Bank of India,UBIN0170260,Lucknow,Lucknow,Uttar Pradesh,26.852776,80.973558,19989.56,2026-08-11T01:43:21,2,0
7533383a-c842-4fdc-951e-f8f82a635cee,991a43c8-0c61-4dd3-8d57-ebcc3d5d0a2c,3440-1083-7844,6963-1844-2818,Bank of Baroda,BARB0665847,Mumbai,Mumbai City,Maharashtra,19.037356,72.875549,100.0,2026-08-11T01:43:59,2,0
8c3bdea5-76e6-4fd0-a536-28c880c5e8ca,991a43c8-0c61-4dd3-8d57-ebcc3d5d0a2c,6963-1844-2818,6778-5380-9250,IndusInd Bank,INDB0157105,Hyderabad,Hyderabad,Telangana,17.367535,78.480509,90.0,2026-08-11T01:45:34,3,1
6b7f21cd-1b62-40da-874d-5188c5a927b8,991a43c8-0c61-4dd3-8d57-ebcc3d5d0a2c,6500-1898-9433,6778-5380-9250,IndusInd Bank,INDB0625808,Hyderabad,Hyderabad,Telangana,17.386067,78.471608,17990.6,2026-08-11T01:47:36,3,1
aea72bf4-1201-4602-8c6e-7004ff937a59,991a43c8-0c61-4dd3-8d57-ebcc3d5d0a2c,6872-5846-4916,6778-5380-9250,IndusInd Bank,INDB0657742,Hyderabad,Hyderabad,Telangana,17.392132,78.488014,33380.49,2026-08-11T01:50:06,3,1
73d9eee1-c585-47c3-9b9e-4154f0792e71,991a43c8-0c61-4dd3-8d57-ebcc3d5d0a2c,9887-4393-2326,6778-5380-9250,IndusInd Bank,INDB0573933,Hyderabad,Hyderabad,Telangana,17.389838,78.498696,1767.36,2026-08-11T01:51:43,3,1
d2096150-24c3-4a1f-8289-58358d72a196,991a43c8-0c61-4dd3-8d57-ebcc3d5d0a2c,2158-7305-6454,6778-5380-9250,IndusInd Bank,INDB0948083,Hyderabad,Hyderabad,Telangana,17.404123,78.502025,9892.14,2026-08-11T01:54:11,3,1
faaabdce-b169-4a2d-bfac-d742618d2080,89c205fa-3e32-4330-aa76-d9cf358f017e,8501-2430-2313,3929-5724-2260,IDBI Bank,IBKL0620438,Gurgaon,Gurugram,Haryana,28.42455,76.997026,48952.15,2026-07-18T04:24:02,1,0
c982cbe4-b54e-422c-9820-2deb9160e8b4,89c205fa-3e32-4330-aa76-d9cf358f017e,8501-2430-2313,2791-3699-5521,State Bank of India,SBIN0536770,Pune,Pune,Maharashtra,18.567357,73.860843,222176.88,2026-07-18T04:24:52,1,0
f78e8207-78d1-4603-83a4-0a1472de88bb,89c205fa-3e32-4330-aa76-d9cf358f017e,3929-5724-2260,8764-6680-7883,IDBI Bank,IBKL0122525,Jaipur,Jaipur,Rajasthan,26.891552,75.743595,48952.15,2026-07-18T04:25:50,2,0
096757a0-6a5b-4a42-8985-4a07e177f251,89c205fa-3e32-4330-aa76-d9cf358f017e,2791-3699-5521,9513-6503-7745,Bank of Baroda,BARB0777433,Jaipur,Jaipur,Rajasthan,26.941082,75.785915,222176.88,2026-07-18T04:26:57,2,0
2e2507ca-43b4-469f-87fb-61f3ebce5a3b,89c205fa-3e32-4330-aa76-d9cf358f017e,8764-6680-7883,5982-3161-6021,YES Bank,YESB0337798,Pune,Pune,Maharashtra,18.518824,73.903772,48952.15,2026-07-18T04:28:40,3,0
ea3b1407-fa41-4b6a-af7f-49875bca89c3,89c205fa-3e32-4330-aa76-d9cf358f017e,5982-3161-6021,1775-3430-6785,Kotak Mahindra Bank,KKBK0748680,Gurgaon,Gurugram,Haryana,28.501913,77.047781,48952.15,2026-07-18T04:30:52,4,1
cf18b76d-ff82-4987-adb7-0a96cab519dd,89c205fa-3e32-4330-aa76-d9cf358f017e,9513-6503-7745,3873-3514-3641,HDFC Bank,HDFC0432006,Delhi,Central Delhi,Delhi,28.621353,77.203089,222176.88,2026-07-18T04:32:52,3,1
c571e7ac-f39b-4fcb-8bd4-e623e6387be8,26019e25-2e85-4517-9eb3-d90c2faadbd6,4022-4361-1568,6192-6633-3423,South Indian Bank,SIBL0524214,Delhi,Central Delhi,Delhi,28.657007,77.235852,69155.32,2026-07-11T14:39:38,1,0
836fc99d-79c3-4bc6-a6b8-2d6994e78c7a,26019e25-2e85-4517-9eb3-d90c2faadbd6,4022-4361-1568,7109-8347-9845,South Indian Bank,SIBL0263633,Bengaluru,Bengaluru Urban,Karnataka,12.922029,77.618449,61996.47,2026-07-11T14:40:17,1,0
c582caf7-1699-49d3-9e3c-351d9e7bd6c1,26019e25-2e85-4517-9eb3-d90c2faadbd6,4022-4361-1568,3663-9743-5940,Bank of Baroda,BARB0839719,Jaipur,Jaipur,Rajasthan,26.891956,75.826898,14916.98,2026-07-11T14:40:59,1,0
bb0fd6fd-71b6-4070-b9db-73039c22fc6f,26019e25-2e85-4517-9eb3-d90c2faadbd6,6192-6633-3423,3409-8243-6549,Canara Bank,CNRB0981723,Ahmedabad,Ahmedabad,Gujarat,22.994536,72.557139,45095.72,2026-07-11T14:41:30,2,0
7aeda5d0-95ba-4771-9fdc-ebe4b26f6a93,26019e25-2e85-4517-9eb3-d90c2faadbd6,6192-6633-3423,2840-8847-1656,State Bank of India,SBIN0772465,Ahmedabad,Ahmedabad,Gujarat,22.992015,72.574043,9806.35,2026-07-11T14:42:20,2,0
ba3eea17-eee0-45d4-9fbf-269d8df5c3ca,26019e25-2e85-4517-9eb3-d90c2faadbd6,6192-6633-3423,3284-2914-6047,South Indian Bank,SIBL0391427,Patna,Patna,Bihar,25.563672,85.095959,14253.25,2026-07-11T14:43:40,2,0
bd14b258-c86b-42fe-bb29-8e578f66c003,26019e25-2e85-4517-9eb3-d90c2faadbd6,7109-8347-9845,2431-9385-7462,UCO Bank,UCBA0158770,Kolkata,Kolkata,West Bengal,22.613445,88.350006,35141.14,2026-07-11T14:44:48,2,0
d086db53-208b-4030-b449-2975b545d2dd,26019e25-2e85-4517-9eb3-d90c2faadbd6,7109-8347-9845,4185-9035-6206,IDBI Bank,IBKL0548413,Bhopal,Bhopal,Madhya Pradesh,23.246863,77.399883,26855.33,2026-07-11T14:45:27,2,0
d88f6309-733b-40f8-80aa-031b03e5ba08,26019e25-2e85-4517-9eb3-d90c2faadbd6,3663-9743-5940,6651-6756-6047,South Indian Bank,SIBL0877548,Chennai,Chennai,Tamil Nadu,13.13196,80.301069,9522.42,2026-07-11T14:46:43,2,0
2265cea6-68c3-419b-bc8e-d5b63e1efd0b,26019e25-2e85-4517-9eb3-d90c2faadbd6,3663-9743-5940,8300-2435-4533,ICICI Bank,ICIC0863364,Patna,Patna,Bihar,25.641136,85.129983,5394.56,2026-07-11T14:47:31,2,0
3529c0dc-76f0-4a39-a277-439040ca485b,26019e25-2e85-4517-9eb3-d90c2faadbd6,2840-8847-1656,3353-4404-5968,Kotak Mahindra Bank,KKBK0451709,Bhopal,Bhopal,Madhya Pradesh,23.242545,77.431004,8825.72,2026-07-11T14:49:38,3,1
c99cf148-6bbb-4948-922b-7dc36a7cbd04,26019e25-2e85-4517-9eb3-d90c2faadbd6,4185-9035-6206,3353-4404-5968,Kotak Mahindra Bank,KKBK0494025,Bhopal,Bhopal,Madhya Pradesh,23.243438,77.408978,24169.8,2026-07-11T14:52:14,3,1
d7643e68-7231-4aba-96fd-73322383693f,26019e25-2e85-4517-9eb3-d90c2faadbd6,6651-6756-6047,3353-4404-5968,Kotak Mahindra Bank,KKBK0386606,Bhopal,Bhopal,Madhya Pradesh,23.256481,77.414833,8570.18,2026-07-11T14:55:11,3,1
acfbbe3f-4e81-419d-8800-3fd97b771902,26019e25-2e85-4517-9eb3-d90c2faadbd6,3409-8243-6549,3353-4404-5968,Kotak Mahindra Bank,KKBK0695503,Bhopal,Bhopal,Madhya Pradesh,23.27011,77.398077,40586.15,2026-07-11T14:57:41,3,1
2b737cee-93e9-4497-acc5-c96c2f20503e,1c5170cd-fa3f-4b76-b9c8-402917ddde13,7254-5742-9037,5947-5979-9095,IDBI Bank,IBKL0335426,Chennai,Chennai,Tamil Nadu,13.035384,80.220945,153192.48,2026-08-02T11:25:08,1,0
a2a8417d-4b9a-48f1-90df-6eaf5a71b84a,1c5170cd-fa3f-4b76-b9c8-402917ddde13,5947-5979-9095,5917-8742-3034,South Indian Bank,SIBL0776106,Lucknow,Lucknow,Uttar Pradesh,26.821175,80.908135,137135.85,2026-08-02T11:26:09,2,0
7cc1f532-759d-4726-8805-915a306fd1b2,1c5170cd-fa3f-4b76-b9c8-402917ddde13,5947-5979-9095,5713-7834-3938,Kotak Mahindra Bank,KKBK0727983,Noida,Gautam Buddh Nagar,Uttar Pradesh,28.560057,77.399107,16056.63,2026-08-02T11:26:56,2,0
3a3b73c6-fb39-42fc-b6b1-bea53796cb81,1c5170cd-fa3f-4b76-b9c8-402917ddde13,5713-7834-3938,8799-2959-7114,IDBI Bank,IBKL0118397,Ahmedabad,Ahmedabad,Gujarat,23.057028,72.537685,16056.63,2026-08-02T11:30:07,3,0
ceba8224-a14a-4885-98b9-528cc002212f,1c5170cd-fa3f-4b76-b9c8-402917ddde13,8799-2959-7114,1958-3394-6237,South Indian Bank,SIBL0242079,Lucknow,Lucknow,Uttar Pradesh,26.832439,80.901489,16056.63,2026-08-02T11:33:05,4,1
0bd6bf05-6581-434e-be88-6e35f5d92a7f,a714dce4-1dc9-429d-8958-c9c1c032ab30,7873-6832-1798,5778-9677-2258,HDFC Bank,HDFC0889188,Ahmedabad,Ahmedabad,Gujarat,22.989214,72.553661,222754.51,2026-06-14T03:50:50,1,0
65c36205-0b61-48a7-9985-009ea44a8f57,a714dce4-1dc9-429d-8958-c9c1c032ab30,7873-6832-1798,9419-4175-4002,Federal Bank,FDRL0818240,Bhopal,Bhopal,Madhya Pradesh,23.289888,77.389746,149741.75,2026-06-14T03:51:20,1,0
f4d1a780-9122-4b5b-90ba-f616f5b84c8e,a714dce4-1dc9-429d-8958-c9c1c032ab30,5778-9677-2258,6939-2570-9755,YES Bank,YESB0532007,Chennai,Chennai,Tamil Nadu,13.066731,80.311779,14187.85,2026-06-14T03:52:13,2,0
dc6ef704-3f2c-44c1-8e83-4748a04a549e,a714dce4-1dc9-429d-8958-c9c1c032ab30,5778-9677-2258,6761-3354-1211,Axis Bank,UTIB0627835,Gurgaon,Gurugram,Haryana,28.431611,76.995442,183235.13,2026-06-14T03:52:49,2,0
4c6fe99d-2316-44e8-869b-e9923efe6cc2,a714dce4-1dc9-429d-8958-c9c1c032ab30,5778-9677-2258,3243-9489-5610,Union Bank of India,UBIN0823153,Ahmedabad,Ahmedabad,Gujarat,23.055642,72.573965,25331.53,2026-06-14T03:54:16,2,0
ff6978cc-162d-44de-8b7d-a8f11b988ce0,a714dce4-1dc9-429d-8958-c9c1c032ab30,9419-4175-4002,2867-7837-8544,IDBI Bank,IBKL0245766,Bengaluru,Bengaluru Urban,Karnataka,13.003304,77.633573,69340.23,2026-06-14T03:55:05,2,0
e1c8c26d-b1cc-401e-9811-9c0b42a0d962,a714dce4-1dc9-429d-8958-c9c1c032ab30,9419-4175-4002,2251-2909-3150,Union Bank of India,UBIN0458660,Patna,Patna,Bihar,25.561321,85.118068,31066.35,2026-06-14T03:56:13,2,0
f62f57a0-f500-417f-8480-94032c4a0c95,a714dce4-1dc9-429d-8958-c9c1c032ab30,9419-4175-4002,1284-8856-6705,Federal Bank,FDRL0333159,Noida,Gautam Buddh Nagar,Uttar Pradesh,28.498371,77.410424,49335.17,2026-06-14T03:57:30,2,0
be243c7d-00af-46e7-b0bb-0f48775ba81c,a714dce4-1dc9-429d-8958-c9c1c032ab30,6761-3354-1211,2287-7960-2830,HDFC Bank,HDFC0607778,Delhi,Central Delhi,Delhi,28.624193,77.190701,164911.62,2026-06-14T04:00:09,3,1
c61470e5-5986-474a-a3e8-fb51dd0e3717,a714dce4-1dc9-429d-8958-c9c1c032ab30,3243-9489-5610,2287-7960-2830,HDFC Bank,HDFC0134385,Delhi,Central Delhi,Delhi,28.625622,77.209539,22798.38,2026-06-14T04:01:22,3,1
dffc21e1-e79b-408f-a7e8-d6090200d63d,a714dce4-1dc9-429d-8958-c9c1c032ab30,1284-8856-6705,2287-7960-2830,HDFC Bank,HDFC0591868,Delhi,Central Delhi,Delhi,28.598657,77.19912,44401.65,2026-06-14T04:02:29,3,1
bf1beb0b-0cd5-43e7-82a2-eb7786e3b1ea,a714dce4-1dc9-429d-8958-c9c1c032ab30,6939-2570-9755,2287-7960-2830,HDFC Bank,HDFC0416298,Delhi,Central Delhi,Delhi,28.620603,77.219182,12769.06,2026-06-14T04:03:37,3,1
1bb686fc-d3c1-4834-b0e6-33479032bce2,a714dce4-1dc9-429d-8958-c9c1c032ab30,2251-2909-3150,2287-7960-2830,HDFC Bank,HDFC0229806,Delhi,Central Delhi,Delhi,28.630704,77.197216,27959.72,2026-06-14T04:06:17,3,1
8e68ba09-d430-4545-a817-d91073c45707,526024a1-3a6b-4484-bed8-3fd06fc601ee,4027-6759-1479,3384-5544-6698,ICICI Bank,ICIC0624953,Bhopal,Bhopal,Madhya Pradesh,23.28798,77.423896,255177.48,2026-06-23T10:45:49,1,0
1764ecc9-4a96-49a4-900b-15197cad8d2e,526024a1-3a6b-4484-bed8-3fd06fc601ee,3384-5544-6698,2119-2623-1229,IDBI Bank,IBKL0324411,Noida,Gautam Buddh Nagar,Uttar Pradesh,28.577548,77.42613,79675.53,2026-06-23T10:46:19,2,0
829df7b1-0e0b-4e44-9b17-f3a9864259a4,526024a1-3a6b-4484-bed8-3fd06fc601ee,3384-5544-6698,9664-4555-4138,Bank of Baroda,BARB0718010,Lucknow,Lucknow,Uttar Pradesh,26.815213,80.963553,98124.15,2026-06-23T10:47:19,2,0
8592b10b-2d5a-4a52-a84a-75ebb3d91fd7,526024a1-3a6b-4484-bed8-3fd06fc601ee,3384-5544-6698,5617-3814-9800,ICICI Bank,ICIC0472058,Bhopal,Bhopal,Madhya Pradesh,23.30803,77.405009,77377.8,2026-06-23T10:47:55,2,0
e0c0a9df-5a9e-4b2d-a7da-6fc73f9eae53,526024a1-3a6b-4484-bed8-3fd06fc601ee,9664-4555-4138,3025-8633-2807,Union Bank of India,UBIN0899301,Gurgaon,Gurugram,Haryana,28.45395,77.018131,88311.74,2026-06-23T10:49:58,3,1
941b2b12-cce9-40d8-9811-352f68fbe56b,526024a1-3a6b-4484-bed8-3fd06fc601ee,2119-2623-1229,3025-8633-2807,Union Bank of India,UBIN0142581,Gurgaon,Gurugram,Haryana,28.44279,77.026349,71707.98,2026-06-23T10:52:30,3,1
30fcc4a9-d936-4303-8e8f-cd9047f8ebc0,526024a1-3a6b-4484-bed8-3fd06fc601ee,5617-3814-9800,3025-8633-2807,Union Bank of India,UBIN0397388,Gurgaon,Gurugram,Haryana,28.457778,77.036047,69640.02,2026-06-23T10:54:19,3,1
dd66a004-7eed-45e3-bb9d-8c0755e4ae77,e10ef17d-9868-400a-a3b7-2b580764ab11,4700-7672-5761,4093-2140-8793,Kotak Mahindra Bank,KKBK0210280,Jaipur,Jaipur,Rajasthan,26.902037,75.789566,3886.88,2026-07-01T10:52:30,1,0
7a2fa742-a390-4757-8bbd-f4dd6eba5d72,e10ef17d-9868-400a-a3b7-2b580764ab11,4700-7672-5761,7020-3937-1209,HDFC Bank,HDFC0250331,Noida,Gautam Buddh Nagar,Uttar Pradesh,28.524981,77.410504,22936.07,2026-07-01T10:53:23,1,0
1d0d069b-b1b6-4832-b7f4-de21aa31e957,e10ef17d-9868-400a-a3b7-2b580764ab11,4093-2140-8793,3764-2060-6959,Bank of Baroda,BARB0723861,Mumbai,Mumbai City,Maharashtra,19.110403,72.868129,3886.88,2026-07-01T10:54:05,2,0
40b9c4a3-aca7-41ad-9f19-ab8ddf279f0c,e10ef17d-9868-400a-a3b7-2b580764ab11,7020-3937-1209,7958-9177-5563,IDBI Bank,IBKL0710185,Patna,Patna,Bihar,25.603465,85.16323,22936.07,2026-07-01T10:55:23,2,0
53f3d3b8-cdd9-46e1-96c9-aaccfd21922f,e10ef17d-9868-400a-a3b7-2b580764ab11,3764-2060-6959,8795-7626-8938,Punjab National Bank,PUNB0905305,Gurgaon,Gurugram,Haryana,28.454963,76.988819,3886.88,2026-07-01T10:58:33,3,0
c4558736-d3f6-49db-8986-8f55cf97022e,e10ef17d-9868-400a-a3b7-2b580764ab11,8795-7626-8938,9017-9147-4781,ICICI Bank,ICIC0204441,Delhi,Central Delhi,Delhi,28.63768,77.242031,3886.88,2026-07-01T11:02:13,4,1
c575dad0-66e0-4db2-97f0-e6b4768ae009,e10ef17d-9868-400a-a3b7-2b580764ab11,7958-9177-5563,3934-7269-6356,Punjab National Bank,PUNB0753506,Ahmedabad,Ahmedabad,Gujarat,22.982133,72.529052,22936.07,2026-07-01T11:03:52,3,1
5684440e-e923-465d-8160-cb2544c44a93,e7966b38-f9b8-431e-8a04-49ef9563400a,9064-8635-4308,9157-9032-9270,Union Bank of India,UBIN0901075,Delhi,Central Delhi,Delhi,28.56706,77.202041,329681.16,2026-07-23T12:38:33,1,0
e99d574d-c320-4aa2-bf21-af5e60e51b88,e7966b38-f9b8-431e-8a04-49ef9563400a,9064-8635-4308,5287-9887-6629,Canara Bank,CNRB0429839,Chennai,Chennai,Tamil Nadu,13.117987,80.264956,24624.23,2026-07-23T12:38:50,1,0
f64fab28-b9e4-4765-abb5-e5fcdba52248,e7966b38-f9b8-431e-8a04-49ef9563400a,9157-9032-9270,1538-3897-5965,IDBI Bank,IBKL0615353,Gurgaon,Gurugram,Haryana,28.452568,77.007846,329681.16,2026-07-23T12:40:16,2,0
517df536-532a-4df0-a9a2-4368c0a5ee23,e7966b38-f9b8-431e-8a04-49ef9563400a,5287-9887-6629,8986-2792-9037,Federal Bank,FDRL0631297,Gurgaon,Gurugram,Haryana,28.415074,77.002939,20727.74,2026-07-23T12:41:21,2,0
4cd5aa91-afb3-4a12-9987-acc55ad62c0b,e7966b38-f9b8-431e-8a04-49ef9563400a,5287-9887-6629,9837-8697-8797,Canara Bank,CNRB0809348,Ahmedabad,Ahmedabad,Gujarat,23.007776,72.619178,3896.49,2026-07-23T12:42:28,2,0
265b6277-4313-43c9-ba87-0da7917e6420,e7966b38-f9b8-431e-8a04-49ef9563400a,1538-3897-5965,3100-7003-6715,YES Bank,YESB0128206,Lucknow,Lucknow,Uttar Pradesh,26.857308,80.951206,296713.04,2026-07-23T12:44:42,3,1
148a28b3-6128-4387-b236-58bf855913fe,e7966b38-f9b8-431e-8a04-49ef9563400a,9837-8697-8797,3100-7003-6715,YES Bank,YESB0202078,Lucknow,Lucknow,Uttar Pradesh,26.843826,80.965878,3506.84,2026-07-23T12:46:30,3,1
8f6e6267-42a4-408c-a362-cae21d2f8de4,e7966b38-f9b8-431e-8a04-49ef9563400a,8986-2792-9037,3100-7003-6715,YES Bank,YESB0468332,Lucknow,Lucknow,Uttar Pradesh,26.828958,80.935969,18654.97,2026-07-23T12:48:22,3,1
64d2460f-b728-4f3f-a699-a38b2b93313d,d9edfa23-3268-4685-9584-abea64fca862,6113-2391-2073,2875-6531-3781,Kotak Mahindra Bank,KKBK0542995,Jaipur,Jaipur,Rajasthan,26.919205,75.827441,199972.02,2026-07-25T14:57:05,1,0
92ddd4e6-42b6-419c-a986-02a9eb869e5d,d9edfa23-3268-4685-9584-abea64fca862,6113-2391-2073,1322-9821-6343,State Bank of India,SBIN0592516,Lucknow,Lucknow,Uttar Pradesh,26.855499,80.994776,218152.51,2026-07-25T14:57:32,1,0
47abc5bb-c733-494c-b6c5-1a2bf7da0c57,d9edfa23-3268-4685-9584-abea64fca862,2875-6531-3781,7394-6282-2601,Kotak Mahindra Bank,KKBK0950874,Kolkata,Kolkata,West Bengal,22.59909,88.347854,168375.66,2026-07-25T14:58:23,2,0
fd92480f-e877-4db6-9c3a-09284ac0f215,d9edfa23-3268-4685-9584-abea64fca862,2875-6531-3781,9001-2639-4373,Punjab National Bank,PUNB0557169,Bengaluru,Bengaluru Urban,Karnataka,12.941776,77.608144,31596.36,2026-07-25T14:59:32,2,0
021f8349-a84a-4ee6-870f-4eee17072e4b,d9edfa23-3268-4685-9584-abea64fca862,1322-9821-6343,9779-4507-5708,State Bank of India,SBIN0701380,Pune,Pune,Maharashtra,18.510603,73.829289,218152.51,2026-07-25T15:00:18,2,0
91ae312d-f3a0-4724-ac35-36e8640c0237,d9edfa23-3268-4685-9584-abea64fca862,9779-4507-5708,5478-2102-9700,Kotak Mahindra Bank,KKBK0464187,Hyderabad,Hyderabad,Telangana,17.396826,78.492761,196337.26,2026-07-25T15:01:44,3,1
3c1f3222-cf31-40bc-a484-9af3bfb8968d,d9edfa23-3268-4685-9584-abea64fca862,7394-6282-2601,5478-2102-9700,Kotak Mahindra Bank,KKBK0629152,Hyderabad,Hyderabad,Telangana,17.397165,78.484016,151538.09,2026-07-25T15:03:22,3,1
b009d0dc-52f9-4f2f-862f-02a6db3cae10,d9edfa23-3268-4685-9584-abea64fca862,9001-2639-4373,5478-2102-9700,Kotak Mahindra Bank,KKBK0428574,Hyderabad,Hyderabad,Telangana,17.373003,78.482792,28436.72,2026-07-25T15:05:31,3,1
72637613-ac0f-460b-b3b2-fca98cb2ecc2,b4d568ae-2318-4276-8be7-a1dbaf6a6a10,8425-9971-3958,9457-4056-9178,IndusInd Bank,INDB0878261,Bhopal,Bhopal,Madhya Pradesh,23.30371,77.389394,185502.5,2026-08-15T08:43:40,1,0
6525c8f5-1b2a-4ee0-bcb2-497334efd308,b4d568ae-2318-4276-8be7-a1dbaf6a6a10,9457-4056-9178,9728-8106-1981,IDBI Bank,IBKL0902716,Jaipur,Jaipur,Rajasthan,26.892428,75.780839,900.19,2026-08-15T08:44:19,2,0
c049bed2-6c99-4e34-8a23-6ec97ee91edb,b4d568ae-2318-4276-8be7-a1dbaf6a6a10,9457-4056-9178,9556-4287-6968,Federal Bank,FDRL0167557,Bhopal,Bhopal,Madhya Pradesh,23.273293,77.447197,152302.26,2026-08-15T08:45:09,2,0
c95e9571-c550-4436-a32d-973cf3c61393,b4d568ae-2318-4276-8be7-a1dbaf6a6a10,9457-4056-9178,8577-3420-4938,Federal Bank,FDRL0777424,Pune,Pune,Maharashtra,18.486458,73.875385,32300.06,2026-08-15T08:45:56,2,0
a8a55358-081a-40fb-bd01-b638eb3d6e7c,b4d568ae-2318-4276-8be7-a1dbaf6a6a10,9556-4287-6968,3456-4144-1453,Axis Bank,UTIB0425625,Patna,Patna,Bihar,25.592666,85.139993,137072.03,2026-08-15T08:48:41,3,1
f56c0894-caf2-40da-8bb7-147577e309b0,b4d568ae-2318-4276-8be7-a1dbaf6a6a10,9728-8106-1981,3456-4144-1453,Axis Bank,UTIB0542519,Patna,Patna,Bihar,25.599977,85.11908,810.17,2026-08-15T08:50:36,3,1
f0cc854c-374a-4277-a09c-23bf4fc36726,b4d568ae-2318-4276-8be7-a1dbaf6a6a10,8577-3420-4938,3456-4144-1453,Axis Bank,UTIB0385959,Patna,Patna,Bihar,25.579557,85.127936,29070.05,2026-08-15T08:51:56,3,1
767be299-e48f-4afe-bcb5-418851a19f09,639158bb-5f90-4dc0-b3ef-76d222a69e43,3883-1691-8960,1906-2375-6143,Punjab National Bank,PUNB0166670,Bhopal,Bhopal,Madhya Pradesh,23.299957,77.403301,180070.92,2026-07-23T10:14:31,1,0
46957e4e-cb23-45a9-b8e2-279de538545d,639158bb-5f90-4dc0-b3ef-76d222a69e43,1906-2375-6143,2479-7502-3302,HDFC Bank,HDFC0796482,Kolkata,Kolkata,West Bengal,22.605498,88.408867,91203.47,2026-07-23T10:16:00,2,0
cf6c5abd-3fdf-41fe-87d5-c0f3234e1644,639158bb-5f90-4dc0-b3ef-76d222a69e43,1906-2375-6143,4867-2833-9196,Union Bank of India,UBIN0620566,Pune,Pune,Maharashtra,18.558856,73.830508,88867.45,2026-07-23T10:17:29,2,0
d554b256-a186-4f6a-8b12-fa6f2cb791e0,639158bb-5f90-4dc0-b3ef-76d222a69e43,2479-7502-3302,6395-7388-4865,Canara Bank,CNRB0251286,Mumbai,Mumbai City,Maharashtra,19.036681,72.849111,91203.47,2026-07-23T10:22:28,3,0
6abb1729-4980-49a8-a055-56475639d889,639158bb-5f90-4dc0-b3ef-76d222a69e43,6395-7388-4865,5498-8200-7690,Federal Bank,FDRL0158642,Ahmedabad,Ahmedabad,Gujarat,23.021536,72.55887,91203.47,2026-07-23T10:24:33,4,1
7043908c-d255-477d-b002-55cb62bc76e3,cfcb42ce-e938-4ed7-8e7a-0f1f4dcaa12d,6185-9941-7943,5036-5550-3374,State Bank of India,SBIN0735242,Jaipur,Jaipur,Rajasthan,26.865881,75.811245,413081.7,2026-08-16T18:50:12,1,0
d1c4c7d9-a837-4015-a1dc-58a29d43dd15,cfcb42ce-e938-4ed7-8e7a-0f1f4dcaa12d,6185-9941-7943,6947-8786-7025,IDBI Bank,IBKL0927119,Chandigarh,Chandigarh,Chandigarh,30.75046,76.754698,75140.29,2026-08-16T18:50:25,1,0
6cc20250-c27b-413c-a35a-9fad0e827deb,cfcb42ce-e938-4ed7-8e7a-0f1f4dcaa12d,5036-5550-3374,6067-6945-2999,State Bank of India,SBIN0512064,Chandigarh,Chandigarh,Chandigarh,30.776051,76.821193,84013.69,2026-08-16T18:51:19,2,0
51c0c771-e5a9-4460-9ef1-0c82a1a42585,cfcb42ce-e938-4ed7-8e7a-0f1f4dcaa12d,5036-5550-3374,9763-4872-8248,HDFC Bank,HDFC0962671,Chandigarh,Chandigarh,Chandigarh,30.758967,76.759142,329068.01,2026-08-16T18:52:08,2,0
adba4e56-91d3-4ca2-a2fd-89b1229646dc,cfcb42ce-e938-4ed7-8e7a-0f1f4dcaa12d,6947-8786-7025,8190-6196-7656,State Bank of India,SBIN0183985,Pune,Pune,Maharashtra,18.55272,73.90075,75140.29,2026-08-16T18:53:28,2,0
02772b4c-d67e-4d83-9987-1028479af364,cfcb42ce-e938-4ed7-8e7a-0f1f4dcaa12d,8190-6196-7656,7920-2644-3627,IDBI Bank,IBKL0169591,Pune,Pune,Maharashtra,18.514474,73.860785,67626.26,2026-08-16T18:55:32,3,1
d8908d13-da99-4f75-abad-d8a18a924477,cfcb42ce-e938-4ed7-8e7a-0f1f4dcaa12d,9763-4872-8248,7920-2644-3627,IDBI Bank,IBKL0674334,Pune,Pune,Maharashtra,18.529911,73.85483,296161.21,2026-08-16T18:58:16,3,1
a59bb98d-9ab2-4225-9211-611a634a861b,cfcb42ce-e938-4ed7-8e7a-0f1f4dcaa12d,6067-6945-2999,7920-2644-3627,IDBI Bank,IBKL0898989,Pune,Pune,Maharashtra,18.502484,73.862364,75612.32,2026-08-16T18:59:19,3,1
c21dd491-d250-48e4-8800-a3bdd574b870,1d6b5800-595b-4ce7-a0ab-c5b32587d0d2,3229-1050-7564,6006-6140-2347,ICICI Bank,ICIC0641448,Mumbai,Mumbai City,Maharashtra,19.097356,72.904461,392281.32,2026-07-09T00:58:59,1,0
f8e06aa1-b3e1-43e4-8a27-b9f613eb8952,1d6b5800-595b-4ce7-a0ab-c5b32587d0d2,6006-6140-2347,3131-7722-6233,Punjab National Bank,PUNB0188498,Mumbai,Mumbai City,Maharashtra,19.06745,72.845889,108298.09,2026-07-09T01:00:20,2,0
d6770f39-53a4-4ebc-bba0-444b81994140,1d6b5800-595b-4ce7-a0ab-c5b32587d0d2,6006-6140-2347,8397-8837-3187,Canara Bank,CNRB0698097,Bhopal,Bhopal,Madhya Pradesh,23.232349,77.457411,52769.7,2026-07-09T01:01:46,2,0
b96307f1-06ec-4ced-9092-b08d27264284,1d6b5800-595b-4ce7-a0ab-c5b32587d0d2,6006-6140-2347,5270-3842-6367,Union Bank of India,UBIN0741731,Jaipur,Jaipur,Rajasthan,26.925063,75.827984,231213.53,2026-07-09T01:03:15,2,0
5cdf813e-e201-4431-87fd-06727ca8062f,1d6b5800-595b-4ce7-a0ab-c5b32587d0d2,3131-7722-6233,1815-7570-8027,UCO Bank,UCBA0193387,Pune,Pune,Maharashtra,18.538721,73.843505,97468.28,2026-07-09T01:04:34,3,1
da5cc027-87f7-44b4-9e5d-a561a87ee34b,1d6b5800-595b-4ce7-a0ab-c5b32587d0d2,8397-8837-3187,1815-7570-8027,UCO Bank,UCBA0223050,Pune,Pune,Maharashtra,18.500965,73.857734,47492.73,2026-07-09T01:06:46,3,1
f609ef54-75d4-434f-a193-952c740c212c,1d6b5800-595b-4ce7-a0ab-c5b32587d0d2,5270-3842-6367,1815-7570-8027,UCO Bank,UCBA0575747,Pune,Pune,Maharashtra,18.53349,73.856466,208092.18,2026-07-09T01:09:24,3,1
6c2265d0-692a-4b51-b735-eb4b5c5b8156,f456e4c1-a816-450e-94dd-d634dcc7be30,4328-4121-5361,9096-7259-3133,IDBI Bank,IBKL0298561,Jaipur,Jaipur,Rajasthan,26.904233,75.778152,135646.92,2026-06-02T19:50:39,1,0
95bee139-de0a-4e57-91bd-ea01bb949b91,f456e4c1-a816-450e-94dd-d634dcc7be30,4328-4121-5361,8066-4385-4531,State Bank of India,SBIN0374516,Pune,Pune,Maharashtra,18.493949,73.851798,58711.23,2026-06-02T19:50:58,1,0
a7db9f53-f93d-4450-9225-93361c8b399d,f456e4c1-a816-450e-94dd-d634dcc7be30,9096-7259-3133,7056-8506-2404,Kotak Mahindra Bank,KKBK0438947,Gurgaon,Gurugram,Haryana,28.50694,77.016355,135646.92,2026-06-02T19:51:28,2,0
d06b7f48-a092-4123-a040-0994889f4726,f456e4c1-a816-450e-94dd-d634dcc7be30,8066-4385-4531,7283-7935-5198,HDFC Bank,HDFC0161606,Kolkata,Kolkata,West Bengal,22.527811,88.407006,58711.23,2026-06-02T19:52:02,2,0
563e036f-c332-4f2b-8b54-f42521833c3e,f456e4c1-a816-450e-94dd-d634dcc7be30,7056-8506-2404,1745-1087-5155,UCO Bank,UCBA0417201,Hyderabad,Hyderabad,Telangana,17.432752,78.503826,135646.92,2026-06-02T19:55:11,3,0
6e78ce5d-de3e-4a67-a86c-28668299a749,f456e4c1-a816-450e-94dd-d634dcc7be30,1745-1087-5155,3166-1673-3938,ICICI Bank,ICIC0616780,Kolkata,Kolkata,West Bengal,22.615633,88.40169,135646.92,2026-06-02T19:57:17,4,1
55c921c3-80c6-42d9-b3a0-33a7bdb8630c,f456e4c1-a816-450e-94dd-d634dcc7be30,7283-7935-5198,6198-9690-8093,Punjab National Bank,PUNB0428486,Noida,Gautam Buddh Nagar,Uttar Pradesh,28.489916,77.353787,58711.23,2026-06-02T19:58:53,3,1
2dde8071-2965-4952-97c9-5a47f53921fc,8c3ca97d-e0c8-4b81-8557-c9e7c9e5d379,6907-8046-5635,5321-9470-6128,Kotak Mahindra Bank,KKBK0258612,Patna,Patna,Bihar,25.599667,85.179885,139210.11,2026-08-15T06:54:38,1,0
19fd92ba-697b-4c1c-8990-795a09e1957e,8c3ca97d-e0c8-4b81-8557-c9e7c9e5d379,6907-8046-5635,8139-3703-6169,YES Bank,YESB0155807,Chennai,Chennai,Tamil Nadu,13.051592,80.226157,16859.37,2026-08-15T06:55:28,1,0
3601541a-68e4-4b57-8d15-fbf14c29dd21,8c3ca97d-e0c8-4b81-8557-c9e7c9e5d379,5321-9470-6128,1587-8704-5263,IDBI Bank,IBKL0557629,Chennai,Chennai,Tamil Nadu,13.044302,80.310218,139210.11,2026-08-15T06:56:08,2,0
b9e209b1-6509-4d5e-93ce-faf11a10795f,8c3ca97d-e0c8-4b81-8557-c9e7c9e5d379,8139-3703-6169,1668-8233-6841,Federal Bank,FDRL0255245,Lucknow,Lucknow,Uttar Pradesh,26.809065,80.905558,2891.73,2026-08-15T06:56:45,2,0
9c7e65f2-d2d9-4110-a04a-7881bb95839f,8c3ca97d-e0c8-4b81-8557-c9e7c9e5d379,8139-3703-6169,8949-8499-9077,Punjab National Bank,PUNB0975512,Gurgaon,Gurugram,Haryana,28.42633,77.027474,13967.64,2026-08-15T06:58:10,2,0
caf32ce9-cade-4828-99d7-912e278fcb32,8c3ca97d-e0c8-4b81-8557-c9e7c9e5d379,8949-8499-9077,9618-3958-7822,South Indian Bank,SIBL0905572,Noida,Gautam Buddh Nagar,Uttar Pradesh,28.535424,77.374772,12570.88,2026-08-15T06:59:41,3,1
de6ea39e-20cc-47f0-b0f1-a87d65b42270,8c3ca97d-e0c8-4b81-8557-c9e7c9e5d379,1587-8704-5263,9618-3958-7822,South Indian Bank,SIBL0127223,Noida,Gautam Buddh Nagar,Uttar Pradesh,28.526871,77.410253,125289.1,2026-08-15T07:01:23,3,1
40928487-df99-4b55-b5ba-630d663be843,8c3ca97d-e0c8-4b81-8557-c9e7c9e5d379,1668-8233-6841,9618-3958-7822,South Indian Bank,SIBL0513316,Noida,Gautam Buddh Nagar,Uttar Pradesh,28.530442,77.408166,2602.56,2026-08-15T07:02:38,3,1
044be1c7-d81a-4210-8907-4b7415195a79,5b0b95ad-cee1-4613-8329-8bce6d6a33f3,6300-3519-1473,8540-8861-8439,Punjab National Bank,PUNB0789969,Ahmedabad,Ahmedabad,Gujarat,22.973081,72.618377,167489.67,2026-08-21T23:41:44,1,0
7b235088-c8c9-4b50-b18e-9364fca773be,5b0b95ad-cee1-4613-8329-8bce6d6a33f3,8540-8861-8439,8423-6323-3118,UCO Bank,UCBA0197046,Hyderabad,Hyderabad,Telangana,17.374886,78.454501,8482.36,2026-08-21T23:42:49,2,0
b18de258-977c-4833-8582-01d7c33a84a9,5b0b95ad-cee1-4613-8329-8bce6d6a33f3,8540-8861-8439,4463-1797-5635,Federal Bank,FDRL0193520,Hyderabad,Hyderabad,Telangana,17.337051,78.457522,41056.85,2026-08-21T23:44:08,2,0
3c1d48bc-8521-43c4-97e4-24083f39e11b,5b0b95ad-cee1-4613-8329-8bce6d6a33f3,8540-8861-8439,6294-1909-2158,YES Bank,YESB0398776,Hyderabad,Hyderabad,Telangana,17.399717,78.532143,117950.46,2026-08-21T23:45:02,2,0
03ebd0af-bb74-4414-85bb-5167985c87f9,5b0b95ad-cee1-4613-8329-8bce6d6a33f3,8423-6323-3118,8083-6080-3151,Bank of Baroda,BARB0972470,Jaipur,Jaipur,Rajasthan,26.907098,75.775295,7634.12,2026-08-21T23:46:14,3,1
5db8ac64-67f4-4961-95c6-f705896dcf02,5b0b95ad-cee1-4613-8329-8bce6d6a33f3,4463-1797-5635,8083-6080-3151,Bank of Baroda,BARB0506941,Jaipur,Jaipur,Rajasthan,26.911458,75.789822,36951.16,2026-08-21T23:48:11,3,1
71291f8c-ca82-47fe-bdff-0c0dd8f4a78b,5b0b95ad-cee1-4613-8329-8bce6d6a33f3,6294-1909-2158,8083-6080-3151,Bank of Baroda,BARB0194604,Jaipur,Jaipur,Rajasthan,26.92266,75.79974,106155.41,2026-08-21T23:50:05,3,1
6e6cb398-298f-4141-8a37-d34f60efbcb7,07885aec-11e4-49d1-a6f9-2e78db649c70,8112-7979-2522,9410-6599-8594,Axis Bank,UTIB0819571,Jaipur,Jaipur,Rajasthan,26.933764,75.830367,341361.47,2026-08-19T23:29:11,1,0
7983dbd6-2d29-4643-9b62-08d501f1f12f,07885aec-11e4-49d1-a6f9-2e78db649c70,9410-6599-8594,9596-2375-5762,IndusInd Bank,INDB0415001,Chandigarh,Chandigarh,Chandigarh,30.767454,76.781709,122683.99,2026-08-19T23:29:49,2,0
640d0760-f931-4897-8e5e-e7448c00a259,07885aec-11e4-49d1-a6f9-2e78db649c70,9410-6599-8594,8671-8165-2297,UCO Bank,UCBA0677759,Delhi,Central Delhi,Delhi,28.571553,77.163509,108511.18,2026-08-19T23:30:37,2,0
92364c3c-0ac3-457a-91df-a1358afe24b7,07885aec-11e4-49d1-a6f9-2e78db649c70,9410-6599-8594,8825-5921-3434,Union Bank of India,UBIN0533082,Hyderabad,Hyderabad,Telangana,17.344448,78.502786,110166.3,2026-08-19T23:31:13,2,0
289ca7ba-c163-4882-a14e-b79daaaafdfb,07885aec-11e4-49d1-a6f9-2e78db649c70,8671-8165-2297,9248-1266-2866,IDBI Bank,IBKL0288274,Jaipur,Jaipur,Rajasthan,26.923847,75.801016,97660.06,2026-08-19T23:33:12,3,1
f1a1811a-eff8-4fb6-ba2a-61b1edd239a3,07885aec-11e4-49d1-a6f9-2e78db649c70,8825-5921-3434,9248-1266-2866,IDBI Bank,IBKL0187336,Jaipur,Jaipur,Rajasthan,26.90905,75.795475,99149.67,2026-08-19T23:34:17,3,1
a053eb3a-fa2b-4cb1-b636-e1554d3ce6dc,07885aec-11e4-49d1-a6f9-2e78db649c70,9596-2375-5762,9248-1266-2866,IDBI Bank,IBKL0715732,Jaipur,Jaipur,Rajasthan,26.921364,75.797594,110415.59,2026-08-19T23:35:57,3,1
1f5fa2e4-a878-4aa5-adb0-96f1b215ffee,08fa8b57-3f62-4e78-9268-6a748ad4d435,5342-6592-4066,4032-2281-5248,HDFC Bank,HDFC0660333,Hyderabad,Hyderabad,Telangana,17.336792,78.476193,292391.92,2026-06-24T20:12:50,1,0
633e4fca-f3aa-4993-9b76-7d34161a482b,08fa8b57-3f62-4e78-9268-6a748ad4d435,4032-2281-5248,3813-8817-8539,Canara Bank,CNRB0789666,Bhopal,Bhopal,Madhya Pradesh,23.30648,77.422789,292391.92,2026-06-24T20:14:04,2,0
6d4e46b9-20dd-47a6-b398-ed00899a40a8,08fa8b57-3f62-4e78-9268-6a748ad4d435,3813-8817-8539,6910-7471-5958,ICICI Bank,ICIC0114549,Gurgaon,Gurugram,Haryana,28.42858,77.058197,292391.92,2026-06-24T20:15:26,3,0
30c8c62a-3b1e-45ae-87ba-9a2fe951dd21,08fa8b57-3f62-4e78-9268-6a748ad4d435,6910-7471-5958,4083-1439-4428,IndusInd Bank,INDB0781301,Gurgaon,Gurugram,Haryana,28.433678,77.060809,292391.92,2026-06-24T20:18:29,4,1
656340f2-f7c8-4ddf-8c65-f80afc8d3a64,74058798-3294-4c15-9e97-3c096b3a6306,4127-2410-5930,3427-8765-7912,IDBI Bank,IBKL0566895,Lucknow,Lucknow,Uttar Pradesh,26.893087,80.943349,171372.67,2026-07-18T17:19:52,1,0
28122638-b637-4838-b9b0-4d36c6385d53,74058798-3294-4c15-9e97-3c096b3a6306,4127-2410-5930,1357-2908-3721,UCO Bank,UCBA0311118,Mumbai,Mumbai City,Maharashtra,19.055483,72.910645,133700.71,2026-07-18T17:20:30,1,0
ad018acf-7f4b-44d8-8947-68aef30aca6b,74058798-3294-4c15-9e97-3c096b3a6306,3427-8765-7912,1834-6469-1129,Kotak Mahindra Bank,KKBK0706770,Lucknow,Lucknow,Uttar Pradesh,26.856284,80.95163,85584.25,2026-07-18T17:21:54,2,0
f4c31405-ef91-4abc-b518-06c5766af57c,74058798-3294-4c15-9e97-3c096b3a6306,3427-8765-7912,2682-8074-7810,State Bank of India,SBIN0519095,Chennai,Chennai,Tamil Nadu,13.08131,80.279804,85788.42,2026-07-18T17:22:42,2,0
d36b0f8f-b972-4cff-9b8a-cb2b0c2f25b7,74058798-3294-4c15-9e97-3c096b3a6306,1357-2908-3721,8993-4799-1994,IndusInd Bank,INDB0596330,Hyderabad,Hyderabad,Telangana,17.346694,78.49897,52098.69,2026-07-18T17:24:09,2,0
b7b0e7e4-5a41-418b-9d33-93eef2b39cd9,74058798-3294-4c15-9e97-3c096b3a6306,1357-2908-3721,9655-1311-7914,Bank of Baroda,BARB0831396,Chennai,Chennai,Tamil Nadu,13.076323,80.236833,63114.19,2026-07-18T17:25:20,2,0
8c2a2e5e-de23-4fcd-9863-f7aae3d60adc,74058798-3294-4c15-9e97-3c096b3a6306,1357-2908-3721,6174-2040-5388,Axis Bank,UTIB0460550,Chennai,Chennai,Tamil Nadu,13.076511,80.271464,18487.83,2026-07-18T17:26:36,2,0
3f19b68d-5ecb-47a9-9be9-6a592f48f6d6,74058798-3294-4c15-9e97-3c096b3a6306,8993-4799-1994,7829-6902-8738,YES Bank,YESB0752048,Bhopal,Bhopal,Madhya Pradesh,23.248188,77.420228,46888.82,2026-07-18T17:27:56,3,1
c3f7ba19-124e-4a8f-969e-c3ab98ab282c,74058798-3294-4c15-9e97-3c096b3a6306,9655-1311-7914,7829-6902-8738,YES Bank,YESB0799459,Bhopal,Bhopal,Madhya Pradesh,23.259216,77.399532,56802.77,2026-07-18T17:29:07,3,1
0dd8a007-fa10-4dd8-80c1-095074aca0f1,74058798-3294-4c15-9e97-3c096b3a6306,1834-6469-1129,7829-6902-8738,YES Bank,YESB0735173,Bhopal,Bhopal,Madhya Pradesh,23.259587,77.424339,77025.82,2026-07-18T17:30:27,3,1
1a8023b7-bcc3-45fd-877d-0063b12a2553,74058798-3294-4c15-9e97-3c096b3a6306,2682-8074-7810,7829-6902-8738,YES Bank,YESB0617708,Bhopal,Bhopal,Madhya Pradesh,23.252046,77.400977,77209.58,2026-07-18T17:33:27,3,1
69928a4e-154f-41b0-975f-204bbe7e731d,74058798-3294-4c15-9e97-3c096b3a6306,6174-2040-5388,7829-6902-8738,YES Bank,YESB0119011,Bhopal,Bhopal,Madhya Pradesh,23.254251,77.403032,16639.05,2026-07-18T17:34:33,3,1
20287998-aa1e-40d7-9c21-c565988d9d0d,1c1e09f9-4537-4d14-a24c-b98596833934,3862-9248-1523,6533-8055-2867,Axis Bank,UTIB0689280,Noida,Gautam Buddh Nagar,Uttar Pradesh,28.50791,77.366782,5837.18,2026-08-27T22:21:25,1,0
f3e51c42-8ec7-4cb6-b761-490727e477ff,1c1e09f9-4537-4d14-a24c-b98596833934,6533-8055-2867,6820-1764-5382,State Bank of India,SBIN0559094,Chandigarh,Chandigarh,Chandigarh,30.763199,76.825665,1769.05,2026-08-27T22:22:40,2,0
001fc508-66f8-4c3d-b79b-6029e6773cd6,1c1e09f9-4537-4d14-a24c-b98596833934,6533-8055-2867,3476-9444-2706,HDFC Bank,HDFC0919621,Noida,Gautam Buddh Nagar,Uttar Pradesh,28.546557,77.419216,4068.13,2026-08-27T22:23:58,2,0
64d732ef-03a9-4c4a-943a-4d5db0f22598,1c1e09f9-4537-4d14-a24c-b98596833934,6820-1764-5382,9311-2727-3736,HDFC Bank,HDFC0315363,Bhopal,Bhopal,Madhya Pradesh,23.300999,77.378303,1769.05,2026-08-27T22:27:39,3,1
3689c223-7493-484a-a8f6-85d07bfb4f63,c1089085-8378-409f-8878-3899184dbe8f,8233-9288-9165,2626-3527-6959,YES Bank,YESB0357232,Delhi,Central Delhi,Delhi,28.647381,77.206366,129464.41,2026-08-27T11:10:27,1,0
b6692187-ac92-401c-819d-2021acec6caa,c1089085-8378-409f-8878-3899184dbe8f,8233-9288-9165,6482-3257-3014,Union Bank of India,UBIN0189374,Gurgaon,Gurugram,Haryana,28.436102,77.04812,149300.16,2026-08-27T11:10:55,1,0
69b2217a-5827-41ae-9477-1bf6899952e0,c1089085-8378-409f-8878-3899184dbe8f,8233-9288-9165,4307-8194-7811,Bank of Baroda,BARB0797298,Jaipur,Jaipur,Rajasthan,26.886945,75.812621,195928.31,2026-08-27T11:11:31,1,0
6c48f55a-ccde-4ee8-8e93-35526ef32e27,c1089085-8378-409f-8878-3899184dbe8f,2626-3527-6959,7909-4738-3260,State Bank of India,SBIN0252656,Chennai,Chennai,Tamil Nadu,13.109715,80.292463,92459.92,2026-08-27T11:13:01,2,0
97899e25-abd8-4b29-abcf-b5146e1c89e7,c1089085-8378-409f-8878-3899184dbe8f,2626-3527-6959,8025-7773-7706,HDFC Bank,HDFC0454737,Noida,Gautam Buddh Nagar,Uttar Pradesh,28.51698,77.439194,17277.98,2026-08-27T11:14:04,2,0
3c16c06a-5ed4-4035-821d-5ca263b460f9,c1089085-8378-409f-8878-3899184dbe8f,2626-3527-6959,8516-9456-6927,Canara Bank,CNRB0512369,Delhi,Central Delhi,Delhi,28.639819,77.225018,19726.51,2026-08-27T11:14:44,2,0
260a65e7-9dc6-40ae-bb55-9ebf4c1dc6d0,c1089085-8378-409f-8878-3899184dbe8f,6482-3257-3014,3473-1947-9516,Federal Bank,FDRL0653429,Pune,Pune,Maharashtra,18.53144,73.821386,14754.31,2026-08-27T11:15:14,2,0
e14709ad-6b5c-4051-aea3-e2b7124e9fa1,c1089085-8378-409f-8878-3899184dbe8f,6482-3257-3014,5845-7869-7586,Kotak Mahindra Bank,KKBK0315098,Jaipur,Jaipur,Rajasthan,26.951158,75.799736,129073.82,2026-08-27T11:16:09,2,0
ac49fc0d-8b88-4f75-9ec0-0890e203062a,c1089085-8378-409f-8878-3899184dbe8f,6482-3257-3014,5986-6139-6638,IndusInd Bank,INDB0831351,Chennai,Chennai,Tamil Nadu,13.067225,80.301883,5472.03,2026-08-27T11:17:18,2,0
8fd83748-efcf-48db-8190-75462f9a9277,c1089085-8378-409f-8878-3899184dbe8f,4307-8194-7811,7627-4232-5940,Union Bank of India,UBIN0324116,Pune,Pune,Maharashtra,18.479682,73.861879,70293.6,2026-08-27T11:18:21,2,0
966b5df8-b341-4194-ba36-1348531e6e09,c1089085-8378-409f-8878-3899184dbe8f,4307-8194-7811,2380-1605-9805,Bank of Baroda,BARB0766564,Patna,Patna,Bihar,25.560103,85.090389,87758.85,2026-08-27T11:19:24,2,0
ad849616-5ee3-41a1-bcd3-2ad2e6698cd4,c1089085-8378-409f-8878-3899184dbe8f,4307-8194-7811,6480-7389-3064,Union Bank of India,UBIN0371256,Ahmedabad,Ahmedabad,Gujarat,22.996634,72.598816,37875.86,2026-08-27T11:20:44,2,0
41119247-0588-4002-9d45-0b8e989ab6e3,c1089085-8378-409f-8878-3899184dbe8f,7627-4232-5940,5255-9314-6807,HDFC Bank,HDFC0782583,Delhi,Central Delhi,Delhi,28.631554,77.206949,63264.24,2026-08-27T11:23:20,3,1
42a93a8d-52b4-4b9c-9c95-7d63047cd9e7,c1089085-8378-409f-8878-3899184dbe8f,8025-7773-7706,5255-9314-6807,HDFC Bank,HDFC0872652,Delhi,Central Delhi,Delhi,28.594109,77.202559,15550.18,2026-08-27T11:25:33,3,1
e89c266c-fca8-47bf-9e10-7aeef40b0566,c1089085-8378-409f-8878-3899184dbe8f,5986-6139-6638,5255-9314-6807,HDFC Bank,HDFC0944510,Delhi,Central Delhi,Delhi,28.62373,77.212264,4924.83,2026-08-27T11:27:03,3,1
f9b5721d-61c7-41c9-ba1c-81cd3badd3da,c1089085-8378-409f-8878-3899184dbe8f,7909-4738-3260,5255-9314-6807,HDFC Bank,HDFC0758237,Delhi,Central Delhi,Delhi,28.620521,77.22278,83213.93,2026-08-27T11:29:34,3,1
5062b2ca-9a8b-4a59-9fec-9266d0220935,c1089085-8378-409f-8878-3899184dbe8f,8516-9456-6927,5255-9314-6807,HDFC Bank,HDFC0467355,Delhi,Central Delhi,Delhi,28.605868,77.215677,17753.86,2026-08-27T11:31:03,3,1
be45cee9-5338-48bb-9f03-582cec84e49a,6749c979-699d-48b9-8186-e83553167754,3293-7187-9514,5057-2724-6371,Canara Bank,CNRB0532068,Bhopal,Bhopal,Madhya Pradesh,23.218095,77.368819,146757.96,2026-07-08T17:15:58,1,0
4af57faf-b991-4271-ae6e-3c4911948647,6749c979-699d-48b9-8186-e83553167754,3293-7187-9514,9461-4154-6919,Kotak Mahindra Bank,KKBK0567836,Mumbai,Mumbai City,Maharashtra,19.033807,72.895382,5086.92,2026-07-08T17:16:16,1,0
37319f8f-d8bf-4e12-81b9-032d571c8b21,6749c979-699d-48b9-8186-e83553167754,3293-7187-9514,8443-2605-3401,UCO Bank,UCBA0644153,Kolkata,Kolkata,West Bengal,22.600482,88.401101,6251.03,2026-07-08T17:16:51,1,0
98ab2672-97b4-4e3a-8d0f-deb142f54ef0,6749c979-699d-48b9-8186-e83553167754,5057-2724-6371,9172-7937-8210,IDBI Bank,IBKL0235670,Chennai,Chennai,Tamil Nadu,13.129503,80.272019,109781.68,2026-07-08T17:17:52,2,0
f6a3cf88-95b1-47bf-8fe4-40a56fe09170,6749c979-699d-48b9-8186-e83553167754,5057-2724-6371,9020-7830-3668,HDFC Bank,HDFC0322971,Lucknow,Lucknow,Uttar Pradesh,26.842243,80.899461,28349.85,2026-07-08T17:18:55,2,0
5fda8de9-839c-46b7-a5c9-1eff6b122d35,6749c979-699d-48b9-8186-e83553167754,5057-2724-6371,3364-9286-3082,Union Bank of India,UBIN0224535,Bengaluru,Bengaluru Urban,Karnataka,12.98176,77.585462,8626.43,2026-07-08T17:19:35,2,0
125f5fbd-0233-458c-828d-8f10ed942ad2,6749c979-699d-48b9-8186-e83553167754,9461-4154-6919,7055-5744-1659,ICICI Bank,ICIC0489511,Noida,Gautam Buddh Nagar,Uttar Pradesh,28.515992,77.378446,5086.92,2026-07-08T17:20:38,2,0
2ec16028-4480-4d9f-98d4-f646f03748aa,6749c979-699d-48b9-8186-e83553167754,8443-2605-3401,8961-1458-3340,South Indian Bank,SIBL0397252,Pune,Pune,Maharashtra,18.491958,73.888613,2090.9,2026-07-08T17:22:07,2,0
531ee444-de1e-4a5e-9948-d1465b586653,6749c979-699d-48b9-8186-e83553167754,8443-2605-3401,3328-7910-1797,State Bank of India,SBIN0674134,Noida,Gautam Buddh Nagar,Uttar Pradesh,28.520365,77.428043,4160.13,2026-07-08T17:23:08,2,0
2ebe6fab-dde4-4360-a80f-00977e22414b,6749c979-699d-48b9-8186-e83553167754,7055-5744-1659,8411-6534-7181,Kotak Mahindra Bank,KKBK0974180,Bhopal,Bhopal,Madhya Pradesh,23.264128,77.423078,4578.23,2026-07-08T17:25:40,3,1
38da2885-ef3b-4564-9572-c26352746e29,6749c979-699d-48b9-8186-e83553167754,8961-1458-3340,8411-6534-7181,Kotak Mahindra Bank,KKBK0767376,Bhopal,Bhopal,Madhya Pradesh,23.258337,77.410597,1881.81,2026-07-08T17:27:44,3,1
6f2bc048-2413-4d51-a34a-5b23b830d001,6749c979-699d-48b9-8186-e83553167754,3364-9286-3082,8411-6534-7181,Kotak Mahindra Bank,KKBK0256219,Bhopal,Bhopal,Madhya Pradesh,23.274554,77.405609,7763.79,2026-07-08T17:29:41,3,1
3df6018e-0888-40d6-8bf9-4bfd0f5e7d05,6749c979-699d-48b9-8186-e83553167754,3328-7910-1797,8411-6534-7181,Kotak Mahindra Bank,KKBK0755119,Bhopal,Bhopal,Madhya Pradesh,23.26648,77.408985,3744.12,2026-07-08T17:32:23,3,1
3de70ffa-50bb-4464-8827-71c7441be648,9f5e5166-3c7b-4d41-98f0-d6f4a9660173,7478-6554-9863,8259-5544-2450,IDBI Bank,IBKL0699780,Delhi,Central Delhi,Delhi,28.626911,77.23616,334140.07,2026-07-05T21:04:49,1,0
fe657545-bf3e-4f55-96d4-edfbea2ec06d,9f5e5166-3c7b-4d41-98f0-d6f4a9660173,8259-5544-2450,3028-2395-4152,YES Bank,YESB0627054,Chennai,Chennai,Tamil Nadu,13.122386,80.232728,66677.3,2026-07-05T21:05:31,2,0
a5b58949-e1b2-4b0a-b696-f57d52aa6de9,9f5e5166-3c7b-4d41-98f0-d6f4a9660173,8259-5544-2450,9877-1866-9548,Union Bank of India,UBIN0119895,Gurgaon,Gurugram,Haryana,28.436996,76.99718,267462.77,2026-07-05T21:07:00,2,0
00dd2a55-d91e-4981-96f1-9f8c8d87dcc9,9f5e5166-3c7b-4d41-98f0-d6f4a9660173,9877-1866-9548,9741-6249-7583,State Bank of India,SBIN0124393,Chennai,Chennai,Tamil Nadu,13.066696,80.238751,267462.77,2026-07-05T21:10:30,3,1
fb59284c-373b-4bc4-b03a-1f0dcef39ae7,17565c97-3a84-4fd0-a5cd-a2f221f33e98,9649-6199-7258,2491-2878-2627,ICICI Bank,ICIC0905625,Pune,Pune,Maharashtra,18.479363,73.837379,261905.56,2026-06-28T13:40:21,1,0
a76ecce4-62a4-429e-89f2-a565239fe451,17565c97-3a84-4fd0-a5cd-a2f221f33e98,9649-6199-7258,9876-3755-5675,IndusInd Bank,INDB0161775,Gurgaon,Gurugram,Haryana,28.470948,77.009129,155788.4,2026-06-28T13:40:57,1,0
1fdceb94-ffab-496e-a6d3-5828f0eb2135,17565c97-3a84-4fd0-a5cd-a2f221f33e98,2491-2878-2627,1958-5882-7388,Bank of Baroda,BARB0532876,Gurgaon,Gurugram,Haryana,28.498801,77.002393,261905.56,2026-06-28T13:41:33,2,0
ad9e8e87-b514-4e8b-9bae-c99c304f449a,17565c97-3a84-4fd0-a5cd-a2f221f33e98,9876-3755-5675,1849-4318-4925,UCO Bank,UCBA0347978,Ahmedabad,Ahmedabad,Gujarat,23.021798,72.596639,155788.4,2026-06-28T13:42:51,2,0
a912c8c8-d1a9-4a5e-963a-294a93663547,17565c97-3a84-4fd0-a5cd-a2f221f33e98,1958-5882-7388,5412-1993-6215,Union Bank of India,UBIN0168637,Hyderabad,Hyderabad,Telangana,17.383417,78.477449,261905.56,2026-06-28T13:45:49,3,1
477cc70b-011b-47e2-aaba-61b2712a3064,17565c97-3a84-4fd0-a5cd-a2f221f33e98,1849-4318-4925,5409-2663-5035,Union Bank of India,UBIN0923356,Jaipur,Jaipur,Rajasthan,26.874957,75.794125,155788.4,2026-06-28T13:50:04,3,1
495912a4-d3f3-4198-b48e-a5ed1f0b1d67,4c040b37-7be5-4bac-ad11-a7932432604a,2374-9199-4333,7116-9854-3755,Axis Bank,UTIB0544336,Kolkata,Kolkata,West Bengal,22.618735,88.369415,223869.1,2026-06-19T19:35:40,1,0
c128a52c-9776-45bb-badd-17b1451ee8ba,4c040b37-7be5-4bac-ad11-a7932432604a,7116-9854-3755,1016-8612-5739,ICICI Bank,ICIC0163098,Delhi,Central Delhi,Delhi,28.657251,77.207219,223869.1,2026-06-19T19:36:51,2,0
b3ef7346-a835-442b-896e-93a56797d918,4c040b37-7be5-4bac-ad11-a7932432604a,1016-8612-5739,6757-4485-9361,State Bank of India,SBIN0875089,Gurgaon,Gurugram,Haryana,28.462909,76.983594,223869.1,2026-06-19T19:39:03,3,0
2f3811c9-16dc-4039-96cb-9092fddf8891,4c040b37-7be5-4bac-ad11-a7932432604a,6757-4485-9361,2469-7476-3014,ICICI Bank,ICIC0683510,Lucknow,Lucknow,Uttar Pradesh,26.896582,80.984028,223869.1,2026-06-19T19:43:35,4,1
82e51950-b0c4-43ab-8fa6-2d778f9281a2,79ac2f6f-6d9f-47af-9ad4-a306da30ca4b,9270-6215-6613,5282-8417-5473,South Indian Bank,SIBL0240221,Lucknow,Lucknow,Uttar Pradesh,26.861344,80.896405,99140.72,2026-07-29T04:35:09,1,0
5c52eda7-b53c-46fd-8b4e-364729501ac7,79ac2f6f-6d9f-47af-9ad4-a306da30ca4b,9270-6215-6613,5029-6269-6597,State Bank of India,SBIN0110043,Chandigarh,Chandigarh,Chandigarh,30.750571,76.770716,101757.08,2026-07-29T04:35:49,1,0
67084447-8720-472e-9e71-f741bfcff584,79ac2f6f-6d9f-47af-9ad4-a306da30ca4b,9270-6215-6613,4450-8533-6381,IDBI Bank,IBKL0899502,Chennai,Chennai,Tamil Nadu,13.071979,80.228815,132709.84,2026-07-29T04:36:43,1,0
b76ae972-15a3-4b0c-bf1b-577dc9989101,79ac2f6f-6d9f-47af-9ad4-a306da30ca4b,5282-8417-5473,2270-9825-1507,Federal Bank,FDRL0951307,Patna,Patna,Bihar,25.613803,85.088443,22347.71,2026-07-29T04:37:24,2,0
69d5166b-f5fe-4999-9124-fe2700c5f625,79ac2f6f-6d9f-47af-9ad4-a306da30ca4b,5282-8417-5473,8293-3022-6783,Bank of Baroda,BARB0302365,Chandigarh,Chandigarh,Chandigarh,30.727758,76.751552,64259.08,2026-07-29T04:38:23,2,0
c88fe558-0e5b-4d20-a3d4-78628bd891fe,79ac2f6f-6d9f-47af-9ad4-a306da30ca4b,5282-8417-5473,7166-6864-7336,YES Bank,YESB0813612,Pune,Pune,Maharashtra,18.56254,73.842482,12533.93,2026-07-29T04:38:54,2,0
2cff976a-1b07-42cb-8616-6aeb0a27dfc9,79ac2f6f-6d9f-47af-9ad4-a306da30ca4b,5029-6269-6597,5967-4623-4838,Bank of Baroda,BARB0394394,Delhi,Central Delhi,Delhi,28.613184,77.229405,101757.08,2026-07-29T04:39:55,2,0
f683f854-9931-4f29-b721-3bfe40799fec,79ac2f6f-6d9f-47af-9ad4-a306da30ca4b,4450-8533-6381,4425-1116-4212,Axis Bank,UTIB0874703,Jaipur,Jaipur,Rajasthan,26.918971,75.805538,22587.34,2026-07-29T04:41:00,2,0
94be67ec-9309-476c-a363-d3f41043c0fe,79ac2f6f-6d9f-47af-9ad4-a306da30ca4b,4450-8533-6381,7489-2817-5544,ICICI Bank,ICIC0716735,Noida,Gautam Buddh Nagar,Uttar Pradesh,28.498325,77.347505,91830.49,2026-07-29T04:42:06,2,0
768e1196-e561-4d91-a0ea-37af607c7bff,79ac2f6f-6d9f-47af-9ad4-a306da30ca4b,4450-8533-6381,9197-9093-3793,South Indian Bank,SIBL0997034,Ahmedabad,Ahmedabad,Gujarat,22.995297,72.573708,18292.01,2026-07-29T04:42:52,2,0
fc626060-e473-425b-b35f-857be908fadc,79ac2f6f-6d9f-47af-9ad4-a306da30ca4b,8293-3022-6783,8437-1032-7997,IndusInd Bank,INDB0781605,Jaipur,Jaipur,Rajasthan,26.894475,75.80485,57833.17,2026-07-29T04:45:52,3,1
def90108-2dd7-447d-9d93-0074c5c1eb05,79ac2f6f-6d9f-47af-9ad4-a306da30ca4b,7489-2817-5544,8437-1032-7997,IndusInd Bank,INDB0985356,Jaipur,Jaipur,Rajasthan,26.932204,75.778261,82647.44,2026-07-29T04:47:47,3,1
4aafe6a2-eb88-4928-9de3-6bb977586001,79ac2f6f-6d9f-47af-9ad4-a306da30ca4b,2270-9825-1507,8437-1032-7997,IndusInd Bank,INDB0643471,Jaipur,Jaipur,Rajasthan,26.911063,75.781759,20112.94,2026-07-29T04:50:14,3,1
5462c837-ff91-48a7-912d-8a4e072ddd25,79ac2f6f-6d9f-47af-9ad4-a306da30ca4b,7166-6864-7336,8437-1032-7997,IndusInd Bank,INDB0145576,Jaipur,Jaipur,Rajasthan,26.927752,75.776282,11280.54,2026-07-29T04:52:51,3,1
93fbd386-fe5f-4b8b-99e4-198b770b1fb3,33e1df40-c7f0-455a-8409-ae67e2774577,7882-9723-8354,1084-7420-4188,Axis Bank,UTIB0544407,Lucknow,Lucknow,Uttar Pradesh,26.892478,80.9879,68286.99,2026-06-03T13:18:25,1,0
921538ed-05fe-4de5-91ae-94ca03975f83,33e1df40-c7f0-455a-8409-ae67e2774577,7882-9723-8354,6483-2340-1415,ICICI Bank,ICIC0425903,Bengaluru,Bengaluru Urban,Karnataka,12.927884,77.607129,9653.22,2026-06-03T13:18:47,1,0
71349ea7-125e-43f2-a02c-d0193fd3195f,33e1df40-c7f0-455a-8409-ae67e2774577,1084-7420-4188,8863-8077-1393,YES Bank,YESB0450541,Jaipur,Jaipur,Rajasthan,26.946451,75.762015,68286.99,2026-06-03T13:19:54,2,0
e6a7a4bb-4c88-4f4f-9ed2-3dbd68573589,33e1df40-c7f0-455a-8409-ae67e2774577,6483-2340-1415,4905-6583-1891,HDFC Bank,HDFC0729108,Patna,Patna,Bihar,25.606057,85.16401,100.0,2026-06-03T13:21:24,2,0
64f210dd-0037-4e54-b124-65192e768a22,33e1df40-c7f0-455a-8409-ae67e2774577,6483-2340-1415,6465-9514-4878,Kotak Mahindra Bank,KKBK0230889,Ahmedabad,Ahmedabad,Gujarat,22.981053,72.527469,9578.4,2026-06-03T13:22:34,2,0
0089840f-463b-49ea-baac-6da1a83ea48f,33e1df40-c7f0-455a-8409-ae67e2774577,4905-6583-1891,3089-2015-8240,State Bank of India,SBIN0756602,Pune,Pune,Maharashtra,18.517674,73.840773,90.0,2026-06-03T13:24:52,3,1
e081cf12-f0c1-4c55-a94a-0a1921c1ed6f,33e1df40-c7f0-455a-8409-ae67e2774577,6465-9514-4878,3089-2015-8240,State Bank of India,SBIN0686424,Pune,Pune,Maharashtra,18.502488,73.870697,8620.56,2026-06-03T13:25:59,3,1
eede366f-ae2c-4805-8b51-38d93707c70f,33e1df40-c7f0-455a-8409-ae67e2774577,8863-8077-1393,3089-2015-8240,State Bank of India,SBIN0200485,Pune,Pune,Maharashtra,18.525092,73.853144,61458.29,2026-06-03T13:27:50,3,1
10f21bab-3987-45f6-8e8f-d6c14d3c9831,dbd14202-c7a0-4ec3-b3c6-c44a7476e560,8428-7290-8605,2659-6564-1425,Axis Bank,UTIB0207677,Noida,Gautam Buddh Nagar,Uttar Pradesh,28.486729,77.41233,61041.75,2026-08-05T16:13:20,1,0
7b4f2267-8e73-4eaa-bbde-65e0124a9b08,dbd14202-c7a0-4ec3-b3c6-c44a7476e560,8428-7290-8605,8439-9474-6377,YES Bank,YESB0303019,Bhopal,Bhopal,Madhya Pradesh,23.300337,77.375198,40203.69,2026-08-05T16:14:07,1,0
dbc108cf-a6eb-49d2-b2d5-0a2ee35cdd66,dbd14202-c7a0-4ec3-b3c6-c44a7476e560,2659-6564-1425,5198-6822-7897,ICICI Bank,ICIC0712916,Pune,Pune,Maharashtra,18.513985,73.902674,36217.83,2026-08-05T16:14:40,2,0
b910e7f5-b1a2-4f2c-851d-3e04c7c6c2c2,dbd14202-c7a0-4ec3-b3c6-c44a7476e560,2659-6564-1425,8887-8284-4046,Bank of Baroda,BARB0712018,Pune,Pune,Maharashtra,18.558922,73.88425,13107.09,2026-08-05T16:15:58,2,0
8373caa2-e085-47ed-920e-dac58f363e0e,dbd14202-c7a0-4ec3-b3c6-c44a7476e560,2659-6564-1425,4983-3255-1722,Kotak Mahindra Bank,KKBK0732636,Pune,Pune,Maharashtra,18.50469,73.843583,11716.82,2026-08-05T16:16:37,2,0
abea61d6-bb15-426d-9dc6-271c963bc307,dbd14202-c7a0-4ec3-b3c6-c44a7476e560,8439-9474-6377,9481-3369-1939,Union Bank of India,UBIN0975744,Bhopal,Bhopal,Madhya Pradesh,23.265845,77.368061,40203.69,2026-08-05T16:17:22,2,0
4c2892a4-7b68-431d-91ea-cceb4bbd67ee,dbd14202-c7a0-4ec3-b3c6-c44a7476e560,8887-8284-4046,6595-4102-8794,IDBI Bank,IBKL0728896,Lucknow,Lucknow,Uttar Pradesh,26.854397,80.96028,11796.38,2026-08-05T16:19:21,3,1
e85f4986-f2bf-44f4-9829-88abe8ecdb5b,dbd14202-c7a0-4ec3-b3c6-c44a7476e560,5198-6822-7897,6595-4102-8794,IDBI Bank,IBKL0451965,Lucknow,Lucknow,Uttar Pradesh,26.851344,80.942948,32596.05,2026-08-05T16:21:33,3,1
40a7f553-f32f-4c87-be84-fdcf9c4f6563,dbd14202-c7a0-4ec3-b3c6-c44a7476e560,4983-3255-1722,6595-4102-8794,IDBI Bank,IBKL0209940,Lucknow,Lucknow,Uttar Pradesh,26.844872,80.957768,10545.14,2026-08-05T16:22:53,3,1
c57ea71d-1bf6-426f-b59e-6d3ddbd18ad7,dbd14202-c7a0-4ec3-b3c6-c44a7476e560,9481-3369-1939,6595-4102-8794,IDBI Bank,IBKL0620021,Lucknow,Lucknow,Uttar Pradesh,26.835476,80.926348,36183.32,2026-08-05T16:23:58,3,1
ed2d5fff-22c2-4f7d-bac2-792f90f0ea92,081a06a4-d6dc-486d-8a66-5a98e0de73fb,4772-8643-4492,8876-6431-7158,Canara Bank,CNRB0966212,Gurgaon,Gurugram,Haryana,28.508488,77.012882,446866.61,2026-08-21T14:34:47,1,0
6048fb1e-a60a-4cf6-970a-89d77f8e013a,081a06a4-d6dc-486d-8a66-5a98e0de73fb,8876-6431-7158,6863-1491-2887,Punjab National Bank,PUNB0303846,Chennai,Chennai,Tamil Nadu,13.095833,80.311971,446866.61,2026-08-21T14:35:26,2,0
2b5577bf-976b-4f24-aa67-b9d0ba12e11a,081a06a4-d6dc-486d-8a66-5a98e0de73fb,6863-1491-2887,1486-4262-4241,ICICI Bank,ICIC0374725,Mumbai,Mumbai City,Maharashtra,19.097884,72.861682,446866.61,2026-08-21T14:37:38,3,1
53a6200b-655d-41fe-8f0b-6e366c66feab,b6580d54-ccae-470a-9491-2be386162ab4,5029-3925-4211,3884-5289-2657,Federal Bank,FDRL0243910,Jaipur,Jaipur,Rajasthan,26.900292,75.816041,403034.38,2026-08-05T15:13:12,1,0
0821df43-6b04-4154-a6da-345c4e3c9697,b6580d54-ccae-470a-9491-2be386162ab4,3884-5289-2657,6544-4444-5998,Axis Bank,UTIB0948809,Bengaluru,Bengaluru Urban,Karnataka,12.958835,77.561736,403034.38,2026-08-05T15:14:11,2,0
ee00f2c8-220c-4e5a-877e-f3208d61dfa2,b6580d54-ccae-470a-9491-2be386162ab4,6544-4444-5998,2941-3366-3142,Axis Bank,UTIB0658424,Mumbai,Mumbai City,Maharashtra,19.06382,72.865126,403034.38,2026-08-05T15:18:34,3,1
7b14bfd4-aaad-40ac-acf6-13a263b1cd5a,6aec42ae-fb36-4e7c-8635-3af2fee64e35,5006-1756-4098,5819-3434-6368,IDBI Bank,IBKL0922781,Noida,Gautam Buddh Nagar,Uttar Pradesh,28.532567,77.40735,8744.06,2026-07-14T04:19:10,1,0
3e0c34e2-481c-4dda-b760-a9ea0d5f5345,6aec42ae-fb36-4e7c-8635-3af2fee64e35,5006-1756-4098,5049-1872-5588,ICICI Bank,ICIC0506968,Kolkata,Kolkata,West Bengal,22.597731,88.378407,24191.1,2026-07-14T04:19:24,1,0
9ad04148-148a-4482-ab37-521a825d9c8b,6aec42ae-fb36-4e7c-8635-3af2fee64e35,5006-1756-4098,3071-9327-9011,Bank of Baroda,BARB0644098,Chennai,Chennai,Tamil Nadu,13.079127,80.252882,38067.71,2026-07-14T04:20:06,1,0
319c21bd-21fd-4cf9-b7b7-284bb4e7a0e4,6aec42ae-fb36-4e7c-8635-3af2fee64e35,5819-3434-6368,9609-8918-9106,South Indian Bank,SIBL0712350,Patna,Patna,Bihar,25.609074,85.10832,6704.25,2026-07-14T04:21:16,2,0
f0512e97-1834-43df-8891-8fccd8a4598e,6aec42ae-fb36-4e7c-8635-3af2fee64e35,5819-3434-6368,8762-5396-7569,Axis Bank,UTIB0345770,Chennai,Chennai,Tamil Nadu,13.07229,80.2513,2039.81,2026-07-14T04:22:43,2,0
632123fd-ebf0-41e1-acb9-0b5fff6f9177,6aec42ae-fb36-4e7c-8635-3af2fee64e35,5049-1872-5588,3575-7129-5170,Kotak Mahindra Bank,KKBK0468653,Kolkata,Kolkata,West Bengal,22.545618,88.318014,16890.8,2026-07-14T04:23:31,2,0
07055159-c70c-4c8d-ac39-c52cc0d1fa08,6aec42ae-fb36-4e7c-8635-3af2fee64e35,5049-1872-5588,2388-3200-2376,UCO Bank,UCBA0546800,Bengaluru,Bengaluru Urban,Karnataka,12.966715,77.587851,7300.3,2026-07-14T04:24:33,2,0
e89db532-7cfa-4e5c-b347-6e53e24bccf7,6aec42ae-fb36-4e7c-8635-3af2fee64e35,3071-9327-9011,9151-6194-5473,Axis Bank,UTIB0776703,Pune,Pune,Maharashtra,18.477989,73.896848,17538.72,2026-07-14T04:25:31,2,0
6c5a3f87-590b-430e-8eb7-143eb7782a72,6aec42ae-fb36-4e7c-8635-3af2fee64e35,3071-9327-9011,7264-1404-3942,Federal Bank,FDRL0637700,Kolkata,Kolkata,West Bengal,22.577265,88.321716,20528.99,2026-07-14T04:26:19,2,0
6f1defa7-9a4b-4eba-ac44-bca8046587a0,6aec42ae-fb36-4e7c-8635-3af2fee64e35,8762-5396-7569,6902-1627-9946,Axis Bank,UTIB0807901,Bengaluru,Bengaluru Urban,Karnataka,12.96477,77.586709,1835.83,2026-07-14T04:27:44,3,1
ca9a2e9f-102e-419a-ab6f-188fd1a1e959,6aec42ae-fb36-4e7c-8635-3af2fee64e35,9609-8918-9106,6902-1627-9946,Axis Bank,UTIB0905812,Bengaluru,Bengaluru Urban,Karnataka,12.978942,77.585579,6033.82,2026-07-14T04:30:28,3,1
09dc1f76-b963-4424-9a89-c6bc336135cc,6aec42ae-fb36-4e7c-8635-3af2fee64e35,9151-6194-5473,6902-1627-9946,Axis Bank,UTIB0733375,Bengaluru,Bengaluru Urban,Karnataka,12.99152,77.614536,15784.85,2026-07-14T04:32:58,3,1
860e7498-191a-4a5b-b1dd-23fac7bea679,6aec42ae-fb36-4e7c-8635-3af2fee64e35,2388-3200-2376,6902-1627-9946,Axis Bank,UTIB0850974,Bengaluru,Bengaluru Urban,Karnataka,12.981193,77.611095,6570.27,2026-07-14T04:35:34,3,1
7853c2df-6f97-4a3e-b228-1f3254b12ff6,5c1b91d3-6b70-4513-af49-d7bedd335aa4,5906-5617-6679,7647-1194-8733,Axis Bank,UTIB0885527,Lucknow,Lucknow,Uttar Pradesh,26.817688,80.919572,273188.91,2026-07-22T06:13:38,1,0
8a58c5c1-918a-4b27-a565-6139d3410106,5c1b91d3-6b70-4513-af49-d7bedd335aa4,5906-5617-6679,9399-3445-7512,YES Bank,YESB0894423,Kolkata,Kolkata,West Bengal,22.569474,88.39534,142942.83,2026-07-22T06:14:25,1,0
32d951c8-622d-42f5-a794-a4a03b89f542,5c1b91d3-6b70-4513-af49-d7bedd335aa4,7647-1194-8733,2406-6129-4077,Kotak Mahindra Bank,KKBK0685573,Bhopal,Bhopal,Madhya Pradesh,23.21291,77.376495,64690.15,2026-07-22T06:15:23,2,0
320a0580-95bf-4a39-97ff-8e67462a7525,5c1b91d3-6b70-4513-af49-d7bedd335aa4,7647-1194-8733,8025-7843-4433,ICICI Bank,ICIC0873644,Pune,Pune,Maharashtra,18.471368,73.88774,208498.76,2026-07-22T06:16:48,2,0
1172494a-d731-45c1-8dfb-a67eb5294869,5c1b91d3-6b70-4513-af49-d7bedd335aa4,9399-3445-7512,6567-4694-7867,Bank of Baroda,BARB0124368,Ahmedabad,Ahmedabad,Gujarat,23.029258,72.524621,15030.6,2026-07-22T06:17:37,2,0
bc901eb8-eb85-4138-b9a4-07afaca99cda,5c1b91d3-6b70-4513-af49-d7bedd335aa4,9399-3445-7512,7974-7608-9808,ICICI Bank,ICIC0695791,Bengaluru,Bengaluru Urban,Karnataka,12.984584,77.6049,127912.23,2026-07-22T06:18:15,2,0
bdbc843e-acda-4e6f-8eb4-fd5c6b864fda,5c1b91d3-6b70-4513-af49-d7bedd335aa4,7974-7608-9808,9757-7331-4085,Kotak Mahindra Bank,KKBK0697179,Noida,Gautam Buddh Nagar,Uttar Pradesh,28.553978,77.39656,115121.01,2026-07-22T06:19:57,3,1
6f33518e-0b90-468d-9956-a388c90056d9,5c1b91d3-6b70-4513-af49-d7bedd335aa4,2406-6129-4077,9757-7331-4085,Kotak Mahindra Bank,KKBK0197770,Noida,Gautam Buddh Nagar,Uttar Pradesh,28.522357,77.397995,58221.14,2026-07-22T06:21:35,3,1
d9466117-5438-4366-bbda-6ee91340bd14,5c1b91d3-6b70-4513-af49-d7bedd335aa4,8025-7843-4433,9757-7331-4085,Kotak Mahindra Bank,KKBK0133616,Noida,Gautam Buddh Nagar,Uttar Pradesh,28.548559,77.395135,187648.88,2026-07-22T06:22:57,3,1
316cf018-bc68-4096-b6ae-f7ab4750f0f3,5c1b91d3-6b70-4513-af49-d7bedd335aa4,6567-4694-7867,9757-7331-4085,Kotak Mahindra Bank,KKBK0295760,Noida,Gautam Buddh Nagar,Uttar Pradesh,28.52346,77.407454,13527.54,2026-07-22T06:24:00,3,1
fb5b46c1-baec-49f4-8e1b-f8a5460aecb2,e57bef39-4aa3-4b0c-9cc7-553d5279cbea,5650-4373-4818,9591-2146-8449,ICICI Bank,ICIC0530819,Bengaluru,Bengaluru Urban,Karnataka,12.960711,77.64356,200287.72,2026-08-19T14:38:17,1,0
188ec05a-8a63-4d47-92c3-f370d4045896,e57bef39-4aa3-4b0c-9cc7-553d5279cbea,5650-4373-4818,1941-7039-9495,Union Bank of India,UBIN0601482,Hyderabad,Hyderabad,Telangana,17.409314,78.475599,176841.79,2026-08-19T14:38:35,1,0
a2fa55c1-4b59-431b-aec2-460e0da7c9cf,e57bef39-4aa3-4b0c-9cc7-553d5279cbea,9591-2146-8449,3128-4369-6075,Federal Bank,FDRL0797085,Lucknow,Lucknow,Uttar Pradesh,26.844178,80.956571,200287.72,2026-08-19T14:39:32,2,0
6ad9572e-61e7-4d97-bcc1-39693dfe8ab2,e57bef39-4aa3-4b0c-9cc7-553d5279cbea,1941-7039-9495,4325-9232-8519,Kotak Mahindra Bank,KKBK0964637,Noida,Gautam Buddh Nagar,Uttar Pradesh,28.525424,77.421757,108571.35,2026-08-19T14:40:11,2,0
729b6aa2-850c-4a0b-a505-0e3cb0927d97,e57bef39-4aa3-4b0c-9cc7-553d5279cbea,1941-7039-9495,5512-4304-1121,Bank of Baroda,BARB0696879,Chandigarh,Chandigarh,Chandigarh,30.771224,76.77542,68270.44,2026-08-19T14:41:14,2,0
d5cdcb0f-16c2-47dd-b26d-d49af5d6f44f,e57bef39-4aa3-4b0c-9cc7-553d5279cbea,5512-4304-1121,8476-6681-5873,Canara Bank,CNRB0949330,Ahmedabad,Ahmedabad,Gujarat,23.036494,72.568002,61443.4,2026-08-19T14:43:59,3,1
13033eb4-d6dd-4649-9804-403eebdff36b,e57bef39-4aa3-4b0c-9cc7-553d5279cbea,3128-4369-6075,8476-6681-5873,Canara Bank,CNRB0747743,Ahmedabad,Ahmedabad,Gujarat,23.03183,72.569713,180258.95,2026-08-19T14:45:21,3,1
a0f42a60-3963-43d2-95e3-797a8ce61576,e57bef39-4aa3-4b0c-9cc7-553d5279cbea,4325-9232-8519,8476-6681-5873,Canara Bank,CNRB0791095,Ahmedabad,Ahmedabad,Gujarat,23.009838,72.574145,97714.22,2026-08-19T14:48:17,3,1
2c1f1cc8-8180-4ee1-83f1-6129280bc471,af162134-d796-4368-a5cd-0ecf92576a65,1715-4927-3587,9810-5782-2093,Union Bank of India,UBIN0486643,Noida,Gautam Buddh Nagar,Uttar Pradesh,28.493153,77.351522,191985.92,2026-08-07T08:18:35,1,0
5c62c96d-ffa2-47fb-9037-128df5c8dc7d,af162134-d796-4368-a5cd-0ecf92576a65,1715-4927-3587,4559-9085-7738,YES Bank,YESB0530016,Bengaluru,Bengaluru Urban,Karnataka,12.966694,77.569877,30751.01,2026-08-07T08:19:34,1,0
550647cb-de38-447b-a8f3-5948cc37f89f,af162134-d796-4368-a5cd-0ecf92576a65,9810-5782-2093,1731-8572-1437,State Bank of India,SBIN0362779,Delhi,Central Delhi,Delhi,28.575368,77.250714,86119.29,2026-08-07T08:20:29,2,0
376d7153-4c72-4600-9818-770a64ab9dcf,af162134-d796-4368-a5cd-0ecf92576a65,9810-5782-2093,2199-8567-7244,IndusInd Bank,INDB0586796,Lucknow,Lucknow,Uttar Pradesh,26.845176,80.903024,81655.25,2026-08-07T08:21:19,2,0
b9cf92d5-757c-45d5-b774-71a4dcfed61b,af162134-d796-4368-a5cd-0ecf92576a65,9810-5782-2093,6630-7542-4185,IndusInd Bank,INDB0848244,Mumbai,Mumbai City,Maharashtra,19.121002,72.841726,24211.38,2026-08-07T08:22:24,2,0
321c3701-25ec-4a64-b251-6d66a1f0d91c,af162134-d796-4368-a5cd-0ecf92576a65,4559-9085-7738,3643-3794-1295,Union Bank of India,UBIN0509835,Lucknow,Lucknow,Uttar Pradesh,26.813545,80.963339,16239.92,2026-08-07T08:23:01,2,0
e08cb40a-ea0b-4189-ba5b-472bc614fc63,af162134-d796-4368-a5cd-0ecf92576a65,4559-9085-7738,2646-3903-5819,IndusInd Bank,INDB0260952,Pune,Pune,Maharashtra,18.514466,73.824494,14511.09,2026-08-07T08:23:31,2,0
8aa307be-fce3-4f41-af6b-639f7416660f,af162134-d796-4368-a5cd-0ecf92576a65,1731-8572-1437,7399-6051-8274,State Bank of India,SBIN0151028,Ahmedabad,Ahmedabad,Gujarat,23.033396,72.582085,77507.36,2026-08-07T08:24:31,3,1
c1fa44c5-c9a8-4eac-9a3f-e5c80369219d,af162134-d796-4368-a5cd-0ecf92576a65,2199-8567-7244,7399-6051-8274,State Bank of India,SBIN0361829,Ahmedabad,Ahmedabad,Gujarat,23.017486,72.560942,73489.73,2026-08-07T08:27:29,3,1
c566543a-1ab3-428f-a4b9-27de54514ef1,af162134-d796-4368-a5cd-0ecf92576a65,3643-3794-1295,7399-6051-8274,State Bank of India,SBIN0116817,Ahmedabad,Ahmedabad,Gujarat,23.019367,72.590972,14615.93,2026-08-07T08:28:40,3,1
e63b76c6-6b2a-4269-9016-cd29a592c36c,af162134-d796-4368-a5cd-0ecf92576a65,2646-3903-5819,7399-6051-8274,State Bank of India,SBIN0960384,Ahmedabad,Ahmedabad,Gujarat,23.010186,72.578158,13059.98,2026-08-07T08:30:23,3,1
8ea61daf-7d4c-4f3a-bafa-cc47f7555e15,af162134-d796-4368-a5cd-0ecf92576a65,6630-7542-4185,7399-6051-8274,State Bank of India,SBIN0201295,Ahmedabad,Ahmedabad,Gujarat,23.034377,72.584618,21790.24,2026-08-07T08:31:51,3,1
a27e5e05-8506-4c15-9262-69d09c24a242,420e009e-8579-40ed-8bb7-ef77213eb74a,3736-1721-7810,2764-6359-6286,Axis Bank,UTIB0473897,Noida,Gautam Buddh Nagar,Uttar Pradesh,28.517837,77.342499,21352.13,2026-06-13T17:03:54,1,0
42286968-f59b-4223-ae18-dc1cbc40689b,420e009e-8579-40ed-8bb7-ef77213eb74a,3736-1721-7810,4105-4393-9875,Bank of Baroda,BARB0508091,Delhi,Central Delhi,Delhi,28.585177,77.18101,22499.1,2026-06-13T17:04:45,1,0
786e41ff-a559-4c7f-9bb4-bbfc01435933,420e009e-8579-40ed-8bb7-ef77213eb74a,3736-1721-7810,7472-8010-2979,Federal Bank,FDRL0781516,Pune,Pune,Maharashtra,18.532791,73.811094,1034.71,2026-06-13T17:05:37,1,0
e14f9b77-2d74-4e5f-9834-3134d5bd462e,420e009e-8579-40ed-8bb7-ef77213eb74a,2764-6359-6286,7735-5940-9185,IDBI Bank,IBKL0929696,Kolkata,Kolkata,West Bengal,22.621653,88.398947,21352.13,2026-06-13T17:06:13,2,0
04f454c7-b912-41a4-ad05-434d2790ca6f,420e009e-8579-40ed-8bb7-ef77213eb74a,4105-4393-9875,5127-2552-6314,IDBI Bank,IBKL0810830,Hyderabad,Hyderabad,Telangana,17.427455,78.513841,22499.1,2026-06-13T17:07:23,2,0
f5be2f90-9de6-4b9a-a22a-c281ec9eb602,420e009e-8579-40ed-8bb7-ef77213eb74a,7472-8010-2979,6440-3872-6209,IndusInd Bank,INDB0170793,Chennai,Chennai,Tamil Nadu,13.066211,80.281553,1034.71,2026-06-13T17:08:47,2,0
4e785624-ddfc-4a4a-91a4-dae5488d82b4,420e009e-8579-40ed-8bb7-ef77213eb74a,5127-2552-6314,4811-1347-3032,Punjab National Bank,PUNB0549312,Mumbai,Mumbai City,Maharashtra,19.08629,72.882491,20249.19,2026-06-13T17:11:21,3,1
6f301584-0a0f-4e9e-bd62-d2072dda0bc2,420e009e-8579-40ed-8bb7-ef77213eb74a,7735-5940-9185,4811-1347-3032,Punjab National Bank,PUNB0244237,Mumbai,Mumbai City,Maharashtra,19.070981,72.869565,19216.92,2026-06-13T17:12:28,3,1
3d3ee7ed-1b28-4811-b815-256c1981572c,420e009e-8579-40ed-8bb7-ef77213eb74a,6440-3872-6209,4811-1347-3032,Punjab National Bank,PUNB0494000,Mumbai,Mumbai City,Maharashtra,19.064175,72.859216,931.24,2026-06-13T17:13:47,3,1
c3d0b2cd-d071-4557-9797-8abcb3203d57,e8c53766-2a4b-4f6c-9b46-4cdb5431b46d,6385-3199-5556,1648-9533-7797,Bank of Baroda,BARB0354016,Bengaluru,Bengaluru Urban,Karnataka,12.942182,77.550007,66815.85,2026-07-21T18:00:30,1,0
47d6be35-3104-4aa8-a9a6-941c502eb89e,e8c53766-2a4b-4f6c-9b46-4cdb5431b46d,6385-3199-5556,5726-1388-4752,Axis Bank,UTIB0820738,Patna,Patna,Bihar,25.613728,85.109844,139945.84,2026-07-21T18:01:22,1,0
800ff30c-e085-439e-98f0-5340158ad0a3,e8c53766-2a4b-4f6c-9b46-4cdb5431b46d,1648-9533-7797,9543-6269-4007,Kotak Mahindra Bank,KKBK0301814,Noida,Gautam Buddh Nagar,Uttar Pradesh,28.490711,77.440201,17696.85,2026-07-21T18:02:47,2,0
38cc00e6-c5be-4409-becc-f26cbff061b9,e8c53766-2a4b-4f6c-9b46-4cdb5431b46d,1648-9533-7797,8247-1099-2058,Axis Bank,UTIB0196216,Gurgaon,Gurugram,Haryana,28.426868,77.031485,49119.0,2026-07-21T18:04:17,2,0
1896784f-3a50-4e0a-b935-1f41296f3da1,e8c53766-2a4b-4f6c-9b46-4cdb5431b46d,5726-1388-4752,4871-9313-2280,IDBI Bank,IBKL0426592,Chennai,Chennai,Tamil Nadu,13.049116,80.240454,139945.84,2026-07-21T18:05:14,2,0
307515db-527b-410d-97bf-1ed52f621034,e8c53766-2a4b-4f6c-9b46-4cdb5431b46d,9543-6269-4007,5675-8344-4299,Punjab National Bank,PUNB0604544,Bhopal,Bhopal,Madhya Pradesh,23.243101,77.431502,15927.16,2026-07-21T18:07:54,3,1
7a38aa9c-bcad-4c42-874d-792289dcd1bb,e8c53766-2a4b-4f6c-9b46-4cdb5431b46d,4871-9313-2280,5675-8344-4299,Punjab National Bank,PUNB0496065,Bhopal,Bhopal,Madhya Pradesh,23.246611,77.410255,125951.26,2026-07-21T18:09:44,3,1
5f749675-f30b-4dd5-ae64-46524dcbccef,e8c53766-2a4b-4f6c-9b46-4cdb5431b46d,8247-1099-2058,5675-8344-4299,Punjab National Bank,PUNB0738996,Bhopal,Bhopal,Madhya Pradesh,23.269297,77.423013,44207.1,2026-07-21T18:11:48,3,1
264dc5bb-f8d1-4ce0-9790-15b9e3c53b0e,2cbad68f-7a67-461e-bfb1-bc427d182a0a,1324-7249-8002,5918-9801-3503,IDBI Bank,IBKL0369789,Gurgaon,Gurugram,Haryana,28.447545,77.007185,452895.05,2026-07-25T18:38:10,1,0
32b6ca4a-01f9-4551-89b5-7f9397e1a73a,2cbad68f-7a67-461e-bfb1-bc427d182a0a,5918-9801-3503,7146-8878-2178,ICICI Bank,ICIC0298837,Chandigarh,Chandigarh,Chandigarh,30.683718,76.815566,388601.54,2026-07-25T18:38:52,2,0
43fbf0b2-9644-4964-adf5-9f486ec1cffe,2cbad68f-7a67-461e-bfb1-bc427d182a0a,5918-9801-3503,6459-3238-8688,IDBI Bank,IBKL0615326,Bengaluru,Bengaluru Urban,Karnataka,12.962056,77.586182,64293.51,2026-07-25T18:40:08,2,0
6cc7cc2b-75f9-47ca-8e2c-b5363c2bb51a,2cbad68f-7a67-461e-bfb1-bc427d182a0a,6459-3238-8688,7292-9020-6043,UCO Bank,UCBA0528644,Noida,Gautam Buddh Nagar,Uttar Pradesh,28.574,77.440247,64293.51,2026-07-25T18:43:52,3,0
075518ab-f0e3-4ccd-b9c8-2bc362e26621,2cbad68f-7a67-461e-bfb1-bc427d182a0a,7292-9020-6043,3039-7304-3660,YES Bank,YESB0367657,Hyderabad,Hyderabad,Telangana,17.412127,78.511858,64293.51,2026-07-25T18:45:41,4,1
0032b0df-909f-4a44-b779-b074a19516b6,ff485811-f6c2-4108-825a-7d5749e17700,9349-9005-7032,1945-7313-7947,IndusInd Bank,INDB0255067,Jaipur,Jaipur,Rajasthan,26.888533,75.782847,9910.31,2026-07-06T22:21:37,1,0
c0838937-a608-4461-bf6c-2cb782fee221,ff485811-f6c2-4108-825a-7d5749e17700,9349-9005-7032,5043-4970-8827,ICICI Bank,ICIC0359433,Pune,Pune,Maharashtra,18.530615,73.901878,139264.36,2026-07-06T22:22:30,1,0
7396b011-693b-4d75-a58e-531531395469,ff485811-f6c2-4108-825a-7d5749e17700,9349-9005-7032,1565-6921-1462,State Bank of India,SBIN0908422,Noida,Gautam Buddh Nagar,Uttar Pradesh,28.494731,77.412161,3638.59,2026-07-06T22:22:50,1,0
0d92a512-f50a-4b14-9d18-30c626c5a2cd,ff485811-f6c2-4108-825a-7d5749e17700,1945-7313-7947,7515-2316-9495,Canara Bank,CNRB0825443,Pune,Pune,Maharashtra,18.500622,73.903468,2361.55,2026-07-06T22:24:13,2,0
454daa9d-78dc-4c67-9a02-0ada419f204e,ff485811-f6c2-4108-825a-7d5749e17700,1945-7313-7947,4093-7929-3716,South Indian Bank,SIBL0714549,Hyderabad,Hyderabad,Telangana,17.365798,78.477861,7548.76,2026-07-06T22:25:25,2,0
dbba6eaa-a92e-45fa-ac9e-92ac727acdd9,ff485811-f6c2-4108-825a-7d5749e17700,5043-4970-8827,2456-2790-6642,Federal Bank,FDRL0101655,Chennai,Chennai,Tamil Nadu,13.042387,80.298074,50157.11,2026-07-06T22:26:05,2,0
e87b0eee-5b63-4015-96c0-408c242ea76b,ff485811-f6c2-4108-825a-7d5749e17700,5043-4970-8827,3338-5407-4432,Union Bank of India,UBIN0786315,Hyderabad,Hyderabad,Telangana,17.363834,78.479795,28761.35,2026-07-06T22:27:01,2,0
da2e73bf-1fce-4a7d-a50a-bf45a0e34408,ff485811-f6c2-4108-825a-7d5749e17700,5043-4970-8827,7520-6047-1105,Bank of Baroda,BARB0838246,Gurgaon,Gurugram,Haryana,28.422933,77.025247,60345.9,2026-07-06T22:27:42,2,0
a11852b6-df3d-4cad-96f7-1434011ff9b0,ff485811-f6c2-4108-825a-7d5749e17700,1565-6921-1462,2806-8383-4482,Federal Bank,FDRL0562139,Hyderabad,Hyderabad,Telangana,17.397684,78.499142,526.03,2026-07-06T22:29:09,2,0
c755e796-426c-45a0-8497-698ba3493810,ff485811-f6c2-4108-825a-7d5749e17700,1565-6921-1462,4041-4292-1966,IndusInd Bank,INDB0183686,Gurgaon,Gurugram,Haryana,28.438813,77.014373,676.94,2026-07-06T22:30:34,2,0
a90aa650-1596-4228-a686-9455973a3abc,ff485811-f6c2-4108-825a-7d5749e17700,1565-6921-1462,3993-4143-5249,HDFC Bank,HDFC0131107,Bengaluru,Bengaluru Urban,Karnataka,12.980165,77.59239,2435.62,2026-07-06T22:31:21,2,0
729aac97-d0ca-4141-a965-b0a89c93612e,ff485811-f6c2-4108-825a-7d5749e17700,4093-7929-3716,1685-2586-4458,Union Bank of India,UBIN0493914,Patna,Patna,Bihar,25.598219,85.157076,6793.88,2026-07-06T22:32:21,3,1
671e0b06-7b67-4c70-b987-d8275e920287,ff485811-f6c2-4108-825a-7d5749e17700,7515-2316-9495,1685-2586-4458,Union Bank of India,UBIN0378749,Patna,Patna,Bihar,25.611385,85.136529,2125.4,2026-07-06T22:34:58,3,1
be844752-e598-4d77-b49c-d13945cf6c27,ff485811-f6c2-4108-825a-7d5749e17700,4041-4292-1966,1685-2586-4458,Union Bank of India,UBIN0733729,Patna,Patna,Bihar,25.591278,85.132431,609.25,2026-07-06T22:36:41,3,1
e534607c-1258-4f67-a43b-72c1b95adc4b,ff485811-f6c2-4108-825a-7d5749e17700,2456-2790-6642,1685-2586-4458,Union Bank of India,UBIN0459742,Patna,Patna,Bihar,25.614078,85.150274,45141.4,2026-07-06T22:39:34,3,1
c57bd666-eb07-49ce-84e1-7300e5fba423,ff485811-f6c2-4108-825a-7d5749e17700,2806-8383-4482,1685-2586-4458,Union Bank of India,UBIN0478756,Patna,Patna,Bihar,25.600703,85.132737,473.43,2026-07-06T22:42:34,3,1
2fb1d26c-85d1-46c4-b408-c4f0c2b2cd8d,99f77796-36d4-4e9a-922c-99ddff522d2e,6833-6410-2641,8486-7583-3275,UCO Bank,UCBA0656405,Noida,Gautam Buddh Nagar,Uttar Pradesh,28.513447,77.410926,449416.62,2026-07-16T11:14:59,1,0
f6265cc7-c50e-45f9-9131-e2871fde698e,99f77796-36d4-4e9a-922c-99ddff522d2e,8486-7583-3275,7036-8404-8785,Canara Bank,CNRB0297064,Jaipur,Jaipur,Rajasthan,26.862713,75.801107,449416.62,2026-07-16T11:16:01,2,0
c47f6110-7482-4b42-8412-396dcbba08d3,99f77796-36d4-4e9a-922c-99ddff522d2e,7036-8404-8785,6901-1749-6333,Kotak Mahindra Bank,KKBK0736237,Mumbai,Mumbai City,Maharashtra,19.074454,72.90162,449416.62,2026-07-16T11:19:54,3,1
2de4dd7a-46f5-4320-80ae-7ee097c69bfd,12d56738-c2dc-4b23-8c5b-efa6eb781fb2,6707-8010-8800,2645-7305-5814,YES Bank,YESB0415986,Noida,Gautam Buddh Nagar,Uttar Pradesh,28.568735,77.44063,13720.85,2026-08-04T00:07:05,1,0
4b744e88-9128-4dcd-89b5-b75c0df547c5,12d56738-c2dc-4b23-8c5b-efa6eb781fb2,6707-8010-8800,4196-3345-9520,ICICI Bank,ICIC0567965,Chandigarh,Chandigarh,Chandigarh,30.778805,76.777617,91366.64,2026-08-04T00:07:44,1,0
80900f88-7849-4d2b-a657-a9e3648aa43d,12d56738-c2dc-4b23-8c5b-efa6eb781fb2,6707-8010-8800,9267-1520-3094,Axis Bank,UTIB0321921,Mumbai,Mumbai City,Maharashtra,19.043043,72.922121,66296.63,2026-08-04T00:08:28,1,0
79bd310e-5a85-4bef-b053-24e336cc5484,12d56738-c2dc-4b23-8c5b-efa6eb781fb2,2645-7305-5814,2465-2728-8125,Punjab National Bank,PUNB0599439,Jaipur,Jaipur,Rajasthan,26.95755,75.80436,7549.69,2026-08-04T00:09:44,2,0
bb9bd1d3-f4c0-43ab-971c-f51c961774fb,12d56738-c2dc-4b23-8c5b-efa6eb781fb2,2645-7305-5814,1478-3625-6349,ICICI Bank,ICIC0660509,Chandigarh,Chandigarh,Chandigarh,30.746655,76.778596,2490.65,2026-08-04T00:10:56,2,0
33f3d462-1c72-4e98-9ecd-2bcc6c907a1b,12d56738-c2dc-4b23-8c5b-efa6eb781fb2,2645-7305-5814,7283-5593-4610,IDBI Bank,IBKL0334677,Bengaluru,Bengaluru Urban,Karnataka,13.014778,77.621234,3680.51,2026-08-04T00:12:16,2,0
ce6edf5e-aa47-42a9-a017-52e760818005,12d56738-c2dc-4b23-8c5b-efa6eb781fb2,4196-3345-9520,2059-6623-7176,HDFC Bank,HDFC0193469,Noida,Gautam Buddh Nagar,Uttar Pradesh,28.519524,77.40022,1326.7,2026-08-04T00:13:04,2,0
5b08c608-0d8d-488a-917f-0c71d756ccd5,12d56738-c2dc-4b23-8c5b-efa6eb781fb2,4196-3345-9520,7252-8159-4823,IDBI Bank,IBKL0700665,Noida,Gautam Buddh Nagar,Uttar Pradesh,28.522274,77.426333,7156.92,2026-08-04T00:13:46,2,0
4bdfe1e0-e3a3-4b66-939b-5e9f9144de03,12d56738-c2dc-4b23-8c5b-efa6eb781fb2,4196-3345-9520,4662-5244-2895,UCO Bank,UCBA0101760,Lucknow,Lucknow,Uttar Pradesh,26.82778,80.955206,82883.02,2026-08-04T00:14:40,2,0
92b5779a-8f7c-4913-a23d-567e211392ad,12d56738-c2dc-4b23-8c5b-efa6eb781fb2,9267-1520-3094,7359-7941-6237,Bank of Baroda,BARB0812299,Patna,Patna,Bihar,25.637493,85.100231,66296.63,2026-08-04T00:15:59,2,0
028065cd-bf4a-4137-9f14-f5aeb0b3a0d7,12d56738-c2dc-4b23-8c5b-efa6eb781fb2,7252-8159-4823,1150-9819-8546,Bank of Baroda,BARB0411242,Gurgaon,Gurugram,Haryana,28.472989,77.026593,6441.23,2026-08-04T00:18:43,3,1
5e88e7d4-6755-41ae-94d4-c8c8074949f1,12d56738-c2dc-4b23-8c5b-efa6eb781fb2,7359-7941-6237,1150-9819-8546,Bank of Baroda,BARB0254586,Gurgaon,Gurugram,Haryana,28.463559,77.012435,59666.97,2026-08-04T00:20:41,3,1
3b5028a8-260b-4009-ae2f-99b20d3c8ccc,12d56738-c2dc-4b23-8c5b-efa6eb781fb2,1478-3625-6349,1150-9819-8546,Bank of Baroda,BARB0990374,Gurgaon,Gurugram,Haryana,28.471552,77.034719,2241.58,2026-08-04T00:23:06,3,1
bf6a6402-0a6b-4563-8613-643fa5432484,12d56738-c2dc-4b23-8c5b-efa6eb781fb2,2465-2728-8125,1150-9819-8546,Bank of Baroda,BARB0435690,Gurgaon,Gurugram,Haryana,28.451856,77.046213,6794.72,2026-08-04T00:25:22,3,1
5e2ce41c-d2af-4766-834b-7a4776b89e70,12d56738-c2dc-4b23-8c5b-efa6eb781fb2,4662-5244-2895,1150-9819-8546,Bank of Baroda,BARB0386735,Gurgaon,Gurugram,Haryana,28.479374,77.034861,74594.72,2026-08-04T00:26:37,3,1
b616a693-0c4e-40a4-8a79-dd47ea25df81,53f7e704-26e6-40f4-bcea-3b321c130618,4534-9110-5775,7171-1963-6458,Canara Bank,CNRB0954602,Pune,Pune,Maharashtra,18.536325,73.891552,8569.53,2026-08-26T02:55:57,1,0
c4c871d4-d5b6-4935-847d-d634fa5ee020,53f7e704-26e6-40f4-bcea-3b321c130618,4534-9110-5775,3501-4450-4687,Union Bank of India,UBIN0453800,Hyderabad,Hyderabad,Telangana,17.377244,78.484042,44577.69,2026-08-26T02:56:08,1,0
e4121b22-5045-4452-8713-e1b220f1aecc,53f7e704-26e6-40f4-bcea-3b321c130618,4534-9110-5775,1861-3933-8987,YES Bank,YESB0510059,Hyderabad,Hyderabad,Telangana,17.342182,78.509375,216243.99,2026-08-26T02:56:40,1,0
8c2ce3b8-fe0f-4ea5-b55a-677ab417e76b,53f7e704-26e6-40f4-bcea-3b321c130618,7171-1963-6458,4196-9978-7451,YES Bank,YESB0944178,Ahmedabad,Ahmedabad,Gujarat,22.977912,72.614858,118.14,2026-08-26T02:57:58,2,0
228237f8-1e8a-43d1-9f15-7a84ae35e88a,53f7e704-26e6-40f4-bcea-3b321c130618,7171-1963-6458,2594-3144-6298,Kotak Mahindra Bank,KKBK0271646,Jaipur,Jaipur,Rajasthan,26.920116,75.781488,8451.39,2026-08-26T02:58:47,2,0
5383cef0-088f-4a61-b527-8c1f22b8d899,53f7e704-26e6-40f4-bcea-3b321c130618,3501-4450-4687,5769-3372-4436,IDBI Bank,IBKL0703646,Bhopal,Bhopal,Madhya Pradesh,23.220095,77.44115,32307.03,2026-08-26T02:59:40,2,0
cea41837-6d66-41f9-9fd4-510549ecb577,53f7e704-26e6-40f4-bcea-3b321c130618,3501-4450-4687,4573-4205-1149,ICICI Bank,ICIC0547858,Hyderabad,Hyderabad,Telangana,17.402945,78.453522,12270.66,2026-08-26T03:01:04,2,0
0b16b7c6-66ba-46bc-9179-f2c9e8caa633,53f7e704-26e6-40f4-bcea-3b321c130618,1861-3933-8987,2573-6825-8763,State Bank of India,SBIN0640472,Noida,Gautam Buddh Nagar,Uttar Pradesh,28.55051,77.400339,216243.99,2026-08-26T03:01:45,2,0
70f2c5f9-95c9-4851-951b-9704c1b28fe8,53f7e704-26e6-40f4-bcea-3b321c130618,4573-4205-1149,2946-4946-7498,Kotak Mahindra Bank,KKBK0725114,Pune,Pune,Maharashtra,18.538582,73.862812,11043.59,2026-08-26T03:04:13,3,1
410416fe-12e3-4ad7-a34d-29a0262d9153,53f7e704-26e6-40f4-bcea-3b321c130618,2594-3144-6298,2946-4946-7498,Kotak Mahindra Bank,KKBK0913537,Pune,Pune,Maharashtra,18.528072,73.868513,7606.25,2026-08-26T03:06:01,3,1
724d7341-9dae-4a09-851f-264ef420fee9,53f7e704-26e6-40f4-bcea-3b321c130618,4196-9978-7451,2946-4946-7498,Kotak Mahindra Bank,KKBK0193964,Pune,Pune,Maharashtra,18.531509,73.871296,106.33,2026-08-26T03:08:25,3,1
bc0e204d-c16e-4523-a199-67791bf1abe3,74915159-4860-416f-b505-7ffc1ab6dee3,5509-8292-7018,2966-2910-2353,Kotak Mahindra Bank,KKBK0801279,Jaipur,Jaipur,Rajasthan,26.953248,75.759794,434091.42,2026-06-16T17:04:36,1,0
b37699d7-ab88-452c-9aff-2279d7fa7f89,74915159-4860-416f-b505-7ffc1ab6dee3,2966-2910-2353,8856-5484-2549,Bank of Baroda,BARB0848440,Noida,Gautam Buddh Nagar,Uttar Pradesh,28.576388,77.420522,120901.52,2026-06-16T17:05:12,2,0
f4dc87ce-d3d5-4958-ab60-f1838224129c,74915159-4860-416f-b505-7ffc1ab6dee3,2966-2910-2353,3967-7290-8932,Canara Bank,CNRB0834781,Bhopal,Bhopal,Madhya Pradesh,23.211875,77.418206,100457.71,2026-06-16T17:05:53,2,0
afc25ea6-929e-4e9c-9354-4dabcc010a2d,74915159-4860-416f-b505-7ffc1ab6dee3,2966-2910-2353,8105-5888-3051,YES Bank,YESB0655837,Patna,Patna,Bihar,25.592956,85.13949,212732.19,2026-06-16T17:06:57,2,0
eeff066b-8b8e-4d63-b8b1-c97c23f30d9c,74915159-4860-416f-b505-7ffc1ab6dee3,8856-5484-2549,3948-1087-8327,YES Bank,YESB0141044,Bengaluru,Bengaluru Urban,Karnataka,12.956753,77.582849,108811.37,2026-06-16T17:08:12,3,1
05990c76-6c76-47e1-be10-1751874b745a,74915159-4860-416f-b505-7ffc1ab6dee3,8105-5888-3051,3948-1087-8327,YES Bank,YESB0192086,Bengaluru,Bengaluru Urban,Karnataka,12.9741,77.608658,191458.97,2026-06-16T17:09:32,3,1
1d0863ea-8f64-462b-845a-2d05753b34d9,74915159-4860-416f-b505-7ffc1ab6dee3,3967-7290-8932,3948-1087-8327,YES Bank,YESB0188720,Bengaluru,Bengaluru Urban,Karnataka,12.990797,77.594846,90411.94,2026-06-16T17:10:36,3,1
f37e09f8-1e48-4aa1-8447-28446c440341,7e153fbb-5eac-4f3c-9e04-b11256036993,9919-3811-7931,1001-5068-5925,Kotak Mahindra Bank,KKBK0428137,Lucknow,Lucknow,Uttar Pradesh,26.848967,80.994802,67407.88,2026-08-11T23:25:05,1,0
4c69c86b-b737-4867-aa35-c2dc29504788,7e153fbb-5eac-4f3c-9e04-b11256036993,9919-3811-7931,1756-9510-5807,UCO Bank,UCBA0635392,Kolkata,Kolkata,West Bengal,22.543584,88.323801,82566.34,2026-08-11T23:25:37,1,0
d00381c0-b9dd-4476-9f75-03fbb542497e,7e153fbb-5eac-4f3c-9e04-b11256036993,9919-3811-7931,9750-8289-3291,Axis Bank,UTIB0297209,Delhi,Central Delhi,Delhi,28.578067,77.244609,16814.44,2026-08-11T23:25:49,1,0
583b2a3e-e4b9-44ac-abec-a41241886848,7e153fbb-5eac-4f3c-9e04-b11256036993,1001-5068-5925,3198-4539-6882,ICICI Bank,ICIC0752542,Lucknow,Lucknow,Uttar Pradesh,26.838902,80.951185,67407.88,2026-08-11T23:26:36,2,0
0cf34108-ed20-4942-a9f5-3143b8f4a404,7e153fbb-5eac-4f3c-9e04-b11256036993,1756-9510-5807,7255-3675-7554,Canara Bank,CNRB0250202,Lucknow,Lucknow,Uttar Pradesh,26.85029,80.903256,10181.21,2026-08-11T23:27:49,2,0
3ccb93d7-2ea9-4ef7-b1db-51b0a0bd4f34,7e153fbb-5eac-4f3c-9e04-b11256036993,1756-9510-5807,8472-2364-5164,Punjab National Bank,PUNB0830650,Jaipur,Jaipur,Rajasthan,26.926957,75.808744,72385.13,2026-08-11T23:29:05,2,0
19bd6a17-f710-4a56-86e7-f866c8b6414b,7e153fbb-5eac-4f3c-9e04-b11256036993,9750-8289-3291,9379-3687-7876,Punjab National Bank,PUNB0657286,Noida,Gautam Buddh Nagar,Uttar Pradesh,28.496499,77.395837,4045.85,2026-08-11T23:29:39,2,0
daff2870-377a-4190-95f5-01a16997042c,7e153fbb-5eac-4f3c-9e04-b11256036993,9750-8289-3291,3514-6183-8104,Bank of Baroda,BARB0193296,Jaipur,Jaipur,Rajasthan,26.898682,75.770652,11459.32,2026-08-11T23:30:13,2,0
a8567cd8-775c-4d4c-acec-279e20350b27,7e153fbb-5eac-4f3c-9e04-b11256036993,9750-8289-3291,7208-1424-5055,ICICI Bank,ICIC0936865,Bhopal,Bhopal,Madhya Pradesh,23.232477,77.363586,1309.27,2026-08-11T23:31:00,2,0
80691496-0f55-4b65-96c2-fcf24d633f06,7e153fbb-5eac-4f3c-9e04-b11256036993,7255-3675-7554,3879-9625-6022,UCO Bank,UCBA0613402,Bhopal,Bhopal,Madhya Pradesh,23.243722,77.406556,9163.09,2026-08-11T23:33:43,3,1
fca8c65d-6885-4ac7-97ec-4acd9a418eea,7e153fbb-5eac-4f3c-9e04-b11256036993,9379-3687-7876,3879-9625-6022,UCO Bank,UCBA0395694,Bhopal,Bhopal,Madhya Pradesh,23.261962,77.416899,3641.26,2026-08-11T23:35:56,3,1
5750a710-bc42-463a-8072-80dc25ce1a38,7e153fbb-5eac-4f3c-9e04-b11256036993,3198-4539-6882,3879-9625-6022,UCO Bank,UCBA0150293,Bhopal,Bhopal,Madhya Pradesh,23.24673,77.43046,60667.09,2026-08-11T23:38:50,3,1
8762149e-1802-442c-8836-6d39fd563f64,7e153fbb-5eac-4f3c-9e04-b11256036993,3514-6183-8104,3879-9625-6022,UCO Bank,UCBA0289448,Bhopal,Bhopal,Madhya Pradesh,23.253707,77.422252,10313.39,2026-08-11T23:40:39,3,1
c674eb49-aeaf-4277-9fd1-e213fdbe7b99,fbb75b21-4f16-4393-b273-2661dd26e771,7597-8812-3090,1155-9414-3547,IDBI Bank,IBKL0155432,Pune,Pune,Maharashtra,18.562244,73.870619,56354.91,2026-08-10T18:59:21,1,0
18206b97-2eb1-4e19-9a60-6f0a1e5feebd,fbb75b21-4f16-4393-b273-2661dd26e771,7597-8812-3090,3070-3337-7206,IDBI Bank,IBKL0361212,Patna,Patna,Bihar,25.611922,85.129424,181446.97,2026-08-10T18:59:54,1,0
85ad94c7-df4d-4fcf-9134-905b002d67ad,fbb75b21-4f16-4393-b273-2661dd26e771,1155-9414-3547,3999-8191-6799,Canara Bank,CNRB0853367,Kolkata,Kolkata,West Bengal,22.610739,88.395302,7608.02,2026-08-10T19:00:41,2,0
baaf8465-0d04-4cac-94a1-d4084c8b6a72,fbb75b21-4f16-4393-b273-2661dd26e771,1155-9414-3547,8678-9228-5699,IndusInd Bank,INDB0191165,Bhopal,Bhopal,Madhya Pradesh,23.304645,77.403251,48746.89,2026-08-10T19:01:30,2,0
283807cf-d264-4565-bcbb-666be4a8777b,fbb75b21-4f16-4393-b273-2661dd26e771,3070-3337-7206,2476-2302-2256,State Bank of India,SBIN0879521,Noida,Gautam Buddh Nagar,Uttar Pradesh,28.514085,77.433959,141022.73,2026-08-10T19:02:36,2,0
1f49fa80-5dd7-40ed-bbee-ce3d659f3d20,fbb75b21-4f16-4393-b273-2661dd26e771,3070-3337-7206,4932-2534-3705,Federal Bank,FDRL0544579,Delhi,Central Delhi,Delhi,28.631603,77.252244,40424.24,2026-08-10T19:03:57,2,0
ee0cf41d-b94f-401b-92ff-3af80ba33b6b,fbb75b21-4f16-4393-b273-2661dd26e771,4932-2534-3705,7643-1227-4115,South Indian Bank,SIBL0107644,Bhopal,Bhopal,Madhya Pradesh,23.268466,77.420704,36381.82,2026-08-10T19:06:32,3,1
0775bd01-ae89-44e7-976d-0daae7fe5656,fbb75b21-4f16-4393-b273-2661dd26e771,8678-9228-5699,7643-1227-4115,South Indian Bank,SIBL0461822,Bhopal,Bhopal,Madhya Pradesh,23.249669,77.422159,43872.2,2026-08-10T19:09:07,3,1
ee9e2a03-8291-45ac-9a58-537ba1e8e26f,fbb75b21-4f16-4393-b273-2661dd26e771,3999-8191-6799,7643-1227-4115,South Indian Bank,SIBL0963359,Bhopal,Bhopal,Madhya Pradesh,23.279867,77.430398,6847.22,2026-08-10T19:12:04,3,1
f464ff06-53eb-4223-ad54-a486408a9256,b89ae70d-ebc9-4b20-931d-f919e4644ae5,8350-3761-9577,3864-2230-7013,Union Bank of India,UBIN0153379,Bengaluru,Bengaluru Urban,Karnataka,12.963872,77.582509,378345.44,2026-06-23T01:48:19,1,0
06228862-a4f6-4cd0-a77f-329b4a80869f,b89ae70d-ebc9-4b20-931d-f919e4644ae5,3864-2230-7013,2855-6537-5092,Kotak Mahindra Bank,KKBK0377611,Pune,Pune,Maharashtra,18.491707,73.880503,188167.54,2026-06-23T01:49:08,2,0
8826d397-ec90-45cf-bc48-2683e1aab312,b89ae70d-ebc9-4b20-931d-f919e4644ae5,3864-2230-7013,9832-2931-5752,Canara Bank,CNRB0419626,Mumbai,Mumbai City,Maharashtra,19.118911,72.923613,190177.9,2026-06-23T01:50:14,2,0
11fdaad1-a2f9-493e-be82-a7609a2a0a29,b89ae70d-ebc9-4b20-931d-f919e4644ae5,2855-6537-5092,8999-1942-6828,UCO Bank,UCBA0444511,Chennai,Chennai,Tamil Nadu,13.062535,80.231416,188167.54,2026-06-23T01:51:15,3,0
4e260eb0-ed2f-4358-9c56-9d5bbc73501a,b89ae70d-ebc9-4b20-931d-f919e4644ae5,8999-1942-6828,6729-4050-7587,State Bank of India,SBIN0551730,Noida,Gautam Buddh Nagar,Uttar Pradesh,28.534705,77.349474,188167.54,2026-06-23T01:53:45,4,1
75bd8635-0903-4138-9e2a-1e801354bd77,b4fca3e3-e09d-4ab9-8d09-4686d1915bc8,3518-7729-3029,1113-3549-5098,Punjab National Bank,PUNB0549148,Bengaluru,Bengaluru Urban,Karnataka,13.010819,77.598243,10691.04,2026-06-10T04:10:41,1,0
6ed56bdc-3ac6-4290-9fce-9533d8842149,b4fca3e3-e09d-4ab9-8d09-4686d1915bc8,3518-7729-3029,4704-8711-7477,HDFC Bank,HDFC0788159,Chennai,Chennai,Tamil Nadu,13.116636,80.236883,228721.69,2026-06-10T04:11:08,1,0
9868ee77-c65a-4f7e-a77d-6e889e2f9c3e,b4fca3e3-e09d-4ab9-8d09-4686d1915bc8,1113-3549-5098,8110-1095-6885,State Bank of India,SBIN0513711,Gurgaon,Gurugram,Haryana,28.451606,77.009721,3064.46,2026-06-10T04:11:56,2,0
bfba3e37-62db-4ca1-8d49-ec0543c279c7,b4fca3e3-e09d-4ab9-8d09-4686d1915bc8,1113-3549-5098,4251-2813-4105,ICICI Bank,ICIC0308658,Jaipur,Jaipur,Rajasthan,26.957238,75.83327,7626.58,2026-06-10T04:12:28,2,0
cf1225c4-974b-4107-9f12-26426ada2713,b4fca3e3-e09d-4ab9-8d09-4686d1915bc8,4704-8711-7477,2946-7899-9012,YES Bank,YESB0519300,Patna,Patna,Bihar,25.594286,85.179956,33361.77,2026-06-10T04:13:46,2,0
72bee4c9-b10f-419c-83c5-471ef838e1de,b4fca3e3-e09d-4ab9-8d09-4686d1915bc8,4704-8711-7477,9119-3087-6322,Federal Bank,FDRL0237801,Hyderabad,Hyderabad,Telangana,17.345973,78.447488,195359.92,2026-06-10T04:15:09,2,0
9a7bb4bd-7c10-470c-99ca-f660aa05bfec,b4fca3e3-e09d-4ab9-8d09-4686d1915bc8,4251-2813-4105,9192-1223-4874,State Bank of India,SBIN0458760,Jaipur,Jaipur,Rajasthan,26.909587,75.791183,6863.92,2026-06-10T04:17:55,3,1
26f38787-b97e-4cc3-951f-078d1f715a92,b4fca3e3-e09d-4ab9-8d09-4686d1915bc8,8110-1095-6885,9192-1223-4874,State Bank of India,SBIN0555426,Jaipur,Jaipur,Rajasthan,26.911608,75.778589,2758.01,2026-06-10T04:18:56,3,1
ddef2ab2-360b-4933-a273-f0755f461f5f,b4fca3e3-e09d-4ab9-8d09-4686d1915bc8,9119-3087-6322,9192-1223-4874,State Bank of India,SBIN0897861,Jaipur,Jaipur,Rajasthan,26.909558,75.792005,175823.93,2026-06-10T04:20:06,3,1
b6dba74b-c5ea-453d-aae3-91d378134713,d4a43226-2378-49a4-9dd3-0c46a9d9bc5d,4061-5087-5606,5317-5052-8031,Kotak Mahindra Bank,KKBK0920738,Lucknow,Lucknow,Uttar Pradesh,26.877695,80.966314,304916.88,2026-08-10T16:25:16,1,0
7a31c13c-a18b-4d64-9636-17d894ca2c64,d4a43226-2378-49a4-9dd3-0c46a9d9bc5d,5317-5052-8031,3968-4091-3436,South Indian Bank,SIBL0547011,Gurgaon,Gurugram,Haryana,28.411266,76.996564,52526.69,2026-08-10T16:25:58,2,0
b599a479-9159-4279-b3ec-22721b69ba6c,d4a43226-2378-49a4-9dd3-0c46a9d9bc5d,5317-5052-8031,4758-2973-3167,State Bank of India,SBIN0527082,Hyderabad,Hyderabad,Telangana,17.387497,78.506716,1161.03,2026-08-10T16:27:23,2,0
d2f25556-092e-444a-a3a6-66e64aa52b2e,d4a43226-2378-49a4-9dd3-0c46a9d9bc5d,5317-5052-8031,7574-1628-5486,Axis Bank,UTIB0546772,Bengaluru,Bengaluru Urban,Karnataka,12.96952,77.595586,251229.16,2026-08-10T16:28:07,2,0
dae0e6e7-5b4e-4233-b4d7-a52973ab274b,d4a43226-2378-49a4-9dd3-0c46a9d9bc5d,4758-2973-3167,6956-5596-6751,IDBI Bank,IBKL0435377,Hyderabad,Hyderabad,Telangana,17.400804,78.47397,1044.93,2026-08-10T16:29:38,3,1
abda1c87-14b7-491d-b37f-a6c23220d1d1,d4a43226-2378-49a4-9dd3-0c46a9d9bc5d,3968-4091-3436,6956-5596-6751,IDBI Bank,IBKL0154662,Hyderabad,Hyderabad,Telangana,17.391417,78.479566,47274.02,2026-08-10T16:30:38,3,1
fc2602d0-3b51-47b9-8273-54bf430170f3,d4a43226-2378-49a4-9dd3-0c46a9d9bc5d,7574-1628-5486,6956-5596-6751,IDBI Bank,IBKL0594988,Hyderabad,Hyderabad,Telangana,17.376206,78.490961,226106.24,2026-08-10T16:32:14,3,1
7e09faed-00a0-4688-91e3-4b38cc61e64e,b8d8a86a-3d1c-41b6-a7a9-3b40dde0f2b1,4028-5133-9049,6476-5986-2827,Bank of Baroda,BARB0949383,Lucknow,Lucknow,Uttar Pradesh,26.832838,80.974081,3529.25,2026-06-29T08:32:17,1,0
412796de-ed7b-4227-bd69-6bc207984408,b8d8a86a-3d1c-41b6-a7a9-3b40dde0f2b1,4028-5133-9049,2587-1223-3134,UCO Bank,UCBA0349825,Bengaluru,Bengaluru Urban,Karnataka,12.986625,77.565603,14181.57,2026-06-29T08:33:00,1,0
66df4003-62ad-49ff-a6a8-9b950de9dab9,b8d8a86a-3d1c-41b6-a7a9-3b40dde0f2b1,6476-5986-2827,2429-2742-3137,IDBI Bank,IBKL0203428,Chennai,Chennai,Tamil Nadu,13.040188,80.275358,1761.4,2026-06-29T08:33:42,2,0
99ffb466-7fdf-49bc-8f86-849b265f6109,b8d8a86a-3d1c-41b6-a7a9-3b40dde0f2b1,6476-5986-2827,2971-1672-4120,Punjab National Bank,PUNB0597233,Lucknow,Lucknow,Uttar Pradesh,26.895664,80.9164,1767.85,2026-06-29T08:34:33,2,0
e0161a7f-58c1-4126-9ce8-865ae43b7db1,b8d8a86a-3d1c-41b6-a7a9-3b40dde0f2b1,2587-1223-3134,3517-1717-3094,IDBI Bank,IBKL0557311,Noida,Gautam Buddh Nagar,Uttar Pradesh,28.492271,77.3829,4939.27,2026-06-29T08:35:43,2,0
8828afed-52ee-4c99-866c-60c0d8cf6716,b8d8a86a-3d1c-41b6-a7a9-3b40dde0f2b1,2587-1223-3134,4140-7851-5137,Union Bank of India,UBIN0122937,Patna,Patna,Bihar,25.560794,85.115015,5792.82,2026-06-29T08:37:12,2,0
f0002a24-568f-46af-9f76-279ac7b69098,b8d8a86a-3d1c-41b6-a7a9-3b40dde0f2b1,2587-1223-3134,6690-6996-8347,Punjab National Bank,PUNB0693677,Delhi,Central Delhi,Delhi,28.569979,77.256247,3449.47,2026-06-29T08:37:50,2,0
b88b958c-e15e-454f-92a3-6153e4a81fc7,b8d8a86a-3d1c-41b6-a7a9-3b40dde0f2b1,4140-7851-5137,9723-9412-2228,ICICI Bank,ICIC0634017,Chennai,Chennai,Tamil Nadu,13.078066,80.281875,5213.54,2026-06-29T08:40:26,3,1
d7c7fbd6-9f1a-4b5d-9c8d-423bbc5071ff,b8d8a86a-3d1c-41b6-a7a9-3b40dde0f2b1,6690-6996-8347,9723-9412-2228,ICICI Bank,ICIC0736714,Chennai,Chennai,Tamil Nadu,13.07356,80.258063,3104.52,2026-06-29T08:42:17,3,1
6c719e24-ac72-4939-bd3b-4cc036e7f559,b8d8a86a-3d1c-41b6-a7a9-3b40dde0f2b1,3517-1717-3094,9723-9412-2228,ICICI Bank,ICIC0699678,Chennai,Chennai,Tamil Nadu,13.071412,80.278569,4445.34,2026-06-29T08:43:37,3,1
a1c5b235-6111-47be-a9ed-b72868f7a6a7,111a7208-5cfc-4810-8fd3-ddf4b83dd503,8461-9254-9602,5971-4609-5855,State Bank of India,SBIN0349788,Kolkata,Kolkata,West Bengal,22.551784,88.377862,138755.49,2026-08-18T17:00:03,1,0
6bbdd669-5214-4cb6-ba6a-bed3ce2f7e10,111a7208-5cfc-4810-8fd3-ddf4b83dd503,8461-9254-9602,5399-2951-3803,South Indian Bank,SIBL0383571,Gurgaon,Gurugram,Haryana,28.496838,76.981752,159332.95,2026-08-18T17:00:30,1,0
df92e973-9938-4599-8cd6-394d7ce409a4,111a7208-5cfc-4810-8fd3-ddf4b83dd503,5971-4609-5855,4440-9758-2903,IndusInd Bank,INDB0763416,Bengaluru,Bengaluru Urban,Karnataka,12.982116,77.581511,138755.49,2026-08-18T17:01:00,2,0
05f6d0e2-4cc3-46c9-8a25-b6708a978103,111a7208-5cfc-4810-8fd3-ddf4b83dd503,5399-2951-3803,9999-5326-3189,South Indian Bank,SIBL0409220,Ahmedabad,Ahmedabad,Gujarat,23.004964,72.527126,159332.95,2026-08-18T17:01:56,2,0
8c102cd5-ed48-4779-a959-8ae6f99d1802,111a7208-5cfc-4810-8fd3-ddf4b83dd503,4440-9758-2903,4592-5582-3895,State Bank of India,SBIN0789247,Kolkata,Kolkata,West Bengal,22.620476,88.391719,138755.49,2026-08-18T17:04:01,3,0
ba90c05d-75ec-4f03-a941-952223d8190a,111a7208-5cfc-4810-8fd3-ddf4b83dd503,4592-5582-3895,2743-7258-5216,IndusInd Bank,INDB0733698,Jaipur,Jaipur,Rajasthan,26.917488,75.818985,138755.49,2026-08-18T17:08:43,4,1
fda464af-675c-4fd0-a85d-2f46de126d29,111a7208-5cfc-4810-8fd3-ddf4b83dd503,9999-5326-3189,5403-4341-7479,Kotak Mahindra Bank,KKBK0865263,Mumbai,Mumbai City,Maharashtra,19.098629,72.864564,159332.95,2026-08-18T17:10:22,3,0
1d37ca41-e1b4-4784-8b42-3385b242434d,111a7208-5cfc-4810-8fd3-ddf4b83dd503,5403-4341-7479,8848-2535-9125,Kotak Mahindra Bank,KKBK0955216,Gurgaon,Gurugram,Haryana,28.495735,76.995486,159332.95,2026-08-18T17:12:08,4,1
5cd636f2-78a3-44e5-9b8e-84e769aef9a4,0b4d1b72-5989-40da-a319-108f43e7247b,3955-5621-1344,3669-3911-7458,Canara Bank,CNRB0577127,Mumbai,Mumbai City,Maharashtra,19.116913,72.924739,174371.91,2026-07-02T18:40:04,1,0
60822f3d-1db6-493f-af28-210a8246af81,0b4d1b72-5989-40da-a319-108f43e7247b,3955-5621-1344,4077-2137-3351,IDBI Bank,IBKL0243960,Kolkata,Kolkata,West Bengal,22.595276,88.394699,218032.59,2026-07-02T18:40:20,1,0
ba3cd6a3-4da3-420b-a2ca-c0289dc4a180,0b4d1b72-5989-40da-a319-108f43e7247b,3669-3911-7458,2633-7191-7291,HDFC Bank,HDFC0249564,Pune,Pune,Maharashtra,18.56426,73.866664,84851.94,2026-07-02T18:41:39,2,0
48f06703-37a2-4145-9629-4fb4fb32eaa2,0b4d1b72-5989-40da-a319-108f43e7247b,3669-3911-7458,1339-2802-1222,State Bank of India,SBIN0211504,Patna,Patna,Bihar,25.598337,85.169426,84345.25,2026-07-02T18:42:59,2,0
add38bdc-66a3-431a-ab8b-6fc000979935,0b4d1b72-5989-40da-a319-108f43e7247b,3669-3911-7458,1716-3165-5068,IDBI Bank,IBKL0312149,Noida,Gautam Buddh Nagar,Uttar Pradesh,28.499423,77.416967,5174.73,2026-07-02T18:44:23,2,0
8d99e50e-6275-4499-8adc-be0ebf656766,0b4d1b72-5989-40da-a319-108f43e7247b,4077-2137-3351,3672-6036-6435,Union Bank of India,UBIN0380448,Lucknow,Lucknow,Uttar Pradesh,26.859449,80.908508,200597.28,2026-07-02T18:44:56,2,0
ce50130e-c219-470d-a704-e7320d3510df,0b4d1b72-5989-40da-a319-108f43e7247b,4077-2137-3351,8846-3531-4994,State Bank of India,SBIN0671098,Noida,Gautam Buddh Nagar,Uttar Pradesh,28.515174,77.392154,17435.31,2026-07-02T18:46:18,2,0
854ac40c-9133-459a-b9e2-8bb9be3465d9,0b4d1b72-5989-40da-a319-108f43e7247b,1339-2802-1222,4713-7998-7314,ICICI Bank,ICIC0400780,Bengaluru,Bengaluru Urban,Karnataka,12.960635,77.60976,75910.73,2026-07-02T18:48:41,3,1
667bf943-55ec-4c4f-beae-6ac815ae7af3,0b4d1b72-5989-40da-a319-108f43e7247b,2633-7191-7291,4713-7998-7314,ICICI Bank,ICIC0820126,Bengaluru,Bengaluru Urban,Karnataka,12.986969,77.607511,76366.75,2026-07-02T18:50:30,3,1
1b7bf52d-e486-40e4-8106-f92580a2add8,0b4d1b72-5989-40da-a319-108f43e7247b,3672-6036-6435,4713-7998-7314,ICICI Bank,ICIC0615711,Bengaluru,Bengaluru Urban,Karnataka,12.958382,77.579005,180537.55,2026-07-02T18:51:44,3,1
5407637b-3f3a-437c-a72a-e941c58c63d3,0b4d1b72-5989-40da-a319-108f43e7247b,1716-3165-5068,4713-7998-7314,ICICI Bank,ICIC0395503,Bengaluru,Bengaluru Urban,Karnataka,12.965892,77.599228,4657.26,2026-07-02T18:52:57,3,1
fe2a6f20-56a0-4889-8ffa-9c30a6229ea1,9dfe64ad-c535-41a1-98a6-85cdc7e81b3a,6906-2389-1710,3475-3917-8022,Federal Bank,FDRL0465308,Pune,Pune,Maharashtra,18.55794,73.833809,2518.24,2026-07-09T20:24:56,1,0
a02bdb34-ee5c-4930-97e7-79081d4dafda,9dfe64ad-c535-41a1-98a6-85cdc7e81b3a,6906-2389-1710,9691-6486-3971,IndusInd Bank,INDB0378293,Bengaluru,Bengaluru Urban,Karnataka,13.002672,77.615731,1839.61,2026-07-09T20:25:37,1,0
df7055bc-9b84-40e1-b32a-3e9302b53c71,9dfe64ad-c535-41a1-98a6-85cdc7e81b3a,6906-2389-1710,7967-3461-5940,YES Bank,YESB0255863,Delhi,Central Delhi,Delhi,28.641678,77.173659,6904.96,2026-07-09T20:25:51,1,0
465bbd89-1f45-4d46-bf83-014cfbe86029,9dfe64ad-c535-41a1-98a6-85cdc7e81b3a,3475-3917-8022,7399-8318-8838,HDFC Bank,HDFC0705912,Noida,Gautam Buddh Nagar,Uttar Pradesh,28.528245,77.413671,2518.24,2026-07-09T20:27:13,2,0
ef61fbee-cb2b-4084-98f2-0432a64ec958,9dfe64ad-c535-41a1-98a6-85cdc7e81b3a,9691-6486-3971,2481-6292-3089,YES Bank,YESB0469737,Hyderabad,Hyderabad,Telangana,17.366932,78.479083,1839.61,2026-07-09T20:27:54,2,0
9036012e-ec55-4a6b-a609-7878ee5c3376,9dfe64ad-c535-41a1-98a6-85cdc7e81b3a,7967-3461-5940,7782-6463-3264,Union Bank of India,UBIN0961304,Kolkata,Kolkata,West Bengal,22.545611,88.322262,4197.25,2026-07-09T20:28:55,2,0
88f4ecd0-bd3b-4926-854d-146de83db511,9dfe64ad-c535-41a1-98a6-85cdc7e81b3a,7967-3461-5940,5028-7278-7859,Canara Bank,CNRB0705947,Kolkata,Kolkata,West Bengal,22.600259,88.395029,1209.15,2026-07-09T20:30:10,2,0
82cdc484-1a55-4033-8fca-12fdb0f4e54a,9dfe64ad-c535-41a1-98a6-85cdc7e81b3a,7967-3461-5940,9144-9826-9745,IDBI Bank,IBKL0346617,Noida,Gautam Buddh Nagar,Uttar Pradesh,28.521671,77.361328,1498.57,2026-07-09T20:30:54,2,0
0c8c09bf-b7ca-4d23-a826-cdb70583df77,9dfe64ad-c535-41a1-98a6-85cdc7e81b3a,7782-6463-3264,2804-1976-6723,Bank of Baroda,BARB0916470,Bhopal,Bhopal,Madhya Pradesh,23.27266,77.404388,3777.52,2026-07-09T20:33:42,3,1
84e6f1ec-ed19-450e-83fa-efd0448182b2,9dfe64ad-c535-41a1-98a6-85cdc7e81b3a,5028-7278-7859,2804-1976-6723,Bank of Baroda,BARB0975825,Bhopal,Bhopal,Madhya Pradesh,23.274032,77.431473,1088.24,2026-07-09T20:35:00,3,1
bdf7045a-ad4a-4813-b592-57a991728234,9dfe64ad-c535-41a1-98a6-85cdc7e81b3a,7399-8318-8838,2804-1976-6723,Bank of Baroda,BARB0541531,Bhopal,Bhopal,Madhya Pradesh,23.2496,77.425713,2266.42,2026-07-09T20:37:56,3,1
5be0ce27-ccd4-4ed1-a284-913457233a1d,8a189656-c38d-41c5-b9f3-5ee9433603df,3257-2920-3344,1431-7958-7089,Federal Bank,FDRL0265856,Ahmedabad,Ahmedabad,Gujarat,22.975519,72.557924,212422.89,2026-07-11T08:21:33,1,0
5b380046-c745-4af5-ac3f-14292db50e67,8a189656-c38d-41c5-b9f3-5ee9433603df,3257-2920-3344,1886-2736-2208,Axis Bank,UTIB0113083,Noida,Gautam Buddh Nagar,Uttar Pradesh,28.542418,77.422371,142694.89,2026-07-11T08:21:48,1,0
6b80c7c4-a8f9-4b2a-a721-13074a03e0f7,8a189656-c38d-41c5-b9f3-5ee9433603df,1431-7958-7089,3988-8696-3295,Union Bank of India,UBIN0414056,Lucknow,Lucknow,Uttar Pradesh,26.843718,80.968456,212422.89,2026-07-11T08:23:05,2,0
ea137d2d-cb3a-4885-b1d5-e1ab82b11d2c,8a189656-c38d-41c5-b9f3-5ee9433603df,1886-2736-2208,1216-5698-2822,YES Bank,YESB0627743,Gurgaon,Gurugram,Haryana,28.425535,77.016239,78227.85,2026-07-11T08:24:13,2,0
cbb42c2e-be41-4b3f-9a9a-531cd1989a93,8a189656-c38d-41c5-b9f3-5ee9433603df,1886-2736-2208,3554-1983-1526,IndusInd Bank,INDB0576364,Chandigarh,Chandigarh,Chandigarh,30.738716,76.812352,64467.04,2026-07-11T08:25:10,2,0
5a35326f-1191-479a-a5d0-e24631bc58fd,8a189656-c38d-41c5-b9f3-5ee9433603df,3554-1983-1526,3569-5453-2506,Union Bank of India,UBIN0879233,Hyderabad,Hyderabad,Telangana,17.373475,78.491462,58020.34,2026-07-11T08:26:26,3,1
c748a8ee-b788-4156-86ab-d8b6150b87ad,8a189656-c38d-41c5-b9f3-5ee9433603df,3988-8696-3295,3569-5453-2506,Union Bank of India,UBIN0511346,Hyderabad,Hyderabad,Telangana,17.372348,78.49654,191180.6,2026-07-11T08:27:54,3,1
5cdb46ec-1e49-47f1-b831-ffbf6ea30f06,8a189656-c38d-41c5-b9f3-5ee9433603df,1216-5698-2822,3569-5453-2506,Union Bank of India,UBIN0734475,Hyderabad,Hyderabad,Telangana,17.398669,78.499362,70405.06,2026-07-11T08:30:05,3,1
f1f6b817-454d-4701-a066-51573b055f1d,488d1340-ecd2-42d7-a1d6-e55c5e255b2f,8821-6131-7637,3700-1895-7086,HDFC Bank,HDFC0480320,Noida,Gautam Buddh Nagar,Uttar Pradesh,28.545819,77.425661,221265.89,2026-08-18T05:43:27,1,0
31dcc826-4489-4f9a-95ae-14078fda1b4e,488d1340-ecd2-42d7-a1d6-e55c5e255b2f,8821-6131-7637,7950-4190-5422,Axis Bank,UTIB0270666,Pune,Pune,Maharashtra,18.524557,73.813232,13846.63,2026-08-18T05:43:38,1,0
48699da4-82c6-48cd-b161-e1ad1c79b071,488d1340-ecd2-42d7-a1d6-e55c5e255b2f,3700-1895-7086,1179-6064-4075,YES Bank,YESB0147899,Chennai,Chennai,Tamil Nadu,13.037505,80.230021,125772.8,2026-08-18T05:44:44,2,0
ebb2c68d-0c45-4b5f-acee-e6f9f8c476f8,488d1340-ecd2-42d7-a1d6-e55c5e255b2f,3700-1895-7086,4305-1530-4937,State Bank of India,SBIN0888193,Bengaluru,Bengaluru Urban,Karnataka,12.94984,77.584414,89307.28,2026-08-18T05:45:33,2,0
c9d9fad9-cf50-4243-b5ad-13a76cda1ebc,488d1340-ecd2-42d7-a1d6-e55c5e255b2f,3700-1895-7086,5410-2393-1735,Bank of Baroda,BARB0509617,Patna,Patna,Bihar,25.616669,85.184985,6185.81,2026-08-18T05:46:15,2,0
f8bc10c5-0c33-461a-925f-293bc6efbe56,488d1340-ecd2-42d7-a1d6-e55c5e255b2f,7950-4190-5422,2595-6428-7672,UCO Bank,UCBA0993415,Bhopal,Bhopal,Madhya Pradesh,23.213641,77.378722,251.91,2026-08-18T05:47:15,2,0
a65de7e3-164a-4d2e-8b02-88a9cd1dc085,488d1340-ecd2-42d7-a1d6-e55c5e255b2f,7950-4190-5422,9250-2654-9227,Kotak Mahindra Bank,KKBK0756359,Noida,Gautam Buddh Nagar,Uttar Pradesh,28.494829,77.412846,12262.5,2026-08-18T05:48:28,2,0
2dc9f04d-2d60-447c-a51b-f74d588661dd,488d1340-ecd2-42d7-a1d6-e55c5e255b2f,7950-4190-5422,3460-1388-7260,Axis Bank,UTIB0814562,Patna,Patna,Bihar,25.609522,85.164483,1332.22,2026-08-18T05:49:54,2,0
07f771df-b8ed-4c68-9212-1f55ae1f83f6,488d1340-ecd2-42d7-a1d6-e55c5e255b2f,9250-2654-9227,8331-3149-6554,Punjab National Bank,PUNB0997531,Bengaluru,Bengaluru Urban,Karnataka,12.989206,77.576201,11036.25,2026-08-18T05:52:13,3,1
f0ecd619-9acb-4a2c-9569-a674c502887e,488d1340-ecd2-42d7-a1d6-e55c5e255b2f,3460-1388-7260,8331-3149-6554,Punjab National Bank,PUNB0911781,Bengaluru,Bengaluru Urban,Karnataka,12.978915,77.584164,1199.0,2026-08-18T05:54:44,3,1
9853ab26-cca1-4766-a077-7e19d9fb731f,488d1340-ecd2-42d7-a1d6-e55c5e255b2f,5410-2393-1735,8331-3149-6554,Punjab National Bank,PUNB0736356,Bengaluru,Bengaluru Urban,Karnataka,12.9546,77.580696,5567.23,2026-08-18T05:57:02,3,1
e57e4c51-d437-4327-8ae2-4053868a0e39,40e47a87-0f52-41c3-b7a3-f90dbb437517,2595-1244-3336,9964-2428-9174,South Indian Bank,SIBL0269316,Pune,Pune,Maharashtra,18.477216,73.864351,30977.33,2026-07-12T20:04:17,1,0
4999838f-9f86-44c1-a05d-2f62a5f1f749,40e47a87-0f52-41c3-b7a3-f90dbb437517,2595-1244-3336,2541-8451-6139,HDFC Bank,HDFC0287890,Noida,Gautam Buddh Nagar,Uttar Pradesh,28.556566,77.387074,112092.15,2026-07-12T20:04:49,1,0
d77f3cc0-4b3b-43ce-99c0-1f4e0a5caa8b,40e47a87-0f52-41c3-b7a3-f90dbb437517,9964-2428-9174,5194-8242-3301,Federal Bank,FDRL0520415,Pune,Pune,Maharashtra,18.511303,73.868668,12639.19,2026-07-12T20:05:42,2,0
a9f0283f-cdb4-4cbe-aadf-d1eef9545b3b,40e47a87-0f52-41c3-b7a3-f90dbb437517,9964-2428-9174,3031-8999-1648,ICICI Bank,ICIC0484546,Chennai,Chennai,Tamil Nadu,13.083948,80.283163,18338.14,2026-07-12T20:06:55,2,0
5798f6f9-8e5c-4216-ab66-f97ea1c311dd,40e47a87-0f52-41c3-b7a3-f90dbb437517,2541-8451-6139,7122-2367-7769,South Indian Bank,SIBL0144748,Jaipur,Jaipur,Rajasthan,26.924461,75.801687,83827.14,2026-07-12T20:08:21,2,0
dfc305a2-a9e6-47c5-b69c-87aeb95566c6,40e47a87-0f52-41c3-b7a3-f90dbb437517,2541-8451-6139,9289-8374-5306,YES Bank,YESB0833736,Mumbai,Mumbai City,Maharashtra,19.108124,72.828494,28265.01,2026-07-12T20:09:38,2,0
d13db590-8a84-4b36-885f-d3cf61105289,40e47a87-0f52-41c3-b7a3-f90dbb437517,7122-2367-7769,7541-2195-4654,Canara Bank,CNRB0801655,Bhopal,Bhopal,Madhya Pradesh,23.24364,77.411235,75444.43,2026-07-12T20:11:37,3,1
d8f86007-66f1-4a5d-9c7d-c53566b33e24,40e47a87-0f52-41c3-b7a3-f90dbb437517,3031-8999-1648,7541-2195-4654,Canara Bank,CNRB0661109,Bhopal,Bhopal,Madhya Pradesh,23.275905,77.411194,16504.33,2026-07-12T20:13:59,3,1
24090c3d-894e-41a1-be6d-636bd2b3b569,40e47a87-0f52-41c3-b7a3-f90dbb437517,5194-8242-3301,7541-2195-4654,Canara Bank,CNRB0289030,Bhopal,Bhopal,Madhya Pradesh,23.269171,77.429298,11375.27,2026-07-12T20:15:09,3,1
62d0baa9-756e-4e40-bce0-00a53c1428dd,1e74414f-0879-42f1-86d4-be1f92bde1b3,8096-4268-7578,2056-6198-6610,Punjab National Bank,PUNB0140141,Chennai,Chennai,Tamil Nadu,13.087208,80.315553,13705.77,2026-06-30T14:57:23,1,0
4fb19bd1-9a90-4e55-b437-7f7607884693,1e74414f-0879-42f1-86d4-be1f92bde1b3,8096-4268-7578,8967-4483-8802,IndusInd Bank,INDB0435740,Mumbai,Mumbai City,Maharashtra,19.082821,72.926481,235975.95,2026-06-30T14:57:42,1,0
61693fe5-8c20-4dc8-a1f9-4ea07167eb35,1e74414f-0879-42f1-86d4-be1f92bde1b3,2056-6198-6610,2022-6922-8046,Federal Bank,FDRL0895466,Delhi,Central Delhi,Delhi,28.632267,77.185985,8180.67,2026-06-30T14:58:25,2,0
47831d21-bc38-4ada-82ed-c01a72a4f261,1e74414f-0879-42f1-86d4-be1f92bde1b3,2056-6198-6610,8756-4496-1886,ICICI Bank,ICIC0248622,Noida,Gautam Buddh Nagar,Uttar Pradesh,28.492426,77.381507,5525.1,2026-06-30T14:59:35,2,0
740482e3-d843-47e9-a100-b0793bca969c,1e74414f-0879-42f1-86d4-be1f92bde1b3,8967-4483-8802,8396-7876-9597,State Bank of India,SBIN0549350,Noida,Gautam Buddh Nagar,Uttar Pradesh,28.519702,77.416318,224787.06,2026-06-30T15:00:58,2,0
6f0cdc7d-2ae1-4f55-bc11-aa9b80e06095,1e74414f-0879-42f1-86d4-be1f92bde1b3,8967-4483-8802,4507-5250-4015,Axis Bank,UTIB0539459,Bengaluru,Bengaluru Urban,Karnataka,12.969763,77.598151,11188.89,2026-06-30T15:01:38,2,0
3b882566-0418-4f3f-89dd-72e5f89bc5a3,1e74414f-0879-42f1-86d4-be1f92bde1b3,4507-5250-4015,1162-4253-2274,IDBI Bank,IBKL0746460,Jaipur,Jaipur,Rajasthan,26.898185,75.793863,10070.0,2026-06-30T15:03:52,3,1
492a5cc3-3ff9-4e47-9401-cf66d9a4bb2d,1e74414f-0879-42f1-86d4-be1f92bde1b3,8756-4496-1886,1162-4253-2274,IDBI Bank,IBKL0870028,Jaipur,Jaipur,Rajasthan,26.922113,75.796769,4972.59,2026-06-30T15:06:37,3,1
1d001888-b9d4-45c7-a847-d3e6524834d5,1e74414f-0879-42f1-86d4-be1f92bde1b3,8396-7876-9597,1162-4253-2274,IDBI Bank,IBKL0114875,Jaipur,Jaipur,Rajasthan,26.89842,75.785646,202308.35,2026-06-30T15:08:17,3,1
d67abec5-d55a-48ca-8a1b-671d3aba4163,53d1ad82-26ce-45ca-8ed0-c1d5c7a42055,9182-6184-2861,7658-5305-9531,IDBI Bank,IBKL0540586,Mumbai,Mumbai City,Maharashtra,19.095645,72.905138,73599.22,2026-07-26T22:44:39,1,0
c85330c3-1a83-4b12-9978-beaaefc1783f,53d1ad82-26ce-45ca-8ed0-c1d5c7a42055,9182-6184-2861,1060-8381-3059,Canara Bank,CNRB0464994,Mumbai,Mumbai City,Maharashtra,19.046976,72.846816,1238.6,2026-07-26T22:45:27,1,0
5fbe3629-f439-4993-948d-9f1d256cc37f,53d1ad82-26ce-45ca-8ed0-c1d5c7a42055,9182-6184-2861,8361-2596-1597,UCO Bank,UCBA0488241,Delhi,Central Delhi,Delhi,28.645278,77.160619,68593.13,2026-07-26T22:46:20,1,0
b4bbe848-9565-4ba5-8996-a60d4e0c7821,53d1ad82-26ce-45ca-8ed0-c1d5c7a42055,7658-5305-9531,9226-3043-9177,Bank of Baroda,BARB0668817,Bhopal,Bhopal,Madhya Pradesh,23.252485,77.460007,23124.45,2026-07-26T22:47:12,2,0
3efef93b-80dd-4fe9-9e69-b11c03171c6a,53d1ad82-26ce-45ca-8ed0-c1d5c7a42055,7658-5305-9531,8471-7783-7723,HDFC Bank,HDFC0284354,Chandigarh,Chandigarh,Chandigarh,30.729182,76.766712,50474.77,2026-07-26T22:48:03,2,0
749194a1-f317-432a-8cb8-7796cc14310f,53d1ad82-26ce-45ca-8ed0-c1d5c7a42055,1060-8381-3059,3664-9892-8141,Federal Bank,FDRL0193992,Noida,Gautam Buddh Nagar,Uttar Pradesh,28.550462,77.402626,100.0,2026-07-26T22:49:24,2,0
3cb78526-4649-4447-a7ff-82ca118a5ce3,53d1ad82-26ce-45ca-8ed0-c1d5c7a42055,1060-8381-3059,7251-5669-8167,HDFC Bank,HDFC0886372,Chennai,Chennai,Tamil Nadu,13.107873,80.313423,510.19,2026-07-26T22:50:20,2,0
6ba3c6a7-64c1-4619-bc23-9acbad80576c,53d1ad82-26ce-45ca-8ed0-c1d5c7a42055,1060-8381-3059,5640-2625-2435,IndusInd Bank,INDB0627812,Chennai,Chennai,Tamil Nadu,13.090823,80.223964,667.52,2026-07-26T22:50:56,2,0
5ec227d9-472a-4aec-96d3-16fe6b8b2d4d,53d1ad82-26ce-45ca-8ed0-c1d5c7a42055,8361-2596-1597,7891-4471-4651,Federal Bank,FDRL0230485,Chennai,Chennai,Tamil Nadu,13.067761,80.300075,14470.6,2026-07-26T22:51:38,2,0
d078e9ec-6b23-4671-9cf8-fe552231f380,53d1ad82-26ce-45ca-8ed0-c1d5c7a42055,8361-2596-1597,8448-7243-2875,Canara Bank,CNRB0960270,Chandigarh,Chandigarh,Chandigarh,30.747786,76.807864,54122.53,2026-07-26T22:52:37,2,0
f747291e-9afc-43be-b3b9-0384f5965492,53d1ad82-26ce-45ca-8ed0-c1d5c7a42055,9226-3043-9177,5384-5333-6036,Federal Bank,FDRL0534861,Chandigarh,Chandigarh,Chandigarh,30.740232,76.759566,20812.0,2026-07-26T22:55:18,3,1
e48b2b48-bb37-4e64-9c35-b2abd1658bef,53d1ad82-26ce-45ca-8ed0-c1d5c7a42055,3664-9892-8141,5384-5333-6036,Federal Bank,FDRL0534694,Chandigarh,Chandigarh,Chandigarh,30.714607,76.76045,90.0,2026-07-26T22:58:14,3,1
71c4d514-07ce-4a53-b08e-df622ad9a56a,53d1ad82-26ce-45ca-8ed0-c1d5c7a42055,8471-7783-7723,5384-5333-6036,Federal Bank,FDRL0492592,Chandigarh,Chandigarh,Chandigarh,30.746931,76.780159,45427.29,2026-07-26T23:00:55,3,1
e09cb037-98ae-414e-876b-6b2bdc763e98,53d1ad82-26ce-45ca-8ed0-c1d5c7a42055,7891-4471-4651,5384-5333-6036,Federal Bank,FDRL0729088,Chandigarh,Chandigarh,Chandigarh,30.725999,76.766216,13023.54,2026-07-26T23:03:29,3,1
a6e5ba55-253d-47c9-8400-5f64270d3131,cfd145c6-76e3-4b45-9b0a-79cb971a91bb,8045-4962-7412,7444-1845-8030,IndusInd Bank,INDB0863481,Hyderabad,Hyderabad,Telangana,17.352372,78.527117,47378.42,2026-08-07T23:31:37,1,0
f5c49c6c-ef77-42fb-810a-26014a82adae,cfd145c6-76e3-4b45-9b0a-79cb971a91bb,7444-1845-8030,3595-8166-4784,Union Bank of India,UBIN0438065,Gurgaon,Gurugram,Haryana,28.429876,76.985927,7849.1,2026-08-07T23:33:00,2,0
3527dc4a-8d0c-490a-b5c4-f4adc7613017,cfd145c6-76e3-4b45-9b0a-79cb971a91bb,7444-1845-8030,2631-3069-9261,State Bank of India,SBIN0907437,Jaipur,Jaipur,Rajasthan,26.921729,75.740082,5621.54,2026-08-07T23:33:57,2,0
83466c32-4429-4aa2-a7a3-19c211efe103,cfd145c6-76e3-4b45-9b0a-79cb971a91bb,7444-1845-8030,2939-7422-5263,Union Bank of India,UBIN0182598,Chandigarh,Chandigarh,Chandigarh,30.740479,76.731929,33907.79,2026-08-07T23:35:12,2,0
4339e603-8a4a-4def-b3d0-c584fd4fb5ad,cfd145c6-76e3-4b45-9b0a-79cb971a91bb,2631-3069-9261,4927-4633-5864,Axis Bank,UTIB0357167,Kolkata,Kolkata,West Bengal,22.581653,88.376184,5059.39,2026-08-07T23:37:59,3,1
3cc017c1-bcdf-432a-a143-195ced4f3dc0,cfd145c6-76e3-4b45-9b0a-79cb971a91bb,2939-7422-5263,4927-4633-5864,Axis Bank,UTIB0907814,Kolkata,Kolkata,West Bengal,22.563019,88.34597,30517.01,2026-08-07T23:39:47,3,1
763156c8-8416-4ecd-a3c5-d67e42078a63,cfd145c6-76e3-4b45-9b0a-79cb971a91bb,3595-8166-4784,4927-4633-5864,Axis Bank,UTIB0250753,Kolkata,Kolkata,West Bengal,22.577698,88.369435,7064.19,2026-08-07T23:40:57,3,1
f807fedf-fbc8-4515-94a9-35559073f43f,18b3120a-d057-421a-a872-c29f78c63e76,2694-2817-8522,3010-2754-3323,South Indian Bank,SIBL0318074,Bhopal,Bhopal,Madhya Pradesh,23.24898,77.411704,28193.8,2026-06-08T02:27:58,1,0
46cc610e-f364-41e5-96d1-3664473dd5d4,18b3120a-d057-421a-a872-c29f78c63e76,2694-2817-8522,5627-5292-3959,Canara Bank,CNRB0610150,Noida,Gautam Buddh Nagar,Uttar Pradesh,28.581422,77.348631,367945.65,2026-06-08T02:28:09,1,0
9d7c0b92-2532-4f58-81fe-b095fe07a79f,18b3120a-d057-421a-a872-c29f78c63e76,2694-2817-8522,2520-2267-9097,Canara Bank,CNRB0428817,Hyderabad,Hyderabad,Telangana,17.398355,78.481788,1362.33,2026-06-08T02:29:02,1,0
33ba6f79-e7a6-4022-a80c-586f51ba077a,18b3120a-d057-421a-a872-c29f78c63e76,3010-2754-3323,3945-5894-1166,ICICI Bank,ICIC0694850,Jaipur,Jaipur,Rajasthan,26.925521,75.822781,28193.8,2026-06-08T02:30:29,2,0
6b0dba3c-abb6-4baa-ac6e-7033f6c2da99,18b3120a-d057-421a-a872-c29f78c63e76,5627-5292-3959,6616-6681-8928,UCO Bank,UCBA0105258,Kolkata,Kolkata,West Bengal,22.538439,88.38807,367945.65,2026-06-08T02:31:38,2,0
0d6cbf18-ed76-4146-b8cd-152b77ef70d5,18b3120a-d057-421a-a872-c29f78c63e76,2520-2267-9097,4159-1484-9781,Union Bank of India,UBIN0897925,Kolkata,Kolkata,West Bengal,22.537835,88.400587,1362.33,2026-06-08T02:32:09,2,0
ed4a933d-b88f-4c66-a866-6ca2b3ab816c,18b3120a-d057-421a-a872-c29f78c63e76,3945-5894-1166,3270-4600-2367,IDBI Bank,IBKL0232729,Lucknow,Lucknow,Uttar Pradesh,26.837404,80.945463,25374.42,2026-06-08T02:35:09,3,1
0c696166-d035-4aeb-a9e6-e111bb25108a,18b3120a-d057-421a-a872-c29f78c63e76,4159-1484-9781,3270-4600-2367,IDBI Bank,IBKL0465484,Lucknow,Lucknow,Uttar Pradesh,26.855023,80.952277,1226.1,2026-06-08T02:36:20,3,1
ec77ee4d-4ad1-4d39-9d13-4793a34cbae8,18b3120a-d057-421a-a872-c29f78c63e76,6616-6681-8928,3270-4600-2367,IDBI Bank,IBKL0881393,Lucknow,Lucknow,Uttar Pradesh,26.85906,80.943642,331151.09,2026-06-08T02:38:19,3,1
431f5726-b8ae-4fd2-a437-42315afaee52,728a28dd-c799-4260-9668-67ed9c027158,4163-5097-3833,5605-7436-2685,YES Bank,YESB0716121,Patna,Patna,Bihar,25.575259,85.16701,187665.12,2026-07-22T19:18:45,1,0
3dee0ddb-23d3-48e1-abf9-2774578232d6,728a28dd-c799-4260-9668-67ed9c027158,5605-7436-2685,8992-8101-8309,UCO Bank,UCBA0492125,Bengaluru,Bengaluru Urban,Karnataka,13.011389,77.626534,114028.5,2026-07-22T19:19:27,2,0
a973ab5a-35dd-41e5-b9f1-71f34b25c08c,728a28dd-c799-4260-9668-67ed9c027158,5605-7436-2685,7942-5451-6222,ICICI Bank,ICIC0135399,Chandigarh,Chandigarh,Chandigarh,30.77911,76.754706,1436.34,2026-07-22T19:20:25,2,0
3560d875-9207-4afe-9a65-d01e8b1cb880,728a28dd-c799-4260-9668-67ed9c027158,5605-7436-2685,2762-7275-8033,Punjab National Bank,PUNB0966843,Ahmedabad,Ahmedabad,Gujarat,23.060225,72.616438,72200.28,2026-07-22T19:21:21,2,0
d7c07c26-0b60-465f-9d1d-41a4fc556b60,728a28dd-c799-4260-9668-67ed9c027158,7942-5451-6222,3947-6286-8035,YES Bank,YESB0357234,Gurgaon,Gurugram,Haryana,28.442406,77.032878,1292.71,2026-07-22T19:23:06,3,1
e623cff7-35cd-4201-bd7e-4bbbefe5c819,728a28dd-c799-4260-9668-67ed9c027158,8992-8101-8309,3947-6286-8035,YES Bank,YESB0252085,Gurgaon,Gurugram,Haryana,28.470681,77.011492,102625.65,2026-07-22T19:24:53,3,1
7e4d60f3-5235-4d68-8548-135a537471f7,728a28dd-c799-4260-9668-67ed9c027158,2762-7275-8033,3947-6286-8035,YES Bank,YESB0821726,Gurgaon,Gurugram,Haryana,28.439936,77.019755,64980.25,2026-07-22T19:26:33,3,1
18966da9-2e8a-4e50-8f2d-5372830a4942,c0282404-78ba-4e85-ad51-99f1d5b6b5b8,6268-4811-2085,5646-4476-9638,UCO Bank,UCBA0946648,Chandigarh,Chandigarh,Chandigarh,30.769291,76.736882,18284.24,2026-06-23T11:26:49,1,0
4ca65450-3004-455d-9213-3c5f6722b52f,c0282404-78ba-4e85-ad51-99f1d5b6b5b8,6268-4811-2085,4562-2686-5555,Canara Bank,CNRB0892934,Jaipur,Jaipur,Rajasthan,26.905921,75.818639,120819.39,2026-06-23T11:27:40,1,0
04abaa10-f2f2-4462-8b30-1a93ab23b2f8,c0282404-78ba-4e85-ad51-99f1d5b6b5b8,5646-4476-9638,4229-1813-9092,State Bank of India,SBIN0541699,Pune,Pune,Maharashtra,18.482326,73.851979,18284.24,2026-06-23T11:28:41,2,0
8de83258-1811-4873-89a1-16751125938f,c0282404-78ba-4e85-ad51-99f1d5b6b5b8,4562-2686-5555,6355-7272-4873,Federal Bank,FDRL0138805,Hyderabad,Hyderabad,Telangana,17.424583,78.528503,2120.78,2026-06-23T11:29:19,2,0
d4e6084c-8cb0-44ea-aa2b-0a64cfd93621,c0282404-78ba-4e85-ad51-99f1d5b6b5b8,4562-2686-5555,1348-5670-1292,Bank of Baroda,BARB0117062,Jaipur,Jaipur,Rajasthan,26.869345,75.746812,22328.09,2026-06-23T11:29:51,2,0
3a1a76db-c807-4dbb-a037-dd2d198c6349,c0282404-78ba-4e85-ad51-99f1d5b6b5b8,4562-2686-5555,1076-8565-5659,Canara Bank,CNRB0415619,Lucknow,Lucknow,Uttar Pradesh,26.824167,80.971569,96370.52,2026-06-23T11:31:12,2,0
a04b9331-c398-4eef-901f-fb51533f3929,c0282404-78ba-4e85-ad51-99f1d5b6b5b8,4229-1813-9092,1771-7444-5889,IDBI Bank,IBKL0989897,Chennai,Chennai,Tamil Nadu,13.088344,80.287119,16455.82,2026-06-23T11:33:15,3,1
f02d69f1-3f93-4012-8885-25ebfd6887f0,c0282404-78ba-4e85-ad51-99f1d5b6b5b8,1348-5670-1292,1771-7444-5889,IDBI Bank,IBKL0492068,Chennai,Chennai,Tamil Nadu,13.100208,80.25481,20095.28,2026-06-23T11:36:02,3,1
e5417096-5834-437e-af2e-1313c4f1fe53,c0282404-78ba-4e85-ad51-99f1d5b6b5b8,6355-7272-4873,1771-7444-5889,IDBI Bank,IBKL0150157,Chennai,Chennai,Tamil Nadu,13.095718,80.256249,1908.7,2026-06-23T11:37:30,3,1
14e861a6-c914-4c94-80b4-0f322c851ec6,c0282404-78ba-4e85-ad51-99f1d5b6b5b8,1076-8565-5659,1771-7444-5889,IDBI Bank,IBKL0820999,Chennai,Chennai,Tamil Nadu,13.09167,80.259754,86733.47,2026-06-23T11:39:11,3,1
0e21ac49-149e-4672-b425-a9f5dcb1002a,23829e63-90fd-46e1-baad-37202e0ee9dd,4131-7043-9807,1860-5254-1705,State Bank of India,SBIN0178687,Pune,Pune,Maharashtra,18.496773,73.875492,475684.39,2026-08-05T01:47:39,1,0
7d01a1e0-c818-426a-a5ee-ef5014be0a13,23829e63-90fd-46e1-baad-37202e0ee9dd,1860-5254-1705,5422-3790-3257,Federal Bank,FDRL0889614,Gurgaon,Gurugram,Haryana,28.467913,77.061615,203233.09,2026-08-05T01:48:29,2,0
e5199846-b787-4004-a598-e69115b5a214,23829e63-90fd-46e1-baad-37202e0ee9dd,1860-5254-1705,8548-2964-3069,Canara Bank,CNRB0568482,Jaipur,Jaipur,Rajasthan,26.929224,75.789476,272451.3,2026-08-05T01:49:56,2,0
62e08273-44ae-4444-bf0a-aacb808ede81,23829e63-90fd-46e1-baad-37202e0ee9dd,5422-3790-3257,9029-5596-6274,IDBI Bank,IBKL0336800,Chennai,Chennai,Tamil Nadu,13.04188,80.29732,203233.09,2026-08-05T01:54:13,3,0
9682f867-5b52-4306-a573-a1f8b781927b,23829e63-90fd-46e1-baad-37202e0ee9dd,9029-5596-6274,2356-6783-4971,IndusInd Bank,INDB0997437,Lucknow,Lucknow,Uttar Pradesh,26.817289,80.904002,203233.09,2026-08-05T01:58:01,4,1
a0d696e6-b9ac-431b-bdab-c8f68ecbb29f,2bb1030d-5b81-47d8-aeed-2ab5021bbd2c,1987-4481-1215,4541-8670-7308,Federal Bank,FDRL0897429,Bengaluru,Bengaluru Urban,Karnataka,13.016038,77.615451,208776.62,2026-07-20T00:07:30,1,0
f3749114-395a-4519-bfcd-66dd58cfa5d2,2bb1030d-5b81-47d8-aeed-2ab5021bbd2c,1987-4481-1215,4078-8989-2712,ICICI Bank,ICIC0629018,Bhopal,Bhopal,Madhya Pradesh,23.220466,77.375606,106349.42,2026-07-20T00:08:21,1,0
c05ffac7-c445-4cf8-a5bd-10fb463ce49f,2bb1030d-5b81-47d8-aeed-2ab5021bbd2c,1987-4481-1215,6577-4418-9644,Canara Bank,CNRB0750618,Chennai,Chennai,Tamil Nadu,13.084046,80.298702,173294.44,2026-07-20T00:08:54,1,0
93f36d92-04b9-47b8-88ab-ce0d4b0e462a,2bb1030d-5b81-47d8-aeed-2ab5021bbd2c,4541-8670-7308,2124-5552-7931,IndusInd Bank,INDB0705282,Pune,Pune,Maharashtra,18.535238,73.821429,208776.62,2026-07-20T00:09:34,2,0
231f9abd-fdde-481c-a9c5-785a475637b2,2bb1030d-5b81-47d8-aeed-2ab5021bbd2c,4078-8989-2712,2805-4941-1271,Kotak Mahindra Bank,KKBK0379714,Gurgaon,Gurugram,Haryana,28.412359,77.042789,106349.42,2026-07-20T00:11:01,2,0
8a7464ae-b1d3-4d5b-b3a6-8631e83c0460,2bb1030d-5b81-47d8-aeed-2ab5021bbd2c,6577-4418-9644,6766-5351-2938,ICICI Bank,ICIC0626584,Hyderabad,Hyderabad,Telangana,17.378085,78.470074,47656.5,2026-07-20T00:11:44,2,0
f02c06d1-ec57-43e4-ae56-46a3dc5ba08f,2bb1030d-5b81-47d8-aeed-2ab5021bbd2c,6577-4418-9644,2377-6806-8069,Punjab National Bank,PUNB0202564,Bengaluru,Bengaluru Urban,Karnataka,12.926513,77.582852,125637.94,2026-07-20T00:12:42,2,0
e410f8b0-fe43-44af-8f90-6bdb4fd7ffcf,2bb1030d-5b81-47d8-aeed-2ab5021bbd2c,2805-4941-1271,3894-5520-9676,UCO Bank,UCBA0554626,Chennai,Chennai,Tamil Nadu,13.067067,80.252695,95714.48,2026-07-20T00:14:48,3,1
8875e191-fd48-4961-94f8-c42f3ebeac08,2bb1030d-5b81-47d8-aeed-2ab5021bbd2c,2377-6806-8069,3894-5520-9676,UCO Bank,UCBA0216478,Chennai,Chennai,Tamil Nadu,13.071483,80.252826,113074.15,2026-07-20T00:16:19,3,1
76cb0002-96eb-4e79-8b77-f4f36ddb60dc,2bb1030d-5b81-47d8-aeed-2ab5021bbd2c,2124-5552-7931,3894-5520-9676,UCO Bank,UCBA0703172,Chennai,Chennai,Tamil Nadu,13.073347,80.253334,187898.96,2026-07-20T00:17:23,3,1
9b336950-2095-4541-ae71-b99b70c3b01d,2bb1030d-5b81-47d8-aeed-2ab5021bbd2c,6766-5351-2938,3894-5520-9676,UCO Bank,UCBA0388840,Chennai,Chennai,Tamil Nadu,13.071759,80.275509,42890.85,2026-07-20T00:18:35,3,1
4e0d0dd3-4c8d-45d3-9f05-1ac0808b606d,9bde5d52-ee06-44e3-b202-63d5daf75228,7421-7437-2659,5395-9112-4370,YES Bank,YESB0464519,Mumbai,Mumbai City,Maharashtra,19.08969,72.898285,183636.13,2026-06-28T09:57:16,1,0
a3bc07ad-38ac-4739-92a4-eb9ed698e5cb,9bde5d52-ee06-44e3-b202-63d5daf75228,5395-9112-4370,1050-2544-4032,South Indian Bank,SIBL0350210,Lucknow,Lucknow,Uttar Pradesh,26.813723,80.964344,22694.54,2026-06-28T09:58:40,2,0
ccd91709-5c6b-48e4-b0ae-9ae3f255f6c3,9bde5d52-ee06-44e3-b202-63d5daf75228,5395-9112-4370,9245-8811-6002,ICICI Bank,ICIC0577328,Bengaluru,Bengaluru Urban,Karnataka,12.935783,77.545873,160941.59,2026-06-28T09:59:20,2,0
72bfebd7-a0ed-400c-84e9-fa5815fa8c8e,9bde5d52-ee06-44e3-b202-63d5daf75228,9245-8811-6002,6473-1341-3908,South Indian Bank,SIBL0279018,Noida,Gautam Buddh Nagar,Uttar Pradesh,28.55342,77.426309,160941.59,2026-06-28T10:01:27,3,0
754a91da-0110-47a1-9f31-a8ad4ab4251e,9bde5d52-ee06-44e3-b202-63d5daf75228,6473-1341-3908,6769-8763-1016,Federal Bank,FDRL0595523,Mumbai,Mumbai City,Maharashtra,19.036939,72.909593,160941.59,2026-06-28T10:04:32,4,1
563e57d9-b804-4428-b8af-a2597de4361f,3f060e4f-3913-41ff-bc4f-3e896ed853d9,5762-4740-9606,3741-3401-2538,Punjab National Bank,PUNB0610125,Jaipur,Jaipur,Rajasthan,26.887754,75.783175,251427.96,2026-07-22T19:03:29,1,0
55b3ef1d-8165-4bc9-b493-6d86ab20c60e,3f060e4f-3913-41ff-bc4f-3e896ed853d9,5762-4740-9606,2638-5990-6499,Punjab National Bank,PUNB0449950,Lucknow,Lucknow,Uttar Pradesh,26.885837,80.973653,184945.08,2026-07-22T19:04:01,1,0
b6209db3-e4aa-4ad1-a571-2304b822a469,3f060e4f-3913-41ff-bc4f-3e896ed853d9,5762-4740-9606,8415-9039-6747,Kotak Mahindra Bank,KKBK0383049,Noida,Gautam Buddh Nagar,Uttar Pradesh,28.554078,77.413822,50902.95,2026-07-22T19:04:49,1,0
2e01d50b-10cd-42f6-88a8-ef7838dcb10a,3f060e4f-3913-41ff-bc4f-3e896ed853d9,3741-3401-2538,3423-7722-4608,ICICI Bank,ICIC0622014,Bengaluru,Bengaluru Urban,Karnataka,12.92469,77.602358,251427.96,2026-07-22T19:06:01,2,0
fc29de66-9b4b-4736-96aa-6d3be0e29cb4,3f060e4f-3913-41ff-bc4f-3e896ed853d9,2638-5990-6499,8056-6888-4380,South Indian Bank,SIBL0652501,Chennai,Chennai,Tamil Nadu,13.050195,80.311733,119246.73,2026-07-22T19:07:28,2,0
c73c05e1-cf01-4805-8e3d-c671478b835a,3f060e4f-3913-41ff-bc4f-3e896ed853d9,2638-5990-6499,2462-4175-7189,South Indian Bank,SIBL0510020,Bengaluru,Bengaluru Urban,Karnataka,12.980515,77.639127,40023.53,2026-07-22T19:08:20,2,0
2097744f-4cb0-4af6-a390-b699d5e7c9a6,3f060e4f-3913-41ff-bc4f-3e896ed853d9,2638-5990-6499,2768-5487-9927,Punjab National Bank,PUNB0143096,Mumbai,Mumbai City,Maharashtra,19.083952,72.897884,25674.83,2026-07-22T19:09:07,2,0
1b86c0f9-2e98-403a-b151-332a5351dd97,3f060e4f-3913-41ff-bc4f-3e896ed853d9,8415-9039-6747,3014-8101-8455,IndusInd Bank,INDB0648600,Gurgaon,Gurugram,Haryana,28.506167,77.03898,16388.28,2026-07-22T19:10:06,2,0
ab38bad0-2cf2-4041-89dc-89cbcb445fef,3f060e4f-3913-41ff-bc4f-3e896ed853d9,8415-9039-6747,6685-5725-2805,ICICI Bank,ICIC0610472,Pune,Pune,Maharashtra,18.499226,73.886679,11466.87,2026-07-22T19:11:18,2,0
6fdaf93d-7add-4326-bbfc-6445a012076b,3f060e4f-3913-41ff-bc4f-3e896ed853d9,8415-9039-6747,1136-9174-3410,Kotak Mahindra Bank,KKBK0327882,Delhi,Central Delhi,Delhi,28.592202,77.218307,23047.8,2026-07-22T19:11:48,2,0
aa0f2b82-9558-4077-9997-7f4174b0132a,3f060e4f-3913-41ff-bc4f-3e896ed853d9,2768-5487-9927,8050-6771-1010,State Bank of India,SBIN0467230,Pune,Pune,Maharashtra,18.535549,73.868111,23107.35,2026-07-22T19:13:05,3,1
b0435ff3-9db6-4821-80af-ab705e64d4e7,3f060e4f-3913-41ff-bc4f-3e896ed853d9,2462-4175-7189,8050-6771-1010,State Bank of India,SBIN0797644,Pune,Pune,Maharashtra,18.538741,73.85913,36021.18,2026-07-22T19:15:09,3,1
7b9393e7-0102-47ce-9a56-8c52f3183bb3,3f060e4f-3913-41ff-bc4f-3e896ed853d9,3423-7722-4608,8050-6771-1010,State Bank of India,SBIN0847841,Pune,Pune,Maharashtra,18.511227,73.876537,226285.16,2026-07-22T19:16:20,3,1
38aba1d9-e93e-487f-b79f-4b2bb786f41c,f515e47e-3936-4722-a804-7063e52fd6ec,8078-2322-5764,1526-8752-6810,YES Bank,YESB0767989,Jaipur,Jaipur,Rajasthan,26.901024,75.777211,289161.79,2026-07-14T15:22:50,1,0
6d9f2bef-723d-4938-b4ff-ec12a1421aa7,f515e47e-3936-4722-a804-7063e52fd6ec,1526-8752-6810,5280-5948-6091,UCO Bank,UCBA0811902,Hyderabad,Hyderabad,Telangana,17.422593,78.517138,289161.79,2026-07-14T15:23:31,2,0
144364e9-9564-4ec9-8fd0-7a568d27209c,f515e47e-3936-4722-a804-7063e52fd6ec,5280-5948-6091,5096-3223-7820,Axis Bank,UTIB0419811,Pune,Pune,Maharashtra,18.47896,73.863367,289161.79,2026-07-14T15:26:52,3,1
483a007c-6bda-4627-9027-b9f095edf0a7,475e5f82-c861-4025-874f-fc5624366c03,9942-4004-7159,2573-3270-9627,IDBI Bank,IBKL0591130,Bengaluru,Bengaluru Urban,Karnataka,12.957019,77.591255,10171.26,2026-07-15T10:49:22,1,0
83d94cc4-744a-4fd3-81c0-815184210674,475e5f82-c861-4025-874f-fc5624366c03,9942-4004-7159,8240-6132-9254,Kotak Mahindra Bank,KKBK0686058,Delhi,Central Delhi,Delhi,28.566542,77.235677,460655.22,2026-07-15T10:49:58,1,0
f2b332da-07d0-4fed-b7b8-fd5d3a945e19,475e5f82-c861-4025-874f-fc5624366c03,2573-3270-9627,3303-5954-4975,Union Bank of India,UBIN0233457,Bengaluru,Bengaluru Urban,Karnataka,12.983689,77.634591,10171.26,2026-07-15T10:51:05,2,0
dd3f18b5-266a-4eee-ab99-114f91e5398f,475e5f82-c861-4025-874f-fc5624366c03,8240-6132-9254,1877-7433-3063,YES Bank,YESB0643171,Bhopal,Bhopal,Madhya Pradesh,23.255922,77.368035,359993.15,2026-07-15T10:52:26,2,0
91bbb200-8da5-403a-ada1-11ee667e6e7e,475e5f82-c861-4025-874f-fc5624366c03,8240-6132-9254,7601-1097-8582,Punjab National Bank,PUNB0781448,Bhopal,Bhopal,Madhya Pradesh,23.220605,77.422034,100662.07,2026-07-15T10:52:59,2,0
9a58f1d5-9648-45a1-9bda-cd463753f884,475e5f82-c861-4025-874f-fc5624366c03,7601-1097-8582,1997-2989-9369,IDBI Bank,IBKL0835652,Lucknow,Lucknow,Uttar Pradesh,26.834903,80.931966,90595.86,2026-07-15T10:54:05,3,1
a187a632-7da1-49d3-8718-97b3253038fe,475e5f82-c861-4025-874f-fc5624366c03,1877-7433-3063,1997-2989-9369,IDBI Bank,IBKL0619364,Lucknow,Lucknow,Uttar Pradesh,26.832156,80.962002,323993.84,2026-07-15T10:56:39,3,1
9873faaf-65c7-485a-8f9e-767b5851ebab,475e5f82-c861-4025-874f-fc5624366c03,3303-5954-4975,1997-2989-9369,IDBI Bank,IBKL0993654,Lucknow,Lucknow,Uttar Pradesh,26.832891,80.95133,9154.13,2026-07-15T10:59:00,3,1
fa3ff1e9-90a8-40ea-8cb8-57c9057c540d,dc47d6a2-bdc5-4af5-8899-5b61e29401bc,8945-4288-2879,1000-3507-2983,HDFC Bank,HDFC0314217,Mumbai,Mumbai City,Maharashtra,19.036361,72.830166,290625.47,2026-08-04T17:08:41,1,0
fc1394f9-d6cd-4b07-93f9-b44832050835,dc47d6a2-bdc5-4af5-8899-5b61e29401bc,1000-3507-2983,8271-7401-1911,Federal Bank,FDRL0372914,Kolkata,Kolkata,West Bengal,22.604769,88.382032,79174.98,2026-08-04T17:10:04,2,0
a94f0f9f-a513-4dff-98e4-0fb069cd9869,dc47d6a2-bdc5-4af5-8899-5b61e29401bc,1000-3507-2983,2995-5913-7628,IndusInd Bank,INDB0229180,Ahmedabad,Ahmedabad,Gujarat,23.015735,72.58502,38179.4,2026-08-04T17:11:28,2,0
f3e48b2a-2915-4bc8-9e49-5a4a205fa3ba,dc47d6a2-bdc5-4af5-8899-5b61e29401bc,1000-3507-2983,8925-4015-4849,ICICI Bank,ICIC0880768,Bhopal,Bhopal,Madhya Pradesh,23.275647,77.379678,173271.09,2026-08-04T17:12:09,2,0
7f3ad62a-2838-4e37-b2e4-9215bcd97127,dc47d6a2-bdc5-4af5-8899-5b61e29401bc,2995-5913-7628,5742-2638-9076,Bank of Baroda,BARB0510191,Jaipur,Jaipur,Rajasthan,26.907833,75.799294,34361.46,2026-08-04T17:13:44,3,1
cbf52855-b7a7-400d-9838-f598acb09b1b,dc47d6a2-bdc5-4af5-8899-5b61e29401bc,8925-4015-4849,5742-2638-9076,Bank of Baroda,BARB0537147,Jaipur,Jaipur,Rajasthan,26.92494,75.773227,155943.98,2026-08-04T17:15:43,3,1
daded5d6-e361-4b06-8c40-d915b9ea854b,dc47d6a2-bdc5-4af5-8899-5b61e29401bc,8271-7401-1911,5742-2638-9076,Bank of Baroda,BARB0579285,Jaipur,Jaipur,Rajasthan,26.897205,75.782877,71257.48,2026-08-04T17:17:19,3,1
457daa26-2838-4ef3-8241-93d9cc2753c6,c7623aca-1e0e-4d35-9d03-385dc691d33b,5960-1558-8282,6811-3282-8666,Kotak Mahindra Bank,KKBK0109563,Pune,Pune,Maharashtra,18.568575,73.842475,63633.52,2026-08-12T06:55:29,1,0
8f75994f-3227-4024-8ba5-76f9b6139041,c7623aca-1e0e-4d35-9d03-385dc691d33b,6811-3282-8666,4453-6715-9602,IDBI Bank,IBKL0455772,Ahmedabad,Ahmedabad,Gujarat,23.018448,72.607266,19587.2,2026-08-12T06:56:40,2,0
7d6b4ded-1639-44bc-99db-e93df7d3bb44,c7623aca-1e0e-4d35-9d03-385dc691d33b,6811-3282-8666,7399-9405-2028,Punjab National Bank,PUNB0899652,Patna,Patna,Bihar,25.609944,85.179948,3011.46,2026-08-12T06:57:18,2,0
dfb7d321-dd69-47db-9b20-f19d8f5f30a0,c7623aca-1e0e-4d35-9d03-385dc691d33b,6811-3282-8666,3858-3480-6764,South Indian Bank,SIBL0776472,Bhopal,Bhopal,Madhya Pradesh,23.258274,77.458856,41034.86,2026-08-12T06:57:52,2,0
ab825e3e-a0e4-41d2-88cd-c8eb565d35fc,c7623aca-1e0e-4d35-9d03-385dc691d33b,3858-3480-6764,6309-6703-7615,HDFC Bank,HDFC0993419,Delhi,Central Delhi,Delhi,28.623215,77.198268,36931.37,2026-08-12T06:58:55,3,1
f4b2c379-9c71-4183-88d5-ec6c4cb19ddb,c7623aca-1e0e-4d35-9d03-385dc691d33b,7399-9405-2028,6309-6703-7615,HDFC Bank,HDFC0211380,Delhi,Central Delhi,Delhi,28.613877,77.216173,2710.31,2026-08-12T07:01:20,3,1
c2df73dc-ccd7-4dc2-99e8-49428c85fe02,c7623aca-1e0e-4d35-9d03-385dc691d33b,4453-6715-9602,6309-6703-7615,HDFC Bank,HDFC0896822,Delhi,Central Delhi,Delhi,28.603161,77.21987,17628.48,2026-08-12T07:03:01,3,1
a3a487a9-1d98-4e93-8403-1385fcee799d,2c274881-d6c4-47c7-9d74-f77ad8893c8d,2727-3850-7292,2054-2014-5103,YES Bank,YESB0735996,Bengaluru,Bengaluru Urban,Karnataka,12.984729,77.547546,166539.92,2026-06-27T22:29:45,1,0
8e7fc0b2-fda2-496d-aeee-8e9e0cd0d022,2c274881-d6c4-47c7-9d74-f77ad8893c8d,2727-3850-7292,2875-1613-2194,Bank of Baroda,BARB0832667,Noida,Gautam Buddh Nagar,Uttar Pradesh,28.530451,77.354322,288169.75,2026-06-27T22:30:06,1,0
9183aca6-3680-426f-9885-d751d9b1e2ad,2c274881-d6c4-47c7-9d74-f77ad8893c8d,2054-2014-5103,4272-4206-5136,Federal Bank,FDRL0947954,Kolkata,Kolkata,West Bengal,22.6016,88.322502,77336.36,2026-06-27T22:31:03,2,0
deb8af6c-d94b-4d44-9d29-9bf4c19b79e0,2c274881-d6c4-47c7-9d74-f77ad8893c8d,2054-2014-5103,9046-8168-5687,IndusInd Bank,INDB0200879,Jaipur,Jaipur,Rajasthan,26.882754,75.818301,56818.61,2026-06-27T22:31:34,2,0
e9bf87f7-6567-4fba-b7fa-e697b464b39d,2c274881-d6c4-47c7-9d74-f77ad8893c8d,2054-2014-5103,4694-4296-3655,State Bank of India,SBIN0912002,Bengaluru,Bengaluru Urban,Karnataka,12.962403,77.599258,32384.95,2026-06-27T22:33:01,2,0
3c2ab053-25de-4401-968b-711ec8edd29d,2c274881-d6c4-47c7-9d74-f77ad8893c8d,2875-1613-2194,6582-4036-9653,Axis Bank,UTIB0317553,Bhopal,Bhopal,Madhya Pradesh,23.266937,77.409973,288169.75,2026-06-27T22:34:02,2,0
b6044353-d2bf-4842-9362-04576d803dff,2c274881-d6c4-47c7-9d74-f77ad8893c8d,4694-4296-3655,8190-8004-7162,Federal Bank,FDRL0181939,Noida,Gautam Buddh Nagar,Uttar Pradesh,28.520588,77.39169,29146.46,2026-06-27T22:36:14,3,1
cee23fcf-24d5-4aa5-b5e4-ea97d18a3aa9,2c274881-d6c4-47c7-9d74-f77ad8893c8d,6582-4036-9653,8190-8004-7162,Federal Bank,FDRL0223655,Noida,Gautam Buddh Nagar,Uttar Pradesh,28.535448,77.373059,259352.78,2026-06-27T22:37:26,3,1
265e070a-5ed5-4795-9069-da8e85f2b05b,2c274881-d6c4-47c7-9d74-f77ad8893c8d,4272-4206-5136,8190-8004-7162,Federal Bank,FDRL0446994,Noida,Gautam Buddh Nagar,Uttar Pradesh,28.516402,77.403853,69602.72,2026-06-27T22:39:35,3,1
a266a247-5397-4b13-a078-200697fb5d56,2c274881-d6c4-47c7-9d74-f77ad8893c8d,9046-8168-5687,8190-8004-7162,Federal Bank,FDRL0968376,Noida,Gautam Buddh Nagar,Uttar Pradesh,28.525555,77.399131,51136.75,2026-06-27T22:41:12,3,1
c7fd9796-bd5b-4f61-9b43-6fb8d12b6b21,4a5a9090-5656-47b9-ae20-d1f68b84e5f4,3586-5719-2225,4955-9482-9192,IndusInd Bank,INDB0133842,Delhi,Central Delhi,Delhi,28.597705,77.185088,272561.01,2026-06-08T16:49:43,1,0
ed8c027b-7b22-431c-9c39-0bf6f833162d,4a5a9090-5656-47b9-ae20-d1f68b84e5f4,3586-5719-2225,6115-7540-1928,South Indian Bank,SIBL0162276,Patna,Patna,Bihar,25.558029,85.142309,203019.95,2026-06-08T16:50:14,1,0
52bb1bef-70e1-4868-84ca-e45c55e7adf3,4a5a9090-5656-47b9-ae20-d1f68b84e5f4,3586-5719-2225,9944-2816-8716,Bank of Baroda,BARB0894133,Chandigarh,Chandigarh,Chandigarh,30.749634,76.817227,4672.88,2026-06-08T16:51:10,1,0
52e1b170-5cfc-46c5-881d-1dd4deba0d69,4a5a9090-5656-47b9-ae20-d1f68b84e5f4,4955-9482-9192,9086-2194-1579,HDFC Bank,HDFC0727203,Hyderabad,Hyderabad,Telangana,17.408929,78.529636,272561.01,2026-06-08T16:52:02,2,0
070f0152-a586-460c-a15d-fab668814e6d,4a5a9090-5656-47b9-ae20-d1f68b84e5f4,6115-7540-1928,8844-3121-5432,Bank of Baroda,BARB0600792,Hyderabad,Hyderabad,Telangana,17.365342,78.521683,2508.35,2026-06-08T16:53:13,2,0
18b32f2b-4213-423c-a304-70e3e6baf452,4a5a9090-5656-47b9-ae20-d1f68b84e5f4,6115-7540-1928,1683-2704-1583,State Bank of India,SBIN0158045,Chandigarh,Chandigarh,Chandigarh,30.685935,76.807582,44340.54,2026-06-08T16:53:57,2,0
36e2aeef-cea3-45ca-a5e5-ec5752715531,4a5a9090-5656-47b9-ae20-d1f68b84e5f4,6115-7540-1928,9136-9316-4690,Union Bank of India,UBIN0497817,Ahmedabad,Ahmedabad,Gujarat,23.040694,72.595192,156171.05,2026-06-08T16:54:39,2,0
caaa918d-1c5c-45f6-8b3a-d74de29705c1,4a5a9090-5656-47b9-ae20-d1f68b84e5f4,9944-2816-8716,8899-1854-7342,HDFC Bank,HDFC0745559,Chandigarh,Chandigarh,Chandigarh,30.781553,76.766171,3756.44,2026-06-08T16:55:37,2,0
7896c4c0-964c-4867-8661-7dfff6c57d7a,4a5a9090-5656-47b9-ae20-d1f68b84e5f4,9944-2816-8716,7180-3051-8040,Bank of Baroda,BARB0160736,Hyderabad,Hyderabad,Telangana,17.358817,78.445899,140.31,2026-06-08T16:56:19,2,0
04903ed3-d1e4-477a-8bba-1bcf2d2200ba,4a5a9090-5656-47b9-ae20-d1f68b84e5f4,9944-2816-8716,7993-3257-2893,Axis Bank,UTIB0883785,Hyderabad,Hyderabad,Telangana,17.410257,78.517474,776.14,2026-06-08T16:56:49,2,0
8eff3f60-c930-45e8-8410-16f50984591c,4a5a9090-5656-47b9-ae20-d1f68b84e5f4,8899-1854-7342,2255-1928-3076,Kotak Mahindra Bank,KKBK0145843,Gurgaon,Gurugram,Haryana,28.452065,77.030697,3380.8,2026-06-08T16:58:25,3,1
5f5da474-5881-4f01-9a16-aee218bccad8,4a5a9090-5656-47b9-ae20-d1f68b84e5f4,9086-2194-1579,2255-1928-3076,Kotak Mahindra Bank,KKBK0356108,Gurgaon,Gurugram,Haryana,28.479424,77.011789,245304.91,2026-06-08T17:01:18,3,1
a9448dc9-dde8-4047-961a-3e5d2388db31,4a5a9090-5656-47b9-ae20-d1f68b84e5f4,7180-3051-8040,2255-1928-3076,Kotak Mahindra Bank,KKBK0601954,Gurgaon,Gurugram,Haryana,28.465803,77.032864,126.28,2026-06-08T17:03:08,3,1
d80f68cf-fba4-4935-808e-14819827396a,4a5a9090-5656-47b9-ae20-d1f68b84e5f4,8844-3121-5432,2255-1928-3076,Kotak Mahindra Bank,KKBK0362352,Gurgaon,Gurugram,Haryana,28.477035,77.014834,2257.52,2026-06-08T17:04:17,3,1
5381ea48-b993-43ae-8a3d-3458311dec72,4a5a9090-5656-47b9-ae20-d1f68b84e5f4,7993-3257-2893,2255-1928-3076,Kotak Mahindra Bank,KKBK0870932,Gurgaon,Gurugram,Haryana,28.472037,77.042506,698.53,2026-06-08T17:06:47,3,1
c431fa7e-5bd6-42e7-a749-ea34d058dc31,02544344-1314-4782-bc0b-a3bc35f09e73,8266-5959-7011,5795-5001-9631,South Indian Bank,SIBL0839772,Hyderabad,Hyderabad,Telangana,17.430056,78.485321,10177.71,2026-07-22T15:50:43,1,0
16eac783-cc40-4fe1-902a-d8bb90bdbb3b,02544344-1314-4782-bc0b-a3bc35f09e73,8266-5959-7011,5383-6224-9870,Axis Bank,UTIB0243792,Chandigarh,Chandigarh,Chandigarh,30.767443,76.781499,74372.65,2026-07-22T15:50:58,1,0
475086c8-22dc-4dba-9d31-e434ad725752,02544344-1314-4782-bc0b-a3bc35f09e73,8266-5959-7011,9248-2710-1884,IDBI Bank,IBKL0321007,Kolkata,Kolkata,West Bengal,22.534875,88.386391,39182.9,2026-07-22T15:51:27,1,0
5aaa1853-9796-4394-b910-4eb3954c96d7,02544344-1314-4782-bc0b-a3bc35f09e73,5795-5001-9631,1587-4851-8213,YES Bank,YESB0219787,Chennai,Chennai,Tamil Nadu,13.034829,80.304333,10177.71,2026-07-22T15:52:38,2,0
d2e68730-0e72-4487-8f23-461edd5b9f38,02544344-1314-4782-bc0b-a3bc35f09e73,5383-6224-9870,5554-7294-5921,UCO Bank,UCBA0619419,Hyderabad,Hyderabad,Telangana,17.336885,78.474959,55210.95,2026-07-22T15:54:02,2,0
605df4e6-5180-4134-af74-88fba00f7547,02544344-1314-4782-bc0b-a3bc35f09e73,5383-6224-9870,2384-1978-5572,State Bank of India,SBIN0315723,Mumbai,Mumbai City,Maharashtra,19.063933,72.893693,19161.7,2026-07-22T15:55:00,2,0
a2323a94-793d-480f-9b8c-57fecfb6f0c5,02544344-1314-4782-bc0b-a3bc35f09e73,9248-2710-1884,1856-5999-1512,State Bank of India,SBIN0861042,Bengaluru,Bengaluru Urban,Karnataka,13.004524,77.588008,22989.92,2026-07-22T15:56:18,2,0
393f4d38-2646-4796-bd3c-624194c1c166,02544344-1314-4782-bc0b-a3bc35f09e73,9248-2710-1884,9872-6698-1425,YES Bank,YESB0871137,Lucknow,Lucknow,Uttar Pradesh,26.87194,80.97694,13703.34,2026-07-22T15:57:15,2,0
02e53059-8b77-4177-91fa-1565371768bd,02544344-1314-4782-bc0b-a3bc35f09e73,9248-2710-1884,6508-5301-4547,Canara Bank,CNRB0810902,Lucknow,Lucknow,Uttar Pradesh,26.825442,80.995289,2489.64,2026-07-22T15:58:20,2,0
107b5ab1-7f9d-4254-8c8a-8e34ecdb3b9e,02544344-1314-4782-bc0b-a3bc35f09e73,1856-5999-1512,8656-4903-3160,South Indian Bank,SIBL0938429,Delhi,Central Delhi,Delhi,28.621204,77.199976,20690.93,2026-07-22T15:59:55,3,1
80650277-ab73-431f-9932-5c5e36261f37,02544344-1314-4782-bc0b-a3bc35f09e73,6508-5301-4547,8656-4903-3160,South Indian Bank,SIBL0908807,Delhi,Central Delhi,Delhi,28.615612,77.202501,2240.68,2026-07-22T16:01:26,3,1
17c73986-6335-4593-87ef-70998edba436,02544344-1314-4782-bc0b-a3bc35f09e73,2384-1978-5572,8656-4903-3160,South Indian Bank,SIBL0140481,Delhi,Central Delhi,Delhi,28.618522,77.203468,17245.53,2026-07-22T16:03:16,3,1
975f50a4-8570-4af5-93f5-893c11c20157,02544344-1314-4782-bc0b-a3bc35f09e73,1587-4851-8213,8656-4903-3160,South Indian Bank,SIBL0362682,Delhi,Central Delhi,Delhi,28.625197,77.22141,9159.94,2026-07-22T16:05:40,3,1
0201e533-bac0-45f7-b1bf-f7d8ff24c03c,02544344-1314-4782-bc0b-a3bc35f09e73,5554-7294-5921,8656-4903-3160,South Indian Bank,SIBL0112938,Delhi,Central Delhi,Delhi,28.598872,77.211738,49689.86,2026-07-22T16:07:57,3,1
0f4b7ef9-1dd0-4741-aee4-471a3752d499,4c31755d-040b-40e2-b0c1-3ee89e71e264,5333-3929-8271,1282-8207-1145,IndusInd Bank,INDB0683646,Bhopal,Bhopal,Madhya Pradesh,23.231684,77.368458,129283.01,2026-06-02T05:40:33,1,0
024b89ac-54f7-4d19-9e31-bbadd2e6e5bd,4c31755d-040b-40e2-b0c1-3ee89e71e264,5333-3929-8271,8642-1606-6877,Punjab National Bank,PUNB0739975,Chandigarh,Chandigarh,Chandigarh,30.738445,76.824729,108323.67,2026-06-02T05:40:48,1,0
cd40e121-1394-4dd1-bc3d-b213200dc4e2,4c31755d-040b-40e2-b0c1-3ee89e71e264,1282-8207-1145,3945-5227-5524,IndusInd Bank,INDB0254037,Gurgaon,Gurugram,Haryana,28.496624,77.042198,76190.53,2026-06-02T05:41:32,2,0
a75d953a-2169-47a4-9838-007a06b7f318,4c31755d-040b-40e2-b0c1-3ee89e71e264,1282-8207-1145,5252-9108-3084,HDFC Bank,HDFC0140372,Jaipur,Jaipur,Rajasthan,26.880826,75.787972,53092.48,2026-06-02T05:42:16,2,0
e150c6cc-ffd8-4dd7-81c3-680d615787a6,4c31755d-040b-40e2-b0c1-3ee89e71e264,8642-1606-6877,6199-1687-4734,IndusInd Bank,INDB0999143,Bhopal,Bhopal,Madhya Pradesh,23.294841,77.416644,38583.16,2026-06-02T05:42:47,2,0
d8fe9766-4983-4000-87d3-0d615b9165e8,4c31755d-040b-40e2-b0c1-3ee89e71e264,8642-1606-6877,1996-5244-5217,UCO Bank,UCBA0466718,Mumbai,Mumbai City,Maharashtra,19.036916,72.878394,69740.51,2026-06-02T05:43:19,2,0
8d3f6422-504f-4e5d-b902-117ad120891b,4c31755d-040b-40e2-b0c1-3ee89e71e264,3945-5227-5524,6337-7084-7815,HDFC Bank,HDFC0396835,Jaipur,Jaipur,Rajasthan,26.898123,75.780362,68571.48,2026-06-02T05:45:13,3,1
2b4daec9-3923-45c5-9aa9-fb9a0ec5909b,4c31755d-040b-40e2-b0c1-3ee89e71e264,1996-5244-5217,6337-7084-7815,HDFC Bank,HDFC0477788,Jaipur,Jaipur,Rajasthan,26.905799,75.783626,62766.46,2026-06-02T05:47:53,3,1
5d2b77f5-a446-482e-b370-6a42a007f847,4c31755d-040b-40e2-b0c1-3ee89e71e264,6199-1687-4734,6337-7084-7815,HDFC Bank,HDFC0492917,Jaipur,Jaipur,Rajasthan,26.911227,75.80624,34724.84,2026-06-02T05:50:16,3,1
01a60ff4-525f-485e-918d-3de471fe95cd,86f14385-f384-4662-929c-353f299453d1,3626-7034-1730,3458-1418-2740,YES Bank,YESB0632867,Lucknow,Lucknow,Uttar Pradesh,26.875047,80.967484,279486.55,2026-08-14T13:22:31,1,0
a1210925-3367-43a0-a361-4f845fa9bd09,86f14385-f384-4662-929c-353f299453d1,3626-7034-1730,4464-6129-9368,Canara Bank,CNRB0710990,Bhopal,Bhopal,Madhya Pradesh,23.21316,77.435226,182849.42,2026-08-14T13:22:54,1,0
de48bd7c-16c8-48ef-8fa6-1ee333a9a854,86f14385-f384-4662-929c-353f299453d1,3458-1418-2740,2285-2266-4679,IDBI Bank,IBKL0988767,Noida,Gautam Buddh Nagar,Uttar Pradesh,28.573348,77.420821,89941.85,2026-08-14T13:23:58,2,0
ce0ecb2d-60c6-4b94-9cf6-e9e41416a6cf,86f14385-f384-4662-929c-353f299453d1,3458-1418-2740,9249-9982-7849,Kotak Mahindra Bank,KKBK0649923,Jaipur,Jaipur,Rajasthan,26.914434,75.768994,189544.7,2026-08-14T13:25:06,2,0
7c9174b4-142e-474b-964b-c6cdfb7b2b7c,86f14385-f384-4662-929c-353f299453d1,4464-6129-9368,5801-4998-6385,YES Bank,YESB0479547,Patna,Patna,Bihar,25.567189,85.119082,182849.42,2026-08-14T13:25:51,2,0
b8508faf-1d45-4e5c-a99e-1bb8b54ca381,86f14385-f384-4662-929c-353f299453d1,5801-4998-6385,7716-6929-2305,Bank of Baroda,BARB0180157,Kolkata,Kolkata,West Bengal,22.589185,88.370033,164564.48,2026-08-14T13:27:55,3,1
d978a669-ec85-4daf-abf4-72957685ad43,86f14385-f384-4662-929c-353f299453d1,2285-2266-4679,7716-6929-2305,Bank of Baroda,BARB0341539,Kolkata,Kolkata,West Bengal,22.570559,88.360654,80947.67,2026-08-14T13:30:12,3,1
25a9e61b-1480-4bb4-8ff9-43aa36705ae6,86f14385-f384-4662-929c-353f299453d1,9249-9982-7849,7716-6929-2305,Bank of Baroda,BARB0968033,Kolkata,Kolkata,West Bengal,22.585671,88.348911,170590.23,2026-08-14T13:32:24,3,1
e1691c5b-d414-4770-8fed-f21f18ab8a2b,3ef33c17-7b8f-47c7-9b71-09ac3e14eaf4,5013-7678-3263,5264-5700-6596,UCO Bank,UCBA0763360,Chennai,Chennai,Tamil Nadu,13.120844,80.24051,3874.64,2026-06-13T12:47:58,1,0
5ade8a6b-f9f3-4781-b3b8-fe9d3738f94c,3ef33c17-7b8f-47c7-9b71-09ac3e14eaf4,5013-7678-3263,6142-2932-2335,South Indian Bank,SIBL0116265,Chennai,Chennai,Tamil Nadu,13.049377,80.262563,86298.5,2026-06-13T12:48:19,1,0
1b452d55-3745-468f-ad4b-c783699de3b6,3ef33c17-7b8f-47c7-9b71-09ac3e14eaf4,5013-7678-3263,7692-7898-9274,Union Bank of India,UBIN0592684,Lucknow,Lucknow,Uttar Pradesh,26.870985,80.90884,26107.54,2026-06-13T12:49:17,1,0
51df47cc-1b19-46e3-a65c-bab520456e19,3ef33c17-7b8f-47c7-9b71-09ac3e14eaf4,5264-5700-6596,8068-1392-3735,ICICI Bank,ICIC0655021,Kolkata,Kolkata,West Bengal,22.614462,88.404326,3874.64,2026-06-13T12:49:51,2,0
b041c1ae-c734-4d98-a86e-c13d926e0405,3ef33c17-7b8f-47c7-9b71-09ac3e14eaf4,6142-2932-2335,3088-7591-4955,Federal Bank,FDRL0452993,Chandigarh,Chandigarh,Chandigarh,30.742448,76.791063,16311.98,2026-06-13T12:51:18,2,0
f78d1768-46a2-4033-b404-03bbb6b076cb,3ef33c17-7b8f-47c7-9b71-09ac3e14eaf4,6142-2932-2335,5806-2950-6518,State Bank of India,SBIN0874633,Noida,Gautam Buddh Nagar,Uttar Pradesh,28.577572,77.435992,69986.52,2026-06-13T12:52:34,2,0
8af4eea3-605d-4a10-8b25-b25ce155659f,3ef33c17-7b8f-47c7-9b71-09ac3e14eaf4,7692-7898-9274,8368-8138-5739,YES Bank,YESB0959943,Ahmedabad,Ahmedabad,Gujarat,23.066162,72.529779,17874.35,2026-06-13T12:53:50,2,0
4f84edff-132f-4fe5-ac9b-aaa72583e27c,3ef33c17-7b8f-47c7-9b71-09ac3e14eaf4,7692-7898-9274,8816-3205-4005,State Bank of India,SBIN0721856,Ahmedabad,Ahmedabad,Gujarat,23.009487,72.58634,8233.19,2026-06-13T12:55:17,2,0
7082f23a-e38d-4c0e-9e28-67eec43041d1,3ef33c17-7b8f-47c7-9b71-09ac3e14eaf4,5806-2950-6518,2587-4805-5871,Kotak Mahindra Bank,KKBK0691534,Bengaluru,Bengaluru Urban,Karnataka,12.972307,77.595608,62987.87,2026-06-13T12:56:23,3,1
38a553c3-0813-47d0-b0f1-94e49942d51e,3ef33c17-7b8f-47c7-9b71-09ac3e14eaf4,8368-8138-5739,2587-4805-5871,Kotak Mahindra Bank,KKBK0985066,Bengaluru,Bengaluru Urban,Karnataka,12.988722,77.58601,16086.92,2026-06-13T12:58:28,3,1
c6a70acc-2334-4c09-945d-1f8367eec6f5,3ef33c17-7b8f-47c7-9b71-09ac3e14eaf4,8068-1392-3735,2587-4805-5871,Kotak Mahindra Bank,KKBK0434053,Bengaluru,Bengaluru Urban,Karnataka,12.981892,77.612741,3487.18,2026-06-13T13:00:17,3,1
6bd118da-216d-400d-aa3c-9036d2526a0e,3ef33c17-7b8f-47c7-9b71-09ac3e14eaf4,3088-7591-4955,2587-4805-5871,Kotak Mahindra Bank,KKBK0953527,Bengaluru,Bengaluru Urban,Karnataka,12.989402,77.609895,14680.78,2026-06-13T13:01:22,3,1
f6a4d185-21da-4ee4-8142-a60b3218486f,796866d5-c371-4cba-bbae-0bd8a5d82ebd,8053-9505-5558,6150-2629-6690,Axis Bank,UTIB0277545,Chandigarh,Chandigarh,Chandigarh,30.712148,76.821169,24330.28,2026-07-26T20:09:51,1,0
d4e99097-82a0-4fb1-952e-234b2fd71953,796866d5-c371-4cba-bbae-0bd8a5d82ebd,8053-9505-5558,5666-3713-2942,YES Bank,YESB0342928,Noida,Gautam Buddh Nagar,Uttar Pradesh,28.552143,77.3551,224743.08,2026-07-26T20:10:39,1,0
559c0e70-0a5d-4571-8595-266fbd5df81e,796866d5-c371-4cba-bbae-0bd8a5d82ebd,8053-9505-5558,5716-5486-8973,Union Bank of India,UBIN0633408,Bhopal,Bhopal,Madhya Pradesh,23.285386,77.365335,148277.79,2026-07-26T20:11:02,1,0
8444f555-c3fb-4c8a-a606-44b7ccdf4f3b,796866d5-c371-4cba-bbae-0bd8a5d82ebd,6150-2629-6690,9844-9813-4197,Kotak Mahindra Bank,KKBK0962347,Bhopal,Bhopal,Madhya Pradesh,23.212478,77.382914,24330.28,2026-07-26T20:11:32,2,0
ff25b42b-d3df-4342-a5ec-96f74f0cd331,796866d5-c371-4cba-bbae-0bd8a5d82ebd,5666-3713-2942,7987-8288-9534,Canara Bank,CNRB0375834,Chennai,Chennai,Tamil Nadu,13.041386,80.234382,80607.25,2026-07-26T20:12:58,2,0
985af8fe-5492-4fb9-93ef-92ea01b5b7ef,796866d5-c371-4cba-bbae-0bd8a5d82ebd,5666-3713-2942,3067-8435-5832,IDBI Bank,IBKL0222119,Jaipur,Jaipur,Rajasthan,26.959244,75.817664,39998.93,2026-07-26T20:13:45,2,0
a3c699c0-be20-40ae-b483-fbe7850883fd,796866d5-c371-4cba-bbae-0bd8a5d82ebd,5666-3713-2942,2795-2965-8281,YES Bank,YESB0862693,Mumbai,Mumbai City,Maharashtra,19.033435,72.843373,104136.9,2026-07-26T20:15:02,2,0
6dae5d8c-1c89-4432-ac2e-114ec712e61d,796866d5-c371-4cba-bbae-0bd8a5d82ebd,5716-5486-8973,5523-8429-9402,HDFC Bank,HDFC0839354,Chandigarh,Chandigarh,Chandigarh,30.76272,76.761153,73210.47,2026-07-26T20:15:59,2,0
8f69de38-856e-4162-8d19-14491dd26a07,796866d5-c371-4cba-bbae-0bd8a5d82ebd,5716-5486-8973,2213-6157-1628,Union Bank of India,UBIN0978323,Jaipur,Jaipur,Rajasthan,26.950157,75.740864,75067.32,2026-07-26T20:17:22,2,0
5f919b43-e63a-4584-b352-4d1783f4d77f,796866d5-c371-4cba-bbae-0bd8a5d82ebd,2213-6157-1628,4607-4205-5346,Kotak Mahindra Bank,KKBK0953403,Gurgaon,Gurugram,Haryana,28.446984,77.026469,67560.59,2026-07-26T20:19:24,3,1
31060fbc-ba96-4aa3-854a-f2135a66de05,796866d5-c371-4cba-bbae-0bd8a5d82ebd,9844-9813-4197,4607-4205-5346,Kotak Mahindra Bank,KKBK0308218,Gurgaon,Gurugram,Haryana,28.464891,77.010148,21897.25,2026-07-26T20:20:40,3,1
4db02233-475a-4b9c-8ed9-06f5b233a761,796866d5-c371-4cba-bbae-0bd8a5d82ebd,7987-8288-9534,4607-4205-5346,Kotak Mahindra Bank,KKBK0998794,Gurgaon,Gurugram,Haryana,28.468431,77.015168,72546.53,2026-07-26T20:22:46,3,1
30051a5e-2fee-4a73-a340-603cf4d98f4f,796866d5-c371-4cba-bbae-0bd8a5d82ebd,5523-8429-9402,4607-4205-5346,Kotak Mahindra Bank,KKBK0170528,Gurgaon,Gurugram,Haryana,28.459128,77.031049,65889.42,2026-07-26T20:24:41,3,1
6523bfa9-7fb0-4a73-bbc9-89b17b7af3b2,796866d5-c371-4cba-bbae-0bd8a5d82ebd,2795-2965-8281,4607-4205-5346,Kotak Mahindra Bank,KKBK0286767,Gurgaon,Gurugram,Haryana,28.441053,77.034119,93723.21,2026-07-26T20:27:11,3,1
c5899678-c663-49e0-8275-02e42285bc6a,dd6bbd63-b949-4585-a0e8-d172759c7959,4845-6713-8933,3950-5916-4799,Punjab National Bank,PUNB0329565,Noida,Gautam Buddh Nagar,Uttar Pradesh,28.496737,77.42909,262912.73,2026-08-06T00:07:17,1,0
398bd26f-231e-4614-b5a6-c864ea907edd,dd6bbd63-b949-4585-a0e8-d172759c7959,4845-6713-8933,5786-8947-9031,YES Bank,YESB0539976,Pune,Pune,Maharashtra,18.567336,73.83924,64906.27,2026-08-06T00:08:15,1,0
5d2dcb3e-a9af-457a-ae6e-bffa862f08d5,dd6bbd63-b949-4585-a0e8-d172759c7959,4845-6713-8933,7425-6851-9903,Canara Bank,CNRB0284753,Noida,Gautam Buddh Nagar,Uttar Pradesh,28.531974,77.372891,18076.61,2026-08-06T00:09:07,1,0
21653e28-19d5-4b0b-8e59-37d4c9b6e989,dd6bbd63-b949-4585-a0e8-d172759c7959,3950-5916-4799,6694-7522-3098,South Indian Bank,SIBL0980930,Chennai,Chennai,Tamil Nadu,13.113172,80.269617,262912.73,2026-08-06T00:10:26,2,0
931474fb-ca0d-4967-802c-e448f649e651,dd6bbd63-b949-4585-a0e8-d172759c7959,5786-8947-9031,4847-1474-5766,Federal Bank,FDRL0528873,Patna,Patna,Bihar,25.55018,85.16478,1319.81,2026-08-06T00:11:52,2,0
2252a682-0f71-4d1e-b951-bc0fbf4e7621,dd6bbd63-b949-4585-a0e8-d172759c7959,5786-8947-9031,5389-9314-4524,IndusInd Bank,INDB0531204,Bengaluru,Bengaluru Urban,Karnataka,12.960738,77.588795,63586.46,2026-08-06T00:12:38,2,0
cd9bd602-90d8-4e9a-aa2d-a63951a5b1d8,dd6bbd63-b949-4585-a0e8-d172759c7959,7425-6851-9903,5271-1895-5396,Federal Bank,FDRL0423496,Delhi,Central Delhi,Delhi,28.608664,77.181131,8007.71,2026-08-06T00:13:48,2,0
fcf58d3e-37a9-4b99-b292-5cd79ed68324,dd6bbd63-b949-4585-a0e8-d172759c7959,7425-6851-9903,8954-4587-6567,ICICI Bank,ICIC0316217,Kolkata,Kolkata,West Bengal,22.600555,88.324932,10068.9,2026-08-06T00:15:14,2,0
99855473-0a55-41d1-8dc5-693d2d75d48a,dd6bbd63-b949-4585-a0e8-d172759c7959,8954-4587-6567,7212-2478-6460,South Indian Bank,SIBL0903222,Bengaluru,Bengaluru Urban,Karnataka,12.973716,77.600797,9062.01,2026-08-06T00:17:52,3,1
46bf8b0d-0a04-461d-8b67-953ff146fcf2,dd6bbd63-b949-4585-a0e8-d172759c7959,5389-9314-4524,7212-2478-6460,South Indian Bank,SIBL0320686,Bengaluru,Bengaluru Urban,Karnataka,12.966084,77.582538,57227.81,2026-08-06T00:19:58,3,1
aaf20078-721d-4a7b-aff4-5e4f7cd6a1d2,dd6bbd63-b949-4585-a0e8-d172759c7959,6694-7522-3098,7212-2478-6460,South Indian Bank,SIBL0978862,Bengaluru,Bengaluru Urban,Karnataka,12.973028,77.608989,236621.46,2026-08-06T00:21:18,3,1
08e54423-7e9e-4eae-bb72-c83f82962f11,dd6bbd63-b949-4585-a0e8-d172759c7959,5271-1895-5396,7212-2478-6460,South Indian Bank,SIBL0404283,Bengaluru,Bengaluru Urban,Karnataka,12.983651,77.611026,7206.94,2026-08-06T00:22:47,3,1
acc6b649-8532-4fb9-8c8c-38d17411ac5b,dd6bbd63-b949-4585-a0e8-d172759c7959,4847-1474-5766,7212-2478-6460,South Indian Bank,SIBL0533476,Bengaluru,Bengaluru Urban,Karnataka,12.960225,77.603933,1187.83,2026-08-06T00:24:29,3,1
e8d3b5e7-241e-4ad5-ba24-e474629f708d,313089c7-2e12-4743-b5b3-d9f186b51a82,1591-1328-9627,9216-7519-8944,ICICI Bank,ICIC0416110,Pune,Pune,Maharashtra,18.472824,73.869856,44818.72,2026-06-02T22:28:20,1,0
9d058de3-4689-4069-b3ed-be1c0dee6ef9,313089c7-2e12-4743-b5b3-d9f186b51a82,9216-7519-8944,5051-1553-5463,HDFC Bank,HDFC0857190,Kolkata,Kolkata,West Bengal,22.592949,88.387164,26783.22,2026-06-02T22:28:54,2,0
af9bf18d-cee1-4052-9b5e-e58ab5db0a72,313089c7-2e12-4743-b5b3-d9f186b51a82,9216-7519-8944,3025-7190-7565,State Bank of India,SBIN0970581,Lucknow,Lucknow,Uttar Pradesh,26.85087,80.988097,16396.91,2026-06-02T22:29:25,2,0
7944e243-2930-4ac8-bce6-72a3bec7063d,313089c7-2e12-4743-b5b3-d9f186b51a82,9216-7519-8944,3149-5423-2391,IDBI Bank,IBKL0931122,Ahmedabad,Ahmedabad,Gujarat,23.011612,72.604547,1638.6,2026-06-02T22:30:01,2,0
f4e44d7a-00ca-4ed3-8792-51a4b5e59544,313089c7-2e12-4743-b5b3-d9f186b51a82,3025-7190-7565,5950-5490-8518,Axis Bank,UTIB0787919,Noida,Gautam Buddh Nagar,Uttar Pradesh,28.538548,77.386063,14757.22,2026-06-02T22:31:34,3,1
05074b08-7b22-457a-bbd4-00fdca342187,313089c7-2e12-4743-b5b3-d9f186b51a82,3149-5423-2391,5950-5490-8518,Axis Bank,UTIB0197582,Noida,Gautam Buddh Nagar,Uttar Pradesh,28.52439,77.387253,1474.74,2026-06-02T22:33:28,3,1
145a867b-3ff8-40c4-92a6-3f46ad9eb658,313089c7-2e12-4743-b5b3-d9f186b51a82,5051-1553-5463,5950-5490-8518,Axis Bank,UTIB0606828,Noida,Gautam Buddh Nagar,Uttar Pradesh,28.526877,77.399115,24104.9,2026-06-02T22:35:03,3,1
ebcb7196-3c6b-4408-988b-85c77575e9d7,85a752ca-4662-49aa-9929-9addf457e724,5007-7265-1282,7449-7106-9955,State Bank of India,SBIN0908667,Hyderabad,Hyderabad,Telangana,17.358212,78.473682,38603.88,2026-08-03T12:51:48,1,0
ccd576c0-f5a1-491a-878f-c925565cafaf,85a752ca-4662-49aa-9929-9addf457e724,5007-7265-1282,2774-8409-4671,HDFC Bank,HDFC0425698,Jaipur,Jaipur,Rajasthan,26.895644,75.818268,79713.71,2026-08-03T12:52:34,1,0
c4f4db85-193f-4721-a205-1911ed7219ba,85a752ca-4662-49aa-9929-9addf457e724,7449-7106-9955,2562-3773-4402,Kotak Mahindra Bank,KKBK0362111,Ahmedabad,Ahmedabad,Gujarat,22.980889,72.56172,38603.88,2026-08-03T12:53:59,2,0
f78732e6-ef4c-4a39-a8a2-6254542c2106,85a752ca-4662-49aa-9929-9addf457e724,2774-8409-4671,9575-4808-1965,IDBI Bank,IBKL0974851,Bengaluru,Bengaluru Urban,Karnataka,12.936661,77.576744,36984.93,2026-08-03T12:54:48,2,0
4c963a61-b743-4540-8d0d-1dbdd3e0adb0,85a752ca-4662-49aa-9929-9addf457e724,2774-8409-4671,9084-5129-7747,UCO Bank,UCBA0105842,Hyderabad,Hyderabad,Telangana,17.361814,78.457622,42728.78,2026-08-03T12:55:54,2,0
b6befb2e-4265-48fd-a469-3c862a147b83,85a752ca-4662-49aa-9929-9addf457e724,9084-5129-7747,4862-6272-8559,IDBI Bank,IBKL0681757,Chennai,Chennai,Tamil Nadu,13.097046,80.29041,38455.9,2026-08-03T12:57:59,3,1
22a4b118-f729-4e45-b9cc-2dccac3b9bfa,85a752ca-4662-49aa-9929-9addf457e724,9575-4808-1965,4862-6272-8559,IDBI Bank,IBKL0210146,Chennai,Chennai,Tamil Nadu,13.079728,80.2538,33286.44,2026-08-03T12:59:09,3,1
bbab0af8-0649-4501-92df-a7d299086317,85a752ca-4662-49aa-9929-9addf457e724,2562-3773-4402,4862-6272-8559,IDBI Bank,IBKL0893653,Chennai,Chennai,Tamil Nadu,13.063245,80.271498,34743.49,2026-08-03T13:00:25,3,1
02285e06-a021-41bd-9934-74b2395da701,8742c84c-b560-41e9-ba22-94193fce509f,3722-4233-8169,1639-7949-9113,IndusInd Bank,INDB0650071,Patna,Patna,Bihar,25.592819,85.162499,237897.91,2026-08-01T07:43:37,1,0
013daaeb-e41e-4065-a408-d2069779c32a,8742c84c-b560-41e9-ba22-94193fce509f,1639-7949-9113,7850-7543-1151,UCO Bank,UCBA0489684,Chandigarh,Chandigarh,Chandigarh,30.739681,76.745995,159638.01,2026-08-01T07:44:27,2,0
d144b24e-2c30-4acf-9908-efff5a39e997,8742c84c-b560-41e9-ba22-94193fce509f,1639-7949-9113,5861-2926-8134,Union Bank of India,UBIN0314393,Jaipur,Jaipur,Rajasthan,26.942681,75.8325,29142.71,2026-08-01T07:45:15,2,0
b9f30c15-95ce-4be7-964a-bc89e6e331c7,8742c84c-b560-41e9-ba22-94193fce509f,1639-7949-9113,5820-5441-9560,Union Bank of India,UBIN0363443,Ahmedabad,Ahmedabad,Gujarat,23.019711,72.542462,49117.19,2026-08-01T07:46:08,2,0
918690ea-5688-4f7d-a306-00ed0177952a,8742c84c-b560-41e9-ba22-94193fce509f,5820-5441-9560,9591-8763-1160,Bank of Baroda,BARB0257652,Hyderabad,Hyderabad,Telangana,17.38382,78.506432,44205.47,2026-08-01T07:47:30,3,1
1daedb65-92ca-4e14-96e2-ef5c79acf343,8742c84c-b560-41e9-ba22-94193fce509f,7850-7543-1151,9591-8763-1160,Bank of Baroda,BARB0426988,Hyderabad,Hyderabad,Telangana,17.393059,78.474671,143674.21,2026-08-01T07:48:30,3,1
46aaa021-eb1b-4b25-95a0-69934c8790db,8742c84c-b560-41e9-ba22-94193fce509f,5861-2926-8134,9591-8763-1160,Bank of Baroda,BARB0663852,Hyderabad,Hyderabad,Telangana,17.383344,78.470489,26228.44,2026-08-01T07:49:42,3,1
b4e25ab1-326e-4043-a19c-5e6989234236,49cd3c11-aaf2-4a20-a5c2-fbe8f1d22521,3563-2093-6741,4703-6651-1231,YES Bank,YESB0367124,Hyderabad,Hyderabad,Telangana,17.391111,78.50086,246585.59,2026-07-14T16:50:09,1,0
667b6e5b-b9ef-41fe-9499-e1183ba94cec,49cd3c11-aaf2-4a20-a5c2-fbe8f1d22521,3563-2093-6741,4156-5498-5656,HDFC Bank,HDFC0259825,Ahmedabad,Ahmedabad,Gujarat,22.982798,72.543044,81355.92,2026-07-14T16:50:31,1,0
2563acea-15ae-4310-823a-95849cf72fd1,49cd3c11-aaf2-4a20-a5c2-fbe8f1d22521,3563-2093-6741,7982-6009-7017,Punjab National Bank,PUNB0207292,Ahmedabad,Ahmedabad,Gujarat,22.98517,72.573632,156740.82,2026-07-14T16:50:52,1,0
825227e8-71f0-4610-aac4-0ad759947f21,49cd3c11-aaf2-4a20-a5c2-fbe8f1d22521,4703-6651-1231,7274-6409-5542,South Indian Bank,SIBL0744794,Patna,Patna,Bihar,25.558749,85.104082,95353.85,2026-07-14T16:51:27,2,0
57c170ec-0460-45fe-8acf-5ab03173a673,49cd3c11-aaf2-4a20-a5c2-fbe8f1d22521,4703-6651-1231,8756-4429-3754,State Bank of India,SBIN0181566,Bengaluru,Bengaluru Urban,Karnataka,13.011195,77.549819,143582.73,2026-07-14T16:52:52,2,0
75baaa0f-2c76-4800-8258-8559f4afbf37,49cd3c11-aaf2-4a20-a5c2-fbe8f1d22521,4703-6651-1231,1043-4798-4546,YES Bank,YESB0546070,Chennai,Chennai,Tamil Nadu,13.099184,80.253409,7649.01,2026-07-14T16:53:54,2,0
b35532a1-ac1c-4d88-8199-5c9c2661d260,49cd3c11-aaf2-4a20-a5c2-fbe8f1d22521,4156-5498-5656,2921-4944-7442,Union Bank of India,UBIN0734787,Noida,Gautam Buddh Nagar,Uttar Pradesh,28.569719,77.436536,59219.65,2026-07-14T16:54:44,2,0
57adc9cc-10c1-4a64-b376-de5bf7536b23,49cd3c11-aaf2-4a20-a5c2-fbe8f1d22521,4156-5498-5656,7181-7316-8773,IndusInd Bank,INDB0391228,Bhopal,Bhopal,Madhya Pradesh,23.281035,77.446588,15362.43,2026-07-14T16:56:14,2,0
dc0e5ded-0769-4fc8-ab02-d5f2f96131e4,49cd3c11-aaf2-4a20-a5c2-fbe8f1d22521,4156-5498-5656,6816-6107-9552,Kotak Mahindra Bank,KKBK0828864,Chennai,Chennai,Tamil Nadu,13.111597,80.289237,6773.85,2026-07-14T16:57:19,2,0
746cd38b-19e5-4cd7-afa9-a511eae48971,49cd3c11-aaf2-4a20-a5c2-fbe8f1d22521,7982-6009-7017,8133-6704-3916,Union Bank of India,UBIN0300261,Chandigarh,Chandigarh,Chandigarh,30.721546,76.747301,18501.22,2026-07-14T16:58:28,2,0
88ff975b-376f-454b-8c19-28a598b2f8c4,49cd3c11-aaf2-4a20-a5c2-fbe8f1d22521,7982-6009-7017,1414-6991-8636,State Bank of India,SBIN0563555,Mumbai,Mumbai City,Maharashtra,19.062099,72.847189,117814.64,2026-07-14T16:59:45,2,0
e96d75fa-ffaa-4e30-b17e-582ef807fda3,49cd3c11-aaf2-4a20-a5c2-fbe8f1d22521,7982-6009-7017,6668-7948-4502,Punjab National Bank,PUNB0198679,Bengaluru,Bengaluru Urban,Karnataka,13.012704,77.636181,20424.96,2026-07-14T17:00:52,2,0
e1663292-7f41-42ea-82aa-6d9ff7d5b8ab,49cd3c11-aaf2-4a20-a5c2-fbe8f1d22521,7274-6409-5542,8843-7525-1719,IDBI Bank,IBKL0387492,Lucknow,Lucknow,Uttar Pradesh,26.851711,80.965046,85818.47,2026-07-14T17:02:24,3,1
8a2edba4-17b5-4d9e-b1d3-97f019e6fb35,49cd3c11-aaf2-4a20-a5c2-fbe8f1d22521,7181-7316-8773,8843-7525-1719,IDBI Bank,IBKL0131904,Lucknow,Lucknow,Uttar Pradesh,26.861227,80.963303,13826.19,2026-07-14T17:05:09,3,1
febc9a9d-a756-4d4e-8401-e88e20a9e59c,49cd3c11-aaf2-4a20-a5c2-fbe8f1d22521,6668-7948-4502,8843-7525-1719,IDBI Bank,IBKL0762951,Lucknow,Lucknow,Uttar Pradesh,26.844879,80.933151,18382.46,2026-07-14T17:07:26,3,1
020be122-3b9e-4b9b-a0ad-f875c9b16920,49cd3c11-aaf2-4a20-a5c2-fbe8f1d22521,6816-6107-9552,8843-7525-1719,IDBI Bank,IBKL0779003,Lucknow,Lucknow,Uttar Pradesh,26.856723,80.958497,6096.46,2026-07-14T17:10:01,3,1
d1f3e5c3-27e8-448b-acbd-4f5bc49d9a0a,49cd3c11-aaf2-4a20-a5c2-fbe8f1d22521,1043-4798-4546,8843-7525-1719,IDBI Bank,IBKL0487484,Lucknow,Lucknow,Uttar Pradesh,26.827853,80.961971,6884.11,2026-07-14T17:11:05,3,1
3d88f8f1-fb02-4dda-bc06-9b9184fd4b10,d633f26e-d900-4864-9a41-776f88156fe4,3898-3156-2356,2956-1918-8264,Punjab National Bank,PUNB0303614,Bhopal,Bhopal,Madhya Pradesh,23.275411,77.436345,47834.08,2026-08-05T09:59:08,1,0
8b93f985-4ef7-47c7-930a-b8e6bb494fdd,d633f26e-d900-4864-9a41-776f88156fe4,3898-3156-2356,2021-6148-2597,Federal Bank,FDRL0989433,Jaipur,Jaipur,Rajasthan,26.952367,75.827074,120418.73,2026-08-05T09:59:39,1,0
92ede328-8623-4af9-8555-5ecb5bba3ef9,d633f26e-d900-4864-9a41-776f88156fe4,2956-1918-8264,7000-9459-1232,IndusInd Bank,INDB0536604,Hyderabad,Hyderabad,Telangana,17.418772,78.503664,47834.08,2026-08-05T10:01:09,2,0
cb81ae38-3679-41d5-b7fc-9a8f70305309,d633f26e-d900-4864-9a41-776f88156fe4,2021-6148-2597,4161-9216-3416,Punjab National Bank,PUNB0280968,Noida,Gautam Buddh Nagar,Uttar Pradesh,28.52984,77.368553,120418.73,2026-08-05T10:02:25,2,0
673e39d6-cb9f-4ce3-b64e-caa234107a79,d633f26e-d900-4864-9a41-776f88156fe4,7000-9459-1232,3833-1052-6098,Union Bank of India,UBIN0223432,Bengaluru,Bengaluru Urban,Karnataka,12.955745,77.601417,47834.08,2026-08-05T10:04:35,3,0
5db2ecea-f766-4841-b731-43ad79d66514,d633f26e-d900-4864-9a41-776f88156fe4,3833-1052-6098,2410-8585-2444,South Indian Bank,SIBL0291366,Noida,Gautam Buddh Nagar,Uttar Pradesh,28.558455,77.359566,47834.08,2026-08-05T10:06:04,4,1
fe93fb31-5893-4bad-8494-e80bc8f3deb3,d633f26e-d900-4864-9a41-776f88156fe4,4161-9216-3416,1171-4563-7136,HDFC Bank,HDFC0859459,Chandigarh,Chandigarh,Chandigarh,30.777624,76.760178,120418.73,2026-08-05T10:09:01,3,1
4c264897-a91f-4342-ae63-71976eb54616,f451faa2-fdf4-4a4b-b90d-7ebf282d17b5,3174-6087-1873,5703-3916-5570,Federal Bank,FDRL0386050,Mumbai,Mumbai City,Maharashtra,19.114357,72.845411,124825.97,2026-06-30T10:53:18,1,0
932ec23b-349f-4de4-9765-87f8caf55d08,f451faa2-fdf4-4a4b-b90d-7ebf282d17b5,3174-6087-1873,3300-6169-7782,Punjab National Bank,PUNB0560952,Lucknow,Lucknow,Uttar Pradesh,26.823155,80.945189,35860.02,2026-06-30T10:53:46,1,0
c61ba09c-3cb3-4ed0-a9dc-824d396331b2,f451faa2-fdf4-4a4b-b90d-7ebf282d17b5,5703-3916-5570,6957-6715-9569,Axis Bank,UTIB0554928,Lucknow,Lucknow,Uttar Pradesh,26.831392,80.977291,39164.87,2026-06-30T10:54:52,2,0
46156940-98bb-41c3-b888-cd0b37ae3a51,f451faa2-fdf4-4a4b-b90d-7ebf282d17b5,5703-3916-5570,8367-3793-1601,Punjab National Bank,PUNB0458802,Mumbai,Mumbai City,Maharashtra,19.095965,72.878077,38893.28,2026-06-30T10:56:12,2,0
2dc13558-00b1-4da9-af28-5bf3794143a5,f451faa2-fdf4-4a4b-b90d-7ebf282d17b5,5703-3916-5570,7318-3551-9813,IDBI Bank,IBKL0382014,Patna,Patna,Bihar,25.553176,85.164941,46767.82,2026-06-30T10:57:35,2,0
fe586092-b316-4654-b185-8d00cdd23d06,f451faa2-fdf4-4a4b-b90d-7ebf282d17b5,3300-6169-7782,4575-8662-5273,IndusInd Bank,INDB0598293,Gurgaon,Gurugram,Haryana,28.423482,77.035282,4567.06,2026-06-30T10:58:47,2,0
f602386c-4e78-440b-96a4-57eb0ce8ee60,f451faa2-fdf4-4a4b-b90d-7ebf282d17b5,3300-6169-7782,1515-2889-9471,UCO Bank,UCBA0790282,Hyderabad,Hyderabad,Telangana,17.393839,78.440085,31292.96,2026-06-30T10:59:40,2,0
33c71ad0-f716-4c55-b310-f3b21f314d57,f451faa2-fdf4-4a4b-b90d-7ebf282d17b5,6957-6715-9569,8790-6483-6516,IndusInd Bank,INDB0296200,Chandigarh,Chandigarh,Chandigarh,30.749826,76.771651,35248.38,2026-06-30T11:00:52,3,1
758cea0c-630c-4805-af90-97f93b3d8f16,f451faa2-fdf4-4a4b-b90d-7ebf282d17b5,7318-3551-9813,8790-6483-6516,IndusInd Bank,INDB0673338,Chandigarh,Chandigarh,Chandigarh,30.720746,76.76027,42091.04,2026-06-30T11:02:51,3,1
8d95aa52-b444-46ca-9a5a-e70b63bea0b3,f451faa2-fdf4-4a4b-b90d-7ebf282d17b5,1515-2889-9471,8790-6483-6516,IndusInd Bank,INDB0746564,Chandigarh,Chandigarh,Chandigarh,30.731558,76.782439,28163.66,2026-06-30T11:05:34,3,1
1acac5e0-d6ba-4c38-8eb7-a7036d03ee11,f451faa2-fdf4-4a4b-b90d-7ebf282d17b5,4575-8662-5273,8790-6483-6516,IndusInd Bank,INDB0866461,Chandigarh,Chandigarh,Chandigarh,30.729273,76.792764,4110.35,2026-06-30T11:07:29,3,1
cfe642fe-fbd2-4179-b98c-3acd06902e80,f451faa2-fdf4-4a4b-b90d-7ebf282d17b5,8367-3793-1601,8790-6483-6516,IndusInd Bank,INDB0858510,Chandigarh,Chandigarh,Chandigarh,30.728229,76.772915,35003.95,2026-06-30T11:09:01,3,1
874edeb6-0ab2-4dec-bf5d-2fa9fc33fd6f,ec8eda6c-7639-4e3d-af73-373156a4e516,5918-1657-4838,2767-7897-7977,South Indian Bank,SIBL0831519,Ahmedabad,Ahmedabad,Gujarat,23.066785,72.541246,16199.01,2026-06-04T07:55:36,1,0
627eeed3-0eb4-4b35-b719-4d2bd250261e,ec8eda6c-7639-4e3d-af73-373156a4e516,5918-1657-4838,5413-7565-1467,YES Bank,YESB0236200,Gurgaon,Gurugram,Haryana,28.475841,77.055457,34225.47,2026-06-04T07:56:22,1,0
6000a1ac-4cdf-4cb8-a536-79a207b06ccf,ec8eda6c-7639-4e3d-af73-373156a4e516,5918-1657-4838,3687-9391-3726,HDFC Bank,HDFC0931377,Pune,Pune,Maharashtra,18.546982,73.886849,183253.81,2026-06-04T07:56:35,1,0
da958abc-7118-49a4-9afa-fa080746da72,ec8eda6c-7639-4e3d-af73-373156a4e516,2767-7897-7977,7487-3708-8546,ICICI Bank,ICIC0422465,Pune,Pune,Maharashtra,18.478438,73.830318,5967.84,2026-06-04T07:58:01,2,0
dc239855-99b4-4d2d-a953-dab42ab9f566,ec8eda6c-7639-4e3d-af73-373156a4e516,2767-7897-7977,1013-3416-4283,Canara Bank,CNRB0859309,Noida,Gautam Buddh Nagar,Uttar Pradesh,28.509973,77.409471,10231.17,2026-06-04T07:58:44,2,0
ff66c117-3c90-4685-bf2a-e9089852d57f,ec8eda6c-7639-4e3d-af73-373156a4e516,5413-7565-1467,1081-8820-3610,IndusInd Bank,INDB0832723,Hyderabad,Hyderabad,Telangana,17.356249,78.483931,16074.85,2026-06-04T07:59:49,2,0
9bb5fd4b-57bd-4b76-ac24-19330f54c091,ec8eda6c-7639-4e3d-af73-373156a4e516,5413-7565-1467,6647-2636-8713,Federal Bank,FDRL0840529,Chennai,Chennai,Tamil Nadu,13.056974,80.312395,18150.62,2026-06-04T08:00:43,2,0
ec0d69f5-8456-40ea-9bb4-310943e6bbfa,ec8eda6c-7639-4e3d-af73-373156a4e516,3687-9391-3726,3105-6215-3187,IndusInd Bank,INDB0545217,Lucknow,Lucknow,Uttar Pradesh,26.856394,80.949612,33719.26,2026-06-04T08:02:05,2,0
10ed9197-f30f-4b52-abe6-19e82c2e6a65,ec8eda6c-7639-4e3d-af73-373156a4e516,3687-9391-3726,7551-6359-5639,Kotak Mahindra Bank,KKBK0876396,Jaipur,Jaipur,Rajasthan,26.959423,75.73999,149534.55,2026-06-04T08:02:57,2,0
1d507e92-8684-42e3-97b0-f4f3a5b51c78,ec8eda6c-7639-4e3d-af73-373156a4e516,1013-3416-4283,9215-1026-7523,South Indian Bank,SIBL0341249,Noida,Gautam Buddh Nagar,Uttar Pradesh,28.521023,77.378519,9208.05,2026-06-04T08:05:19,3,1
8ecb6eb4-c865-4575-b4cb-88aa7d484b7c,ec8eda6c-7639-4e3d-af73-373156a4e516,7551-6359-5639,9215-1026-7523,South Indian Bank,SIBL0416604,Noida,Gautam Buddh Nagar,Uttar Pradesh,28.532916,77.384583,134581.1,2026-06-04T08:06:46,3,1
edc8d37b-56bd-4fd5-b2f7-ea8b0f5403f8,ec8eda6c-7639-4e3d-af73-373156a4e516,1081-8820-3610,9215-1026-7523,South Indian Bank,SIBL0288613,Noida,Gautam Buddh Nagar,Uttar Pradesh,28.532528,77.382399,14467.36,2026-06-04T08:09:09,3,1
2b6ae576-49b3-4483-b5f4-3357b51495cc,ec8eda6c-7639-4e3d-af73-373156a4e516,3105-6215-3187,9215-1026-7523,South Indian Bank,SIBL0808074,Noida,Gautam Buddh Nagar,Uttar Pradesh,28.548351,77.372393,30347.33,2026-06-04T08:10:58,3,1
64717429-4429-450c-ae4d-eff86a887483,ec8eda6c-7639-4e3d-af73-373156a4e516,6647-2636-8713,9215-1026-7523,South Indian Bank,SIBL0288238,Noida,Gautam Buddh Nagar,Uttar Pradesh,28.522042,77.398294,16335.56,2026-06-04T08:12:51,3,1
84342f43-0802-4b61-a2b9-5118c1d75702,444ce2d6-16e2-47a4-8453-6f1759334f16,8617-2353-6673,2661-7626-1200,Kotak Mahindra Bank,KKBK0802750,Jaipur,Jaipur,Rajasthan,26.90257,75.814436,56225.31,2026-07-22T09:22:14,1,0
e446810f-98b3-48be-8c6b-577a62fda7e9,444ce2d6-16e2-47a4-8453-6f1759334f16,8617-2353-6673,3635-6226-3109,Canara Bank,CNRB0878111,Pune,Pune,Maharashtra,18.533812,73.867064,33542.85,2026-07-22T09:22:43,1,0
ec29d845-4092-42c4-9c16-fee466e0d410,444ce2d6-16e2-47a4-8453-6f1759334f16,8617-2353-6673,9306-7291-8449,Union Bank of India,UBIN0918941,Bengaluru,Bengaluru Urban,Karnataka,12.968955,77.578106,15993.17,2026-07-22T09:23:21,1,0
e2d5d533-3cae-4068-89af-e794f5fcc6ec,444ce2d6-16e2-47a4-8453-6f1759334f16,2661-7626-1200,6977-2829-3930,South Indian Bank,SIBL0718820,Lucknow,Lucknow,Uttar Pradesh,26.822484,80.94769,7396.17,2026-07-22T09:24:12,2,0
b8481680-0385-4ce6-aaf2-6204482cab5f,444ce2d6-16e2-47a4-8453-6f1759334f16,2661-7626-1200,7947-9711-7282,IDBI Bank,IBKL0577090,Bhopal,Bhopal,Madhya Pradesh,23.253389,77.409076,35533.81,2026-07-22T09:25:21,2,0
f4b7d0d2-0fec-44af-8f79-e4456ee18367,444ce2d6-16e2-47a4-8453-6f1759334f16,2661-7626-1200,2310-3463-1113,HDFC Bank,HDFC0613405,Bhopal,Bhopal,Madhya Pradesh,23.255925,77.367607,13295.33,2026-07-22T09:25:53,2,0
e0e075c0-b343-4854-9f12-2a338438f78f,444ce2d6-16e2-47a4-8453-6f1759334f16,3635-6226-3109,7050-5134-7974,Bank of Baroda,BARB0118369,Hyderabad,Hyderabad,Telangana,17.379677,78.466468,6533.93,2026-07-22T09:26:41,2,0
f0a9728f-a6b3-477a-822c-8703058e59fd,444ce2d6-16e2-47a4-8453-6f1759334f16,3635-6226-3109,6528-5852-1385,UCO Bank,UCBA0474597,Noida,Gautam Buddh Nagar,Uttar Pradesh,28.55869,77.394127,10097.07,2026-07-22T09:27:13,2,0
8c78215a-7d48-4a45-95dd-0e7b2ca28ceb,444ce2d6-16e2-47a4-8453-6f1759334f16,3635-6226-3109,9892-5378-3928,Axis Bank,UTIB0188129,Gurgaon,Gurugram,Haryana,28.462999,76.989205,16911.85,2026-07-22T09:28:08,2,0
a8cab152-e431-487b-b64e-2cc9535d9a0f,444ce2d6-16e2-47a4-8453-6f1759334f16,9306-7291-8449,9084-8063-5500,Kotak Mahindra Bank,KKBK0747224,Lucknow,Lucknow,Uttar Pradesh,26.82111,80.978757,15993.17,2026-07-22T09:29:00,2,0
12b36371-1838-472a-bb05-15c5919226b9,444ce2d6-16e2-47a4-8453-6f1759334f16,9084-8063-5500,2253-6350-7107,State Bank of India,SBIN0858970,Gurgaon,Gurugram,Haryana,28.465013,77.041881,14393.85,2026-07-22T09:31:17,3,1
fbb7f36c-f3ca-4022-83b1-f6d5be073ba9,444ce2d6-16e2-47a4-8453-6f1759334f16,6528-5852-1385,2253-6350-7107,State Bank of India,SBIN0637533,Gurgaon,Gurugram,Haryana,28.478711,77.009751,9087.36,2026-07-22T09:33:05,3,1
f415e90f-40d5-4b4b-a390-6be4c6901be4,444ce2d6-16e2-47a4-8453-6f1759334f16,9892-5378-3928,2253-6350-7107,State Bank of India,SBIN0767671,Gurgaon,Gurugram,Haryana,28.469471,77.023501,15220.66,2026-07-22T09:36:03,3,1
def8ca87-1b78-403b-b7e2-3abdb23c9968,444ce2d6-16e2-47a4-8453-6f1759334f16,7050-5134-7974,2253-6350-7107,State Bank of India,SBIN0292864,Gurgaon,Gurugram,Haryana,28.477514,77.016874,5880.54,2026-07-22T09:37:05,3,1
54ad1bce-03bc-4290-aa47-4ec3fbe4345b,444ce2d6-16e2-47a4-8453-6f1759334f16,6977-2829-3930,2253-6350-7107,State Bank of India,SBIN0878761,Gurgaon,Gurugram,Haryana,28.474817,77.040074,6656.55,2026-07-22T09:39:28,3,1
df3caa63-af0f-49f5-b8cc-30a07c30967b,e7d5c912-c580-4b74-8375-2941ed563244,2907-4139-5275,9422-9833-4993,YES Bank,YESB0558170,Chandigarh,Chandigarh,Chandigarh,30.710779,76.798286,469.85,2026-07-30T05:40:51,1,0
d979b33c-93d4-4033-a28b-d8255f635471,e7d5c912-c580-4b74-8375-2941ed563244,2907-4139-5275,1800-7131-8748,Punjab National Bank,PUNB0804055,Kolkata,Kolkata,West Bengal,22.527174,88.353767,18820.52,2026-07-30T05:41:12,1,0
cf4fec74-ed9c-440c-b859-3c7623174ed2,e7d5c912-c580-4b74-8375-2941ed563244,9422-9833-4993,5668-5467-1082,Axis Bank,UTIB0920039,Delhi,Central Delhi,Delhi,28.605332,77.171977,469.85,2026-07-30T05:42:08,2,0
0128f211-60ab-4a8d-ba26-c50a09a7e0f5,e7d5c912-c580-4b74-8375-2941ed563244,1800-7131-8748,8576-6212-2591,Bank of Baroda,BARB0166817,Mumbai,Mumbai City,Maharashtra,19.087139,72.900516,17325.67,2026-07-30T05:43:23,2,0
53adbfe8-ce02-4057-a553-938dca34504e,e7d5c912-c580-4b74-8375-2941ed563244,1800-7131-8748,4626-4683-1296,Federal Bank,FDRL0716472,Chennai,Chennai,Tamil Nadu,13.074776,80.280223,1494.85,2026-07-30T05:44:31,2,0
42e1de74-940d-4506-9786-dbec77d08456,e7d5c912-c580-4b74-8375-2941ed563244,8576-6212-2591,6580-6237-6674,Federal Bank,FDRL0584387,Chennai,Chennai,Tamil Nadu,13.096874,80.270659,15593.1,2026-07-30T05:45:50,3,1
b97c0266-fa97-4024-9c61-190085a91c79,e7d5c912-c580-4b74-8375-2941ed563244,5668-5467-1082,6580-6237-6674,Federal Bank,FDRL0831618,Chennai,Chennai,Tamil Nadu,13.069501,80.266302,422.86,2026-07-30T05:47:58,3,1
89045870-1505-49a3-9bcd-c6c76c855db3,e7d5c912-c580-4b74-8375-2941ed563244,4626-4683-1296,6580-6237-6674,Federal Bank,FDRL0133833,Chennai,Chennai,Tamil Nadu,13.089128,80.273553,1345.36,2026-07-30T05:49:49,3,1
7d605f52-7010-451c-8331-d4039008531e,a2213fae-251e-49d0-85e5-4b15e272f437,8971-6657-2361,9676-7048-5981,YES Bank,YESB0573431,Bengaluru,Bengaluru Urban,Karnataka,12.98905,77.547556,11768.86,2026-07-08T16:17:10,1,0
ee966c04-767f-402f-a8b8-9d0e05607ce8,a2213fae-251e-49d0-85e5-4b15e272f437,9676-7048-5981,3731-6761-8070,Union Bank of India,UBIN0496811,Gurgaon,Gurugram,Haryana,28.470212,77.061567,5214.3,2026-07-08T16:18:38,2,0
30115ce5-1a6b-4671-bffa-23a36597618a,a2213fae-251e-49d0-85e5-4b15e272f437,9676-7048-5981,7805-1383-5651,Canara Bank,CNRB0321569,Mumbai,Mumbai City,Maharashtra,19.125213,72.884775,6395.66,2026-07-08T16:19:14,2,0
30474489-042d-4350-bfa4-47bd633b00c9,a2213fae-251e-49d0-85e5-4b15e272f437,9676-7048-5981,9040-4845-7148,Federal Bank,FDRL0904126,Gurgaon,Gurugram,Haryana,28.487252,77.050046,158.9,2026-07-08T16:19:55,2,0
c8defeaa-2ece-4555-a474-36d81cfe08f2,a2213fae-251e-49d0-85e5-4b15e272f437,9040-4845-7148,4567-7851-5569,Bank of Baroda,BARB0760891,Patna,Patna,Bihar,25.578326,85.15299,143.01,2026-07-08T16:21:41,3,1
4bbd0353-05f1-49e7-a660-e36148525682,a2213fae-251e-49d0-85e5-4b15e272f437,7805-1383-5651,4567-7851-5569,Bank of Baroda,BARB0898756,Patna,Patna,Bihar,25.599548,85.137692,5756.09,2026-07-08T16:24:02,3,1
b621e2bb-8bde-4ac9-87b8-efc33efcef33,a2213fae-251e-49d0-85e5-4b15e272f437,3731-6761-8070,4567-7851-5569,Bank of Baroda,BARB0511223,Patna,Patna,Bihar,25.583104,85.133759,4692.87,2026-07-08T16:26:10,3,1
07505ee1-270c-4582-966c-fe5940c33f83,e1185783-d81e-4a4f-9bca-3fea9861f477,5690-8363-3571,7554-5725-1054,Federal Bank,FDRL0899995,Bengaluru,Bengaluru Urban,Karnataka,12.968002,77.561827,251695.87,2026-08-07T15:26:15,1,0
c0e06552-4610-4e6a-8a04-9ee5dfc88e83,e1185783-d81e-4a4f-9bca-3fea9861f477,7554-5725-1054,7280-7850-7852,Axis Bank,UTIB0130451,Jaipur,Jaipur,Rajasthan,26.924288,75.751157,251695.87,2026-08-07T15:27:11,2,0
f2fc1bd9-7874-4135-a0c6-23c91d29bb5f,e1185783-d81e-4a4f-9bca-3fea9861f477,7280-7850-7852,1374-6325-5095,UCO Bank,UCBA0594837,Jaipur,Jaipur,Rajasthan,26.930836,75.832485,251695.87,2026-08-07T15:28:53,3,0
6ae266cd-f071-47e0-a3fc-7f66beb9b23e,e1185783-d81e-4a4f-9bca-3fea9861f477,1374-6325-5095,1372-7378-9377,Axis Bank,UTIB0269218,Bhopal,Bhopal,Madhya Pradesh,23.255677,77.434906,251695.87,2026-08-07T15:33:34,4,1
96a6c099-22d7-44db-88b0-c12b4e87dbac,5a4cd9d5-7dda-46fd-b5fe-6ea1b1953afa,3870-8736-4273,3173-5800-2061,Axis Bank,UTIB0732552,Jaipur,Jaipur,Rajasthan,26.906765,75.761488,20727.46,2026-07-22T14:09:15,1,0
16519b22-0887-45e0-8ebc-fa93e6fb2c75,5a4cd9d5-7dda-46fd-b5fe-6ea1b1953afa,3870-8736-4273,1506-4391-8555,Kotak Mahindra Bank,KKBK0772534,Kolkata,Kolkata,West Bengal,22.533716,88.374301,104919.34,2026-07-22T14:09:36,1,0
44828818-6126-4cf9-bb02-d6893c00a51f,5a4cd9d5-7dda-46fd-b5fe-6ea1b1953afa,3173-5800-2061,3609-5011-8572,IndusInd Bank,INDB0645015,Hyderabad,Hyderabad,Telangana,17.434553,78.522917,18057.16,2026-07-22T14:10:49,2,0
e0f5ed06-43a5-4fa7-b230-8fde4e736aa8,5a4cd9d5-7dda-46fd-b5fe-6ea1b1953afa,3173-5800-2061,2144-1112-1529,YES Bank,YESB0372660,Hyderabad,Hyderabad,Telangana,17.423336,78.490434,2670.3,2026-07-22T14:11:23,2,0
a823d808-63db-43d4-85e9-6149b873dd0a,5a4cd9d5-7dda-46fd-b5fe-6ea1b1953afa,1506-4391-8555,9751-1388-8184,IDBI Bank,IBKL0636409,Chandigarh,Chandigarh,Chandigarh,30.746227,76.773405,18117.04,2026-07-22T14:12:18,2,0
9baf21fe-9072-421a-8a59-d51949c88caa,5a4cd9d5-7dda-46fd-b5fe-6ea1b1953afa,1506-4391-8555,8877-1979-5799,HDFC Bank,HDFC0253075,Noida,Gautam Buddh Nagar,Uttar Pradesh,28.570207,77.416794,35693.19,2026-07-22T14:13:38,2,0
f227ac2a-b0a1-435c-b361-008dcea92259,5a4cd9d5-7dda-46fd-b5fe-6ea1b1953afa,1506-4391-8555,7527-1653-6953,YES Bank,YESB0217213,Patna,Patna,Bihar,25.616299,85.124246,51109.12,2026-07-22T14:14:45,2,0
aad6b1ad-0fad-4875-b45b-3abd20c9a14c,5a4cd9d5-7dda-46fd-b5fe-6ea1b1953afa,9751-1388-8184,5333-2591-6407,IndusInd Bank,INDB0580501,Lucknow,Lucknow,Uttar Pradesh,26.862668,80.945863,16305.34,2026-07-22T14:15:54,3,1
420c8184-4cd6-4528-978f-236cee3663bc,5a4cd9d5-7dda-46fd-b5fe-6ea1b1953afa,2144-1112-1529,5333-2591-6407,IndusInd Bank,INDB0893751,Lucknow,Lucknow,Uttar Pradesh,26.8371,80.938012,2403.27,2026-07-22T14:17:25,3,1
6f54f9f1-dec5-4190-84db-5ccd6d57fdc4,5a4cd9d5-7dda-46fd-b5fe-6ea1b1953afa,3609-5011-8572,5333-2591-6407,IndusInd Bank,INDB0446723,Lucknow,Lucknow,Uttar Pradesh,26.858195,80.954182,16251.44,2026-07-22T14:19:21,3,1
1ba9e971-902d-4cf1-9f94-f60590c21f5a,5a4cd9d5-7dda-46fd-b5fe-6ea1b1953afa,8877-1979-5799,5333-2591-6407,IndusInd Bank,INDB0388671,Lucknow,Lucknow,Uttar Pradesh,26.850477,80.956653,32123.87,2026-07-22T14:21:33,3,1
a26c353c-ff1a-4820-ae5e-c21d165a19aa,5a4cd9d5-7dda-46fd-b5fe-6ea1b1953afa,7527-1653-6953,5333-2591-6407,IndusInd Bank,INDB0647125,Lucknow,Lucknow,Uttar Pradesh,26.838237,80.935041,45998.21,2026-07-22T14:22:51,3,1
9eca51e8-453d-469b-883f-f60877f39f96,2516a1cb-b1b2-4fdb-9fad-dd5a7e8aca87,6942-5771-6024,3593-5992-8787,Punjab National Bank,PUNB0338989,Jaipur,Jaipur,Rajasthan,26.8652,75.758466,66773.25,2026-08-14T18:28:09,1,0
3139a925-f54c-4015-a58c-ceafe5f445e6,2516a1cb-b1b2-4fdb-9fad-dd5a7e8aca87,6942-5771-6024,8206-5831-3530,ICICI Bank,ICIC0112652,Ahmedabad,Ahmedabad,Gujarat,22.998442,72.593514,31917.45,2026-08-14T18:28:38,1,0
3e07c598-1bde-4c69-862a-c4f3114416f1,2516a1cb-b1b2-4fdb-9fad-dd5a7e8aca87,6942-5771-6024,3106-3400-5789,Federal Bank,FDRL0525558,Kolkata,Kolkata,West Bengal,22.570297,88.4039,43051.75,2026-08-14T18:29:35,1,0
afb499b3-bf9f-441b-882d-5490e3e343da,2516a1cb-b1b2-4fdb-9fad-dd5a7e8aca87,3593-5992-8787,3553-9209-6149,South Indian Bank,SIBL0779872,Chennai,Chennai,Tamil Nadu,13.049612,80.273224,65007.89,2026-08-14T18:31:00,2,0
fc68fc2a-e6fb-4ae8-bdf0-b61edd7f2d9d,2516a1cb-b1b2-4fdb-9fad-dd5a7e8aca87,3593-5992-8787,9574-7133-7192,Kotak Mahindra Bank,KKBK0498325,Chandigarh,Chandigarh,Chandigarh,30.684723,76.824095,1765.36,2026-08-14T18:31:41,2,0
9da3eebe-c5b6-4435-98df-bf538a123951,2516a1cb-b1b2-4fdb-9fad-dd5a7e8aca87,8206-5831-3530,4683-6067-4382,YES Bank,YESB0927614,Lucknow,Lucknow,Uttar Pradesh,26.808659,80.915894,6028.16,2026-08-14T18:32:49,2,0
714b9888-1f62-4f70-820d-ffdd878c165c,2516a1cb-b1b2-4fdb-9fad-dd5a7e8aca87,8206-5831-3530,4675-3459-5559,Kotak Mahindra Bank,KKBK0769658,Ahmedabad,Ahmedabad,Gujarat,23.06313,72.605398,25889.29,2026-08-14T18:33:50,2,0
a2d5d10c-0304-41e8-8a18-6ba2fb344abe,2516a1cb-b1b2-4fdb-9fad-dd5a7e8aca87,3106-3400-5789,4741-4318-6956,Union Bank of India,UBIN0987730,Kolkata,Kolkata,West Bengal,22.596726,88.401162,26021.64,2026-08-14T18:34:37,2,0
bdad3adf-e961-4b83-80a8-8d0acba00aa2,2516a1cb-b1b2-4fdb-9fad-dd5a7e8aca87,3106-3400-5789,1538-7528-2619,State Bank of India,SBIN0694230,Chennai,Chennai,Tamil Nadu,13.084995,80.245169,8268.48,2026-08-14T18:35:58,2,0
5c7b8140-8b6d-4de4-a2d0-46b18d14c3c4,2516a1cb-b1b2-4fdb-9fad-dd5a7e8aca87,3106-3400-5789,6398-9313-2100,IDBI Bank,IBKL0823201,Gurgaon,Gurugram,Haryana,28.503133,77.062352,8761.63,2026-08-14T18:37:19,2,0
8033bf65-2288-4fb3-9ee5-4a8d37288b92,2516a1cb-b1b2-4fdb-9fad-dd5a7e8aca87,1538-7528-2619,3907-1659-5354,Union Bank of India,UBIN0879207,Pune,Pune,Maharashtra,18.508001,73.869928,7441.63,2026-08-14T18:38:30,3,1
89a7631b-4c80-4b81-9605-975c6a4bb326,2516a1cb-b1b2-4fdb-9fad-dd5a7e8aca87,6398-9313-2100,3907-1659-5354,Union Bank of India,UBIN0238987,Pune,Pune,Maharashtra,18.521302,73.839135,7885.47,2026-08-14T18:39:38,3,1
e134b810-299b-42a4-9dbd-d4ed857d29ae,2516a1cb-b1b2-4fdb-9fad-dd5a7e8aca87,4675-3459-5559,3907-1659-5354,Union Bank of India,UBIN0355790,Pune,Pune,Maharashtra,18.523827,73.859951,23300.36,2026-08-14T18:41:07,3,1
4625f5df-1c96-49b5-8c69-b64ae47d18c1,aeb2f9d5-6de9-4e2d-8e83-6dfdacfb1693,2610-9797-1836,2196-4218-8836,Axis Bank,UTIB0668714,Noida,Gautam Buddh Nagar,Uttar Pradesh,28.544438,77.400829,23266.65,2026-06-28T01:18:54,1,0
551de475-cdb9-4f2d-9eab-b222155b447a,aeb2f9d5-6de9-4e2d-8e83-6dfdacfb1693,2610-9797-1836,2907-8240-2366,UCO Bank,UCBA0709970,Delhi,Central Delhi,Delhi,28.606876,77.249499,121738.65,2026-06-28T01:19:23,1,0
2f514785-2f67-46b3-8f82-5a975a9841af,aeb2f9d5-6de9-4e2d-8e83-6dfdacfb1693,2196-4218-8836,8252-4191-8475,Union Bank of India,UBIN0639178,Chennai,Chennai,Tamil Nadu,13.061076,80.285228,13089.58,2026-06-28T01:20:14,2,0
178c8d73-93b2-454e-86b8-28589e94cfc9,aeb2f9d5-6de9-4e2d-8e83-6dfdacfb1693,2196-4218-8836,1008-5124-7671,Federal Bank,FDRL0361118,Kolkata,Kolkata,West Bengal,22.556714,88.381684,4778.92,2026-06-28T01:21:00,2,0
4e3c92ab-bcee-4d1e-9866-3034f44ff5ff,aeb2f9d5-6de9-4e2d-8e83-6dfdacfb1693,2196-4218-8836,5435-9070-3892,Punjab National Bank,PUNB0561419,Jaipur,Jaipur,Rajasthan,26.873547,75.812961,5398.15,2026-06-28T01:22:02,2,0
8d2b3288-e6bf-4d0a-a09c-ad0c85e2e244,aeb2f9d5-6de9-4e2d-8e83-6dfdacfb1693,2907-8240-2366,8988-1106-6229,Union Bank of India,UBIN0619871,Chennai,Chennai,Tamil Nadu,13.049013,80.227256,121738.65,2026-06-28T01:23:29,2,0
ddaed027-9612-4a4c-b929-61412f0700ab,aeb2f9d5-6de9-4e2d-8e83-6dfdacfb1693,5435-9070-3892,9824-3992-4171,YES Bank,YESB0343062,Noida,Gautam Buddh Nagar,Uttar Pradesh,28.524029,77.391071,4858.34,2026-06-28T01:26:06,3,1
a73bb634-9563-487f-aade-afda9fa512fb,aeb2f9d5-6de9-4e2d-8e83-6dfdacfb1693,8252-4191-8475,9824-3992-4171,YES Bank,YESB0903650,Noida,Gautam Buddh Nagar,Uttar Pradesh,28.536716,77.375117,11780.62,2026-06-28T01:27:46,3,1
2f19badd-d0c8-46b6-a0d2-6fc318ca0e20,aeb2f9d5-6de9-4e2d-8e83-6dfdacfb1693,1008-5124-7671,9824-3992-4171,YES Bank,YESB0739135,Noida,Gautam Buddh Nagar,Uttar Pradesh,28.523912,77.397875,4301.03,2026-06-28T01:29:24,3,1
856f4922-3d94-469c-8336-4cd793ef6849,aeb2f9d5-6de9-4e2d-8e83-6dfdacfb1693,8988-1106-6229,9824-3992-4171,YES Bank,YESB0263984,Noida,Gautam Buddh Nagar,Uttar Pradesh,28.523176,77.38685,109564.78,2026-06-28T01:31:05,3,1
89d22bf1-7fb9-4dd4-88a4-7c7ce5c09ebc,dcf059b4-66ae-4020-a684-a78ff59c3dd9,3587-3574-6335,8762-7830-5413,Bank of Baroda,BARB0471126,Lucknow,Lucknow,Uttar Pradesh,26.879623,80.927735,131339.76,2026-07-01T08:14:49,1,0
0eee89f4-c2b5-4a90-b541-8ff838ee1aab,dcf059b4-66ae-4020-a684-a78ff59c3dd9,3587-3574-6335,4747-5306-8732,Canara Bank,CNRB0512658,Ahmedabad,Ahmedabad,Gujarat,23.04877,72.521967,5622.03,2026-07-01T08:15:18,1,0
60523192-6e98-465b-94ba-008816682b82,dcf059b4-66ae-4020-a684-a78ff59c3dd9,3587-3574-6335,5974-7075-3375,State Bank of India,SBIN0470789,Hyderabad,Hyderabad,Telangana,17.399579,78.450693,107787.19,2026-07-01T08:15:53,1,0
0de9115d-ec91-4dbe-beb5-d2df437ae322,dcf059b4-66ae-4020-a684-a78ff59c3dd9,8762-7830-5413,5492-1319-4313,Bank of Baroda,BARB0437479,Delhi,Central Delhi,Delhi,28.60665,77.197241,49188.66,2026-07-01T08:17:16,2,0
ec8ace3a-5e62-4395-a019-5637568a55f6,dcf059b4-66ae-4020-a684-a78ff59c3dd9,8762-7830-5413,4417-5193-5829,Union Bank of India,UBIN0309140,Lucknow,Lucknow,Uttar Pradesh,26.876447,80.957956,82151.1,2026-07-01T08:18:21,2,0
830a0d0e-2cc2-49cc-a914-ce211874a429,dcf059b4-66ae-4020-a684-a78ff59c3dd9,4747-5306-8732,5488-2750-2219,Kotak Mahindra Bank,KKBK0721742,Lucknow,Lucknow,Uttar Pradesh,26.843687,80.993313,306.53,2026-07-01T08:19:37,2,0
81e8f210-f9ef-4a07-9b3f-9158a7930869,dcf059b4-66ae-4020-a684-a78ff59c3dd9,4747-5306-8732,4983-3628-6332,YES Bank,YESB0509010,Jaipur,Jaipur,Rajasthan,26.93118,75.828189,5315.5,2026-07-01T08:20:09,2,0
da07c713-1b81-4333-8661-ce9123f1f686,dcf059b4-66ae-4020-a684-a78ff59c3dd9,5974-7075-3375,5093-5589-7144,Bank of Baroda,BARB0664024,Pune,Pune,Maharashtra,18.507345,73.899061,47643.57,2026-07-01T08:21:19,2,0
82ad7dd4-007e-4fea-9204-ab9ecd081a80,dcf059b4-66ae-4020-a684-a78ff59c3dd9,5974-7075-3375,1971-2661-1919,Kotak Mahindra Bank,KKBK0886249,Gurgaon,Gurugram,Haryana,28.416899,77.074318,60143.62,2026-07-01T08:21:56,2,0
204bfc25-5063-4adf-b804-69b892345495,dcf059b4-66ae-4020-a684-a78ff59c3dd9,4983-3628-6332,4276-2441-8180,Axis Bank,UTIB0673136,Bengaluru,Bengaluru Urban,Karnataka,12.982111,77.585029,4783.95,2026-07-01T08:24:09,3,1
a2ff43f9-e487-4407-a002-fe45de1511a9,dcf059b4-66ae-4020-a684-a78ff59c3dd9,4417-5193-5829,4276-2441-8180,Axis Bank,UTIB0957011,Bengaluru,Bengaluru Urban,Karnataka,12.963257,77.575474,73935.99,2026-07-01T08:26:16,3,1
2a1ddba6-6ea9-4bd0-a085-978737f3fbfe,dcf059b4-66ae-4020-a684-a78ff59c3dd9,5093-5589-7144,4276-2441-8180,Axis Bank,UTIB0907304,Bengaluru,Bengaluru Urban,Karnataka,12.95432,77.606036,42879.21,2026-07-01T08:28:54,3,1
3e66bc1c-2e25-419c-b5c1-c1256cbf0113,dcf059b4-66ae-4020-a684-a78ff59c3dd9,5488-2750-2219,4276-2441-8180,Axis Bank,UTIB0874958,Bengaluru,Bengaluru Urban,Karnataka,12.964158,77.608737,275.88,2026-07-01T08:31:25,3,1
0eab1fbe-2b06-414d-bcb3-c85aa880eaff,dcf059b4-66ae-4020-a684-a78ff59c3dd9,1971-2661-1919,4276-2441-8180,Axis Bank,UTIB0910237,Bengaluru,Bengaluru Urban,Karnataka,12.969434,77.609983,54129.26,2026-07-01T08:34:20,3,1
50debece-0b23-4e92-a3fd-eec23ea2a5b3,c88ce2dc-7093-4191-9d05-f9b0c2e0dba9,6263-8673-4730,6934-6456-4260,HDFC Bank,HDFC0530732,Jaipur,Jaipur,Rajasthan,26.905133,75.817906,301713.46,2026-08-05T18:53:34,1,0
80aefb68-41af-4fec-ac1f-10bce80efc2a,c88ce2dc-7093-4191-9d05-f9b0c2e0dba9,6263-8673-4730,5243-5183-1379,Federal Bank,FDRL0163214,Kolkata,Kolkata,West Bengal,22.613898,88.365126,133739.37,2026-08-05T18:53:47,1,0
d82f328c-47ac-4e76-a149-1ccb9d65614e,c88ce2dc-7093-4191-9d05-f9b0c2e0dba9,6934-6456-4260,8163-1525-9261,YES Bank,YESB0928519,Bengaluru,Bengaluru Urban,Karnataka,12.975481,77.572865,301713.46,2026-08-05T18:55:12,2,0
821fd8ab-d041-44bb-a138-26ede9847918,c88ce2dc-7093-4191-9d05-f9b0c2e0dba9,5243-5183-1379,2099-2237-2509,Union Bank of India,UBIN0992847,Bhopal,Bhopal,Madhya Pradesh,23.218673,77.45485,14121.38,2026-08-05T18:56:33,2,0
ce1a39de-a26e-46b4-8232-22fe268132d6,c88ce2dc-7093-4191-9d05-f9b0c2e0dba9,5243-5183-1379,2840-9712-3592,IndusInd Bank,INDB0888432,Mumbai,Mumbai City,Maharashtra,19.033308,72.896095,119617.99,2026-08-05T18:57:42,2,0
0f0315e1-4136-427c-87dd-1f9fe90b7454,c88ce2dc-7093-4191-9d05-f9b0c2e0dba9,2099-2237-2509,6413-2196-3976,IndusInd Bank,INDB0576102,Ahmedabad,Ahmedabad,Gujarat,23.023609,72.579103,12709.24,2026-08-05T18:59:25,3,1
76587a4a-9da8-4590-84f8-8bafe4de0b27,c88ce2dc-7093-4191-9d05-f9b0c2e0dba9,2840-9712-3592,6413-2196-3976,IndusInd Bank,INDB0553401,Ahmedabad,Ahmedabad,Gujarat,23.038076,72.567459,107656.19,2026-08-05T19:02:09,3,1
cf221006-7a29-48e7-a357-57de66ba61a7,c88ce2dc-7093-4191-9d05-f9b0c2e0dba9,8163-1525-9261,6413-2196-3976,IndusInd Bank,INDB0106662,Ahmedabad,Ahmedabad,Gujarat,23.027448,72.566998,271542.11,2026-08-05T19:03:46,3,1
00bdcf5f-cd03-473c-9e06-f4930b9aff90,389c4ac8-e04a-429a-bfeb-367d15f7365d,4690-6281-7998,5241-4651-6351,Kotak Mahindra Bank,KKBK0797724,Jaipur,Jaipur,Rajasthan,26.882433,75.819452,162497.28,2026-07-14T23:42:47,1,0
786d5853-46cd-40e6-ad45-f7ab22411033,389c4ac8-e04a-429a-bfeb-367d15f7365d,5241-4651-6351,3500-4094-3429,State Bank of India,SBIN0731160,Kolkata,Kolkata,West Bengal,22.617049,88.317845,63777.17,2026-07-14T23:43:23,2,0
13a184fc-7af9-4fb7-9f70-8edefee01ad9,389c4ac8-e04a-429a-bfeb-367d15f7365d,5241-4651-6351,4377-6054-3975,Union Bank of India,UBIN0172631,Bengaluru,Bengaluru Urban,Karnataka,12.954346,77.576134,98720.11,2026-07-14T23:44:01,2,0
97069447-c99c-4953-a0df-dde6e5abc66c,389c4ac8-e04a-429a-bfeb-367d15f7365d,3500-4094-3429,4304-5963-3675,Punjab National Bank,PUNB0327788,Mumbai,Mumbai City,Maharashtra,19.103235,72.83043,63777.17,2026-07-14T23:46:49,3,1
e07c6eb1-52f3-4c65-a771-b8f93f6a6da4,a167ea6b-a869-4fc1-82ac-80bb0ff3f13f,3017-7145-1416,4417-7232-1806,Axis Bank,UTIB0498988,Patna,Patna,Bihar,25.603122,85.100065,388697.78,2026-06-11T07:47:53,1,0
a3652817-d9f1-4891-a00d-05d2e821f356,a167ea6b-a869-4fc1-82ac-80bb0ff3f13f,3017-7145-1416,8320-8185-7540,Union Bank of India,UBIN0706395,Chandigarh,Chandigarh,Chandigarh,30.755752,76.74157,93890.32,2026-06-11T07:48:14,1,0
f81b6645-ba02-4bb7-aa99-41ce6030cc7f,a167ea6b-a869-4fc1-82ac-80bb0ff3f13f,4417-7232-1806,2971-9013-6871,Bank of Baroda,BARB0300258,Hyderabad,Hyderabad,Telangana,17.356033,78.445779,388697.78,2026-06-11T07:49:31,2,0
b59c4126-dbb2-43e0-8942-0da25a811b83,a167ea6b-a869-4fc1-82ac-80bb0ff3f13f,8320-8185-7540,6895-8831-5182,Canara Bank,CNRB0999146,Hyderabad,Hyderabad,Telangana,17.345007,78.472739,17188.86,2026-06-11T07:50:52,2,0
99995aea-b68f-435a-843a-837c32408dde,a167ea6b-a869-4fc1-82ac-80bb0ff3f13f,8320-8185-7540,9335-2834-8486,Federal Bank,FDRL0555238,Noida,Gautam Buddh Nagar,Uttar Pradesh,28.580094,77.4062,23232.56,2026-06-11T07:51:41,2,0
d91f06e9-14e8-4ee6-980a-8a149b36b83e,a167ea6b-a869-4fc1-82ac-80bb0ff3f13f,8320-8185-7540,1264-1118-7226,IDBI Bank,IBKL0782028,Noida,Gautam Buddh Nagar,Uttar Pradesh,28.549858,77.379969,53468.9,2026-06-11T07:52:25,2,0
180ecaf8-d158-4fc8-99b7-25da9ed02a86,a167ea6b-a869-4fc1-82ac-80bb0ff3f13f,2971-9013-6871,3305-5079-3905,UCO Bank,UCBA0643814,Delhi,Central Delhi,Delhi,28.60013,77.216803,349828.0,2026-06-11T07:53:41,3,1
ceebadca-2989-45ce-b35d-6fbd408b08c0,a167ea6b-a869-4fc1-82ac-80bb0ff3f13f,6895-8831-5182,3305-5079-3905,UCO Bank,UCBA0140884,Delhi,Central Delhi,Delhi,28.596347,77.221095,15469.97,2026-06-11T07:56:18,3,1
387cb5dd-614b-47aa-982a-1db86db7f014,a167ea6b-a869-4fc1-82ac-80bb0ff3f13f,9335-2834-8486,3305-5079-3905,UCO Bank,UCBA0875788,Delhi,Central Delhi,Delhi,28.620338,77.203868,20909.3,2026-06-11T07:59:08,3,1
4bd2965d-88a7-4923-a726-8afd67b2711d,a167ea6b-a869-4fc1-82ac-80bb0ff3f13f,1264-1118-7226,3305-5079-3905,UCO Bank,UCBA0963240,Delhi,Central Delhi,Delhi,28.600199,77.195897,48122.01,2026-06-11T08:01:01,3,1
7656d1c3-1579-47d9-909a-fb6afdaffe1d,6614349f-b0ab-4b15-badf-e983807fdb55,3480-3975-6981,3660-1491-9151,Punjab National Bank,PUNB0755687,Hyderabad,Hyderabad,Telangana,17.372318,78.520842,265345.79,2026-07-13T10:20:54,1,0
ca9f9888-7db6-4015-b46b-4f661b22d99f,6614349f-b0ab-4b15-badf-e983807fdb55,3660-1491-9151,6260-1466-1423,Union Bank of India,UBIN0899541,Hyderabad,Hyderabad,Telangana,17.394851,78.48922,40131.84,2026-07-13T10:21:26,2,0
a204c5a8-296c-416f-a358-5a689e8033d0,6614349f-b0ab-4b15-badf-e983807fdb55,3660-1491-9151,6432-1466-8708,HDFC Bank,HDFC0465603,Delhi,Central Delhi,Delhi,28.653619,77.168212,20887.55,2026-07-13T10:22:06,2,0
359a05d7-32bb-4dc4-b1ea-055672d4ad9c,6614349f-b0ab-4b15-badf-e983807fdb55,3660-1491-9151,1560-3364-7679,HDFC Bank,HDFC0586993,Chennai,Chennai,Tamil Nadu,13.131037,80.306314,204326.41,2026-07-13T10:22:40,2,0
3f8c0bf6-0595-4fc2-8aa5-a5e30f4cdf94,6614349f-b0ab-4b15-badf-e983807fdb55,6260-1466-1423,8802-8692-5208,ICICI Bank,ICIC0666216,Bengaluru,Bengaluru Urban,Karnataka,12.966223,77.599144,36118.66,2026-07-13T10:25:04,3,1
b7483f48-4bab-48e8-8cc2-09c7e6818cf7,6614349f-b0ab-4b15-badf-e983807fdb55,1560-3364-7679,8802-8692-5208,ICICI Bank,ICIC0201080,Bengaluru,Bengaluru Urban,Karnataka,12.970712,77.604549,183893.77,2026-07-13T10:27:35,3,1
59cbbef5-a899-4fe8-b5b7-323ac04dcaec,6614349f-b0ab-4b15-badf-e983807fdb55,6432-1466-8708,8802-8692-5208,ICICI Bank,ICIC0698988,Bengaluru,Bengaluru Urban,Karnataka,12.959451,77.583372,18798.79,2026-07-13T10:30:24,3,1
274bff4b-a2e1-430d-84f7-d6ddee46bd41,19ecc62e-d1b6-4c20-af36-8224115c47c6,3336-4695-2346,2553-7616-5625,IDBI Bank,IBKL0800822,Chennai,Chennai,Tamil Nadu,13.091778,80.27239,168817.97,2026-06-24T19:09:05,1,0
568ef48e-3da4-4905-bbc9-7f0f31507e95,19ecc62e-d1b6-4c20-af36-8224115c47c6,3336-4695-2346,2724-5092-4706,YES Bank,YESB0238104,Chandigarh,Chandigarh,Chandigarh,30.716094,76.766877,49111.91,2026-06-24T19:09:32,1,0
2649093b-190b-4292-b295-7acc38a98114,19ecc62e-d1b6-4c20-af36-8224115c47c6,3336-4695-2346,5106-4024-5933,UCO Bank,UCBA0992074,Lucknow,Lucknow,Uttar Pradesh,26.800123,80.986801,19467.97,2026-06-24T19:09:51,1,0
ca561855-c054-4849-ad57-0bd148bf2628,19ecc62e-d1b6-4c20-af36-8224115c47c6,2553-7616-5625,1786-4242-3984,YES Bank,YESB0269748,Mumbai,Mumbai City,Maharashtra,19.065676,72.828871,62483.78,2026-06-24T19:11:14,2,0
4540bf07-2864-4bd8-b9af-3c0a834a42fe,19ecc62e-d1b6-4c20-af36-8224115c47c6,2553-7616-5625,1234-3342-1558,Kotak Mahindra Bank,KKBK0460607,Bhopal,Bhopal,Madhya Pradesh,23.228675,77.449553,106334.19,2026-06-24T19:12:14,2,0
0cd9341f-5d75-427f-8981-7d7929ee64da,19ecc62e-d1b6-4c20-af36-8224115c47c6,2724-5092-4706,7646-8407-4519,YES Bank,YESB0453737,Kolkata,Kolkata,West Bengal,22.556325,88.403153,11993.77,2026-06-24T19:13:25,2,0
68a41f65-99fe-4508-b149-4a52a5f07cb6,19ecc62e-d1b6-4c20-af36-8224115c47c6,2724-5092-4706,8425-5305-9943,Bank of Baroda,BARB0611028,Patna,Patna,Bihar,25.621301,85.133232,14138.76,2026-06-24T19:14:11,2,0
1c2b20cf-7250-4467-ac9c-1d3925c75e65,19ecc62e-d1b6-4c20-af36-8224115c47c6,2724-5092-4706,8206-2930-5576,IndusInd Bank,INDB0459006,Bhopal,Bhopal,Madhya Pradesh,23.286227,77.388886,22979.38,2026-06-24T19:14:47,2,0
b2f31225-2618-4ffa-b2f1-18ea1a322d94,19ecc62e-d1b6-4c20-af36-8224115c47c6,5106-4024-5933,7988-1416-9901,Federal Bank,FDRL0226120,Noida,Gautam Buddh Nagar,Uttar Pradesh,28.540546,77.370571,1506.1,2026-06-24T19:15:46,2,0
0f6b5450-63a4-444d-9f91-56454143f169,19ecc62e-d1b6-4c20-af36-8224115c47c6,5106-4024-5933,3068-2549-4721,Bank of Baroda,BARB0574548,Pune,Pune,Maharashtra,18.514016,73.905131,17961.87,2026-06-24T19:17:11,2,0
bbb939ad-0416-4462-8d04-d0ce2e6ad723,19ecc62e-d1b6-4c20-af36-8224115c47c6,3068-2549-4721,7513-9370-4192,ICICI Bank,ICIC0332634,Bhopal,Bhopal,Madhya Pradesh,23.270936,77.400547,16165.68,2026-06-24T19:19:38,3,1
37134e1e-395f-49ac-a466-5791a5c358b6,19ecc62e-d1b6-4c20-af36-8224115c47c6,8206-2930-5576,7513-9370-4192,ICICI Bank,ICIC0471129,Bhopal,Bhopal,Madhya Pradesh,23.260923,77.423798,20681.44,2026-06-24T19:22:13,3,1
46efdd36-3504-4a26-a5b0-a902e10087de,19ecc62e-d1b6-4c20-af36-8224115c47c6,1234-3342-1558,7513-9370-4192,ICICI Bank,ICIC0656334,Bhopal,Bhopal,Madhya Pradesh,23.260902,77.42461,95700.77,2026-06-24T19:24:25,3,1
dd86e0f0-e2f4-4f0e-bcd4-a45d4df6c222,b8e06c47-ce9c-4cff-bdc3-650955d5de73,9838-4775-9697,7135-3600-2640,ICICI Bank,ICIC0765124,Jaipur,Jaipur,Rajasthan,26.948294,75.759926,193104.65,2026-06-29T19:30:00,1,0
09684979-dd07-484e-8c19-b4039c90c2b9,b8e06c47-ce9c-4cff-bdc3-650955d5de73,7135-3600-2640,3491-9860-7947,Union Bank of India,UBIN0599694,Hyderabad,Hyderabad,Telangana,17.3818,78.450312,11916.04,2026-06-29T19:31:27,2,0
3160bbc0-121b-4d01-9276-a4b3e07e357f,b8e06c47-ce9c-4cff-bdc3-650955d5de73,7135-3600-2640,4312-5561-1801,Punjab National Bank,PUNB0178507,Delhi,Central Delhi,Delhi,28.589033,77.214576,105918.03,2026-06-29T19:32:57,2,0
47a30172-c4ce-45c8-88a9-7465ea2e338f,b8e06c47-ce9c-4cff-bdc3-650955d5de73,7135-3600-2640,7567-5857-7386,Axis Bank,UTIB0869089,Chandigarh,Chandigarh,Chandigarh,30.744612,76.825328,75270.58,2026-06-29T19:33:46,2,0
a175ef0e-d75e-49ed-9c5a-e45e45062ad1,b8e06c47-ce9c-4cff-bdc3-650955d5de73,4312-5561-1801,8879-3625-4972,Canara Bank,CNRB0777468,Patna,Patna,Bihar,25.59086,85.141257,95326.23,2026-06-29T19:35:06,3,1
357587e8-5158-4bd8-90a1-144c1bdeb2a0,b8e06c47-ce9c-4cff-bdc3-650955d5de73,3491-9860-7947,8879-3625-4972,Canara Bank,CNRB0974857,Patna,Patna,Bihar,25.588116,85.126652,10724.44,2026-06-29T19:36:37,3,1
b30316ee-f419-4a11-82db-d1c9ce7bcc05,b8e06c47-ce9c-4cff-bdc3-650955d5de73,7567-5857-7386,8879-3625-4972,Canara Bank,CNRB0247262,Patna,Patna,Bihar,25.609806,85.122539,67743.52,2026-06-29T19:38:12,3,1
ecfd3e75-2766-42d2-8f9d-94de3716d6fe,3e17c354-064f-4cc4-a0ec-97132c19ed54,3487-4372-8264,5513-6365-1176,HDFC Bank,HDFC0426275,Kolkata,Kolkata,West Bengal,22.575024,88.391066,38868.27,2026-07-30T08:21:10,1,0
3cb1bee1-0205-478e-8767-b94d89a9261d,3e17c354-064f-4cc4-a0ec-97132c19ed54,5513-6365-1176,8718-4804-8180,YES Bank,YESB0854981,Chandigarh,Chandigarh,Chandigarh,30.717438,76.75661,33651.49,2026-07-30T08:22:36,2,0
d766cc50-2cdf-4745-b7fc-aa2ec34cb064,3e17c354-064f-4cc4-a0ec-97132c19ed54,5513-6365-1176,5895-3045-9867,Canara Bank,CNRB0367861,Bhopal,Bhopal,Madhya Pradesh,23.221184,77.409253,990.11,2026-07-30T08:23:08,2,0
1fbe9e67-838f-4d19-8181-2c2a2c4d796b,3e17c354-064f-4cc4-a0ec-97132c19ed54,5513-6365-1176,8444-3517-2153,ICICI Bank,ICIC0844238,Chandigarh,Chandigarh,Chandigarh,30.752444,76.808846,4226.67,2026-07-30T08:24:15,2,0
661fde96-bffb-4c07-9297-0740f50bb87c,3e17c354-064f-4cc4-a0ec-97132c19ed54,8718-4804-8180,6940-4953-9102,Federal Bank,FDRL0542157,Lucknow,Lucknow,Uttar Pradesh,26.828966,80.930408,30286.34,2026-07-30T08:26:10,3,1
8ee63bfe-90c3-4d93-a8ba-ee8a43b593f2,3e17c354-064f-4cc4-a0ec-97132c19ed54,8444-3517-2153,6940-4953-9102,Federal Bank,FDRL0393814,Lucknow,Lucknow,Uttar Pradesh,26.860393,80.955498,3804.0,2026-07-30T08:28:48,3,1
deddbd0a-a833-4be8-8c6f-54ed33a0626b,3e17c354-064f-4cc4-a0ec-97132c19ed54,5895-3045-9867,6940-4953-9102,Federal Bank,FDRL0363895,Lucknow,Lucknow,Uttar Pradesh,26.852311,80.939353,891.1,2026-07-30T08:31:43,3,1
f5edecdc-728e-41e7-b01e-5b3879d62d3b,e7664c04-2d1c-498b-9020-7726945eeceb,6843-2361-1211,8955-4977-9109,UCO Bank,UCBA0797962,Hyderabad,Hyderabad,Telangana,17.361575,78.53643,489277.18,2026-08-11T21:24:00,1,0
82e65d51-6d6c-48e2-8a31-705157040f63,e7664c04-2d1c-498b-9020-7726945eeceb,8955-4977-9109,8993-7157-9502,Axis Bank,UTIB0708302,Bengaluru,Bengaluru Urban,Karnataka,12.988861,77.634979,237298.47,2026-08-11T21:25:18,2,0
88bedaee-1636-4fdc-b158-e22613288386,e7664c04-2d1c-498b-9020-7726945eeceb,8955-4977-9109,7268-1689-2766,Federal Bank,FDRL0853180,Hyderabad,Hyderabad,Telangana,17.409431,78.47143,136448.98,2026-08-11T21:26:14,2,0
080417af-5361-40a7-8840-ee6b9760f4a1,e7664c04-2d1c-498b-9020-7726945eeceb,8955-4977-9109,2615-2555-2924,Kotak Mahindra Bank,KKBK0583124,Bhopal,Bhopal,Madhya Pradesh,23.267234,77.414877,115529.73,2026-08-11T21:27:34,2,0
24b81a29-59c8-468a-ae3b-b9edb71518e8,e7664c04-2d1c-498b-9020-7726945eeceb,2615-2555-2924,4539-3961-1395,IndusInd Bank,INDB0406474,Bengaluru,Bengaluru Urban,Karnataka,12.988427,77.606676,103976.76,2026-08-11T21:28:46,3,1
aaff2738-ed7d-40c4-b5db-b02426ce33ca,e7664c04-2d1c-498b-9020-7726945eeceb,7268-1689-2766,4539-3961-1395,IndusInd Bank,INDB0578804,Bengaluru,Bengaluru Urban,Karnataka,12.985577,77.584741,122804.08,2026-08-11T21:31:19,3,1
93d999dc-5277-446a-a852-85d0b2d0d9cd,e7664c04-2d1c-498b-9020-7726945eeceb,8993-7157-9502,4539-3961-1395,IndusInd Bank,INDB0816189,Bengaluru,Bengaluru Urban,Karnataka,12.965362,77.613543,213568.62,2026-08-11T21:34:03,3,1
c6f48a3a-dd58-436c-88c2-7308ad30537c,a5d6c995-fd6b-462d-b270-6eec83061a4f,5532-8307-1783,8507-5311-3631,Canara Bank,CNRB0465469,Patna,Patna,Bihar,25.622197,85.104806,277713.66,2026-06-03T12:47:09,1,0
33bab244-1317-454a-8fcb-def8d4ef82ac,a5d6c995-fd6b-462d-b270-6eec83061a4f,5532-8307-1783,4430-9966-6273,Federal Bank,FDRL0449976,Noida,Gautam Buddh Nagar,Uttar Pradesh,28.52068,77.394823,174481.25,2026-06-03T12:47:50,1,0
0f0c73d1-d8d4-4da7-9ceb-479dc68ffc16,a5d6c995-fd6b-462d-b270-6eec83061a4f,8507-5311-3631,6186-6010-2659,IDBI Bank,IBKL0770513,Noida,Gautam Buddh Nagar,Uttar Pradesh,28.526107,77.40318,277713.66,2026-06-03T12:49:18,2,0
96ccbdfa-a3ff-4825-90a3-4f3acdeeab8a,a5d6c995-fd6b-462d-b270-6eec83061a4f,4430-9966-6273,4050-7270-4312,ICICI Bank,ICIC0438438,Gurgaon,Gurugram,Haryana,28.411093,76.995579,42184.73,2026-06-03T12:50:36,2,0
f7230e6b-4f03-4ad8-af88-acf5f80587e9,a5d6c995-fd6b-462d-b270-6eec83061a4f,4430-9966-6273,5336-8953-6744,South Indian Bank,SIBL0834242,Kolkata,Kolkata,West Bengal,22.586831,88.34352,101222.04,2026-06-03T12:51:25,2,0
dcc3dd27-d9ba-4562-a337-8ad850fb0bac,a5d6c995-fd6b-462d-b270-6eec83061a4f,4430-9966-6273,6521-8172-6922,Union Bank of India,UBIN0517303,Gurgaon,Gurugram,Haryana,28.471347,76.984194,31074.49,2026-06-03T12:52:30,2,0
ac2ef57d-adcd-41e4-86bf-33ddc2605e7b,a5d6c995-fd6b-462d-b270-6eec83061a4f,6186-6010-2659,5315-3388-6573,Union Bank of India,UBIN0239494,Bengaluru,Bengaluru Urban,Karnataka,12.98845,77.578745,249942.29,2026-06-03T12:54:20,3,1
3519b78f-ac2d-49f5-a0f0-3e397286b418,a5d6c995-fd6b-462d-b270-6eec83061a4f,5336-8953-6744,5315-3388-6573,Union Bank of India,UBIN0954141,Bengaluru,Bengaluru Urban,Karnataka,12.986659,77.606539,91099.84,2026-06-03T12:56:54,3,1
a7732375-1928-46a4-a9a7-de3d244dd63b,a5d6c995-fd6b-462d-b270-6eec83061a4f,4050-7270-4312,5315-3388-6573,Union Bank of India,UBIN0697800,Bengaluru,Bengaluru Urban,Karnataka,12.99043,77.587553,37966.26,2026-06-03T12:59:12,3,1
93d12f28-7ca8-4304-b38c-5becde614125,b1db9606-2c20-421c-8e84-c6604c59e2a0,8250-1668-5028,3539-5485-1431,YES Bank,YESB0252438,Mumbai,Mumbai City,Maharashtra,19.027242,72.852068,69965.31,2026-06-22T18:38:13,1,0
703edf84-3e76-4830-b336-7fc4b3ec04f9,b1db9606-2c20-421c-8e84-c6604c59e2a0,8250-1668-5028,9101-4677-4587,Federal Bank,FDRL0606748,Ahmedabad,Ahmedabad,Gujarat,23.056293,72.562853,27109.96,2026-06-22T18:38:24,1,0
ace2832f-f547-46c5-831e-6680e6f70978,b1db9606-2c20-421c-8e84-c6604c59e2a0,8250-1668-5028,5019-4700-8214,UCO Bank,UCBA0532352,Mumbai,Mumbai City,Maharashtra,19.044606,72.879557,121114.69,2026-06-22T18:39:09,1,0
f4855952-7a2c-426f-8e92-ded521dbc4e8,b1db9606-2c20-421c-8e84-c6604c59e2a0,3539-5485-1431,7342-5284-6963,South Indian Bank,SIBL0346106,Chandigarh,Chandigarh,Chandigarh,30.715315,76.765107,24221.17,2026-06-22T18:40:02,2,0
05b56b13-0044-475d-8f07-29ace9aa1be8,b1db9606-2c20-421c-8e84-c6604c59e2a0,3539-5485-1431,5318-8066-7065,ICICI Bank,ICIC0967641,Bengaluru,Bengaluru Urban,Karnataka,13.020226,77.56929,45744.14,2026-06-22T18:41:16,2,0
9fa25102-2d5e-4e70-b1bc-2b69b406892d,b1db9606-2c20-421c-8e84-c6604c59e2a0,9101-4677-4587,3109-2583-9314,IDBI Bank,IBKL0680987,Jaipur,Jaipur,Rajasthan,26.944508,75.759696,9753.56,2026-06-22T18:42:31,2,0
11a9f791-b556-49ba-9e23-d2492497933b,b1db9606-2c20-421c-8e84-c6604c59e2a0,9101-4677-4587,8794-9771-6136,UCO Bank,UCBA0155785,Bhopal,Bhopal,Madhya Pradesh,23.255924,77.406387,12470.12,2026-06-22T18:43:18,2,0
46cb80af-febe-4c10-af65-a8bb07256ff5,b1db9606-2c20-421c-8e84-c6604c59e2a0,9101-4677-4587,2717-4732-6707,Canara Bank,CNRB0279664,Noida,Gautam Buddh Nagar,Uttar Pradesh,28.487712,77.385847,4886.29,2026-06-22T18:44:25,2,0
ed29aff5-09dd-4922-b86e-9365dc2de21c,b1db9606-2c20-421c-8e84-c6604c59e2a0,5019-4700-8214,1942-6695-8809,South Indian Bank,SIBL0128916,Lucknow,Lucknow,Uttar Pradesh,26.868061,80.945281,10509.7,2026-06-22T18:45:55,2,0
06fef3bb-c4b5-45d5-b775-86c859f433ae,b1db9606-2c20-421c-8e84-c6604c59e2a0,5019-4700-8214,3422-2044-6806,YES Bank,YESB0515494,Gurgaon,Gurugram,Haryana,28.43102,77.021811,81263.12,2026-06-22T18:47:10,2,0
37b416de-ac07-4302-8142-c6fc3d84c92e,b1db9606-2c20-421c-8e84-c6604c59e2a0,5019-4700-8214,2071-5523-5128,IDBI Bank,IBKL0419460,Jaipur,Jaipur,Rajasthan,26.895453,75.794286,29341.87,2026-06-22T18:48:14,2,0
6bd04bb6-27b1-4714-8c95-afeb994b2edc,b1db9606-2c20-421c-8e84-c6604c59e2a0,3422-2044-6806,1111-1867-6871,UCO Bank,UCBA0174462,Noida,Gautam Buddh Nagar,Uttar Pradesh,28.540054,77.392191,73136.81,2026-06-22T18:50:53,3,1
a854b578-1454-4be2-b21e-9b6b8288bd3a,b1db9606-2c20-421c-8e84-c6604c59e2a0,5318-8066-7065,1111-1867-6871,UCO Bank,UCBA0269038,Noida,Gautam Buddh Nagar,Uttar Pradesh,28.544802,77.380952,41169.73,2026-06-22T18:53:26,3,1
24401de3-187a-4e9b-bc7b-3296cc19a2fd,b1db9606-2c20-421c-8e84-c6604c59e2a0,2717-4732-6707,1111-1867-6871,UCO Bank,UCBA0911319,Noida,Gautam Buddh Nagar,Uttar Pradesh,28.545853,77.378174,4397.66,2026-06-22T18:55:42,3,1
1ebe33fc-e9d4-4c7b-b2a1-422ebc446b71,b1db9606-2c20-421c-8e84-c6604c59e2a0,1942-6695-8809,1111-1867-6871,UCO Bank,UCBA0130919,Noida,Gautam Buddh Nagar,Uttar Pradesh,28.541476,77.390799,9458.73,2026-06-22T18:57:05,3,1
c87393c3-c92e-4e1d-8fd7-fca175fc849b,b1db9606-2c20-421c-8e84-c6604c59e2a0,3109-2583-9314,1111-1867-6871,UCO Bank,UCBA0447907,Noida,Gautam Buddh Nagar,Uttar Pradesh,28.519064,77.408846,8778.2,2026-06-22T18:58:20,3,1
fb36feb8-b83e-4605-a61a-fabfb10e0804,84b1c154-8aee-4375-934a-33911da4a8e6,7347-7677-7247,8772-3269-6624,Kotak Mahindra Bank,KKBK0293531,Noida,Gautam Buddh Nagar,Uttar Pradesh,28.511551,77.361061,157573.14,2026-07-06T05:01:35,1,0
7f863784-97da-4621-895f-851352bbe895,84b1c154-8aee-4375-934a-33911da4a8e6,7347-7677-7247,3998-2570-6098,IndusInd Bank,INDB0185530,Jaipur,Jaipur,Rajasthan,26.896372,75.812482,30351.39,2026-07-06T05:02:07,1,0
8004eaf1-046d-4176-91f1-b3437cd60508,84b1c154-8aee-4375-934a-33911da4a8e6,7347-7677-7247,6818-3906-8051,Punjab National Bank,PUNB0735604,Delhi,Central Delhi,Delhi,28.56999,77.214713,118773.9,2026-07-06T05:02:50,1,0
ac1ad78d-81dc-410f-8f3f-6fb37ce693e2,84b1c154-8aee-4375-934a-33911da4a8e6,8772-3269-6624,7113-2564-3760,State Bank of India,SBIN0695673,Patna,Patna,Bihar,25.600436,85.173536,97898.34,2026-07-06T05:03:39,2,0
d0e5fd8b-c64f-40ac-8727-3839cdd72145,84b1c154-8aee-4375-934a-33911da4a8e6,8772-3269-6624,1028-9669-1206,Axis Bank,UTIB0751031,Jaipur,Jaipur,Rajasthan,26.91222,75.790821,6849.84,2026-07-06T05:04:20,2,0
556d1bee-88a5-43f8-9b5c-3b310337d621,84b1c154-8aee-4375-934a-33911da4a8e6,8772-3269-6624,1076-6355-7303,HDFC Bank,HDFC0816367,Bhopal,Bhopal,Madhya Pradesh,23.301161,77.422572,52824.96,2026-07-06T05:05:12,2,0
09d7091e-ef0d-47e9-97f1-5318c510edc1,84b1c154-8aee-4375-934a-33911da4a8e6,3998-2570-6098,3898-8220-3908,YES Bank,YESB0946415,Noida,Gautam Buddh Nagar,Uttar Pradesh,28.578925,77.434503,910.66,2026-07-06T05:06:38,2,0
01ed949e-6544-45b6-af76-6846825d4eb4,84b1c154-8aee-4375-934a-33911da4a8e6,3998-2570-6098,9312-3438-8292,Bank of Baroda,BARB0289180,Jaipur,Jaipur,Rajasthan,26.921411,75.754039,413.05,2026-07-06T05:07:14,2,0
1a874c92-0f31-45da-8043-8af8768f2309,84b1c154-8aee-4375-934a-33911da4a8e6,3998-2570-6098,1497-1635-9807,Kotak Mahindra Bank,KKBK0732819,Mumbai,Mumbai City,Maharashtra,19.041525,72.889019,29027.68,2026-07-06T05:07:50,2,0
53651d34-f4cd-47c9-9acb-6499756c6b45,84b1c154-8aee-4375-934a-33911da4a8e6,6818-3906-8051,8449-9978-7370,Axis Bank,UTIB0248249,Bengaluru,Bengaluru Urban,Karnataka,12.945545,77.626359,22554.4,2026-07-06T05:08:41,2,0
cd0af1d1-a6e9-4fb7-820d-3df27480f640,84b1c154-8aee-4375-934a-33911da4a8e6,6818-3906-8051,8338-2906-2072,YES Bank,YESB0143610,Hyderabad,Hyderabad,Telangana,17.370832,78.528361,96219.5,2026-07-06T05:09:23,2,0
81c6da0c-1c51-4b16-85c9-dba7deb0c484,84b1c154-8aee-4375-934a-33911da4a8e6,1028-9669-1206,6251-9639-9715,Union Bank of India,UBIN0672922,Hyderabad,Hyderabad,Telangana,17.390728,78.478002,6164.86,2026-07-06T05:11:59,3,1
56382b91-5a04-4fb0-80bb-b95587e8bffb,84b1c154-8aee-4375-934a-33911da4a8e6,8449-9978-7370,6251-9639-9715,Union Bank of India,UBIN0569661,Hyderabad,Hyderabad,Telangana,17.395541,78.478418,20298.96,2026-07-06T05:13:16,3,1
30a2f0ea-7f92-4e6c-8c43-05cfb5c8cb5a,84b1c154-8aee-4375-934a-33911da4a8e6,9312-3438-8292,6251-9639-9715,Union Bank of India,UBIN0547028,Hyderabad,Hyderabad,Telangana,17.38117,78.481783,371.74,2026-07-06T05:15:36,3,1
3a13d474-43cf-4f04-b04e-aa7990eab5a8,84b1c154-8aee-4375-934a-33911da4a8e6,7113-2564-3760,6251-9639-9715,Union Bank of India,UBIN0124991,Hyderabad,Hyderabad,Telangana,17.38465,78.479561,88108.51,2026-07-06T05:17:38,3,1
0285e6ad-e095-440e-878d-9794a7b1cc75,82562edd-e0ba-402a-8ee9-357205149c7c,7370-6011-9152,1903-9643-1682,IDBI Bank,IBKL0699025,Chandigarh,Chandigarh,Chandigarh,30.737579,76.793493,47673.0,2026-06-23T17:26:35,1,0
b157cbce-db6e-4ea8-a0a1-ac6a553f3a3b,82562edd-e0ba-402a-8ee9-357205149c7c,7370-6011-9152,4081-2461-6031,State Bank of India,SBIN0129321,Kolkata,Kolkata,West Bengal,22.527321,88.344195,185596.21,2026-06-23T17:27:32,1,0
6195b57c-188d-4b2c-b765-c942d717c5ae,82562edd-e0ba-402a-8ee9-357205149c7c,1903-9643-1682,6763-9810-1859,Federal Bank,FDRL0554876,Jaipur,Jaipur,Rajasthan,26.936254,75.789698,47673.0,2026-06-23T17:28:54,2,0
be6b7e8c-28ed-4566-b5bb-532308483d8c,82562edd-e0ba-402a-8ee9-357205149c7c,4081-2461-6031,9335-7075-1732,Axis Bank,UTIB0579444,Noida,Gautam Buddh Nagar,Uttar Pradesh,28.580496,77.430236,185596.21,2026-06-23T17:30:22,2,0
25606d2d-2a7f-418c-bc03-66fa3444959c,82562edd-e0ba-402a-8ee9-357205149c7c,6763-9810-1859,4335-9114-4387,IndusInd Bank,INDB0116350,Ahmedabad,Ahmedabad,Gujarat,22.977023,72.559549,47673.0,2026-06-23T17:33:48,3,1
468b6fca-56e7-4d68-996f-3d816a5303d0,82562edd-e0ba-402a-8ee9-357205149c7c,9335-7075-1732,1077-4938-6419,Canara Bank,CNRB0339465,Bhopal,Bhopal,Madhya Pradesh,23.247078,77.446379,185596.21,2026-06-23T17:35:33,3,0
7e0bcf39-529e-4424-8c7e-9a5fcc9a1d1c,82562edd-e0ba-402a-8ee9-357205149c7c,1077-4938-6419,1733-3554-3321,Axis Bank,UTIB0801007,Ahmedabad,Ahmedabad,Gujarat,22.998319,72.613618,185596.21,2026-06-23T17:39:06,4,1
39ad0cd6-7423-432e-95a7-366ec435b6e1,9273823b-6ff9-4a3e-bcbd-c4afa7760729,6074-4356-5466,1167-7813-7777,Kotak Mahindra Bank,KKBK0729281,Pune,Pune,Maharashtra,18.471443,73.875952,50915.58,2026-07-11T22:56:51,1,0
556183a6-f3a1-499d-9ec4-08fb997870a4,9273823b-6ff9-4a3e-bcbd-c4afa7760729,6074-4356-5466,7178-5556-4104,IDBI Bank,IBKL0570945,Patna,Patna,Bihar,25.556989,85.15655,32282.35,2026-07-11T22:57:03,1,0
b899a5b9-f95f-44fb-aa97-455604b0d487,9273823b-6ff9-4a3e-bcbd-c4afa7760729,1167-7813-7777,2874-2888-3603,YES Bank,YESB0169730,Chennai,Chennai,Tamil Nadu,13.051036,80.253438,50915.58,2026-07-11T22:58:30,2,0
a6d0a6e7-9e92-483f-8f64-81e993da576e,9273823b-6ff9-4a3e-bcbd-c4afa7760729,7178-5556-4104,5202-7524-5666,Federal Bank,FDRL0311944,Chandigarh,Chandigarh,Chandigarh,30.778321,76.784875,12888.56,2026-07-11T22:59:25,2,0
2cf0a816-1565-40dc-9dba-788ad17c471a,9273823b-6ff9-4a3e-bcbd-c4afa7760729,7178-5556-4104,9786-5693-5664,Axis Bank,UTIB0643398,Gurgaon,Gurugram,Haryana,28.509056,77.023496,10724.52,2026-07-11T23:00:26,2,0
bbde5dfb-6b52-468f-a92f-a04713ee5e50,9273823b-6ff9-4a3e-bcbd-c4afa7760729,7178-5556-4104,5284-2777-2956,HDFC Bank,HDFC0139878,Mumbai,Mumbai City,Maharashtra,19.109309,72.846148,8669.27,2026-07-11T23:01:02,2,0
e0a6acaa-3a46-485c-ac6e-8350c8152d58,9273823b-6ff9-4a3e-bcbd-c4afa7760729,5202-7524-5666,8177-3338-8242,UCO Bank,UCBA0795076,Patna,Patna,Bihar,25.611445,85.148272,11599.7,2026-07-11T23:02:07,3,1
c44102d1-cfe4-4f75-adc4-43f472d6af69,9273823b-6ff9-4a3e-bcbd-c4afa7760729,5284-2777-2956,8177-3338-8242,UCO Bank,UCBA0905882,Patna,Patna,Bihar,25.582517,85.130317,7802.34,2026-07-11T23:03:31,3,1
60b85d36-466e-4d55-b90c-ee3403a293b5,9273823b-6ff9-4a3e-bcbd-c4afa7760729,9786-5693-5664,8177-3338-8242,UCO Bank,UCBA0114901,Patna,Patna,Bihar,25.612044,85.131254,9652.07,2026-07-11T23:05:43,3,1
5a30d24e-923c-4f9e-8cc6-89f21df2cb3b,b9efb0d4-a4f4-4931-90f3-ff78771b814f,3875-6736-8569,1924-7411-7226,Punjab National Bank,PUNB0166741,Kolkata,Kolkata,West Bengal,22.545124,88.376621,423425.44,2026-06-18T09:49:05,1,0
25310bd7-08af-4752-a99c-c9660484d8d6,b9efb0d4-a4f4-4931-90f3-ff78771b814f,1924-7411-7226,8190-1414-8217,Union Bank of India,UBIN0250327,Gurgaon,Gurugram,Haryana,28.464212,77.008355,253640.09,2026-06-18T09:49:53,2,0
da45101f-8e20-43b3-bc26-a8526ec7e11a,b9efb0d4-a4f4-4931-90f3-ff78771b814f,1924-7411-7226,2136-5026-9659,IndusInd Bank,INDB0529836,Noida,Gautam Buddh Nagar,Uttar Pradesh,28.537305,77.342746,169785.35,2026-06-18T09:50:30,2,0
c356ecf7-dc95-484b-ac89-ec25aa6ca3ec,b9efb0d4-a4f4-4931-90f3-ff78771b814f,8190-1414-8217,7068-1629-3350,HDFC Bank,HDFC0345012,Jaipur,Jaipur,Rajasthan,26.86299,75.737642,253640.09,2026-06-18T09:55:20,3,0
5b202d13-3a9d-49ae-80af-6a19cd6d4146,b9efb0d4-a4f4-4931-90f3-ff78771b814f,7068-1629-3350,1957-7349-2960,Axis Bank,UTIB0758806,Patna,Patna,Bihar,25.54762,85.142158,253640.09,2026-06-18T09:59:59,4,1
f0256097-c6ee-4e8d-b52c-803b0aa90111,7c717cd0-dbd9-4eb9-bc29-51ed472dd2ae,8805-7325-5627,7336-8367-4893,Union Bank of India,UBIN0477629,Chandigarh,Chandigarh,Chandigarh,30.705684,76.758086,201326.4,2026-07-24T21:00:24,1,0
10e935e7-5564-49d6-9ebd-c4dfbe1ec440,7c717cd0-dbd9-4eb9-bc29-51ed472dd2ae,8805-7325-5627,9037-5096-6654,ICICI Bank,ICIC0369705,Hyderabad,Hyderabad,Telangana,17.423194,78.473508,7969.09,2026-07-24T21:01:20,1,0
22aebc49-9825-4342-ae25-79f0e05ea453,7c717cd0-dbd9-4eb9-bc29-51ed472dd2ae,8805-7325-5627,8454-8850-3509,Canara Bank,CNRB0414423,Patna,Patna,Bihar,25.558498,85.133593,78806.24,2026-07-24T21:01:31,1,0
8251edf2-4523-49a0-bcd5-061982431668,7c717cd0-dbd9-4eb9-bc29-51ed472dd2ae,7336-8367-4893,9871-4718-7590,IDBI Bank,IBKL0565455,Chennai,Chennai,Tamil Nadu,13.127937,80.267052,183613.93,2026-07-24T21:02:30,2,0
65aeefbb-640c-4b3e-83d1-d672dbb47aad,7c717cd0-dbd9-4eb9-bc29-51ed472dd2ae,7336-8367-4893,3048-6782-4409,Bank of Baroda,BARB0518259,Jaipur,Jaipur,Rajasthan,26.875711,75.790294,13177.67,2026-07-24T21:03:21,2,0
ef8b3bce-0813-4a58-b77c-403a5bec18b2,7c717cd0-dbd9-4eb9-bc29-51ed472dd2ae,7336-8367-4893,7648-7899-7844,Axis Bank,UTIB0300241,Lucknow,Lucknow,Uttar Pradesh,26.853539,80.991001,4534.8,2026-07-24T21:04:06,2,0
256e87d4-4880-414a-9782-93ca8035c153,7c717cd0-dbd9-4eb9-bc29-51ed472dd2ae,9037-5096-6654,6954-8591-9981,HDFC Bank,HDFC0783920,Kolkata,Kolkata,West Bengal,22.567832,88.404368,2659.17,2026-07-24T21:05:06,2,0
5eb2004a-0027-4705-a944-0fb4fe37afbf,7c717cd0-dbd9-4eb9-bc29-51ed472dd2ae,9037-5096-6654,7688-7140-6028,Federal Bank,FDRL0532136,Ahmedabad,Ahmedabad,Gujarat,22.977589,72.543118,1681.28,2026-07-24T21:06:25,2,0
0f768108-4cd1-429b-a035-ccb6717f5dd0,7c717cd0-dbd9-4eb9-bc29-51ed472dd2ae,9037-5096-6654,4498-7436-3315,South Indian Bank,SIBL0791694,Gurgaon,Gurugram,Haryana,28.447929,77.02835,3628.64,2026-07-24T21:07:30,2,0
05d69b73-112e-420a-841d-a4eb917463c1,7c717cd0-dbd9-4eb9-bc29-51ed472dd2ae,8454-8850-3509,8257-1390-4382,UCO Bank,UCBA0280712,Jaipur,Jaipur,Rajasthan,26.889732,75.811897,78806.24,2026-07-24T21:08:24,2,0
82da13c2-3606-4166-9303-57d55ec42f34,7c717cd0-dbd9-4eb9-bc29-51ed472dd2ae,8257-1390-4382,7738-6185-8677,Axis Bank,UTIB0236896,Bhopal,Bhopal,Madhya Pradesh,23.270405,77.412067,70925.62,2026-07-24T21:10:58,3,1
7b3f05ad-9943-40a6-80e9-d4688dbb4275,7c717cd0-dbd9-4eb9-bc29-51ed472dd2ae,3048-6782-4409,7738-6185-8677,Axis Bank,UTIB0900475,Bhopal,Bhopal,Madhya Pradesh,23.264393,77.422013,11859.9,2026-07-24T21:13:16,3,1
95ea42c0-f541-45f4-983f-a089855a287d,7c717cd0-dbd9-4eb9-bc29-51ed472dd2ae,6954-8591-9981,7738-6185-8677,Axis Bank,UTIB0137016,Bhopal,Bhopal,Madhya Pradesh,23.266948,77.424078,2393.25,2026-07-24T21:16:08,3,1
262d4a7c-9cbc-43f1-9452-fea91ddd5505,7c717cd0-dbd9-4eb9-bc29-51ed472dd2ae,4498-7436-3315,7738-6185-8677,Axis Bank,UTIB0122508,Bhopal,Bhopal,Madhya Pradesh,23.240247,77.42709,3265.78,2026-07-24T21:17:18,3,1
283d78b6-37a7-4486-8768-88fdf3539368,7c717cd0-dbd9-4eb9-bc29-51ed472dd2ae,9871-4718-7590,7738-6185-8677,Axis Bank,UTIB0447611,Bhopal,Bhopal,Madhya Pradesh,23.274004,77.405132,165252.54,2026-07-24T21:18:24,3,1
39724062-746f-47cb-b1c1-1de5a71a06e7,eff51edc-1b13-480b-a030-8c3ea18719f7,4326-3467-4489,2081-6946-6169,ICICI Bank,ICIC0417970,Pune,Pune,Maharashtra,18.48055,73.862889,781.01,2026-08-22T01:22:46,1,0
e6f5000e-2bca-4a9a-afab-62a1868991ac,eff51edc-1b13-480b-a030-8c3ea18719f7,4326-3467-4489,8317-8783-6547,ICICI Bank,ICIC0224193,Hyderabad,Hyderabad,Telangana,17.388231,78.498529,8227.48,2026-08-22T01:23:05,1,0
c8f79ef0-f404-400f-aa5c-c4b1b4d740b3,eff51edc-1b13-480b-a030-8c3ea18719f7,2081-6946-6169,8693-5607-5086,IndusInd Bank,INDB0566515,Gurgaon,Gurugram,Haryana,28.419207,76.980538,781.01,2026-08-22T01:23:42,2,0
6353b4d1-3d19-4305-b206-d4dcfe37b429,eff51edc-1b13-480b-a030-8c3ea18719f7,8317-8783-6547,8746-7215-8813,Kotak Mahindra Bank,KKBK0699691,Ahmedabad,Ahmedabad,Gujarat,22.990683,72.610799,4586.99,2026-08-22T01:25:11,2,0
92852a3d-2ac6-45e0-aeb8-5250599e2382,eff51edc-1b13-480b-a030-8c3ea18719f7,8317-8783-6547,3792-1326-6937,IndusInd Bank,INDB0460530,Ahmedabad,Ahmedabad,Gujarat,23.06106,72.620182,3640.49,2026-08-22T01:26:12,2,0
c5abb344-5135-4e99-8050-ea12a6408320,eff51edc-1b13-480b-a030-8c3ea18719f7,8693-5607-5086,5916-7449-3449,HDFC Bank,HDFC0801396,Chandigarh,Chandigarh,Chandigarh,30.721185,76.784769,702.91,2026-08-22T01:28:53,3,1
772f4157-ec2f-4977-b708-4bf9ed454a54,eff51edc-1b13-480b-a030-8c3ea18719f7,3792-1326-6937,5916-7449-3449,HDFC Bank,HDFC0845965,Chandigarh,Chandigarh,Chandigarh,30.745011,76.790863,3276.44,2026-08-22T01:30:30,3,1
110f77c8-6ac9-4c02-8973-0e47f8c61fc0,eff51edc-1b13-480b-a030-8c3ea18719f7,8746-7215-8813,5916-7449-3449,HDFC Bank,HDFC0732094,Chandigarh,Chandigarh,Chandigarh,30.752643,76.77919,4128.29,2026-08-22T01:32:15,3,1
34392159-5401-4315-94b3-3c00d72d772b,39bbd07a-64ed-4ba2-b4ef-d0068e183420,3769-6983-5140,9411-5591-9526,Kotak Mahindra Bank,KKBK0274988,Bengaluru,Bengaluru Urban,Karnataka,12.926801,77.56848,305497.17,2026-07-03T06:35:08,1,0
6de4c8dd-9e56-46fb-a7a5-50a70aaff015,39bbd07a-64ed-4ba2-b4ef-d0068e183420,9411-5591-9526,5310-8355-8093,YES Bank,YESB0580339,Jaipur,Jaipur,Rajasthan,26.928341,75.770592,29401.14,2026-07-03T06:36:25,2,0
def38cdb-14ed-405a-9722-df25312c6870,39bbd07a-64ed-4ba2-b4ef-d0068e183420,9411-5591-9526,6529-1662-5470,ICICI Bank,ICIC0754489,Bhopal,Bhopal,Madhya Pradesh,23.210968,77.419965,276096.03,2026-07-03T06:36:57,2,0
1be12c4d-53a1-4b5f-9821-b0b6fa01e78b,39bbd07a-64ed-4ba2-b4ef-d0068e183420,6529-1662-5470,4270-8702-7226,State Bank of India,SBIN0804542,Lucknow,Lucknow,Uttar Pradesh,26.823728,80.933714,276096.03,2026-07-03T06:39:36,3,0
1ba7d28f-30f3-4ec4-a6d2-fd6ffc08f288,39bbd07a-64ed-4ba2-b4ef-d0068e183420,4270-8702-7226,7009-9398-7955,IDBI Bank,IBKL0238768,Bengaluru,Bengaluru Urban,Karnataka,13.015891,77.616512,276096.03,2026-07-03T06:42:20,4,1
ee7fe21d-c7df-4690-acf1-729ce98659f5,bdcd6829-de73-4bbc-925f-402ca73d8582,4160-9008-5614,2364-8370-2389,YES Bank,YESB0945389,Gurgaon,Gurugram,Haryana,28.485706,77.000896,269698.91,2026-07-31T19:42:39,1,0
1c5dbc6c-5b40-4184-bd04-a3d69f4baaec,bdcd6829-de73-4bbc-925f-402ca73d8582,4160-9008-5614,6220-9336-2859,Bank of Baroda,BARB0261487,Noida,Gautam Buddh Nagar,Uttar Pradesh,28.542691,77.364695,182485.92,2026-07-31T19:43:00,1,0
dc4fa9e1-9aac-4ae8-90a3-36b9577f0d05,bdcd6829-de73-4bbc-925f-402ca73d8582,2364-8370-2389,2235-1158-1220,YES Bank,YESB0747454,Bengaluru,Bengaluru Urban,Karnataka,12.928638,77.602875,269698.91,2026-07-31T19:44:17,2,0
f6786bd3-ea31-4abf-85d3-7f15e7d752f6,bdcd6829-de73-4bbc-925f-402ca73d8582,6220-9336-2859,6421-2733-2998,IDBI Bank,IBKL0185097,Chandigarh,Chandigarh,Chandigarh,30.701857,76.801225,31911.36,2026-07-31T19:45:45,2,0
01c77381-4e4f-4e10-98e5-0c18d473570f,bdcd6829-de73-4bbc-925f-402ca73d8582,6220-9336-2859,1920-3272-4268,State Bank of India,SBIN0930045,Hyderabad,Hyderabad,Telangana,17.40356,78.457722,150574.56,2026-07-31T19:46:20,2,0
c4720889-6c2a-4706-99a5-c3dfae3853d8,bdcd6829-de73-4bbc-925f-402ca73d8582,6421-2733-2998,8799-4232-9115,UCO Bank,UCBA0592002,Lucknow,Lucknow,Uttar Pradesh,26.838223,80.953246,28720.22,2026-07-31T19:47:43,3,1
4f4fd3bd-c091-40cc-a3e8-19b6e053c71d,bdcd6829-de73-4bbc-925f-402ca73d8582,1920-3272-4268,8799-4232-9115,UCO Bank,UCBA0164242,Lucknow,Lucknow,Uttar Pradesh,26.844401,80.946503,135517.1,2026-07-31T19:50:33,3,1
7ea5c40b-7d3f-4a18-bdb4-0d8dec991079,bdcd6829-de73-4bbc-925f-402ca73d8582,2235-1158-1220,8799-4232-9115,UCO Bank,UCBA0284393,Lucknow,Lucknow,Uttar Pradesh,26.865668,80.93673,242729.02,2026-07-31T19:51:43,3,1
c214003d-09f9-4704-a0e1-f825a20b22b5,1559c280-3778-4bbc-b450-e05be9d1d233,4102-3031-2241,4064-6265-4730,Canara Bank,CNRB0976651,Jaipur,Jaipur,Rajasthan,26.921631,75.797455,49616.02,2026-06-27T17:17:12,1,0
1019f084-c5db-4823-9470-340d935893b0,1559c280-3778-4bbc-b450-e05be9d1d233,4064-6265-4730,5676-4575-7988,YES Bank,YESB0167793,Gurgaon,Gurugram,Haryana,28.415662,77.025992,8917.14,2026-06-27T17:18:00,2,0
7179c655-18fd-4765-aa85-d4ca61c3b30f,1559c280-3778-4bbc-b450-e05be9d1d233,4064-6265-4730,5111-6648-4944,IDBI Bank,IBKL0749954,Delhi,Central Delhi,Delhi,28.639465,77.202009,30350.84,2026-06-27T17:19:27,2,0
32fe14e1-8f64-437b-ba6d-fa72c5f5a9d4,1559c280-3778-4bbc-b450-e05be9d1d233,4064-6265-4730,9692-1114-5123,YES Bank,YESB0850895,Chandigarh,Chandigarh,Chandigarh,30.727893,76.827117,10348.04,2026-06-27T17:20:40,2,0
87cbb370-8245-4c85-a540-7bd5ac9b27aa,1559c280-3778-4bbc-b450-e05be9d1d233,5111-6648-4944,5299-6227-8385,Bank of Baroda,BARB0603787,Lucknow,Lucknow,Uttar Pradesh,26.841518,80.93821,27315.76,2026-06-27T17:23:23,3,1
5cb9c142-6fec-42b8-806e-2ede5c934b98,1559c280-3778-4bbc-b450-e05be9d1d233,9692-1114-5123,5299-6227-8385,Bank of Baroda,BARB0428702,Lucknow,Lucknow,Uttar Pradesh,26.848537,80.955999,9313.24,2026-06-27T17:25:25,3,1
eee831d3-5cfb-4148-9d63-e29215c252c5,1559c280-3778-4bbc-b450-e05be9d1d233,5676-4575-7988,5299-6227-8385,Bank of Baroda,BARB0715754,Lucknow,Lucknow,Uttar Pradesh,26.833522,80.953835,8025.43,2026-06-27T17:26:54,3,1
08ad2c2f-2b37-4eb1-84c2-b0ac261c3d28,b56e3efd-cca7-4660-b5e4-65174f253fbe,8617-8563-6314,8596-8608-8408,State Bank of India,SBIN0246205,Bhopal,Bhopal,Madhya Pradesh,23.288727,77.400746,170488.56,2026-08-23T03:55:33,1,0
71c2ef1f-0572-4f4c-a14e-310a2901533d,b56e3efd-cca7-4660-b5e4-65174f253fbe,8617-8563-6314,3501-3327-7317,ICICI Bank,ICIC0483474,Hyderabad,Hyderabad,Telangana,17.336395,78.515838,223835.28,2026-08-23T03:56:23,1,0
e3342904-f3fe-48a0-b0fd-127137b63973,b56e3efd-cca7-4660-b5e4-65174f253fbe,8596-8608-8408,3830-3474-4013,Bank of Baroda,BARB0122733,Mumbai,Mumbai City,Maharashtra,19.075732,72.843532,25120.9,2026-08-23T03:57:10,2,0
8824a4ae-dd52-422c-9d81-ec26b5270dcc,b56e3efd-cca7-4660-b5e4-65174f253fbe,8596-8608-8408,4555-2553-1268,Federal Bank,FDRL0391157,Kolkata,Kolkata,West Bengal,22.545374,88.362553,96434.81,2026-08-23T03:58:33,2,0
5775c32c-1fc6-45cd-a873-109772e81ea2,b56e3efd-cca7-4660-b5e4-65174f253fbe,8596-8608-8408,7410-8737-3455,Kotak Mahindra Bank,KKBK0556243,Hyderabad,Hyderabad,Telangana,17.429733,78.452682,48932.85,2026-08-23T03:59:49,2,0
ab04671d-89f3-408e-89b8-c61aa8c485f8,b56e3efd-cca7-4660-b5e4-65174f253fbe,3501-3327-7317,1979-6789-2736,Kotak Mahindra Bank,KKBK0326915,Patna,Patna,Bihar,25.585735,85.088897,19412.03,2026-08-23T04:00:52,2,0
10825983-72f1-42df-a980-8be616d5eae0,b56e3efd-cca7-4660-b5e4-65174f253fbe,3501-3327-7317,2096-6296-8810,IndusInd Bank,INDB0455027,Gurgaon,Gurugram,Haryana,28.472546,77.045006,168842.81,2026-08-23T04:01:41,2,0
81a72ddc-5403-4054-b2fd-686ced0e60cb,b56e3efd-cca7-4660-b5e4-65174f253fbe,3501-3327-7317,5740-3317-4852,UCO Bank,UCBA0728218,Noida,Gautam Buddh Nagar,Uttar Pradesh,28.498443,77.36919,35580.44,2026-08-23T04:02:38,2,0
ba8bb777-d059-4a0d-90a3-cbce9fd55eb2,b56e3efd-cca7-4660-b5e4-65174f253fbe,7410-8737-3455,2034-1290-8324,Bank of Baroda,BARB0319630,Hyderabad,Hyderabad,Telangana,17.402783,78.494231,44039.56,2026-08-23T04:04:09,3,1
c446b83c-c93a-4c62-9aaa-976b2f224b15,b56e3efd-cca7-4660-b5e4-65174f253fbe,4555-2553-1268,2034-1290-8324,Bank of Baroda,BARB0427718,Hyderabad,Hyderabad,Telangana,17.390355,78.502774,86791.33,2026-08-23T04:07:05,3,1
9f79595b-3a1d-4dcb-a232-b2d8182ff48c,b56e3efd-cca7-4660-b5e4-65174f253fbe,5740-3317-4852,2034-1290-8324,Bank of Baroda,BARB0925026,Hyderabad,Hyderabad,Telangana,17.376221,78.48033,32022.4,2026-08-23T04:09:05,3,1
7d73808c-e19b-42ba-8ccd-baea1a9328a4,b56e3efd-cca7-4660-b5e4-65174f253fbe,1979-6789-2736,2034-1290-8324,Bank of Baroda,BARB0447142,Hyderabad,Hyderabad,Telangana,17.392933,78.502774,17470.83,2026-08-23T04:11:46,3,1
31f3f8f3-0b2d-48d9-a2df-db2eb829868a,b56e3efd-cca7-4660-b5e4-65174f253fbe,2096-6296-8810,2034-1290-8324,Bank of Baroda,BARB0919561,Hyderabad,Hyderabad,Telangana,17.390307,78.505545,151958.53,2026-08-23T04:13:27,3,1
a9c267f7-9266-4ba1-ab0c-21ef3151fadb,49af9f90-9c7d-4523-8910-429756d2dd3d,4883-5081-9005,8696-1317-6135,Kotak Mahindra Bank,KKBK0731871,Chennai,Chennai,Tamil Nadu,13.122743,80.315414,86815.87,2026-07-15T20:24:02,1,0
534afbe2-a4c5-4faa-9ea5-3d9720649ffa,49af9f90-9c7d-4523-8910-429756d2dd3d,4883-5081-9005,9371-2566-7293,Punjab National Bank,PUNB0571319,Noida,Gautam Buddh Nagar,Uttar Pradesh,28.524458,77.360318,262290.51,2026-07-15T20:24:58,1,0
458c9d05-fb26-4d7f-891b-6d16d82b5088,49af9f90-9c7d-4523-8910-429756d2dd3d,4883-5081-9005,3430-6269-2332,Punjab National Bank,PUNB0250033,Lucknow,Lucknow,Uttar Pradesh,26.833078,80.973976,108347.85,2026-07-15T20:25:57,1,0
8072ca61-147f-404d-b38f-8cc2f0bc056e,49af9f90-9c7d-4523-8910-429756d2dd3d,8696-1317-6135,5040-4659-1050,ICICI Bank,ICIC0386007,Patna,Patna,Bihar,25.639767,85.13607,3677.25,2026-07-15T20:27:02,2,0
66af5eaf-788e-478f-9625-2af486246266,49af9f90-9c7d-4523-8910-429756d2dd3d,8696-1317-6135,6361-6835-8906,UCO Bank,UCBA0662361,Chandigarh,Chandigarh,Chandigarh,30.703306,76.810473,83138.62,2026-07-15T20:27:52,2,0
137a3965-ec90-4bb1-882e-b9c2e26e4f4a,49af9f90-9c7d-4523-8910-429756d2dd3d,9371-2566-7293,2972-5843-1992,South Indian Bank,SIBL0648931,Mumbai,Mumbai City,Maharashtra,19.105885,72.855946,262290.51,2026-07-15T20:29:09,2,0
5c697497-0095-4858-919f-180a2361847b,49af9f90-9c7d-4523-8910-429756d2dd3d,3430-6269-2332,7930-1178-5885,State Bank of India,SBIN0783288,Delhi,Central Delhi,Delhi,28.628299,77.201142,76693.0,2026-07-15T20:29:57,2,0
713c70e2-a48e-4985-afc8-707296b4171e,49af9f90-9c7d-4523-8910-429756d2dd3d,3430-6269-2332,5276-4346-3360,Kotak Mahindra Bank,KKBK0254785,Patna,Patna,Bihar,25.588769,85.125802,31654.85,2026-07-15T20:30:50,2,0
8f66c12c-6640-4988-a88f-e4c9e2fce69a,49af9f90-9c7d-4523-8910-429756d2dd3d,5276-4346-3360,2765-5481-8470,Punjab National Bank,PUNB0736005,Mumbai,Mumbai City,Maharashtra,19.074133,72.864216,28489.36,2026-07-15T20:33:20,3,1
f7733530-9d62-41ac-b1a9-4e653ffa872a,49af9f90-9c7d-4523-8910-429756d2dd3d,7930-1178-5885,2765-5481-8470,Punjab National Bank,PUNB0438484,Mumbai,Mumbai City,Maharashtra,19.094244,72.862657,69023.7,2026-07-15T20:34:36,3,1
a405a4c5-28ad-446e-90c4-d01424ce22ba,49af9f90-9c7d-4523-8910-429756d2dd3d,6361-6835-8906,2765-5481-8470,Punjab National Bank,PUNB0442399,Mumbai,Mumbai City,Maharashtra,19.078103,72.872453,74824.76,2026-07-15T20:37:27,3,1
3c4034c5-e557-4689-915a-a24f0470a0c8,d0fd987e-87fb-418c-804f-d8912a1746dd,7144-1417-8114,6306-7480-3916,IDBI Bank,IBKL0848331,Lucknow,Lucknow,Uttar Pradesh,26.809887,80.902588,4151.41,2026-06-20T23:19:55,1,0
10f914ca-6f3a-4a80-9c9f-e5c04c20b2d8,d0fd987e-87fb-418c-804f-d8912a1746dd,7144-1417-8114,6351-1565-5635,ICICI Bank,ICIC0207220,Gurgaon,Gurugram,Haryana,28.461778,77.070612,43734.96,2026-06-20T23:20:09,1,0
a1f5846a-c4a8-49d1-97e7-225b0bad8c29,d0fd987e-87fb-418c-804f-d8912a1746dd,7144-1417-8114,6308-1645-9383,HDFC Bank,HDFC0477819,Patna,Patna,Bihar,25.641332,85.121416,26788.35,2026-06-20T23:20:34,1,0
91d91763-2c54-49af-8ec8-81c3fffa4d8a,d0fd987e-87fb-418c-804f-d8912a1746dd,6306-7480-3916,6629-2139-9068,Canara Bank,CNRB0928090,Jaipur,Jaipur,Rajasthan,26.901999,75.752798,1053.02,2026-06-20T23:21:37,2,0
e1946559-17b4-4b1e-bb46-a8e2b55a0ac0,d0fd987e-87fb-418c-804f-d8912a1746dd,6306-7480-3916,7562-9931-2018,HDFC Bank,HDFC0317322,Bhopal,Bhopal,Madhya Pradesh,23.25475,77.374125,3098.39,2026-06-20T23:22:59,2,0
86082bcb-1901-4425-99a0-d2df385c2660,d0fd987e-87fb-418c-804f-d8912a1746dd,6351-1565-5635,4725-4920-1925,State Bank of India,SBIN0329639,Delhi,Central Delhi,Delhi,28.639753,77.253997,39548.69,2026-06-20T23:23:59,2,0
6b6ad0c2-513b-4058-9127-9e6bb47f384e,d0fd987e-87fb-418c-804f-d8912a1746dd,6351-1565-5635,1396-1859-4694,ICICI Bank,ICIC0434977,Kolkata,Kolkata,West Bengal,22.554895,88.389496,4186.27,2026-06-20T23:25:24,2,0
75731a32-14e1-41ae-a8c2-40e274744896,d0fd987e-87fb-418c-804f-d8912a1746dd,6308-1645-9383,7484-1315-9359,UCO Bank,UCBA0318981,Delhi,Central Delhi,Delhi,28.586851,77.208147,4950.1,2026-06-20T23:26:06,2,0
8855c2c1-bf06-4f73-8141-7e4b24a739c1,d0fd987e-87fb-418c-804f-d8912a1746dd,6308-1645-9383,5745-9064-1385,IDBI Bank,IBKL0709834,Noida,Gautam Buddh Nagar,Uttar Pradesh,28.573665,77.391915,3785.43,2026-06-20T23:26:58,2,0
8183fa02-f8bc-4d8b-b0d0-314c11c2e952,d0fd987e-87fb-418c-804f-d8912a1746dd,6308-1645-9383,7798-2113-1657,ICICI Bank,ICIC0323114,Hyderabad,Hyderabad,Telangana,17.350226,78.437435,18052.82,2026-06-20T23:28:21,2,0
d62e77be-744b-4552-ab86-f30bbc6ccd57,d0fd987e-87fb-418c-804f-d8912a1746dd,5745-9064-1385,7132-9370-7363,ICICI Bank,ICIC0890806,Bhopal,Bhopal,Madhya Pradesh,23.264205,77.405979,3406.89,2026-06-20T23:29:46,3,1
8d7bcd58-7792-489a-97cf-47f38cafa1a0,d0fd987e-87fb-418c-804f-d8912a1746dd,7484-1315-9359,7132-9370-7363,ICICI Bank,ICIC0372988,Bhopal,Bhopal,Madhya Pradesh,23.255605,77.418619,4455.09,2026-06-20T23:31:27,3,1
8c7788ad-b793-4c7c-80a2-0e4bb081c51b,d0fd987e-87fb-418c-804f-d8912a1746dd,4725-4920-1925,7132-9370-7363,ICICI Bank,ICIC0130217,Bhopal,Bhopal,Madhya Pradesh,23.257722,77.431309,35593.82,2026-06-20T23:33:24,3,1
057d94fd-2b54-4c0f-ac08-28b871007438,d0fd987e-87fb-418c-804f-d8912a1746dd,7798-2113-1657,7132-9370-7363,ICICI Bank,ICIC0636666,Bhopal,Bhopal,Madhya Pradesh,23.270701,77.400784,16247.54,2026-06-20T23:35:49,3,1
66684761-a664-4714-9651-ad9d483f9dae,d0fd987e-87fb-418c-804f-d8912a1746dd,1396-1859-4694,7132-9370-7363,ICICI Bank,ICIC0143683,Bhopal,Bhopal,Madhya Pradesh,23.255398,77.396869,3767.64,2026-06-20T23:37:03,3,1
f3458883-da1c-4140-a01d-055252440a65,199ac960-70e9-41c7-b7ed-63def0824088,4279-5892-4511,5970-6913-8598,State Bank of India,SBIN0969885,Mumbai,Mumbai City,Maharashtra,19.044092,72.861093,175.16,2026-07-21T03:54:44,1,0
36276a06-894a-4270-8255-f6654289127f,199ac960-70e9-41c7-b7ed-63def0824088,4279-5892-4511,1890-4765-5134,IDBI Bank,IBKL0854942,Hyderabad,Hyderabad,Telangana,17.367736,78.535123,4332.83,2026-07-21T03:55:25,1,0
d5144797-404e-4116-8660-a8bcf52ab4dd,199ac960-70e9-41c7-b7ed-63def0824088,4279-5892-4511,4552-9373-1390,YES Bank,YESB0615566,Gurgaon,Gurugram,Haryana,28.457518,77.036274,7381.74,2026-07-21T03:56:13,1,0
548036b0-b7f1-4c71-9481-f8e5d6dedfb5,199ac960-70e9-41c7-b7ed-63def0824088,5970-6913-8598,5071-2272-2757,Kotak Mahindra Bank,KKBK0864147,Hyderabad,Hyderabad,Telangana,17.391811,78.452649,100.0,2026-07-21T03:57:02,2,0
fe822f78-fd34-470f-9ace-d587852f7f4f,199ac960-70e9-41c7-b7ed-63def0824088,5970-6913-8598,1004-1511-1819,Bank of Baroda,BARB0777141,Mumbai,Mumbai City,Maharashtra,19.045079,72.870017,100.0,2026-07-21T03:57:35,2,0
6d55e3f1-3db3-47cf-b8a0-55292b1ce64a,199ac960-70e9-41c7-b7ed-63def0824088,5970-6913-8598,1183-5493-1000,Bank of Baroda,BARB0393578,Noida,Gautam Buddh Nagar,Uttar Pradesh,28.527249,77.343239,100.0,2026-07-21T03:59:01,2,0
ad3f43d6-b4c7-457c-8d3a-1b78909d1ceb,199ac960-70e9-41c7-b7ed-63def0824088,1890-4765-5134,2967-5948-3323,Kotak Mahindra Bank,KKBK0939444,Chandigarh,Chandigarh,Chandigarh,30.774757,76.741433,4332.83,2026-07-21T03:59:47,2,0
28dbe2f8-c690-434e-8555-01303e448eae,199ac960-70e9-41c7-b7ed-63def0824088,4552-9373-1390,1497-8807-3860,State Bank of India,SBIN0690590,Lucknow,Lucknow,Uttar Pradesh,26.844672,80.969343,406.82,2026-07-21T04:00:34,2,0
3aee4db6-aee3-4033-b1a9-dd1a895c225c,199ac960-70e9-41c7-b7ed-63def0824088,4552-9373-1390,1235-2844-2410,Axis Bank,UTIB0516849,Noida,Gautam Buddh Nagar,Uttar Pradesh,28.553302,77.34399,6501.69,2026-07-21T04:01:13,2,0
aebf0da1-db42-4485-85dd-f5bfcef30e50,199ac960-70e9-41c7-b7ed-63def0824088,4552-9373-1390,4847-8458-5475,Canara Bank,CNRB0588323,Bhopal,Bhopal,Madhya Pradesh,23.251142,77.459891,473.22,2026-07-21T04:02:14,2,0
846ed582-0702-4c96-9ab6-284576dde1df,199ac960-70e9-41c7-b7ed-63def0824088,5071-2272-2757,5613-8850-4321,YES Bank,YESB0803848,Pune,Pune,Maharashtra,18.511278,73.87158,90.0,2026-07-21T04:03:17,3,1
fd13b6b0-684e-49e4-ab0d-d6846cfc35d1,199ac960-70e9-41c7-b7ed-63def0824088,1235-2844-2410,5613-8850-4321,YES Bank,YESB0823176,Pune,Pune,Maharashtra,18.51832,73.836778,5851.52,2026-07-21T04:04:47,3,1
b9e448b6-7205-4549-a777-7e251dedb4a1,199ac960-70e9-41c7-b7ed-63def0824088,4847-8458-5475,5613-8850-4321,YES Bank,YESB0146266,Pune,Pune,Maharashtra,18.535341,73.870116,425.9,2026-07-21T04:07:10,3,1
8af5010e-d399-48dd-af73-df64c7789372,199ac960-70e9-41c7-b7ed-63def0824088,1183-5493-1000,5613-8850-4321,YES Bank,YESB0686095,Pune,Pune,Maharashtra,18.538486,73.856241,90.0,2026-07-21T04:09:05,3,1
a32505d4-f9dc-49b6-b6a0-b4c3b8dc2e7a,199ac960-70e9-41c7-b7ed-63def0824088,2967-5948-3323,5613-8850-4321,YES Bank,YESB0850328,Pune,Pune,Maharashtra,18.534338,73.838592,3899.55,2026-07-21T04:10:34,3,1
6ea0fa86-67e7-4bf7-89fd-4a71bab75d62,775260ed-c830-4263-bb74-066e894d9e4d,2448-7017-8475,9922-3685-7115,IDBI Bank,IBKL0463633,Jaipur,Jaipur,Rajasthan,26.9031,75.795321,14120.54,2026-06-21T18:27:52,1,0
5c9f385b-7221-4ce5-8bb9-2468d56d6149,775260ed-c830-4263-bb74-066e894d9e4d,2448-7017-8475,7082-9859-3387,Kotak Mahindra Bank,KKBK0904586,Bengaluru,Bengaluru Urban,Karnataka,12.950845,77.626023,44510.78,2026-06-21T18:28:25,1,0
24a74b2d-d7c8-43d1-81a2-5255c820f44f,775260ed-c830-4263-bb74-066e894d9e4d,9922-3685-7115,9884-7681-6903,ICICI Bank,ICIC0476091,Bengaluru,Bengaluru Urban,Karnataka,12.986146,77.589677,5424.32,2026-06-21T18:29:51,2,0
e896e203-e4ea-4745-aa0b-3c2701f9d4d7,775260ed-c830-4263-bb74-066e894d9e4d,9922-3685-7115,8073-2416-5148,Federal Bank,FDRL0272256,Jaipur,Jaipur,Rajasthan,26.951374,75.771645,8696.22,2026-06-21T18:30:55,2,0
5e9ec62a-999f-458a-8095-c78d948fad43,775260ed-c830-4263-bb74-066e894d9e4d,7082-9859-3387,3376-6597-9850,HDFC Bank,HDFC0670421,Kolkata,Kolkata,West Bengal,22.526798,88.324282,15931.96,2026-06-21T18:32:21,2,0
927a921c-3a13-4c55-ad28-0915b8a28bd3,775260ed-c830-4263-bb74-066e894d9e4d,7082-9859-3387,3612-3285-4372,Punjab National Bank,PUNB0677187,Chandigarh,Chandigarh,Chandigarh,30.749764,76.74587,15833.13,2026-06-21T18:32:51,2,0
d2b9ba0a-bbe9-4fcb-84af-bcc16abeec36,775260ed-c830-4263-bb74-066e894d9e4d,7082-9859-3387,7493-2339-7864,IndusInd Bank,INDB0925988,Lucknow,Lucknow,Uttar Pradesh,26.83019,80.907892,12745.69,2026-06-21T18:33:35,2,0
556f4341-0239-49b7-a04f-5f62edcdcf91,775260ed-c830-4263-bb74-066e894d9e4d,3376-6597-9850,6752-7684-2743,Axis Bank,UTIB0575690,Jaipur,Jaipur,Rajasthan,26.898628,75.795058,14338.76,2026-06-21T18:35:57,3,1
03655627-0903-4fc3-916f-e126312483e8,775260ed-c830-4263-bb74-066e894d9e4d,3612-3285-4372,6752-7684-2743,Axis Bank,UTIB0297479,Jaipur,Jaipur,Rajasthan,26.921048,75.803027,14249.82,2026-06-21T18:38:33,3,1
eaa0fb55-8b77-4539-8ec3-58b83b1c10cd,775260ed-c830-4263-bb74-066e894d9e4d,7493-2339-7864,6752-7684-2743,Axis Bank,UTIB0938792,Jaipur,Jaipur,Rajasthan,26.896712,75.773074,11471.12,2026-06-21T18:40:37,3,1
db75b5b0-2005-4367-94c7-a31abd386c6d,775260ed-c830-4263-bb74-066e894d9e4d,8073-2416-5148,6752-7684-2743,Axis Bank,UTIB0828694,Jaipur,Jaipur,Rajasthan,26.930404,75.776973,7826.6,2026-06-21T18:41:46,3,1
7e322c76-ecfb-4f85-a4a3-1c44fa026dc2,775260ed-c830-4263-bb74-066e894d9e4d,9884-7681-6903,6752-7684-2743,Axis Bank,UTIB0417569,Jaipur,Jaipur,Rajasthan,26.925409,75.788979,4881.89,2026-06-21T18:43:37,3,1
2d65fc86-e978-425f-944b-c3f9b3b8bbcb,b5c289c2-1aa2-48bd-8f70-65a74c3fdaec,4129-1385-1265,5846-2983-4392,Federal Bank,FDRL0813536,Patna,Patna,Bihar,25.551234,85.112943,455146.88,2026-06-28T09:45:08,1,0
6d713d0e-cfae-4c99-801f-81534c58e1a5,b5c289c2-1aa2-48bd-8f70-65a74c3fdaec,5846-2983-4392,7912-6857-7602,IDBI Bank,IBKL0414798,Ahmedabad,Ahmedabad,Gujarat,23.006817,72.558892,455146.88,2026-06-28T09:45:38,2,0
23a2d854-be04-45e6-a013-f9aaa1309b1b,b5c289c2-1aa2-48bd-8f70-65a74c3fdaec,7912-6857-7602,8838-1686-9050,Kotak Mahindra Bank,KKBK0468571,Bengaluru,Bengaluru Urban,Karnataka,12.924704,77.614663,455146.88,2026-06-28T09:46:46,3,0
9641d68b-2327-4e60-ae6d-20415a1f5f80,b5c289c2-1aa2-48bd-8f70-65a74c3fdaec,8838-1686-9050,7287-9831-2605,IDBI Bank,IBKL0750360,Ahmedabad,Ahmedabad,Gujarat,23.060564,72.616312,455146.88,2026-06-28T09:49:34,4,1
f846fbe0-ba74-4522-8330-b35124c6c69c,85a0c242-06dd-4cc0-90a0-3dd36c8330ac,1447-7225-1633,2422-8780-5131,IDBI Bank,IBKL0850369,Bhopal,Bhopal,Madhya Pradesh,23.27303,77.372001,93722.35,2026-07-16T21:31:33,1,0
ba64cb11-de5c-4415-addc-62f6c5d745ad,85a0c242-06dd-4cc0-90a0-3dd36c8330ac,1447-7225-1633,9908-2508-2359,IDBI Bank,IBKL0353103,Bengaluru,Bengaluru Urban,Karnataka,12.981961,77.591528,61938.12,2026-07-16T21:32:07,1,0
ee0f015d-d78a-44c9-9a0b-2914bbc86c98,85a0c242-06dd-4cc0-90a0-3dd36c8330ac,2422-8780-5131,6075-8392-4548,ICICI Bank,ICIC0808043,Ahmedabad,Ahmedabad,Gujarat,23.050583,72.614954,38063.26,2026-07-16T21:33:20,2,0
7f559d9d-8d0e-48c3-ae15-aa974f1ae84f,85a0c242-06dd-4cc0-90a0-3dd36c8330ac,2422-8780-5131,7727-2555-1168,HDFC Bank,HDFC0290036,Kolkata,Kolkata,West Bengal,22.568918,88.383613,55659.09,2026-07-16T21:34:18,2,0
f0b77e10-a6f6-4859-9120-44ec41162a36,85a0c242-06dd-4cc0-90a0-3dd36c8330ac,9908-2508-2359,9776-1798-5148,South Indian Bank,SIBL0407641,Chennai,Chennai,Tamil Nadu,13.118056,80.224682,4790.1,2026-07-16T21:34:59,2,0
76a09eba-b813-4fab-bfaa-23099fdcaa31,85a0c242-06dd-4cc0-90a0-3dd36c8330ac,9908-2508-2359,2927-9466-9046,Bank of Baroda,BARB0215002,Hyderabad,Hyderabad,Telangana,17.403681,78.533556,57148.02,2026-07-16T21:36:07,2,0
367d31fd-1efc-4f04-b355-9fe71be5d0fc,85a0c242-06dd-4cc0-90a0-3dd36c8330ac,7727-2555-1168,5080-1093-7345,YES Bank,YESB0785633,Lucknow,Lucknow,Uttar Pradesh,26.862916,80.957099,50093.18,2026-07-16T21:38:50,3,1
d68c3d8b-ff07-4737-9925-0ddee3057b04,85a0c242-06dd-4cc0-90a0-3dd36c8330ac,2927-9466-9046,5080-1093-7345,YES Bank,YESB0416960,Lucknow,Lucknow,Uttar Pradesh,26.834007,80.939803,51433.22,2026-07-16T21:39:55,3,1
1b377acb-32f2-41e6-b3eb-81ad4b65daa7,85a0c242-06dd-4cc0-90a0-3dd36c8330ac,9776-1798-5148,5080-1093-7345,YES Bank,YESB0711917,Lucknow,Lucknow,Uttar Pradesh,26.860522,80.935349,4311.09,2026-07-16T21:42:22,3,1
786e1a89-f63d-4edd-9457-b4f8c005dfc1,ad91989e-d6fd-4360-a4f2-902ecf9c3bf4,2902-2663-3694,3162-1387-8177,Bank of Baroda,BARB0832871,Patna,Patna,Bihar,25.587097,85.158441,229553.66,2026-08-03T03:58:29,1,0
0d5bba10-0db3-4d50-99d3-a774296b3d4c,ad91989e-d6fd-4360-a4f2-902ecf9c3bf4,3162-1387-8177,7034-9904-2742,HDFC Bank,HDFC0375540,Noida,Gautam Buddh Nagar,Uttar Pradesh,28.573278,77.40747,100111.09,2026-08-03T03:59:03,2,0
d2d9a8f7-6281-40d6-80e8-553f88b0c926,ad91989e-d6fd-4360-a4f2-902ecf9c3bf4,3162-1387-8177,7858-8760-1549,Canara Bank,CNRB0355047,Kolkata,Kolkata,West Bengal,22.613262,88.401453,58566.63,2026-08-03T04:00:03,2,0
2d86c67b-49d7-4629-8184-e356679a156e,ad91989e-d6fd-4360-a4f2-902ecf9c3bf4,3162-1387-8177,5569-8148-7918,State Bank of India,SBIN0190573,Gurgaon,Gurugram,Haryana,28.466542,77.043064,70875.94,2026-08-03T04:00:40,2,0
84b66f04-436a-4333-9c73-eae5ce00db4e,ad91989e-d6fd-4360-a4f2-902ecf9c3bf4,5569-8148-7918,8829-2094-4039,UCO Bank,UCBA0686852,Hyderabad,Hyderabad,Telangana,17.36659,78.474798,63788.35,2026-08-03T04:01:54,3,1
408bb853-e553-465b-84a2-9e4b1a1bf07b,ad91989e-d6fd-4360-a4f2-902ecf9c3bf4,7858-8760-1549,8829-2094-4039,UCO Bank,UCBA0239685,Hyderabad,Hyderabad,Telangana,17.394866,78.482328,52709.97,2026-08-03T04:03:32,3,1
fe781701-14de-4f6b-a7c2-318320031497,ad91989e-d6fd-4360-a4f2-902ecf9c3bf4,7034-9904-2742,8829-2094-4039,UCO Bank,UCBA0162908,Hyderabad,Hyderabad,Telangana,17.385408,78.467187,90099.98,2026-08-03T04:05:19,3,1
b8933d16-b252-4597-91c7-f2782e5f00ab,b8c7d3b7-0ed7-42b9-9554-5f86e6fae231,5356-9692-1145,3245-6235-4992,Kotak Mahindra Bank,KKBK0601989,Chennai,Chennai,Tamil Nadu,13.054112,80.237942,311561.92,2026-08-19T00:16:59,1,0
dabde6d0-9bb5-4c0c-8145-f50089eeadb8,b8c7d3b7-0ed7-42b9-9554-5f86e6fae231,5356-9692-1145,8870-4498-4091,IndusInd Bank,INDB0667702,Jaipur,Jaipur,Rajasthan,26.948269,75.744392,17624.42,2026-08-19T00:17:44,1,0
ea166ad2-01c3-40aa-8d3d-0ad16de096b6,b8c7d3b7-0ed7-42b9-9554-5f86e6fae231,3245-6235-4992,3080-9353-3382,YES Bank,YESB0980563,Hyderabad,Hyderabad,Telangana,17.397562,78.530461,108550.99,2026-08-19T00:18:54,2,0
35d39b5a-a823-4e39-af60-2636acbe6ccb,b8c7d3b7-0ed7-42b9-9554-5f86e6fae231,3245-6235-4992,2114-8826-9411,Punjab National Bank,PUNB0162571,Hyderabad,Hyderabad,Telangana,17.410237,78.440991,86722.55,2026-08-19T00:20:16,2,0
ba1111f0-09d2-4446-a771-ea2d1a7cc964,b8c7d3b7-0ed7-42b9-9554-5f86e6fae231,3245-6235-4992,2189-3698-5047,YES Bank,YESB0129009,Hyderabad,Hyderabad,Telangana,17.354261,78.50935,116288.39,2026-08-19T00:21:06,2,0
d237deb0-6214-4a26-8c75-3536101b0b8f,b8c7d3b7-0ed7-42b9-9554-5f86e6fae231,8870-4498-4091,7402-8369-4681,Canara Bank,CNRB0892125,Jaipur,Jaipur,Rajasthan,26.925934,75.761434,155.23,2026-08-19T00:22:32,2,0
054cbdbd-c3e7-478f-91aa-95ad621cb7c3,b8c7d3b7-0ed7-42b9-9554-5f86e6fae231,8870-4498-4091,3086-8853-9348,Punjab National Bank,PUNB0910653,Chennai,Chennai,Tamil Nadu,13.040206,80.280682,17469.19,2026-08-19T00:23:35,2,0
d1cdea5a-7f8c-4d0d-8cfe-848ff6239503,b8c7d3b7-0ed7-42b9-9554-5f86e6fae231,3080-9353-3382,1654-7054-5544,Canara Bank,CNRB0781749,Pune,Pune,Maharashtra,18.532672,73.873384,97695.89,2026-08-19T00:25:34,3,1
7f4a9e00-d1fb-403a-8004-bee638357c9e,b8c7d3b7-0ed7-42b9-9554-5f86e6fae231,3086-8853-9348,1654-7054-5544,Canara Bank,CNRB0976949,Pune,Pune,Maharashtra,18.521812,73.849784,15722.27,2026-08-19T00:27:12,3,1
beb62f65-cbde-4d6a-92f3-cb1b083d08ce,b8c7d3b7-0ed7-42b9-9554-5f86e6fae231,2189-3698-5047,1654-7054-5544,Canara Bank,CNRB0996929,Pune,Pune,Maharashtra,18.53834,73.857158,104659.55,2026-08-19T00:28:51,3,1
f0055f2b-d73e-4406-8797-640aaedad791,b8c7d3b7-0ed7-42b9-9554-5f86e6fae231,7402-8369-4681,1654-7054-5544,Canara Bank,CNRB0894210,Pune,Pune,Maharashtra,18.535246,73.864238,139.71,2026-08-19T00:30:40,3,1
e8845986-2441-4a8a-a8fb-3a6c87e26969,2eb6dbed-33e4-4caf-8d5a-1fef02ed8d90,3248-8689-6522,9022-6610-9728,UCO Bank,UCBA0165991,Jaipur,Jaipur,Rajasthan,26.887559,75.764121,112548.49,2026-07-12T05:51:14,1,0
a0c94acc-5c20-4b2d-b73a-9f175ac26000,2eb6dbed-33e4-4caf-8d5a-1fef02ed8d90,9022-6610-9728,5734-9413-4732,Axis Bank,UTIB0421228,Bengaluru,Bengaluru Urban,Karnataka,12.940785,77.5781,85943.68,2026-07-12T05:52:20,2,0
d33c5fdf-9e66-4cb2-937f-489efc12a6c6,2eb6dbed-33e4-4caf-8d5a-1fef02ed8d90,9022-6610-9728,6129-6311-4922,Canara Bank,CNRB0376729,Pune,Pune,Maharashtra,18.530176,73.873668,26604.81,2026-07-12T05:53:33,2,0
b77d265b-2846-4af2-84e9-273e386ee27a,2eb6dbed-33e4-4caf-8d5a-1fef02ed8d90,5734-9413-4732,5833-4112-6922,Union Bank of India,UBIN0436742,Kolkata,Kolkata,West Bengal,22.543046,88.360169,85943.68,2026-07-12T05:57:35,3,1
bf7bd390-213c-431a-8517-98779e9df509,3003b31d-99df-43df-bb13-2d53e3756566,3841-2920-5775,5047-4370-6527,Punjab National Bank,PUNB0695789,Chandigarh,Chandigarh,Chandigarh,30.729208,76.76354,108137.82,2026-07-31T16:11:36,1,0
beadbadd-c6d8-4aca-9172-49c739db8c99,3003b31d-99df-43df-bb13-2d53e3756566,3841-2920-5775,3999-9142-7143,UCO Bank,UCBA0364802,Noida,Gautam Buddh Nagar,Uttar Pradesh,28.497943,77.378656,231843.37,2026-07-31T16:12:02,1,0
6cd2fc42-d8c9-454b-ad28-19dffaac1b72,3003b31d-99df-43df-bb13-2d53e3756566,3841-2920-5775,5024-7416-8935,Canara Bank,CNRB0169778,Delhi,Central Delhi,Delhi,28.582793,77.252412,111358.44,2026-07-31T16:12:47,1,0
d252f03b-74ef-4ba7-9f35-5fcaa35070c3,3003b31d-99df-43df-bb13-2d53e3756566,5047-4370-6527,8450-5539-9374,Canara Bank,CNRB0613340,Jaipur,Jaipur,Rajasthan,26.921927,75.784937,17474.83,2026-07-31T16:13:20,2,0
ae053f42-6aa5-423b-a7a6-d647f2eb1d0d,3003b31d-99df-43df-bb13-2d53e3756566,5047-4370-6527,7889-4263-5353,Bank of Baroda,BARB0246514,Noida,Gautam Buddh Nagar,Uttar Pradesh,28.50361,77.377133,90662.99,2026-07-31T16:14:14,2,0
39b6018f-6739-4f09-9c2d-5052bf272d25,3003b31d-99df-43df-bb13-2d53e3756566,3999-9142-7143,1672-2151-5544,Union Bank of India,UBIN0381452,Kolkata,Kolkata,West Bengal,22.535342,88.323489,231843.37,2026-07-31T16:14:50,2,0
f23d211f-2d66-4b18-9b2d-4c8347e58709,3003b31d-99df-43df-bb13-2d53e3756566,5024-7416-8935,7934-4356-1654,Axis Bank,UTIB0331145,Mumbai,Mumbai City,Maharashtra,19.087831,72.884762,36870.27,2026-07-31T16:15:47,2,0
3a2d69d4-dc81-4c2d-b76f-949648a18f98,3003b31d-99df-43df-bb13-2d53e3756566,5024-7416-8935,1981-1161-2825,South Indian Bank,SIBL0470725,Kolkata,Kolkata,West Bengal,22.606677,88.32907,21803.8,2026-07-31T16:16:34,2,0
9d10e34f-0485-4994-b6e6-234df27edabd,3003b31d-99df-43df-bb13-2d53e3756566,5024-7416-8935,6531-5541-5656,UCO Bank,UCBA0899383,Bengaluru,Bengaluru Urban,Karnataka,12.943587,77.625171,52684.37,2026-07-31T16:17:39,2,0
2ad5e43e-14aa-44ee-8a92-29d7c8655e45,3003b31d-99df-43df-bb13-2d53e3756566,7889-4263-5353,2493-5419-8966,HDFC Bank,HDFC0986447,Noida,Gautam Buddh Nagar,Uttar Pradesh,28.531756,77.380681,81596.69,2026-07-31T16:19:10,3,1
aa281410-faa1-4c36-a5b2-8f21e3affb89,3003b31d-99df-43df-bb13-2d53e3756566,1981-1161-2825,2493-5419-8966,HDFC Bank,HDFC0273688,Noida,Gautam Buddh Nagar,Uttar Pradesh,28.551175,77.407705,19623.42,2026-07-31T16:21:28,3,1
67336130-85e8-4e7b-9470-036824191793,3003b31d-99df-43df-bb13-2d53e3756566,8450-5539-9374,2493-5419-8966,HDFC Bank,HDFC0212603,Noida,Gautam Buddh Nagar,Uttar Pradesh,28.515627,77.397846,15727.35,2026-07-31T16:23:03,3,1
c7694891-71c1-4eb1-9c4b-a193875c7da9,3003b31d-99df-43df-bb13-2d53e3756566,7934-4356-1654,2493-5419-8966,HDFC Bank,HDFC0707794,Noida,Gautam Buddh Nagar,Uttar Pradesh,28.549936,77.404984,33183.24,2026-07-31T16:24:58,3,1
f921e32c-67c7-4df2-9f23-8966e0a59d8b,a5f0a56f-3d75-4adb-a24d-bf4a5c2c8e29,4496-4804-2644,7693-8276-8250,IDBI Bank,IBKL0503151,Chandigarh,Chandigarh,Chandigarh,30.768359,76.804469,474760.34,2026-08-18T02:07:37,1,0
93a50a48-a655-4301-ba3b-bdfeb8b26db9,a5f0a56f-3d75-4adb-a24d-bf4a5c2c8e29,7693-8276-8250,9868-5451-4360,IndusInd Bank,INDB0557861,Chennai,Chennai,Tamil Nadu,13.111659,80.273094,474760.34,2026-08-18T02:09:03,2,0
79e33618-038c-49a9-ab15-4ad8e3df7664,a5f0a56f-3d75-4adb-a24d-bf4a5c2c8e29,9868-5451-4360,9176-9315-7355,Kotak Mahindra Bank,KKBK0315450,Ahmedabad,Ahmedabad,Gujarat,23.009796,72.591746,474760.34,2026-08-18T02:13:37,3,1
4ca65348-52c2-4cdd-b85c-ebaca55228e2,0d7c1b6f-3357-483e-9460-6aa987059634,3758-7619-4393,6148-6787-7637,Axis Bank,UTIB0404798,Lucknow,Lucknow,Uttar Pradesh,26.886545,80.934144,125566.6,2026-06-11T07:02:38,1,0
2894dcd5-32a6-441b-b2a7-c4cd828a0e9c,0d7c1b6f-3357-483e-9460-6aa987059634,6148-6787-7637,1397-4998-2059,Bank of Baroda,BARB0499476,Bengaluru,Bengaluru Urban,Karnataka,12.923649,77.588229,64267.49,2026-06-11T07:03:44,2,0
fde287d2-ed5d-4759-888f-92c7dec00168,0d7c1b6f-3357-483e-9460-6aa987059634,6148-6787-7637,8409-1358-7371,South Indian Bank,SIBL0193806,Hyderabad,Hyderabad,Telangana,17.378736,78.471523,61299.11,2026-06-11T07:04:42,2,0
07ed5e3d-815e-4c0f-8c60-c0f374dbc035,0d7c1b6f-3357-483e-9460-6aa987059634,8409-1358-7371,5257-8840-3590,Axis Bank,UTIB0713935,Bhopal,Bhopal,Madhya Pradesh,23.274401,77.422511,61299.11,2026-06-11T07:06:25,3,0
4cfdd2b8-6f55-4668-baf9-3e95ed50b8c6,0d7c1b6f-3357-483e-9460-6aa987059634,5257-8840-3590,4206-1594-7249,State Bank of India,SBIN0339683,Patna,Patna,Bihar,25.553097,85.179185,61299.11,2026-06-11T07:08:58,4,1
1177663a-9ca1-4d70-a63b-57acddf123db,da62d481-eda2-406c-8f5c-b99e8ff0456f,1820-5102-2298,5180-8423-3441,Punjab National Bank,PUNB0645792,Gurgaon,Gurugram,Haryana,28.416178,77.063781,13662.72,2026-08-22T12:08:22,1,0
aa2a56e4-5d86-4303-95d2-d05d10689fc1,da62d481-eda2-406c-8f5c-b99e8ff0456f,1820-5102-2298,5803-3320-8141,State Bank of India,SBIN0786420,Ahmedabad,Ahmedabad,Gujarat,23.05081,72.608583,2739.52,2026-08-22T12:09:11,1,0
94322d6c-b0fa-4716-94c8-90f583ecfb8a,da62d481-eda2-406c-8f5c-b99e8ff0456f,1820-5102-2298,5563-4047-4753,ICICI Bank,ICIC0674555,Pune,Pune,Maharashtra,18.517425,73.849026,95493.69,2026-08-22T12:10:08,1,0
8880e0f1-e0f0-4e80-943e-3ae4bd31999d,da62d481-eda2-406c-8f5c-b99e8ff0456f,5180-8423-3441,4870-1281-4201,IDBI Bank,IBKL0170655,Noida,Gautam Buddh Nagar,Uttar Pradesh,28.562784,77.367904,13662.72,2026-08-22T12:11:16,2,0
dac1f773-86ab-4e97-bbc8-3758a62a0350,da62d481-eda2-406c-8f5c-b99e8ff0456f,5803-3320-8141,9748-3033-8578,YES Bank,YESB0858339,Bengaluru,Bengaluru Urban,Karnataka,12.939492,77.597966,2739.52,2026-08-22T12:12:21,2,0
3dd942a3-658f-4ac2-85c1-5e97f84866fa,da62d481-eda2-406c-8f5c-b99e8ff0456f,5563-4047-4753,5024-1143-6332,ICICI Bank,ICIC0385566,Patna,Patna,Bihar,25.595425,85.089672,95493.69,2026-08-22T12:13:45,2,0
b53cb682-c5a1-4e1e-84d6-0d26a42a007d,da62d481-eda2-406c-8f5c-b99e8ff0456f,9748-3033-8578,1792-8685-3554,Federal Bank,FDRL0738550,Gurgaon,Gurugram,Haryana,28.472871,77.029555,2465.57,2026-08-22T12:15:15,3,1
9a581192-fed1-46d1-ba87-662a0711f206,da62d481-eda2-406c-8f5c-b99e8ff0456f,4870-1281-4201,1792-8685-3554,Federal Bank,FDRL0584867,Gurgaon,Gurugram,Haryana,28.449332,77.013606,12296.45,2026-08-22T12:16:50,3,1
f6f51d8f-2d47-4923-a9a1-22bd1bd13d1f,da62d481-eda2-406c-8f5c-b99e8ff0456f,5024-1143-6332,1792-8685-3554,Federal Bank,FDRL0848085,Gurgaon,Gurugram,Haryana,28.449429,77.032205,85944.32,2026-08-22T12:18:04,3,1
d5e67794-dbf9-49c5-94a4-bbe4455b7f38,b69868ef-1995-4ecd-8e76-4d82e693c26d,2098-7183-3226,5705-8549-9665,IndusInd Bank,INDB0514205,Patna,Patna,Bihar,25.599132,85.160223,493826.02,2026-07-21T12:23:35,1,0
92ec249e-be99-48b5-aa57-3141aec6af82,b69868ef-1995-4ecd-8e76-4d82e693c26d,5705-8549-9665,8645-9514-6798,Kotak Mahindra Bank,KKBK0943934,Gurgaon,Gurugram,Haryana,28.413142,76.983942,200567.88,2026-07-21T12:24:59,2,0
f29a6301-ae3b-488f-8eb4-80952ba462fd,b69868ef-1995-4ecd-8e76-4d82e693c26d,5705-8549-9665,7638-5119-9576,Federal Bank,FDRL0221148,Pune,Pune,Maharashtra,18.53084,73.847941,14627.01,2026-07-21T12:25:52,2,0
4ee66a76-d2d4-4f43-9558-aa8a34c947c7,b69868ef-1995-4ecd-8e76-4d82e693c26d,5705-8549-9665,7679-3734-9243,Punjab National Bank,PUNB0125035,Bengaluru,Bengaluru Urban,Karnataka,12.953055,77.56447,278631.13,2026-07-21T12:26:46,2,0
5211d847-fcb2-4e35-b0e2-f2f35b579887,b69868ef-1995-4ecd-8e76-4d82e693c26d,8645-9514-6798,8371-3291-5947,Canara Bank,CNRB0117173,Mumbai,Mumbai City,Maharashtra,19.09202,72.893847,180511.09,2026-07-21T12:28:04,3,1
983e482c-988e-4f4d-8085-8e306d6cf7e6,b69868ef-1995-4ecd-8e76-4d82e693c26d,7638-5119-9576,8371-3291-5947,Canara Bank,CNRB0610421,Mumbai,Mumbai City,Maharashtra,19.07197,72.886216,13164.31,2026-07-21T12:29:36,3,1
bf259fd5-a6e5-4404-8ec7-8626236b67bf,b69868ef-1995-4ecd-8e76-4d82e693c26d,7679-3734-9243,8371-3291-5947,Canara Bank,CNRB0314635,Mumbai,Mumbai City,Maharashtra,19.074532,72.874332,250768.02,2026-07-21T12:31:23,3,1
c0fa5078-76f2-4b8f-a4ae-7ab740ec8cf0,12406ae6-e43b-449e-aeb7-30bb4f59e594,5020-3384-2659,7128-1870-6743,UCO Bank,UCBA0472007,Pune,Pune,Maharashtra,18.552509,73.861861,9093.85,2026-08-14T18:23:27,1,0
8bc7b19e-593c-48d7-ab23-98314eab5ba7,12406ae6-e43b-449e-aeb7-30bb4f59e594,5020-3384-2659,8620-7333-8100,South Indian Bank,SIBL0988326,Bhopal,Bhopal,Madhya Pradesh,23.257846,77.397848,3262.01,2026-08-14T18:23:39,1,0
3af61245-0157-4417-a932-94a20022375e,12406ae6-e43b-449e-aeb7-30bb4f59e594,7128-1870-6743,6084-9302-3718,HDFC Bank,HDFC0880494,Gurgaon,Gurugram,Haryana,28.480611,77.003561,9093.85,2026-08-14T18:24:09,2,0
00c1882d-0358-4343-b775-488929998da2,12406ae6-e43b-449e-aeb7-30bb4f59e594,8620-7333-8100,9347-4583-9537,State Bank of India,SBIN0523008,Chennai,Chennai,Tamil Nadu,13.066104,80.281993,3262.01,2026-08-14T18:25:02,2,0
8572a833-4cdf-4c26-9f0a-5f17d4f89a4b,12406ae6-e43b-449e-aeb7-30bb4f59e594,6084-9302-3718,5668-7028-1834,Union Bank of India,UBIN0229287,Ahmedabad,Ahmedabad,Gujarat,23.060853,72.597249,9093.85,2026-08-14T18:29:27,3,0
bca084ea-75a9-4b60-9acf-d6eb78ad0c75,12406ae6-e43b-449e-aeb7-30bb4f59e594,5668-7028-1834,8100-9420-1592,YES Bank,YESB0864060,Kolkata,Kolkata,West Bengal,22.597494,88.364495,9093.85,2026-08-14T18:33:17,4,1
5231043c-b4f5-43d9-96ad-76dfa68f028b,12406ae6-e43b-449e-aeb7-30bb4f59e594,9347-4583-9537,6409-8206-5376,ICICI Bank,ICIC0305871,Patna,Patna,Bihar,25.553419,85.125989,3262.01,2026-08-14T18:34:53,3,0
50b4f9ca-5a7a-4646-a846-e589ad90c132,12406ae6-e43b-449e-aeb7-30bb4f59e594,6409-8206-5376,7461-4608-1686,Punjab National Bank,PUNB0239399,Delhi,Central Delhi,Delhi,28.583349,77.215929,3262.01,2026-08-14T18:36:04,4,1
890f977e-bec4-4abc-b35b-d0643f8d84f2,96d6368b-b206-40c5-be1c-ce023ad0e743,3484-7994-9962,5180-4450-1009,Kotak Mahindra Bank,KKBK0273648,Chandigarh,Chandigarh,Chandigarh,30.775782,76.778748,18956.5,2026-08-10T01:57:01,1,0
3955e2e6-8540-43e0-a371-9732ef7fc418,96d6368b-b206-40c5-be1c-ce023ad0e743,3484-7994-9962,2085-3677-1613,IndusInd Bank,INDB0951118,Chennai,Chennai,Tamil Nadu,13.122641,80.28238,10787.79,2026-08-10T01:57:16,1,0
f7ab30b1-6219-41cc-9dbf-4806093df491,96d6368b-b206-40c5-be1c-ce023ad0e743,3484-7994-9962,5350-8907-2082,Federal Bank,FDRL0370620,Chennai,Chennai,Tamil Nadu,13.090404,80.275493,1193.23,2026-08-10T01:57:49,1,0
93be7d24-1fec-43b3-9011-21b6f6ef8be1,96d6368b-b206-40c5-be1c-ce023ad0e743,5180-4450-1009,6416-6349-9629,Kotak Mahindra Bank,KKBK0444094,Pune,Pune,Maharashtra,18.564394,73.836757,3799.88,2026-08-10T01:58:46,2,0
ccf174b2-883d-41e8-ba23-5b81ab2895ab,96d6368b-b206-40c5-be1c-ce023ad0e743,5180-4450-1009,3549-9520-5570,Canara Bank,CNRB0720434,Delhi,Central Delhi,Delhi,28.593934,77.245313,15113.41,2026-08-10T02:00:02,2,0
154e4b99-cfaf-4566-8045-b68d63c234e4,96d6368b-b206-40c5-be1c-ce023ad0e743,5180-4450-1009,5018-4706-1364,Federal Bank,FDRL0681974,Gurgaon,Gurugram,Haryana,28.431863,77.054948,100.0,2026-08-10T02:00:38,2,0
b3cd63f6-73e5-4c92-9fae-10d0acefd563,96d6368b-b206-40c5-be1c-ce023ad0e743,2085-3677-1613,8607-3510-2615,Union Bank of India,UBIN0480625,Kolkata,Kolkata,West Bengal,22.563865,88.353885,10787.79,2026-08-10T02:01:52,2,0
a843bbe0-ebe8-41b9-8a1d-a559d2b47eb0,96d6368b-b206-40c5-be1c-ce023ad0e743,5350-8907-2082,6426-5900-2329,Canara Bank,CNRB0553160,Bhopal,Bhopal,Madhya Pradesh,23.225305,77.409917,287.41,2026-08-10T02:02:49,2,0
9ce25eac-10b1-4dae-a12c-7efe8978f9c1,96d6368b-b206-40c5-be1c-ce023ad0e743,5350-8907-2082,4973-3661-8883,Bank of Baroda,BARB0223969,Bengaluru,Bengaluru Urban,Karnataka,12.952401,77.593252,359.72,2026-08-10T02:03:20,2,0
98b1caee-ac10-4099-8923-ff60476921a7,96d6368b-b206-40c5-be1c-ce023ad0e743,5350-8907-2082,2086-6143-1932,South Indian Bank,SIBL0717006,Hyderabad,Hyderabad,Telangana,17.356403,78.479711,546.1,2026-08-10T02:04:21,2,0
b43a42ba-0641-4cf5-b102-315ecdd38878,96d6368b-b206-40c5-be1c-ce023ad0e743,5018-4706-1364,3701-6506-3608,UCO Bank,UCBA0495153,Bengaluru,Bengaluru Urban,Karnataka,12.985728,77.578626,90.0,2026-08-10T02:06:36,3,1
29d409eb-ee36-4e42-96a6-ee12b344ce48,96d6368b-b206-40c5-be1c-ce023ad0e743,3549-9520-5570,3701-6506-3608,UCO Bank,UCBA0934870,Bengaluru,Bengaluru Urban,Karnataka,12.981097,77.580602,13602.07,2026-08-10T02:07:46,3,1
397e21a6-ef68-4d4a-b5b3-d3d6b5880bf9,96d6368b-b206-40c5-be1c-ce023ad0e743,6426-5900-2329,3701-6506-3608,UCO Bank,UCBA0616579,Bengaluru,Bengaluru Urban,Karnataka,12.987463,77.611975,258.67,2026-08-10T02:09:40,3,1
21af7644-72ad-4510-b808-c215a13e89ee,1e7839a6-333c-44a6-963e-a84c358827f9,1841-1034-8720,1535-3186-5774,IndusInd Bank,INDB0966917,Jaipur,Jaipur,Rajasthan,26.932398,75.803906,390118.43,2026-07-18T21:32:12,1,0
358425e0-2723-4b6d-b92c-daf3952631e6,1e7839a6-333c-44a6-963e-a84c358827f9,1535-3186-5774,1662-3706-6075,HDFC Bank,HDFC0711176,Delhi,Central Delhi,Delhi,28.572135,77.162951,390118.43,2026-07-18T21:33:03,2,0
4cefe67e-001a-4ae5-ab89-5fe019050036,1e7839a6-333c-44a6-963e-a84c358827f9,1662-3706-6075,3784-7403-9034,Punjab National Bank,PUNB0405584,Ahmedabad,Ahmedabad,Gujarat,23.034044,72.574009,390118.43,2026-07-18T21:34:30,3,1
0b88115e-fa53-4686-b031-c787702e05a5,5590142d-e505-41b2-a7b3-3b43da4d6fcb,3271-2064-8574,5259-3578-9435,IndusInd Bank,INDB0828664,Gurgaon,Gurugram,Haryana,28.456766,77.021851,19790.6,2026-08-14T02:39:56,1,0
78dce362-bdb9-4875-ac54-9864b13d71b4,5590142d-e505-41b2-a7b3-3b43da4d6fcb,3271-2064-8574,2574-9133-4666,Punjab National Bank,PUNB0785233,Pune,Pune,Maharashtra,18.540966,73.846809,3333.9,2026-08-14T02:40:38,1,0
e9a0f29a-fdac-49cc-8d32-d57bc198966b,5590142d-e505-41b2-a7b3-3b43da4d6fcb,3271-2064-8574,5648-1524-7445,YES Bank,YESB0424351,Bhopal,Bhopal,Madhya Pradesh,23.276526,77.383655,3341.19,2026-08-14T02:41:03,1,0
ff3acc05-e9d1-41ad-822e-06dd47c941aa,5590142d-e505-41b2-a7b3-3b43da4d6fcb,5259-3578-9435,3436-3543-1602,HDFC Bank,HDFC0232235,Chennai,Chennai,Tamil Nadu,13.047633,80.228044,13648.7,2026-08-14T02:41:42,2,0
7651d339-abca-4f2e-be4f-5c84cff6c5fe,5590142d-e505-41b2-a7b3-3b43da4d6fcb,5259-3578-9435,2301-1962-2928,Bank of Baroda,BARB0435492,Lucknow,Lucknow,Uttar Pradesh,26.854627,80.968064,6141.9,2026-08-14T02:43:01,2,0
934bd1d1-fc91-4923-860a-0e99894b1dbb,5590142d-e505-41b2-a7b3-3b43da4d6fcb,2574-9133-4666,7715-3008-5956,ICICI Bank,ICIC0300790,Hyderabad,Hyderabad,Telangana,17.369509,78.441591,989.99,2026-08-14T02:43:54,2,0
a3c8ca47-ca62-45fb-81bc-3ea74a412e4b,5590142d-e505-41b2-a7b3-3b43da4d6fcb,2574-9133-4666,4436-8753-1554,Federal Bank,FDRL0364431,Patna,Patna,Bihar,25.583056,85.168852,2343.91,2026-08-14T02:45:17,2,0
83e895f5-ee38-4262-995d-352c1c68f934,5590142d-e505-41b2-a7b3-3b43da4d6fcb,5648-1524-7445,7512-6301-8366,Bank of Baroda,BARB0888019,Chandigarh,Chandigarh,Chandigarh,30.739957,76.799386,1466.6,2026-08-14T02:46:29,2,0
ef82b48c-9583-42f8-81b9-dc55bc8fa269,5590142d-e505-41b2-a7b3-3b43da4d6fcb,5648-1524-7445,3177-6356-7919,Federal Bank,FDRL0272154,Patna,Patna,Bihar,25.639529,85.12918,1874.59,2026-08-14T02:46:59,2,0
d55ad279-3dff-42c6-bcae-c684f303a038,5590142d-e505-41b2-a7b3-3b43da4d6fcb,7715-3008-5956,4932-9401-9115,Punjab National Bank,PUNB0855797,Chandigarh,Chandigarh,Chandigarh,30.720521,76.760938,890.99,2026-08-14T02:48:24,3,1
ca5b6cbc-59db-45ff-b600-c1a424c8d94f,5590142d-e505-41b2-a7b3-3b43da4d6fcb,2301-1962-2928,4932-9401-9115,Punjab National Bank,PUNB0762215,Chandigarh,Chandigarh,Chandigarh,30.727729,76.773119,5527.71,2026-08-14T02:49:25,3,1
dcb3f6af-af55-4f8c-8596-0c3ad314625a,5590142d-e505-41b2-a7b3-3b43da4d6fcb,3436-3543-1602,4932-9401-9115,Punjab National Bank,PUNB0491143,Chandigarh,Chandigarh,Chandigarh,30.726787,76.763584,12283.83,2026-08-14T02:51:43,3,1
0ba6dd82-d751-4baf-a85a-37e6482c042d,5590142d-e505-41b2-a7b3-3b43da4d6fcb,4436-8753-1554,4932-9401-9115,Punjab National Bank,PUNB0964366,Chandigarh,Chandigarh,Chandigarh,30.752071,76.767469,2109.52,2026-08-14T02:54:21,3,1
9d6c1f35-c4ef-491f-98cd-e328acd2a35f,771b8489-ec4b-4e26-9c70-55aa7b503af5,6447-9273-5480,7401-9662-4222,Kotak Mahindra Bank,KKBK0398304,Delhi,Central Delhi,Delhi,28.597161,77.199734,6553.2,2026-07-15T13:43:15,1,0
09c7b91c-fdbf-4227-a030-5f0addf7dbc9,771b8489-ec4b-4e26-9c70-55aa7b503af5,6447-9273-5480,8126-1645-8453,YES Bank,YESB0597567,Noida,Gautam Buddh Nagar,Uttar Pradesh,28.568455,77.382725,5156.74,2026-07-15T13:44:05,1,0
6466ff46-401b-4411-99b6-e77e8c7ac664,771b8489-ec4b-4e26-9c70-55aa7b503af5,6447-9273-5480,9964-5754-9827,South Indian Bank,SIBL0738331,Chandigarh,Chandigarh,Chandigarh,30.74049,76.821709,23398.64,2026-07-15T13:44:44,1,0
17f3a29b-c342-4989-a469-31806e36cd6f,771b8489-ec4b-4e26-9c70-55aa7b503af5,7401-9662-4222,4651-8360-5336,Union Bank of India,UBIN0142513,Mumbai,Mumbai City,Maharashtra,19.04818,72.909851,1271.56,2026-07-15T13:45:14,2,0
0908b838-5dd3-4f4a-8adf-75ddd21ffb18,771b8489-ec4b-4e26-9c70-55aa7b503af5,7401-9662-4222,5919-1634-4759,Canara Bank,CNRB0550898,Delhi,Central Delhi,Delhi,28.568676,77.166611,2455.06,2026-07-15T13:45:59,2,0
b3451be9-a9e8-4683-a6c3-79466efb68cb,771b8489-ec4b-4e26-9c70-55aa7b503af5,7401-9662-4222,5163-7468-5347,Punjab National Bank,PUNB0953986,Kolkata,Kolkata,West Bengal,22.612549,88.407892,2826.58,2026-07-15T13:47:20,2,0
beed6bde-8cc3-4497-b867-3cef1c9f511c,771b8489-ec4b-4e26-9c70-55aa7b503af5,8126-1645-8453,9220-6016-1838,UCO Bank,UCBA0660033,Mumbai,Mumbai City,Maharashtra,19.092129,72.856456,5156.74,2026-07-15T13:48:21,2,0
af3e405d-e7b6-433b-882c-76face2e2a85,771b8489-ec4b-4e26-9c70-55aa7b503af5,9964-5754-9827,4847-7373-6383,Union Bank of India,UBIN0309984,Jaipur,Jaipur,Rajasthan,26.863821,75.78025,23398.64,2026-07-15T13:49:02,2,0
a37bcdac-f9d2-45f8-9203-73f097ac694b,771b8489-ec4b-4e26-9c70-55aa7b503af5,5919-1634-4759,3127-5230-3769,IndusInd Bank,INDB0369581,Pune,Pune,Maharashtra,18.517023,73.872938,2209.55,2026-07-15T13:51:27,3,1
cbc3f8c2-473f-4066-9583-20a4b87120ce,771b8489-ec4b-4e26-9c70-55aa7b503af5,9220-6016-1838,3127-5230-3769,IndusInd Bank,INDB0864581,Pune,Pune,Maharashtra,18.506956,73.840604,4641.07,2026-07-15T13:52:53,3,1
2789d1cf-8cd2-4513-a53b-0280ba7e23f2,771b8489-ec4b-4e26-9c70-55aa7b503af5,4651-8360-5336,3127-5230-3769,IndusInd Bank,INDB0402806,Pune,Pune,Maharashtra,18.51278,73.858393,1144.4,2026-07-15T13:55:52,3,1
74c02cb1-2c13-493a-a265-a13bd78627cc,771b8489-ec4b-4e26-9c70-55aa7b503af5,5163-7468-5347,3127-5230-3769,IndusInd Bank,INDB0770063,Pune,Pune,Maharashtra,18.503144,73.876013,2543.92,2026-07-15T13:58:02,3,1
af9d6d0a-e697-4bfe-83a9-9552e05ed90d,a777bff3-400c-44b2-b09a-bff84193849c,1054-4924-2081,3932-2857-8393,Federal Bank,FDRL0660560,Patna,Patna,Bihar,25.59063,85.09981,494.72,2026-06-06T21:51:58,1,0
07ea8003-a5ec-45e1-b54a-be5bdef0ed4e,a777bff3-400c-44b2-b09a-bff84193849c,1054-4924-2081,6530-2989-9199,UCO Bank,UCBA0923653,Pune,Pune,Maharashtra,18.478727,73.8856,40883.18,2026-06-06T21:52:50,1,0
7f1ce53c-0d05-47d8-b37c-e844a22ea340,a777bff3-400c-44b2-b09a-bff84193849c,3932-2857-8393,3890-7355-4101,South Indian Bank,SIBL0943448,Ahmedabad,Ahmedabad,Gujarat,23.069442,72.598048,100.0,2026-06-06T21:54:18,2,0
7146e0d3-0328-45f4-9362-f7e340bcfd61,a777bff3-400c-44b2-b09a-bff84193849c,3932-2857-8393,9934-5100-1298,ICICI Bank,ICIC0458719,Gurgaon,Gurugram,Haryana,28.425534,77.058122,466.54,2026-06-06T21:54:52,2,0
6c2d54e3-9c62-4554-bd7d-3f895f80a148,a777bff3-400c-44b2-b09a-bff84193849c,6530-2989-9199,4181-8842-6757,YES Bank,YESB0322675,Hyderabad,Hyderabad,Telangana,17.351752,78.498808,8375.14,2026-06-06T21:56:11,2,0
32ec479a-4c1e-4dc1-ae02-6c72becf90ce,a777bff3-400c-44b2-b09a-bff84193849c,6530-2989-9199,1488-6573-7377,YES Bank,YESB0884056,Ahmedabad,Ahmedabad,Gujarat,23.042235,72.619014,27865.68,2026-06-06T21:57:11,2,0
78b3997e-b9b0-4580-babb-7d19dc738fec,a777bff3-400c-44b2-b09a-bff84193849c,6530-2989-9199,8084-2696-9395,Axis Bank,UTIB0788941,Bhopal,Bhopal,Madhya Pradesh,23.30328,77.440677,4642.37,2026-06-06T21:58:28,2,0
527d4180-3f4d-496b-886d-615f0b0c0b5f,a777bff3-400c-44b2-b09a-bff84193849c,1488-6573-7377,1687-1596-8420,Axis Bank,UTIB0472686,Delhi,Central Delhi,Delhi,28.594585,77.215583,25079.11,2026-06-06T22:00:41,3,1
cbad0a63-a6e4-4e13-b8fa-bbb096fb70f2,a777bff3-400c-44b2-b09a-bff84193849c,8084-2696-9395,1687-1596-8420,Axis Bank,UTIB0780228,Delhi,Central Delhi,Delhi,28.607449,77.218989,4178.13,2026-06-06T22:02:28,3,1
325f0e73-5acd-4b12-8ede-3f5316d6982d,a777bff3-400c-44b2-b09a-bff84193849c,9934-5100-1298,1687-1596-8420,Axis Bank,UTIB0430479,Delhi,Central Delhi,Delhi,28.62838,77.192409,419.89,2026-06-06T22:03:28,3,1
3f705626-656e-4178-811a-23f76be25d45,a777bff3-400c-44b2-b09a-bff84193849c,4181-8842-6757,1687-1596-8420,Axis Bank,UTIB0200639,Delhi,Central Delhi,Delhi,28.617686,77.211456,7537.63,2026-06-06T22:06:15,3,1
5e6e0754-ae92-4c3f-ac61-6ce386eeaafe,a777bff3-400c-44b2-b09a-bff84193849c,3890-7355-4101,1687-1596-8420,Axis Bank,UTIB0721685,Delhi,Central Delhi,Delhi,28.599331,77.208774,90.0,2026-06-06T22:07:29,3,1
8e1ebc40-a470-4646-93fe-db3f04ff0735,400a29f2-5878-4bd0-ba39-1eaed11f36ca,6582-2962-1532,6194-5031-6112,IndusInd Bank,INDB0829711,Gurgaon,Gurugram,Haryana,28.435328,77.014558,245764.17,2026-07-25T21:37:53,1,0
ed54c36b-8b57-4772-986b-811c9a8679cc,400a29f2-5878-4bd0-ba39-1eaed11f36ca,6582-2962-1532,9799-7973-5807,Punjab National Bank,PUNB0991013,Bengaluru,Bengaluru Urban,Karnataka,12.962803,77.55204,29720.8,2026-07-25T21:38:12,1,0
4c8b120f-13d4-44ef-8ecd-4ecd14fd6249,400a29f2-5878-4bd0-ba39-1eaed11f36ca,6582-2962-1532,1637-2746-1899,Bank of Baroda,BARB0622491,Noida,Gautam Buddh Nagar,Uttar Pradesh,28.516339,77.370982,38552.19,2026-07-25T21:38:55,1,0
adef7779-67fc-487e-8b82-dcd2e511cf04,400a29f2-5878-4bd0-ba39-1eaed11f36ca,6194-5031-6112,1428-5671-6369,IDBI Bank,IBKL0244100,Noida,Gautam Buddh Nagar,Uttar Pradesh,28.578641,77.401291,245764.17,2026-07-25T21:39:36,2,0
6db23507-e528-4857-a99c-e644e4f393e6,400a29f2-5878-4bd0-ba39-1eaed11f36ca,9799-7973-5807,6939-2857-2559,YES Bank,YESB0433774,Bengaluru,Bengaluru Urban,Karnataka,13.010441,77.562862,29720.8,2026-07-25T21:40:22,2,0
c3c7dc09-2bd0-4c1a-bbc3-ada3af521e0c,400a29f2-5878-4bd0-ba39-1eaed11f36ca,1637-2746-1899,2291-4793-1804,Punjab National Bank,PUNB0897582,Bhopal,Bhopal,Madhya Pradesh,23.264921,77.416731,38552.19,2026-07-25T21:41:09,2,0
90b05e13-c09e-44b4-b168-adb44ee39b3a,400a29f2-5878-4bd0-ba39-1eaed11f36ca,2291-4793-1804,2645-7613-1667,Punjab National Bank,PUNB0540581,Chandigarh,Chandigarh,Chandigarh,30.717019,76.772731,34696.97,2026-07-25T21:44:01,3,1
d0bac6e6-ec1b-4c32-8e10-a15115049dba,400a29f2-5878-4bd0-ba39-1eaed11f36ca,6939-2857-2559,2645-7613-1667,Punjab National Bank,PUNB0154582,Chandigarh,Chandigarh,Chandigarh,30.718776,76.763173,26748.72,2026-07-25T21:46:35,3,1
12814cae-6c37-4f3a-bec7-8c9c904f2f5a,400a29f2-5878-4bd0-ba39-1eaed11f36ca,1428-5671-6369,2645-7613-1667,Punjab National Bank,PUNB0716881,Chandigarh,Chandigarh,Chandigarh,30.71346,76.795056,221187.75,2026-07-25T21:49:35,3,1
421b3189-e66c-4397-9052-a1c2cffc398c,6ddcf3e7-1319-4023-ae80-1c52991299f2,8687-6916-7651,2751-5330-3601,YES Bank,YESB0593161,Delhi,Central Delhi,Delhi,28.585742,77.229816,9425.92,2026-07-27T20:20:57,1,0
2cf9c5a3-1c45-4673-84bd-a1d665a4aa64,6ddcf3e7-1319-4023-ae80-1c52991299f2,8687-6916-7651,5056-2343-6473,IDBI Bank,IBKL0815598,Bhopal,Bhopal,Madhya Pradesh,23.260868,77.461565,188178.36,2026-07-27T20:21:17,1,0
20036c5a-0dd2-4992-bc64-e277bcfadb77,6ddcf3e7-1319-4023-ae80-1c52991299f2,8687-6916-7651,3758-4033-2701,IndusInd Bank,INDB0386590,Kolkata,Kolkata,West Bengal,22.580269,88.386885,31984.85,2026-07-27T20:21:27,1,0
2fdf6e73-684a-4ba7-8410-bd6fc1751818,6ddcf3e7-1319-4023-ae80-1c52991299f2,2751-5330-3601,9071-9971-4897,Canara Bank,CNRB0743047,Mumbai,Mumbai City,Maharashtra,19.092688,72.846947,9425.92,2026-07-27T20:22:00,2,0
993210f6-5d7b-401e-952a-dd9f83e3d7f7,6ddcf3e7-1319-4023-ae80-1c52991299f2,5056-2343-6473,5795-6640-3231,Canara Bank,CNRB0779831,Pune,Pune,Maharashtra,18.530926,73.806845,157707.66,2026-07-27T20:23:15,2,0
c1858900-7103-48a1-ba19-9c8b6aa795fb,6ddcf3e7-1319-4023-ae80-1c52991299f2,5056-2343-6473,7627-7742-5713,Canara Bank,CNRB0300450,Ahmedabad,Ahmedabad,Gujarat,23.047179,72.59053,15857.61,2026-07-27T20:23:52,2,0
e2ec6bbb-f878-4597-81e1-f596a72a8514,6ddcf3e7-1319-4023-ae80-1c52991299f2,5056-2343-6473,5413-5080-3042,ICICI Bank,ICIC0771949,Bhopal,Bhopal,Madhya Pradesh,23.26792,77.459317,14613.09,2026-07-27T20:24:58,2,0
bab73599-e1ee-45a5-a5e7-fd9ebf99ff94,6ddcf3e7-1319-4023-ae80-1c52991299f2,3758-4033-2701,3170-1658-4782,IDBI Bank,IBKL0866773,Delhi,Central Delhi,Delhi,28.57112,77.198472,31984.85,2026-07-27T20:25:43,2,0
5673629b-d53c-4da5-a4b6-6c93294e887a,6ddcf3e7-1319-4023-ae80-1c52991299f2,7627-7742-5713,1046-4443-2814,Federal Bank,FDRL0533435,Lucknow,Lucknow,Uttar Pradesh,26.830978,80.934453,14271.85,2026-07-27T20:26:44,3,1
6d049237-71f5-4e90-8668-0022009986aa,6ddcf3e7-1319-4023-ae80-1c52991299f2,9071-9971-4897,1046-4443-2814,Federal Bank,FDRL0254127,Lucknow,Lucknow,Uttar Pradesh,26.855673,80.957624,8483.33,2026-07-27T20:28:02,3,1
aa02c8c4-281a-4236-b170-ef1d37ac5e9b,6ddcf3e7-1319-4023-ae80-1c52991299f2,3170-1658-4782,1046-4443-2814,Federal Bank,FDRL0486669,Lucknow,Lucknow,Uttar Pradesh,26.839704,80.942645,28786.36,2026-07-27T20:30:53,3,1
22ceadd8-9503-4f4b-9c3f-eb8f8678514c,75335b0e-0c32-464e-be69-50f6624bd79a,5506-8264-4302,3390-4387-7376,State Bank of India,SBIN0103205,Pune,Pune,Maharashtra,18.513729,73.822561,10977.37,2026-07-09T05:53:17,1,0
98d5985f-ac5e-42f0-bddc-33d7410e1729,75335b0e-0c32-464e-be69-50f6624bd79a,5506-8264-4302,6786-4080-4977,South Indian Bank,SIBL0162487,Bhopal,Bhopal,Madhya Pradesh,23.284732,77.415028,188325.79,2026-07-09T05:54:17,1,0
74787e4d-3987-4917-8ac6-b7735b9060ee,75335b0e-0c32-464e-be69-50f6624bd79a,5506-8264-4302,9026-9010-5487,Canara Bank,CNRB0401161,Noida,Gautam Buddh Nagar,Uttar Pradesh,28.49957,77.368933,245301.9,2026-07-09T05:54:40,1,0
c1ce6da6-7638-44a1-bfb1-ad2fde32f616,75335b0e-0c32-464e-be69-50f6624bd79a,3390-4387-7376,1225-8753-9676,IndusInd Bank,INDB0571170,Mumbai,Mumbai City,Maharashtra,19.046092,72.914085,477.67,2026-07-09T05:55:29,2,0
0a91cfb9-3a13-452c-9200-02091bc79f4c,75335b0e-0c32-464e-be69-50f6624bd79a,3390-4387-7376,2069-8445-6699,Kotak Mahindra Bank,KKBK0382737,Hyderabad,Hyderabad,Telangana,17.351046,78.458757,10499.7,2026-07-09T05:56:52,2,0
66a8ca1d-687c-40a2-bdd7-1aa38aa57320,75335b0e-0c32-464e-be69-50f6624bd79a,6786-4080-4977,1280-4840-8961,Axis Bank,UTIB0634456,Kolkata,Kolkata,West Bengal,22.586789,88.328369,188325.79,2026-07-09T05:57:46,2,0
2a5e8452-d2f7-4da1-8899-6658d22d7b23,75335b0e-0c32-464e-be69-50f6624bd79a,9026-9010-5487,7075-9552-5174,Punjab National Bank,PUNB0523325,Lucknow,Lucknow,Uttar Pradesh,26.79873,80.952916,109964.84,2026-07-09T05:59:07,2,0
162765a9-190c-46b6-ae96-7969c63fda70,75335b0e-0c32-464e-be69-50f6624bd79a,9026-9010-5487,2619-5453-9462,HDFC Bank,HDFC0396551,Mumbai,Mumbai City,Maharashtra,19.05121,72.852129,135337.06,2026-07-09T06:00:33,2,0
0d5c4973-2a10-459d-9f54-86445514ada8,75335b0e-0c32-464e-be69-50f6624bd79a,2619-5453-9462,3442-1320-6363,YES Bank,YESB0680777,Lucknow,Lucknow,Uttar Pradesh,26.843489,80.939852,121803.35,2026-07-09T06:03:11,3,1
0f1f7664-955b-41ae-a42f-ad4be7f88bea,75335b0e-0c32-464e-be69-50f6624bd79a,2069-8445-6699,3442-1320-6363,YES Bank,YESB0302814,Lucknow,Lucknow,Uttar Pradesh,26.834195,80.955505,9449.73,2026-07-09T06:05:12,3,1
937f6a0e-66c9-428f-ac05-423c736ee587,75335b0e-0c32-464e-be69-50f6624bd79a,1280-4840-8961,3442-1320-6363,YES Bank,YESB0901282,Lucknow,Lucknow,Uttar Pradesh,26.843694,80.954041,169493.21,2026-07-09T06:07:44,3,1
449fea02-071d-4a47-b269-bf576935475d,75335b0e-0c32-464e-be69-50f6624bd79a,7075-9552-5174,3442-1320-6363,YES Bank,YESB0714667,Lucknow,Lucknow,Uttar Pradesh,26.834679,80.942278,98968.36,2026-07-09T06:09:18,3,1
8a63e202-0bff-41de-bd84-229fad40212e,75335b0e-0c32-464e-be69-50f6624bd79a,1225-8753-9676,3442-1320-6363,YES Bank,YESB0730794,Lucknow,Lucknow,Uttar Pradesh,26.849309,80.940476,429.9,2026-07-09T06:12:05,3,1
3415fecd-c5bf-4671-9417-2b2bc4b8ef5c,e4403846-e388-4934-8cbe-fcd8afd73691,8730-4215-5012,1750-6507-6847,Kotak Mahindra Bank,KKBK0551750,Mumbai,Mumbai City,Maharashtra,19.12175,72.829343,84901.72,2026-06-29T09:51:14,1,0
cd9a55bb-7b96-4b9e-83f7-36d0a2869eff,e4403846-e388-4934-8cbe-fcd8afd73691,8730-4215-5012,8723-4951-9724,HDFC Bank,HDFC0243650,Ahmedabad,Ahmedabad,Gujarat,22.99563,72.608055,74809.71,2026-06-29T09:51:28,1,0
ec7fc4d7-223e-484e-9a89-ca4d4a42165f,e4403846-e388-4934-8cbe-fcd8afd73691,1750-6507-6847,8652-7756-9765,HDFC Bank,HDFC0814039,Noida,Gautam Buddh Nagar,Uttar Pradesh,28.584477,77.395857,84901.72,2026-06-29T09:52:45,2,0
001d5bfb-06d0-48d7-9c73-a87c88ea914c,e4403846-e388-4934-8cbe-fcd8afd73691,8723-4951-9724,3223-4616-4514,UCO Bank,UCBA0226120,Hyderabad,Hyderabad,Telangana,17.434132,78.501002,51574.06,2026-06-29T09:54:13,2,0
884120ec-b00d-4edc-988b-284d8219b9dd,e4403846-e388-4934-8cbe-fcd8afd73691,8723-4951-9724,4579-7076-2586,Kotak Mahindra Bank,KKBK0319240,Chandigarh,Chandigarh,Chandigarh,30.692648,76.821757,10608.49,2026-06-29T09:55:39,2,0
2b0d97ed-39e0-434e-890b-f21e7da9f236,e4403846-e388-4934-8cbe-fcd8afd73691,8723-4951-9724,1599-5201-1191,HDFC Bank,HDFC0944539,Noida,Gautam Buddh Nagar,Uttar Pradesh,28.510532,77.400832,12627.16,2026-06-29T09:56:48,2,0
ba8e6862-08d8-47c0-819c-37c423bb17ba,e4403846-e388-4934-8cbe-fcd8afd73691,8652-7756-9765,9864-3736-1104,South Indian Bank,SIBL0956755,Bhopal,Bhopal,Madhya Pradesh,23.27959,77.424429,76411.55,2026-06-29T09:58:50,3,1
47879b69-8976-42a7-8d33-313af0b0ee96,e4403846-e388-4934-8cbe-fcd8afd73691,3223-4616-4514,9864-3736-1104,South Indian Bank,SIBL0446810,Bhopal,Bhopal,Madhya Pradesh,23.243904,77.412748,46416.65,2026-06-29T10:01:43,3,1
e280fb31-b7ad-4e5a-bb7c-bf97dd26482f,e4403846-e388-4934-8cbe-fcd8afd73691,4579-7076-2586,9864-3736-1104,South Indian Bank,SIBL0703638,Bhopal,Bhopal,Madhya Pradesh,23.251007,77.409684,9547.64,2026-06-29T10:03:12,3,1
3e873c00-8634-4452-99d6-8ca8a91289b5,c3b172f5-4693-449f-8933-c528f362a2df,6847-8411-3691,2597-1349-5509,ICICI Bank,ICIC0264578,Bhopal,Bhopal,Madhya Pradesh,23.233322,77.36712,50156.27,2026-06-07T08:31:48,1,0
65063907-2784-443b-b2c9-42102c220359,c3b172f5-4693-449f-8933-c528f362a2df,2597-1349-5509,4208-4425-4238,Punjab National Bank,PUNB0164251,Chennai,Chennai,Tamil Nadu,13.098866,80.243263,50156.27,2026-06-07T08:32:26,2,0
8d5efe43-32a2-4fcd-8ed0-bfceebb33b91,c3b172f5-4693-449f-8933-c528f362a2df,4208-4425-4238,2931-4345-7007,YES Bank,YESB0898063,Chandigarh,Chandigarh,Chandigarh,30.713259,76.798076,50156.27,2026-06-07T08:36:06,3,1
26d7fcf2-3774-41bb-a1c0-f16378a13cf0,a49959a5-34e8-4c12-9ee1-a44a8ebb8fae,2036-3606-8761,1124-3807-7136,Federal Bank,FDRL0540775,Chandigarh,Chandigarh,Chandigarh,30.694152,76.805842,14010.79,2026-07-23T14:12:09,1,0
bef048d4-385c-4f67-be45-5a62f2c7346f,a49959a5-34e8-4c12-9ee1-a44a8ebb8fae,2036-3606-8761,1575-9733-3868,HDFC Bank,HDFC0535214,Gurgaon,Gurugram,Haryana,28.420344,76.999526,20679.79,2026-07-23T14:12:32,1,0
9cd6ef93-e43a-4197-a173-dcb2feb2283c,a49959a5-34e8-4c12-9ee1-a44a8ebb8fae,1124-3807-7136,5360-9523-9697,South Indian Bank,SIBL0720424,Chandigarh,Chandigarh,Chandigarh,30.773198,76.821114,14010.79,2026-07-23T14:14:02,2,0
6142823c-2687-48e7-aeec-e6420f769982,a49959a5-34e8-4c12-9ee1-a44a8ebb8fae,1575-9733-3868,8422-3578-9730,UCO Bank,UCBA0933320,Bhopal,Bhopal,Madhya Pradesh,23.254408,77.394173,12341.38,2026-07-23T14:14:43,2,0
d2b17609-e101-4c43-b1d2-a7df0c5a12b2,a49959a5-34e8-4c12-9ee1-a44a8ebb8fae,1575-9733-3868,4532-8357-7961,Axis Bank,UTIB0869040,Chandigarh,Chandigarh,Chandigarh,30.76313,76.812962,8338.41,2026-07-23T14:15:51,2,0
2d3034ed-0095-446e-904e-f6db71cd1f6a,a49959a5-34e8-4c12-9ee1-a44a8ebb8fae,8422-3578-9730,9772-8616-2491,Federal Bank,FDRL0935297,Ahmedabad,Ahmedabad,Gujarat,23.030281,72.587433,11107.24,2026-07-23T14:17:05,3,1
05031a61-6e4c-4f7c-aa28-6b62b4ea5777,a49959a5-34e8-4c12-9ee1-a44a8ebb8fae,4532-8357-7961,9772-8616-2491,Federal Bank,FDRL0872804,Ahmedabad,Ahmedabad,Gujarat,23.030511,72.589383,7504.57,2026-07-23T14:18:34,3,1
2a26f683-f306-42d2-9754-9291deb55fe3,a49959a5-34e8-4c12-9ee1-a44a8ebb8fae,5360-9523-9697,9772-8616-2491,Federal Bank,FDRL0687270,Ahmedabad,Ahmedabad,Gujarat,23.021673,72.587773,12609.71,2026-07-23T14:19:48,3,1
1fee15b1-145c-45d2-be17-19c0a2821bbc,09ee9ee8-61ca-4370-8c28-c34434e60b4f,3215-1865-9486,9831-4797-3071,South Indian Bank,SIBL0633112,Delhi,Central Delhi,Delhi,28.64973,77.213367,434705.61,2026-08-08T01:49:37,1,0
6689bb7b-fbc1-45bf-8062-746dcacbad0e,09ee9ee8-61ca-4370-8c28-c34434e60b4f,9831-4797-3071,4956-9831-2369,Union Bank of India,UBIN0198080,Kolkata,Kolkata,West Bengal,22.548566,88.347108,434705.61,2026-08-08T01:50:28,2,0
beda5e1c-48ce-4267-92f9-40f5edd6d757,09ee9ee8-61ca-4370-8c28-c34434e60b4f,4956-9831-2369,1721-8007-9036,Federal Bank,FDRL0246499,Mumbai,Mumbai City,Maharashtra,19.106287,72.849751,434705.61,2026-08-08T01:55:05,3,1
fe8a7ce1-d6a0-461f-b77a-a2b5ba18b10c,616c245c-1c96-42fd-8407-d4ab254e5d00,9486-3421-8247,7916-9957-2313,YES Bank,YESB0583287,Bengaluru,Bengaluru Urban,Karnataka,12.938063,77.572231,256169.21,2026-06-14T02:09:18,1,0
c273834a-058d-4e56-82b4-e349d104205c,616c245c-1c96-42fd-8407-d4ab254e5d00,7916-9957-2313,1490-1542-1188,Bank of Baroda,BARB0894357,Gurgaon,Gurugram,Haryana,28.48372,77.040304,169784.6,2026-06-14T02:09:53,2,0
9f284397-d11f-4450-b22e-241cc07905a9,616c245c-1c96-42fd-8407-d4ab254e5d00,7916-9957-2313,1447-1396-1497,HDFC Bank,HDFC0299671,Lucknow,Lucknow,Uttar Pradesh,26.844778,80.976737,86384.61,2026-06-14T02:10:28,2,0
68d74841-7bd9-437f-a6ac-a9a2c3efa09d,616c245c-1c96-42fd-8407-d4ab254e5d00,1447-1396-1497,1937-1423-3453,Bank of Baroda,BARB0804830,Hyderabad,Hyderabad,Telangana,17.346516,78.528126,86384.61,2026-06-14T02:12:58,3,0
63af694c-7052-4f85-b0ea-d5a087d24690,616c245c-1c96-42fd-8407-d4ab254e5d00,1937-1423-3453,5749-5786-5273,HDFC Bank,HDFC0952246,Kolkata,Kolkata,West Bengal,22.537394,88.380714,86384.61,2026-06-14T02:14:38,4,1
b9fecf28-cfa3-4992-9f2f-a30a9b386831,66a02f3d-2e37-4ce0-a5bf-988c9c6af599,8811-5705-9046,2255-3467-3879,Union Bank of India,UBIN0590012,Hyderabad,Hyderabad,Telangana,17.337625,78.496621,3305.69,2026-08-12T02:37:38,1,0
c89aa935-9720-4f9e-81df-98aba6b77e20,66a02f3d-2e37-4ce0-a5bf-988c9c6af599,8811-5705-9046,5734-9215-1695,IndusInd Bank,INDB0357543,Pune,Pune,Maharashtra,18.50819,73.870367,21826.59,2026-08-12T02:37:48,1,0
6caa6f67-3652-4e7c-b3f5-403e22dded69,66a02f3d-2e37-4ce0-a5bf-988c9c6af599,8811-5705-9046,6146-7216-8682,Bank of Baroda,BARB0640950,Lucknow,Lucknow,Uttar Pradesh,26.824208,80.911196,161810.44,2026-08-12T02:38:03,1,0
642565c7-e6b9-48c8-b878-9ea3d6be9331,66a02f3d-2e37-4ce0-a5bf-988c9c6af599,2255-3467-3879,3014-4863-7766,Bank of Baroda,BARB0793448,Bengaluru,Bengaluru Urban,Karnataka,12.9265,77.575613,3223.37,2026-08-12T02:38:47,2,0
5428bb6f-da84-4a71-9856-3702806cc708,66a02f3d-2e37-4ce0-a5bf-988c9c6af599,2255-3467-3879,3445-5414-9383,YES Bank,YESB0493557,Ahmedabad,Ahmedabad,Gujarat,23.04546,72.576654,100.0,2026-08-12T02:39:27,2,0
aaaf7473-db80-4f0c-81ed-590b5f952f67,66a02f3d-2e37-4ce0-a5bf-988c9c6af599,5734-9215-1695,8696-1868-7663,Axis Bank,UTIB0731350,Hyderabad,Hyderabad,Telangana,17.420603,78.492526,21826.59,2026-08-12T02:40:10,2,0
e27eedef-fb01-41f8-9a8a-5f1f023531f7,66a02f3d-2e37-4ce0-a5bf-988c9c6af599,6146-7216-8682,6817-1278-9615,HDFC Bank,HDFC0510702,Bhopal,Bhopal,Madhya Pradesh,23.235182,77.415458,24944.14,2026-08-12T02:41:39,2,0
a3f2a9d3-337f-4cb2-b2de-82e34859870e,66a02f3d-2e37-4ce0-a5bf-988c9c6af599,6146-7216-8682,4027-3060-2057,Union Bank of India,UBIN0655000,Chandigarh,Chandigarh,Chandigarh,30.757151,76.755561,26113.73,2026-08-12T02:43:05,2,0
1a235740-5b57-40ee-8a2a-0cd67be52830,66a02f3d-2e37-4ce0-a5bf-988c9c6af599,6146-7216-8682,1994-5387-1769,Punjab National Bank,PUNB0775049,Bhopal,Bhopal,Madhya Pradesh,23.227645,77.457445,110752.57,2026-08-12T02:44:21,2,0
b0354194-1122-4645-bc32-40377fc71009,66a02f3d-2e37-4ce0-a5bf-988c9c6af599,3445-5414-9383,4075-9656-2051,Canara Bank,CNRB0262383,Pune,Pune,Maharashtra,18.52732,73.84236,90.0,2026-08-12T02:45:52,3,1
02522dcb-06fd-418d-bf9d-cd3fb584cf71,66a02f3d-2e37-4ce0-a5bf-988c9c6af599,4027-3060-2057,4075-9656-2051,Canara Bank,CNRB0749146,Pune,Pune,Maharashtra,18.527516,73.86574,23502.36,2026-08-12T02:47:43,3,1
1b2062f5-923f-4263-a5cd-e1d3769f2c27,66a02f3d-2e37-4ce0-a5bf-988c9c6af599,1994-5387-1769,4075-9656-2051,Canara Bank,CNRB0699177,Pune,Pune,Maharashtra,18.526207,73.863379,99677.31,2026-08-12T02:49:49,3,1
1f547c6b-a83e-48e5-97d3-7826bbe4672e,66a02f3d-2e37-4ce0-a5bf-988c9c6af599,6817-1278-9615,4075-9656-2051,Canara Bank,CNRB0527442,Pune,Pune,Maharashtra,18.512303,73.837528,22449.73,2026-08-12T02:51:28,3,1
556abcb3-9af6-4c11-b7e1-b6660c6c5ffd,180656b8-ea60-4b70-963b-04f9099b8d85,3138-7033-9656,4504-2705-6072,Federal Bank,FDRL0405791,Hyderabad,Hyderabad,Telangana,17.429545,78.499863,71277.2,2026-08-18T14:24:09,1,0
217e6d21-72d1-473b-9786-cc0602b3e9c7,180656b8-ea60-4b70-963b-04f9099b8d85,3138-7033-9656,5126-2346-8568,Bank of Baroda,BARB0491816,Patna,Patna,Bihar,25.619866,85.174227,393619.52,2026-08-18T14:24:29,1,0
8a7d0af0-f15d-47a3-9251-365dd32c1b73,180656b8-ea60-4b70-963b-04f9099b8d85,4504-2705-6072,4057-7607-4753,IndusInd Bank,INDB0456443,Bengaluru,Bengaluru Urban,Karnataka,12.975947,77.563296,71277.2,2026-08-18T14:25:45,2,0
7de6fe44-5407-4eac-bb75-8390619cce1c,180656b8-ea60-4b70-963b-04f9099b8d85,5126-2346-8568,1381-2386-8697,Punjab National Bank,PUNB0930570,Hyderabad,Hyderabad,Telangana,17.362979,78.46576,393619.52,2026-08-18T14:26:39,2,0
47077db9-c957-4858-a38b-954d7231c472,180656b8-ea60-4b70-963b-04f9099b8d85,4057-7607-4753,2785-7035-4955,IDBI Bank,IBKL0643945,Kolkata,Kolkata,West Bengal,22.540445,88.41213,71277.2,2026-08-18T14:30:01,3,1
0ba74d7c-2fe9-455e-83eb-7c53b538e920,180656b8-ea60-4b70-963b-04f9099b8d85,1381-2386-8697,8629-2008-6569,Punjab National Bank,PUNB0770125,Jaipur,Jaipur,Rajasthan,26.868152,75.822597,393619.52,2026-08-18T14:31:10,3,1
9b2cda47-60bc-4ed8-aaa6-ace774f4273f,49739729-3209-45c6-a7e9-91b5f3c3255b,4352-4541-4423,4183-9621-5222,Axis Bank,UTIB0248285,Patna,Patna,Bihar,25.624695,85.096606,410931.08,2026-07-03T03:33:43,1,0
69ffcd42-5db3-4f80-9855-d1c22e273f93,49739729-3209-45c6-a7e9-91b5f3c3255b,4352-4541-4423,6162-3001-7467,UCO Bank,UCBA0651772,Chennai,Chennai,Tamil Nadu,13.079345,80.30856,50229.99,2026-07-03T03:34:38,1,0
81b2a972-f0a8-411d-a73a-10b91c81adf2,49739729-3209-45c6-a7e9-91b5f3c3255b,4183-9621-5222,9919-1791-4254,UCO Bank,UCBA0761518,Noida,Gautam Buddh Nagar,Uttar Pradesh,28.553378,77.390258,410931.08,2026-07-03T03:35:23,2,0
2c3767cd-fcce-47fd-be0e-4a75f92ebd64,49739729-3209-45c6-a7e9-91b5f3c3255b,6162-3001-7467,7635-6292-4698,South Indian Bank,SIBL0996336,Hyderabad,Hyderabad,Telangana,17.338476,78.444384,50229.99,2026-07-03T03:35:55,2,0
2e289da0-41c1-4b5f-ace9-a396b12868d9,49739729-3209-45c6-a7e9-91b5f3c3255b,9919-1791-4254,6364-7378-2561,Union Bank of India,UBIN0526977,Bhopal,Bhopal,Madhya Pradesh,23.287791,77.434629,410931.08,2026-07-03T03:38:53,3,0
b432b4bc-2ffe-4509-9df0-254f94bbc8fc,49739729-3209-45c6-a7e9-91b5f3c3255b,6364-7378-2561,9592-1137-1174,ICICI Bank,ICIC0960198,Mumbai,Mumbai City,Maharashtra,19.028657,72.908769,410931.08,2026-07-03T03:43:46,4,1
21596ac2-16cd-4c23-baaa-1c094564c55b,49739729-3209-45c6-a7e9-91b5f3c3255b,7635-6292-4698,7799-2835-3095,UCO Bank,UCBA0113757,Kolkata,Kolkata,West Bengal,22.547039,88.351629,50229.99,2026-07-03T03:48:20,3,0
543707da-67fb-4ba9-af1b-b7f338acab36,49739729-3209-45c6-a7e9-91b5f3c3255b,7799-2835-3095,8737-9148-5323,Punjab National Bank,PUNB0725026,Bhopal,Bhopal,Madhya Pradesh,23.22187,77.435078,50229.99,2026-07-03T03:52:26,4,1
e2dc7d65-1180-4a5c-90a7-f61379c9f60f,796ce11e-02c6-431c-8610-21095ac88a8d,1050-4501-7418,6665-3194-1949,Federal Bank,FDRL0770342,Kolkata,Kolkata,West Bengal,22.599787,88.342584,295718.52,2026-06-02T01:03:22,1,0
30ca6140-a9a8-4dd5-9095-dc4053dcf525,796ce11e-02c6-431c-8610-21095ac88a8d,1050-4501-7418,2249-6099-2161,Punjab National Bank,PUNB0342587,Mumbai,Mumbai City,Maharashtra,19.0657,72.875435,76061.16,2026-06-02T01:04:06,1,0
db367454-3d88-4165-8372-4c1b02374fbf,796ce11e-02c6-431c-8610-21095ac88a8d,6665-3194-1949,3282-7672-4190,Federal Bank,FDRL0265337,Lucknow,Lucknow,Uttar Pradesh,26.89086,80.956857,295718.52,2026-06-02T01:04:46,2,0
a5ba7622-bd12-43a4-ae10-9f58170fc722,796ce11e-02c6-431c-8610-21095ac88a8d,2249-6099-2161,3422-2204-4934,Punjab National Bank,PUNB0138255,Chandigarh,Chandigarh,Chandigarh,30.752842,76.815128,4786.34,2026-06-02T01:05:21,2,0
0a65d8c6-5684-4856-a79b-4c6f43ae20b0,796ce11e-02c6-431c-8610-21095ac88a8d,2249-6099-2161,8393-5505-6491,ICICI Bank,ICIC0662146,Kolkata,Kolkata,West Bengal,22.563325,88.388615,12732.17,2026-06-02T01:06:09,2,0
3bf69a51-60ea-4f4a-b3b7-bb3f3a375702,796ce11e-02c6-431c-8610-21095ac88a8d,2249-6099-2161,6532-7852-2257,Bank of Baroda,BARB0122286,Jaipur,Jaipur,Rajasthan,26.940202,75.771049,58542.64,2026-06-02T01:07:32,2,0
b6327b35-103c-4008-aa2b-c0088a04215b,796ce11e-02c6-431c-8610-21095ac88a8d,6532-7852-2257,9508-2572-2908,IDBI Bank,IBKL0918210,Gurgaon,Gurugram,Haryana,28.473361,77.044154,52688.38,2026-06-02T01:09:26,3,1
2b4cbc96-5ccb-4360-8f8e-bc60c4945093,796ce11e-02c6-431c-8610-21095ac88a8d,3422-2204-4934,9508-2572-2908,IDBI Bank,IBKL0302310,Gurgaon,Gurugram,Haryana,28.474493,77.008815,4307.71,2026-06-02T01:12:26,3,1
50ef90e2-c154-4d20-83c4-b8f5087c36ea,796ce11e-02c6-431c-8610-21095ac88a8d,8393-5505-6491,9508-2572-2908,IDBI Bank,IBKL0313051,Gurgaon,Gurugram,Haryana,28.453953,77.022513,11458.95,2026-06-02T01:15:19,3,1
d40c50dd-008a-44ba-8a1e-8b38de921d73,796ce11e-02c6-431c-8610-21095ac88a8d,3282-7672-4190,9508-2572-2908,IDBI Bank,IBKL0192672,Gurgaon,Gurugram,Haryana,28.472227,77.037109,266146.67,2026-06-02T01:17:36,3,1
80aca11f-7ca6-4692-816d-56c132366afd,0a56d78b-694d-44a4-8d5c-3fa69946ca2f,3523-8465-2190,4487-2637-3875,State Bank of India,SBIN0550671,Bhopal,Bhopal,Madhya Pradesh,23.260808,77.38094,119808.52,2026-06-14T08:24:43,1,0
61289cec-08e4-4115-bf7c-e70381eb7a77,0a56d78b-694d-44a4-8d5c-3fa69946ca2f,3523-8465-2190,4581-5161-6579,HDFC Bank,HDFC0756805,Chennai,Chennai,Tamil Nadu,13.117443,80.263147,109746.15,2026-06-14T08:25:29,1,0
4947f2a2-4721-43c9-8a0b-e005b67654d0,0a56d78b-694d-44a4-8d5c-3fa69946ca2f,4487-2637-3875,3336-4454-9593,Union Bank of India,UBIN0932371,Delhi,Central Delhi,Delhi,28.616681,77.203743,32985.08,2026-06-14T08:26:56,2,0
99bc8ac3-5f07-4b1b-95e4-7ab83d92fd0b,0a56d78b-694d-44a4-8d5c-3fa69946ca2f,4487-2637-3875,5321-5757-1660,Bank of Baroda,BARB0348958,Pune,Pune,Maharashtra,18.518089,73.873411,71873.98,2026-06-14T08:27:38,2,0
4db6222d-959a-40fa-a821-02444ff03a8b,0a56d78b-694d-44a4-8d5c-3fa69946ca2f,4487-2637-3875,2897-4966-5980,IDBI Bank,IBKL0654285,Chandigarh,Chandigarh,Chandigarh,30.69695,76.734012,14949.46,2026-06-14T08:28:43,2,0
0c0a12d5-aeb0-4fd7-bce1-d112a5d1098c,0a56d78b-694d-44a4-8d5c-3fa69946ca2f,4581-5161-6579,7132-3033-1874,IndusInd Bank,INDB0573467,Bengaluru,Bengaluru Urban,Karnataka,12.990711,77.546405,109746.15,2026-06-14T08:29:19,2,0
838786a4-1962-4b69-972c-129532726695,0a56d78b-694d-44a4-8d5c-3fa69946ca2f,2897-4966-5980,5740-5681-3978,South Indian Bank,SIBL0575118,Delhi,Central Delhi,Delhi,28.633576,77.212316,13454.51,2026-06-14T08:31:50,3,1
77102f5e-e064-401a-a6d6-d62fe02f0686,0a56d78b-694d-44a4-8d5c-3fa69946ca2f,7132-3033-1874,5740-5681-3978,South Indian Bank,SIBL0522424,Delhi,Central Delhi,Delhi,28.624149,77.217246,98771.54,2026-06-14T08:33:11,3,1
8fdda745-c131-4dcc-b9b5-babf33da10c0,0a56d78b-694d-44a4-8d5c-3fa69946ca2f,3336-4454-9593,5740-5681-3978,South Indian Bank,SIBL0756369,Delhi,Central Delhi,Delhi,28.61073,77.213979,29686.57,2026-06-14T08:35:30,3,1
80aa1613-ab44-4367-9c24-75204ff6f897,6a2d52f3-62e0-4953-afa0-d2beefa09547,5856-8474-2468,5842-3378-9769,State Bank of India,SBIN0624747,Patna,Patna,Bihar,25.632834,85.144548,10952.1,2026-07-29T01:17:15,1,0
eb7849f4-c209-499a-93ad-8d285f5170ae,6a2d52f3-62e0-4953-afa0-d2beefa09547,5856-8474-2468,6999-7293-5066,Federal Bank,FDRL0283630,Mumbai,Mumbai City,Maharashtra,19.115054,72.838535,71552.66,2026-07-29T01:18:15,1,0
891dc7d0-fce1-4575-832d-323eb8d9bb60,6a2d52f3-62e0-4953-afa0-d2beefa09547,5856-8474-2468,3407-6412-2686,YES Bank,YESB0333861,Bhopal,Bhopal,Madhya Pradesh,23.239343,77.376729,413.14,2026-07-29T01:19:14,1,0
db320a1f-cb45-49b9-93bf-ed25b3d6a3f2,6a2d52f3-62e0-4953-afa0-d2beefa09547,5842-3378-9769,7622-1897-7681,IndusInd Bank,INDB0579389,Noida,Gautam Buddh Nagar,Uttar Pradesh,28.561879,77.438234,3036.18,2026-07-29T01:20:09,2,0
46189820-06ea-4493-9007-379ca367d598,6a2d52f3-62e0-4953-afa0-d2beefa09547,5842-3378-9769,1376-8749-3539,IndusInd Bank,INDB0282362,Chennai,Chennai,Tamil Nadu,13.107628,80.25165,7915.92,2026-07-29T01:20:40,2,0
5d6878c2-018c-4022-a2e4-ab48aaab0689,6a2d52f3-62e0-4953-afa0-d2beefa09547,6999-7293-5066,4737-9519-4610,Federal Bank,FDRL0968235,Pune,Pune,Maharashtra,18.470707,73.841168,1746.22,2026-07-29T01:22:03,2,0
63f778d6-fa96-4719-a9f2-9cd87cba6ba5,6a2d52f3-62e0-4953-afa0-d2beefa09547,6999-7293-5066,6337-6927-4997,South Indian Bank,SIBL0223527,Jaipur,Jaipur,Rajasthan,26.96056,75.827525,13000.77,2026-07-29T01:22:59,2,0
6c6e6caf-0065-4fd7-8923-7701b0f303a3,6a2d52f3-62e0-4953-afa0-d2beefa09547,6999-7293-5066,9523-3269-1286,UCO Bank,UCBA0457920,Hyderabad,Hyderabad,Telangana,17.337994,78.517159,56805.67,2026-07-29T01:24:05,2,0
c1dc7c99-2008-4a9a-89ac-5d3cfb3ca44b,6a2d52f3-62e0-4953-afa0-d2beefa09547,3407-6412-2686,7655-6877-9921,ICICI Bank,ICIC0793023,Hyderabad,Hyderabad,Telangana,17.361604,78.51506,413.14,2026-07-29T01:25:18,2,0
22190011-6c7c-4f87-8279-511213eaad47,6a2d52f3-62e0-4953-afa0-d2beefa09547,9523-3269-1286,2192-4549-1244,Union Bank of India,UBIN0546644,Chennai,Chennai,Tamil Nadu,13.06663,80.283925,51125.1,2026-07-29T01:28:01,3,1
720d55cb-61a0-448f-898e-217b782ea2ee,6a2d52f3-62e0-4953-afa0-d2beefa09547,6337-6927-4997,2192-4549-1244,Union Bank of India,UBIN0252795,Chennai,Chennai,Tamil Nadu,13.09336,80.282989,11700.69,2026-07-29T01:30:53,3,1
6aff64d8-2c46-4de1-b0a9-2c64d6876bd8,6a2d52f3-62e0-4953-afa0-d2beefa09547,4737-9519-4610,2192-4549-1244,Union Bank of India,UBIN0699268,Chennai,Chennai,Tamil Nadu,13.076174,80.287653,1571.6,2026-07-29T01:32:33,3,1
a01c831c-dfc6-4a6b-a3cd-7f2a0e0b1bc8,6a2d52f3-62e0-4953-afa0-d2beefa09547,1376-8749-3539,2192-4549-1244,Union Bank of India,UBIN0364168,Chennai,Chennai,Tamil Nadu,13.096432,80.281789,7124.33,2026-07-29T01:33:48,3,1
d0521a2c-9895-4d31-a20e-e135ef7f456b,286b0955-d260-4053-9923-d40fe015fd75,9871-3440-4942,6091-9339-5454,IndusInd Bank,INDB0638861,Bhopal,Bhopal,Madhya Pradesh,23.253325,77.401667,29975.12,2026-07-11T23:39:16,1,0
a72d6939-ff01-49c3-ad1e-1d200f70ac16,286b0955-d260-4053-9923-d40fe015fd75,9871-3440-4942,1664-1482-3690,HDFC Bank,HDFC0222456,Delhi,Central Delhi,Delhi,28.647271,77.235325,122262.5,2026-07-11T23:39:50,1,0
e3a9f44e-438e-409e-bc6d-ed22c4002cdb,286b0955-d260-4053-9923-d40fe015fd75,9871-3440-4942,8838-4665-1016,Axis Bank,UTIB0185159,Noida,Gautam Buddh Nagar,Uttar Pradesh,28.552332,77.422431,93164.92,2026-07-11T23:40:32,1,0
8bcaaf72-a314-4737-9edd-528398789e16,286b0955-d260-4053-9923-d40fe015fd75,6091-9339-5454,1417-1785-2084,IndusInd Bank,INDB0183995,Pune,Pune,Maharashtra,18.499703,73.867353,17447.53,2026-07-11T23:41:41,2,0
93ede1db-bfd2-49e3-836d-f365932463e8,286b0955-d260-4053-9923-d40fe015fd75,6091-9339-5454,7147-9647-1917,IDBI Bank,IBKL0156962,Bengaluru,Bengaluru Urban,Karnataka,12.966914,77.621965,12527.59,2026-07-11T23:43:05,2,0
d163ac2c-0145-4e60-a8b1-1670fbf7ed7f,286b0955-d260-4053-9923-d40fe015fd75,1664-1482-3690,9549-4209-8263,State Bank of India,SBIN0619326,Chandigarh,Chandigarh,Chandigarh,30.727365,76.789284,34713.44,2026-07-11T23:43:52,2,0
6393ee9a-f58b-45a2-a911-fc23211a9daf,286b0955-d260-4053-9923-d40fe015fd75,1664-1482-3690,7736-3353-1824,ICICI Bank,ICIC0849013,Delhi,Central Delhi,Delhi,28.658193,77.247544,64864.59,2026-07-11T23:44:47,2,0
5681c109-9f55-4673-8979-87bd0637225a,286b0955-d260-4053-9923-d40fe015fd75,1664-1482-3690,7035-4612-5584,Canara Bank,CNRB0531642,Patna,Patna,Bihar,25.611239,85.147231,22684.47,2026-07-11T23:46:03,2,0
52367b5a-c899-4151-b1d4-84ef697d8829,286b0955-d260-4053-9923-d40fe015fd75,8838-4665-1016,1318-2508-9062,UCO Bank,UCBA0731031,Lucknow,Lucknow,Uttar Pradesh,26.803379,80.973974,60568.55,2026-07-11T23:46:43,2,0
cfd159db-926a-4d25-b8b6-87a24cd5e1f5,286b0955-d260-4053-9923-d40fe015fd75,8838-4665-1016,8768-7299-1781,Canara Bank,CNRB0649434,Chandigarh,Chandigarh,Chandigarh,30.750763,76.75568,32596.37,2026-07-11T23:47:14,2,0
4e3f3db8-692c-47bd-aa44-b677dee72743,286b0955-d260-4053-9923-d40fe015fd75,7147-9647-1917,4802-2461-3173,South Indian Bank,SIBL0849646,Bengaluru,Bengaluru Urban,Karnataka,12.988824,77.582705,11274.83,2026-07-11T23:48:59,3,1
ff1bfe7a-4c30-4182-97a1-fafa62aab151,286b0955-d260-4053-9923-d40fe015fd75,8768-7299-1781,4802-2461-3173,South Indian Bank,SIBL0520806,Bengaluru,Bengaluru Urban,Karnataka,12.955949,77.596387,29336.73,2026-07-11T23:51:56,3,1
dd0dc76f-660a-4701-ad6c-e5c6144a1833,286b0955-d260-4053-9923-d40fe015fd75,7736-3353-1824,4802-2461-3173,South Indian Bank,SIBL0586806,Bengaluru,Bengaluru Urban,Karnataka,12.952026,77.608582,58378.13,2026-07-11T23:53:06,3,1
6cce2eeb-be9e-4203-9516-36c0e9c06f3a,1e99bdd9-5190-4807-8c9c-d6e576357371,2665-2287-3676,7223-2845-4585,Canara Bank,CNRB0965250,Mumbai,Mumbai City,Maharashtra,19.077329,72.894663,217807.25,2026-06-26T13:37:32,1,0
e8e97e1e-e6f4-4bfd-92c3-1e2bb747f339,1e99bdd9-5190-4807-8c9c-d6e576357371,7223-2845-4585,8663-9122-9947,Bank of Baroda,BARB0227154,Hyderabad,Hyderabad,Telangana,17.354039,78.481449,217807.25,2026-06-26T13:38:38,2,0
dcb1046c-2e91-4ba3-9263-66bdd83d6aa2,1e99bdd9-5190-4807-8c9c-d6e576357371,8663-9122-9947,5335-1805-3763,UCO Bank,UCBA0150106,Bengaluru,Bengaluru Urban,Karnataka,12.935685,77.584159,217807.25,2026-06-26T13:43:19,3,0
80d9a6da-484b-4f22-9250-9ab98062395e,1e99bdd9-5190-4807-8c9c-d6e576357371,5335-1805-3763,9360-1704-2548,Punjab National Bank,PUNB0155469,Pune,Pune,Maharashtra,18.494051,73.827189,217807.25,2026-06-26T13:46:09,4,1
853e9cf6-eebe-4afa-a131-8dd419498fee,500c63df-c5c0-4923-86c2-f633eeaa5d4b,2664-7526-8707,2774-3322-8589,IndusInd Bank,INDB0615454,Noida,Gautam Buddh Nagar,Uttar Pradesh,28.574927,77.399899,53151.58,2026-07-27T06:08:15,1,0
b032d466-fcd9-490f-87cc-9dca0177ca51,500c63df-c5c0-4923-86c2-f633eeaa5d4b,2664-7526-8707,9186-9411-3790,HDFC Bank,HDFC0302779,Jaipur,Jaipur,Rajasthan,26.88851,75.830359,37919.47,2026-07-27T06:08:36,1,0
5cae35f8-d6b9-45e8-b703-1aa5f58ccf23,500c63df-c5c0-4923-86c2-f633eeaa5d4b,2664-7526-8707,4058-2231-1229,ICICI Bank,ICIC0672653,Ahmedabad,Ahmedabad,Gujarat,23.006514,72.604375,23085.57,2026-07-27T06:09:12,1,0
f71090b2-1e4f-492a-98ce-6a22eaccf108,500c63df-c5c0-4923-86c2-f633eeaa5d4b,2774-3322-8589,8175-4831-7979,IndusInd Bank,INDB0528264,Bengaluru,Bengaluru Urban,Karnataka,12.924516,77.567491,34574.85,2026-07-27T06:10:16,2,0
112c74b2-68d3-41f3-9712-1215b064ccc1,500c63df-c5c0-4923-86c2-f633eeaa5d4b,2774-3322-8589,4795-9836-4981,Kotak Mahindra Bank,KKBK0124031,Lucknow,Lucknow,Uttar Pradesh,26.845983,80.966482,16816.61,2026-07-27T06:11:34,2,0
5d36ae77-03e4-40ca-ac6c-ae9331349c79,500c63df-c5c0-4923-86c2-f633eeaa5d4b,2774-3322-8589,2883-9442-3903,IDBI Bank,IBKL0549513,Jaipur,Jaipur,Rajasthan,26.902678,75.830011,1760.12,2026-07-27T06:12:38,2,0
843257ae-a9ac-4619-9c72-df3f0c7e1023,500c63df-c5c0-4923-86c2-f633eeaa5d4b,9186-9411-3790,8431-8836-2000,Federal Bank,FDRL0347411,Chennai,Chennai,Tamil Nadu,13.122731,80.272528,37919.47,2026-07-27T06:13:33,2,0
f0771a99-2dbc-488b-bd14-b44102d7f369,500c63df-c5c0-4923-86c2-f633eeaa5d4b,4058-2231-1229,1253-6981-1036,Union Bank of India,UBIN0188450,Gurgaon,Gurugram,Haryana,28.475391,76.993694,23085.57,2026-07-27T06:14:27,2,0
4d3a29c1-ee9f-46f5-8801-75a39e2c1db2,500c63df-c5c0-4923-86c2-f633eeaa5d4b,2883-9442-3903,3608-2412-7444,IndusInd Bank,INDB0483821,Bhopal,Bhopal,Madhya Pradesh,23.240493,77.406002,1584.11,2026-07-27T06:16:51,3,1
2a033bc2-3479-47d3-abff-c723ed502edb,500c63df-c5c0-4923-86c2-f633eeaa5d4b,1253-6981-1036,3608-2412-7444,IndusInd Bank,INDB0209996,Bhopal,Bhopal,Madhya Pradesh,23.26737,77.408797,20777.01,2026-07-27T06:18:48,3,1
40d4934b-0089-491c-b47b-ad7d95aecbc8,500c63df-c5c0-4923-86c2-f633eeaa5d4b,8431-8836-2000,3608-2412-7444,IndusInd Bank,INDB0868071,Bhopal,Bhopal,Madhya Pradesh,23.242814,77.418652,34127.52,2026-07-27T06:20:07,3,1
cdb94f2a-a428-45a6-859e-065b8390faaf,2a23e938-ecc8-44f3-9307-c7e7f861af49,2191-3273-6363,7519-8482-1646,Union Bank of India,UBIN0116951,Bhopal,Bhopal,Madhya Pradesh,23.305209,77.375287,157174.84,2026-06-27T04:04:31,1,0
29ddfcb8-5731-494e-9ce1-d038dce4e448,2a23e938-ecc8-44f3-9307-c7e7f861af49,2191-3273-6363,9753-5399-4853,Federal Bank,FDRL0937167,Bengaluru,Bengaluru Urban,Karnataka,12.924991,77.605117,51783.53,2026-06-27T04:04:43,1,0
2214ccc6-9c33-4b23-a7fc-a6fdd40cee0b,2a23e938-ecc8-44f3-9307-c7e7f861af49,2191-3273-6363,8044-9877-5731,Axis Bank,UTIB0982653,Jaipur,Jaipur,Rajasthan,26.916628,75.834801,174301.28,2026-06-27T04:05:39,1,0
308104eb-2204-4a7d-af77-6730bc886dfd,2a23e938-ecc8-44f3-9307-c7e7f861af49,7519-8482-1646,5108-9312-5781,Bank of Baroda,BARB0756477,Chennai,Chennai,Tamil Nadu,13.087269,80.266489,115710.15,2026-06-27T04:06:27,2,0
432a8eda-0149-4aa4-9817-f7c80b8469f0,2a23e938-ecc8-44f3-9307-c7e7f861af49,7519-8482-1646,3129-5884-6533,YES Bank,YESB0137538,Chandigarh,Chandigarh,Chandigarh,30.752828,76.773541,39830.1,2026-06-27T04:07:48,2,0
40e871c8-fc88-4e59-af5a-4eafd66e304f,2a23e938-ecc8-44f3-9307-c7e7f861af49,7519-8482-1646,9391-2081-2376,South Indian Bank,SIBL0346709,Gurgaon,Gurugram,Haryana,28.49902,77.016765,1634.59,2026-06-27T04:08:40,2,0
b733a598-b945-4ac7-bcfd-8e1615d00879,2a23e938-ecc8-44f3-9307-c7e7f861af49,9753-5399-4853,8825-4211-9835,Canara Bank,CNRB0181780,Patna,Patna,Bihar,25.640452,85.093948,14824.58,2026-06-27T04:09:27,2,0
d72d8908-b7ca-4e33-b49a-6a306bdb7880,2a23e938-ecc8-44f3-9307-c7e7f861af49,9753-5399-4853,4059-1429-8405,IndusInd Bank,INDB0618938,Chennai,Chennai,Tamil Nadu,13.093743,80.269947,36958.95,2026-06-27T04:10:37,2,0
cea4b46b-d02a-485b-8063-9aec75415b45,2a23e938-ecc8-44f3-9307-c7e7f861af49,8044-9877-5731,3456-8151-9287,IDBI Bank,IBKL0928928,Delhi,Central Delhi,Delhi,28.628231,77.190825,120483.85,2026-06-27T04:11:38,2,0
cb36d322-6155-4338-8132-cbc730da99c3,2a23e938-ecc8-44f3-9307-c7e7f861af49,8044-9877-5731,9146-3521-3121,State Bank of India,SBIN0774810,Hyderabad,Hyderabad,Telangana,17.353624,78.49922,35802.5,2026-06-27T04:12:41,2,0
10368bb7-7e90-430e-a432-a7628fe4f148,2a23e938-ecc8-44f3-9307-c7e7f861af49,8044-9877-5731,6244-9456-4213,Bank of Baroda,BARB0829286,Delhi,Central Delhi,Delhi,28.590833,77.16199,18014.94,2026-06-27T04:13:26,2,0
fd98e982-5c5f-42f6-93a6-f3fc600648cd,2a23e938-ecc8-44f3-9307-c7e7f861af49,9146-3521-3121,6437-8481-1627,State Bank of India,SBIN0276076,Jaipur,Jaipur,Rajasthan,26.903584,75.788971,32222.25,2026-06-27T04:14:41,3,1
a09d014b-0b07-4bf3-b56b-e7e5e43bca36,2a23e938-ecc8-44f3-9307-c7e7f861af49,8825-4211-9835,6437-8481-1627,State Bank of India,SBIN0882733,Jaipur,Jaipur,Rajasthan,26.906105,75.782281,13342.12,2026-06-27T04:17:20,3,1
4c0d619e-e56a-4bde-bd6e-2a6f4a893c6f,2a23e938-ecc8-44f3-9307-c7e7f861af49,3456-8151-9287,6437-8481-1627,State Bank of India,SBIN0291423,Jaipur,Jaipur,Rajasthan,26.929769,75.783027,108435.47,2026-06-27T04:18:52,3,1
aece7938-83c8-422f-bc85-e9735f05e5bb,2a23e938-ecc8-44f3-9307-c7e7f861af49,4059-1429-8405,6437-8481-1627,State Bank of India,SBIN0513209,Jaipur,Jaipur,Rajasthan,26.900244,75.781421,33263.06,2026-06-27T04:21:07,3,1
f1634144-393a-41a8-af3c-0099101f2aa7,f427be93-3648-47dd-9942-4279d392905f,4042-5040-3180,9727-5411-7412,Punjab National Bank,PUNB0817718,Noida,Gautam Buddh Nagar,Uttar Pradesh,28.553553,77.373788,18515.48,2026-07-20T18:37:08,1,0
89918839-d0a8-417e-b5b0-0c1f0420dad0,f427be93-3648-47dd-9942-4279d392905f,4042-5040-3180,4640-4187-9948,YES Bank,YESB0857513,Bengaluru,Bengaluru Urban,Karnataka,13.020538,77.59293,42764.8,2026-07-20T18:37:52,1,0
9ad4431d-c246-4320-8864-f12f370f5f14,f427be93-3648-47dd-9942-4279d392905f,4042-5040-3180,2689-6573-7633,Canara Bank,CNRB0703396,Gurgaon,Gurugram,Haryana,28.426686,77.071206,7666.64,2026-07-20T18:38:23,1,0
e3c96582-de9d-45f3-a364-02bdb6c8182d,f427be93-3648-47dd-9942-4279d392905f,9727-5411-7412,4641-6625-9679,YES Bank,YESB0488027,Jaipur,Jaipur,Rajasthan,26.872622,75.823345,18515.48,2026-07-20T18:39:31,2,0
f38c81df-fad9-4efd-800e-714b7e91eb64,f427be93-3648-47dd-9942-4279d392905f,4640-4187-9948,2740-7409-7049,Federal Bank,FDRL0440133,Kolkata,Kolkata,West Bengal,22.524163,88.345944,15348.82,2026-07-20T18:41:01,2,0
e60ca312-d0c9-4559-9f72-376631352d62,f427be93-3648-47dd-9942-4279d392905f,4640-4187-9948,6993-1420-9022,YES Bank,YESB0401260,Jaipur,Jaipur,Rajasthan,26.944886,75.759721,25903.39,2026-07-20T18:42:02,2,0
6321c00d-4d6e-43ef-9b66-f1efefd02768,f427be93-3648-47dd-9942-4279d392905f,4640-4187-9948,9502-5306-7328,Punjab National Bank,PUNB0753451,Jaipur,Jaipur,Rajasthan,26.874398,75.804843,1512.59,2026-07-20T18:42:44,2,0
7803473c-4e26-43db-9d53-33b8d45ccd78,f427be93-3648-47dd-9942-4279d392905f,2689-6573-7633,2220-2854-8884,Axis Bank,UTIB0931994,Pune,Pune,Maharashtra,18.474169,73.890556,5473.36,2026-07-20T18:43:51,2,0
fd850423-d03f-4a38-9072-de6e1bc803c9,f427be93-3648-47dd-9942-4279d392905f,2689-6573-7633,8933-3700-1768,Canara Bank,CNRB0192492,Pune,Pune,Maharashtra,18.502925,73.852068,279.1,2026-07-20T18:44:34,2,0
982eb44d-39a6-4ded-9c1f-3c6d658e7484,f427be93-3648-47dd-9942-4279d392905f,2689-6573-7633,4262-9544-6465,Federal Bank,FDRL0312123,Bengaluru,Bengaluru Urban,Karnataka,12.932322,77.617493,1914.18,2026-07-20T18:45:24,2,0
f3b31ff6-b768-4e6e-ab70-94f5e5a344c5,f427be93-3648-47dd-9942-4279d392905f,2220-2854-8884,9593-2595-4901,YES Bank,YESB0992924,Hyderabad,Hyderabad,Telangana,17.377693,78.467342,4926.02,2026-07-20T18:47:21,3,1
ef58be32-3855-46ed-a31c-4b18d5a53489,f427be93-3648-47dd-9942-4279d392905f,2740-7409-7049,9593-2595-4901,YES Bank,YESB0378663,Hyderabad,Hyderabad,Telangana,17.403109,78.472687,13813.94,2026-07-20T18:49:40,3,1
84cd4c02-e8b6-4505-8995-a6aa3e9728b0,f427be93-3648-47dd-9942-4279d392905f,9502-5306-7328,9593-2595-4901,YES Bank,YESB0774561,Hyderabad,Hyderabad,Telangana,17.397095,78.478039,1361.33,2026-07-20T18:52:30,3,1
59e10996-aa00-4fb4-a91a-f5ad62d32048,f427be93-3648-47dd-9942-4279d392905f,4262-9544-6465,9593-2595-4901,YES Bank,YESB0930948,Hyderabad,Hyderabad,Telangana,17.368485,78.497753,1722.76,2026-07-20T18:55:08,3,1
06826809-c899-4813-add8-e50bfedbcf0c,eea525d4-25de-4812-9eef-e43792a7bd9f,8481-7273-9670,9580-8747-1985,IDBI Bank,IBKL0238028,Bhopal,Bhopal,Madhya Pradesh,23.285676,77.363273,431573.36,2026-06-03T04:10:59,1,0
54399114-7cd1-408b-b9c1-da794d27c290,eea525d4-25de-4812-9eef-e43792a7bd9f,9580-8747-1985,3126-4850-9425,South Indian Bank,SIBL0446966,Gurgaon,Gurugram,Haryana,28.465241,77.067889,122527.1,2026-06-03T04:11:39,2,0
91611315-fa61-4784-b363-6725967ede2c,eea525d4-25de-4812-9eef-e43792a7bd9f,9580-8747-1985,9630-6706-7589,Canara Bank,CNRB0161204,Hyderabad,Hyderabad,Telangana,17.430555,78.523103,309046.26,2026-06-03T04:12:58,2,0
1b3b04eb-a156-49ca-9993-57ff0c2c503f,eea525d4-25de-4812-9eef-e43792a7bd9f,9630-6706-7589,9829-8245-5579,Federal Bank,FDRL0244933,Gurgaon,Gurugram,Haryana,28.458771,77.010389,309046.26,2026-06-03T04:15:14,3,0
71bbfdb8-e04b-42fa-8999-16be570a2666,eea525d4-25de-4812-9eef-e43792a7bd9f,9829-8245-5579,6526-5581-9869,Bank of Baroda,BARB0716899,Lucknow,Lucknow,Uttar Pradesh,26.838896,80.932571,309046.26,2026-06-03T04:18:55,4,1
1e74a5e3-7a12-4020-95cb-ebc7b79ca9a1,ae5ce723-c44b-436c-ade4-8aa834df9f59,5719-3912-9225,5989-2944-2359,Canara Bank,CNRB0126629,Bengaluru,Bengaluru Urban,Karnataka,12.935213,77.629701,217495.72,2026-07-08T07:59:49,1,0
467b8cf7-f6ff-4a6e-acec-8e93654123f7,ae5ce723-c44b-436c-ade4-8aa834df9f59,5989-2944-2359,1702-3554-6027,IndusInd Bank,INDB0714812,Mumbai,Mumbai City,Maharashtra,19.090734,72.850909,217495.72,2026-07-08T08:00:42,2,0
efa2a5ef-c505-44d0-b60c-75ac12a7d550,ae5ce723-c44b-436c-ade4-8aa834df9f59,1702-3554-6027,2896-6340-6199,Axis Bank,UTIB0439714,Delhi,Central Delhi,Delhi,28.597893,77.162379,217495.72,2026-07-08T08:01:59,3,1
5b2218d9-d21f-42a1-ac57-2f8caff59e8d,f63848b1-f0f6-4f5b-949a-3e384a7b5191,7974-3984-2644,5968-5659-9516,UCO Bank,UCBA0614462,Lucknow,Lucknow,Uttar Pradesh,26.811107,80.99251,5718.1,2026-06-30T14:22:40,1,0
789295cb-89e7-466f-a8fd-c2fa123b0bdb,f63848b1-f0f6-4f5b-949a-3e384a7b5191,7974-3984-2644,9598-7276-7321,South Indian Bank,SIBL0543623,Mumbai,Mumbai City,Maharashtra,19.0709,72.891432,9605.9,2026-06-30T14:23:34,1,0
4577cd16-4c95-4c1a-a660-13a8abc0fe8e,f63848b1-f0f6-4f5b-949a-3e384a7b5191,5968-5659-9516,5795-7771-3452,Union Bank of India,UBIN0837866,Lucknow,Lucknow,Uttar Pradesh,26.813471,80.933083,5457.13,2026-06-30T14:24:58,2,0
65db497a-3126-4406-9ce8-2cbe9489414a,f63848b1-f0f6-4f5b-949a-3e384a7b5191,5968-5659-9516,1104-3125-7001,HDFC Bank,HDFC0329049,Kolkata,Kolkata,West Bengal,22.603138,88.331187,260.97,2026-06-30T14:25:41,2,0
25e5fca7-fda0-41ad-a6e5-4eec7847b399,f63848b1-f0f6-4f5b-949a-3e384a7b5191,9598-7276-7321,2734-3190-4119,HDFC Bank,HDFC0495477,Delhi,Central Delhi,Delhi,28.63773,77.247548,312.81,2026-06-30T14:26:50,2,0
cbc9f6d7-a620-4fba-8039-5064ee5f5e64,f63848b1-f0f6-4f5b-949a-3e384a7b5191,9598-7276-7321,2030-3069-4279,Axis Bank,UTIB0375136,Hyderabad,Hyderabad,Telangana,17.383954,78.457096,4893.22,2026-06-30T14:27:53,2,0
824e118a-a372-4a90-a59d-fee1ecb89c60,f63848b1-f0f6-4f5b-949a-3e384a7b5191,9598-7276-7321,3346-1116-5994,Kotak Mahindra Bank,KKBK0125402,Bengaluru,Bengaluru Urban,Karnataka,12.974851,77.621294,4399.87,2026-06-30T14:28:58,2,0
ad869d20-58f4-4449-84a3-b82a9dbeba58,f63848b1-f0f6-4f5b-949a-3e384a7b5191,3346-1116-5994,3899-3960-6735,Kotak Mahindra Bank,KKBK0372986,Chennai,Chennai,Tamil Nadu,13.092573,80.265227,3959.88,2026-06-30T14:30:39,3,1
03e9b962-39b4-4aa5-9637-8f31b7a3fc5c,f63848b1-f0f6-4f5b-949a-3e384a7b5191,5795-7771-3452,3899-3960-6735,Kotak Mahindra Bank,KKBK0378533,Chennai,Chennai,Tamil Nadu,13.082053,80.265856,4911.42,2026-06-30T14:32:59,3,1
9e8a88f8-a117-4fff-852a-6d508ec81ce1,f63848b1-f0f6-4f5b-949a-3e384a7b5191,2734-3190-4119,3899-3960-6735,Kotak Mahindra Bank,KKBK0698966,Chennai,Chennai,Tamil Nadu,13.100386,80.263717,281.53,2026-06-30T14:35:49,3,1
58f6e13b-1004-4b9e-a603-86d37cf1ec91,f63848b1-f0f6-4f5b-949a-3e384a7b5191,1104-3125-7001,3899-3960-6735,Kotak Mahindra Bank,KKBK0194617,Chennai,Chennai,Tamil Nadu,13.083137,80.281721,234.87,2026-06-30T14:38:08,3,1
8143a4a8-a5d8-4b5d-aa81-e8aeb9cdc8be,d0d00e56-25f9-4497-88c1-60d388636fdb,7265-4950-2675,1869-3976-8201,Kotak Mahindra Bank,KKBK0325515,Jaipur,Jaipur,Rajasthan,26.882232,75.816021,210614.11,2026-06-22T16:35:25,1,0
36f705ed-847a-4fbc-9063-c5663bfc22a9,d0d00e56-25f9-4497-88c1-60d388636fdb,7265-4950-2675,2981-8680-3876,Axis Bank,UTIB0691905,Chandigarh,Chandigarh,Chandigarh,30.74884,76.826062,212405.65,2026-06-22T16:36:21,1,0
8578a49a-eea4-410c-b681-6ffd835bda13,d0d00e56-25f9-4497-88c1-60d388636fdb,1869-3976-8201,6338-3978-3826,UCO Bank,UCBA0744674,Ahmedabad,Ahmedabad,Gujarat,22.99391,72.562594,210614.11,2026-06-22T16:37:00,2,0
b6f249ac-8967-4129-b99b-c1c82e59fcd3,d0d00e56-25f9-4497-88c1-60d388636fdb,2981-8680-3876,2651-7997-6356,Federal Bank,FDRL0179023,Ahmedabad,Ahmedabad,Gujarat,23.036536,72.545027,212405.65,2026-06-22T16:38:12,2,0
be3a49c8-1696-4f0f-a51a-870e2312f943,d0d00e56-25f9-4497-88c1-60d388636fdb,6338-3978-3826,3728-6326-6958,Axis Bank,UTIB0705662,Patna,Patna,Bihar,25.62967,85.141616,210614.11,2026-06-22T16:42:11,3,1
725f120e-0bcb-458e-91d8-0a5718ec3d63,d0d00e56-25f9-4497-88c1-60d388636fdb,2651-7997-6356,5370-7846-3001,IDBI Bank,IBKL0585519,Jaipur,Jaipur,Rajasthan,26.936111,75.825551,212405.65,2026-06-22T16:45:16,3,0
8e97c608-8d26-4b85-b53a-5c469c542fa9,d0d00e56-25f9-4497-88c1-60d388636fdb,5370-7846-3001,4585-3647-7440,Axis Bank,UTIB0698782,Delhi,Central Delhi,Delhi,28.597162,77.245543,212405.65,2026-06-22T16:47:30,4,1
f090ff65-817c-48a7-9fb8-bf16a4152ec7,2cde2435-8f64-4c3d-bbe2-55cfc3e2f441,9161-2908-3956,8189-1044-4060,State Bank of India,SBIN0358462,Bengaluru,Bengaluru Urban,Karnataka,12.988272,77.60419,370577.84,2026-08-10T11:29:00,1,0
b0a0cdd8-00e0-4469-88dd-27e1c9aca3c5,2cde2435-8f64-4c3d-bbe2-55cfc3e2f441,9161-2908-3956,3856-8211-2144,Union Bank of India,UBIN0621877,Chandigarh,Chandigarh,Chandigarh,30.755176,76.750824,65331.75,2026-08-10T11:29:58,1,0
67f91a02-b2e0-47f3-95e8-4e306141a8d7,2cde2435-8f64-4c3d-bbe2-55cfc3e2f441,8189-1044-4060,6355-3265-9502,Bank of Baroda,BARB0864624,Hyderabad,Hyderabad,Telangana,17.414059,78.522998,261474.25,2026-08-10T11:31:18,2,0
f30975bc-59dc-45d0-82b1-4f17aa2456d3,2cde2435-8f64-4c3d-bbe2-55cfc3e2f441,8189-1044-4060,4981-3140-3445,Axis Bank,UTIB0139486,Gurgaon,Gurugram,Haryana,28.497837,77.003131,57716.17,2026-08-10T11:32:23,2,0
c4db0e82-09e8-4095-ad5e-e2ee90de01c6,2cde2435-8f64-4c3d-bbe2-55cfc3e2f441,8189-1044-4060,1460-2614-3207,Kotak Mahindra Bank,KKBK0950219,Ahmedabad,Ahmedabad,Gujarat,23.066473,72.609883,51387.42,2026-08-10T11:33:28,2,0
28c93bb1-0a73-4458-b2c4-972416c69300,2cde2435-8f64-4c3d-bbe2-55cfc3e2f441,3856-8211-2144,9248-9288-8182,IndusInd Bank,INDB0513501,Kolkata,Kolkata,West Bengal,22.61503,88.393769,49709.03,2026-08-10T11:34:13,2,0
d24610db-2582-43c0-814f-361e48361e31,2cde2435-8f64-4c3d-bbe2-55cfc3e2f441,3856-8211-2144,6723-4450-7098,YES Bank,YESB0953132,Patna,Patna,Bihar,25.620957,85.1078,3267.98,2026-08-10T11:35:42,2,0
7e90d8e0-e213-4842-b019-39e6c77d80ed,2cde2435-8f64-4c3d-bbe2-55cfc3e2f441,3856-8211-2144,9426-6855-4025,Punjab National Bank,PUNB0506691,Mumbai,Mumbai City,Maharashtra,19.090541,72.909167,12354.74,2026-08-10T11:36:29,2,0
501ca733-78b2-4019-9655-0c8ef1a6b40e,2cde2435-8f64-4c3d-bbe2-55cfc3e2f441,1460-2614-3207,3670-4441-2533,State Bank of India,SBIN0774141,Patna,Patna,Bihar,25.597188,85.148769,46248.68,2026-08-10T11:37:48,3,1
84f0bc4d-bd53-4fd7-9da3-2fd86266f966,2cde2435-8f64-4c3d-bbe2-55cfc3e2f441,6355-3265-9502,3670-4441-2533,State Bank of India,SBIN0715387,Patna,Patna,Bihar,25.604071,85.14416,235326.82,2026-08-10T11:40:21,3,1
1cfc16df-2005-4e69-a2cf-d97b54171bce,2cde2435-8f64-4c3d-bbe2-55cfc3e2f441,9248-9288-8182,3670-4441-2533,State Bank of India,SBIN0417499,Patna,Patna,Bihar,25.582054,85.128687,44738.13,2026-08-10T11:41:32,3,1
412e4722-a473-49a1-a86b-29649db940ce,2cde2435-8f64-4c3d-bbe2-55cfc3e2f441,6723-4450-7098,3670-4441-2533,State Bank of India,SBIN0870621,Patna,Patna,Bihar,25.594555,85.119868,2941.18,2026-08-10T11:44:23,3,1
7d13f97e-4581-4e76-b6bb-c5a084a4e177,2cde2435-8f64-4c3d-bbe2-55cfc3e2f441,4981-3140-3445,3670-4441-2533,State Bank of India,SBIN0305869,Patna,Patna,Bihar,25.610566,85.140662,51944.55,2026-08-10T11:47:08,3,1
4c5c12be-8542-415c-81ac-1647df3d49fa,e0fe43fe-1904-449a-acb0-2d536d0ca305,2354-4447-9189,2886-3378-7517,IndusInd Bank,INDB0867301,Gurgaon,Gurugram,Haryana,28.424679,76.997325,318446.21,2026-07-20T14:01:17,1,0
da3eacc4-f3fe-4d7a-86df-c8bb9c7c15f5,e0fe43fe-1904-449a-acb0-2d536d0ca305,2886-3378-7517,8542-7719-8644,IndusInd Bank,INDB0156102,Gurgaon,Gurugram,Haryana,28.421017,77.053738,318446.21,2026-07-20T14:02:35,2,0
8d36cdd3-ee7b-4aff-aa11-e2a041601539,e0fe43fe-1904-449a-acb0-2d536d0ca305,8542-7719-8644,2846-7268-7597,ICICI Bank,ICIC0289485,Chandigarh,Chandigarh,Chandigarh,30.687485,76.791151,318446.21,2026-07-20T14:04:01,3,1
c410a7ab-43db-439d-8e6d-c6452ba051cd,7543a940-ca3e-43bb-afa7-397aafe0b97f,8315-3228-6618,9669-8170-5074,Bank of Baroda,BARB0662192,Mumbai,Mumbai City,Maharashtra,19.027341,72.845584,31854.93,2026-06-23T22:02:48,1,0
b75fe733-988f-4268-8cd5-4796bce85c30,7543a940-ca3e-43bb-afa7-397aafe0b97f,8315-3228-6618,4243-4507-1606,South Indian Bank,SIBL0950666,Jaipur,Jaipur,Rajasthan,26.892547,75.789399,2055.31,2026-06-23T22:03:39,1,0
516a0f06-65a1-4583-930b-ee48e7626955,7543a940-ca3e-43bb-afa7-397aafe0b97f,8315-3228-6618,5810-4153-8068,YES Bank,YESB0395745,Patna,Patna,Bihar,25.561714,85.09661,21978.0,2026-06-23T22:03:58,1,0
78e3d3a5-1218-4e53-a6a4-17e1bc180b46,7543a940-ca3e-43bb-afa7-397aafe0b97f,9669-8170-5074,7468-9598-3303,Bank of Baroda,BARB0109166,Bhopal,Bhopal,Madhya Pradesh,23.267543,77.395264,31854.93,2026-06-23T22:05:27,2,0
ed6164cb-4025-4961-b280-098b5e329ccc,7543a940-ca3e-43bb-afa7-397aafe0b97f,4243-4507-1606,3459-5697-7153,State Bank of India,SBIN0963227,Bhopal,Bhopal,Madhya Pradesh,23.26904,77.432663,2055.31,2026-06-23T22:06:05,2,0
e58fbdae-dac6-4264-9ec5-4ed2664d407b,7543a940-ca3e-43bb-afa7-397aafe0b97f,5810-4153-8068,6733-7234-2081,YES Bank,YESB0711800,Lucknow,Lucknow,Uttar Pradesh,26.846356,80.897909,7986.66,2026-06-23T22:06:43,2,0
35b0b343-73ef-484f-8067-0d86c836a8aa,7543a940-ca3e-43bb-afa7-397aafe0b97f,5810-4153-8068,1020-4516-6656,Axis Bank,UTIB0224413,Chennai,Chennai,Tamil Nadu,13.046888,80.239776,13991.34,2026-06-23T22:07:19,2,0
1048759d-91a9-4514-9c3b-6cae998736a3,7543a940-ca3e-43bb-afa7-397aafe0b97f,6733-7234-2081,6028-3135-4473,Federal Bank,FDRL0178589,Delhi,Central Delhi,Delhi,28.629424,77.220141,7187.99,2026-06-23T22:08:52,3,1
3d1a7a1e-0b1e-4ca3-b3a9-40d9e0f180d1,7543a940-ca3e-43bb-afa7-397aafe0b97f,1020-4516-6656,6028-3135-4473,Federal Bank,FDRL0247687,Delhi,Central Delhi,Delhi,28.633504,77.226207,12592.21,2026-06-23T22:09:55,3,1
68971295-28cd-40c3-a6e4-149004b48486,7543a940-ca3e-43bb-afa7-397aafe0b97f,3459-5697-7153,6028-3135-4473,Federal Bank,FDRL0229093,Delhi,Central Delhi,Delhi,28.608373,77.195478,1849.78,2026-06-23T22:11:49,3,1
0a108906-738a-4c50-8ac2-73737f568aa0,7543a940-ca3e-43bb-afa7-397aafe0b97f,7468-9598-3303,6028-3135-4473,Federal Bank,FDRL0684610,Delhi,Central Delhi,Delhi,28.613694,77.191412,28669.44,2026-06-23T22:13:18,3,1
e0ded161-4152-46af-ab17-a7a5e457b6a8,0a6bbde2-8464-47de-be67-455511de1ee8,8259-2398-8065,1366-7755-4738,IndusInd Bank,INDB0212239,Chandigarh,Chandigarh,Chandigarh,30.717539,76.755506,102456.13,2026-07-23T19:12:02,1,0
b8858231-5216-41f6-91f0-f795392af7d4,0a6bbde2-8464-47de-be67-455511de1ee8,8259-2398-8065,3129-3072-5610,Federal Bank,FDRL0817696,Chandigarh,Chandigarh,Chandigarh,30.746473,76.730158,132200.64,2026-07-23T19:12:22,1,0
c15ab553-f6be-431d-a302-cc412e811618,0a6bbde2-8464-47de-be67-455511de1ee8,1366-7755-4738,5676-1530-5091,South Indian Bank,SIBL0770919,Patna,Patna,Bihar,25.589247,85.129919,52923.64,2026-07-23T19:13:28,2,0
483e9c3b-e464-4a46-b226-4e091002ea86,0a6bbde2-8464-47de-be67-455511de1ee8,1366-7755-4738,1960-3042-1276,Punjab National Bank,PUNB0168034,Ahmedabad,Ahmedabad,Gujarat,23.009589,72.580412,14697.46,2026-07-23T19:14:48,2,0
6f860c28-8e8d-4f18-b904-cc7b1e4e431f,0a6bbde2-8464-47de-be67-455511de1ee8,1366-7755-4738,6950-7644-9132,Bank of Baroda,BARB0398889,Bengaluru,Bengaluru Urban,Karnataka,12.964117,77.561848,34835.03,2026-07-23T19:16:07,2,0
3877e607-4a77-4735-bae0-ca88a1719cc5,0a6bbde2-8464-47de-be67-455511de1ee8,3129-3072-5610,5116-8857-2743,Federal Bank,FDRL0363296,Patna,Patna,Bihar,25.590275,85.087873,132200.64,2026-07-23T19:16:45,2,0
f07ebcc3-5868-4de9-991b-2ff1187003bd,0a6bbde2-8464-47de-be67-455511de1ee8,5676-1530-5091,1634-4395-1436,YES Bank,YESB0931027,Chandigarh,Chandigarh,Chandigarh,30.729803,76.768594,47631.28,2026-07-23T19:19:19,3,1
e08f5f19-e301-4e7f-9962-fc1524c407fa,0a6bbde2-8464-47de-be67-455511de1ee8,5116-8857-2743,1634-4395-1436,YES Bank,YESB0518002,Chandigarh,Chandigarh,Chandigarh,30.724347,76.797128,118980.58,2026-07-23T19:21:16,3,1
2d8bc052-d4d2-4b78-a0c3-13bb4b17f592,0a6bbde2-8464-47de-be67-455511de1ee8,6950-7644-9132,1634-4395-1436,YES Bank,YESB0269737,Chandigarh,Chandigarh,Chandigarh,30.730252,76.761105,31351.53,2026-07-23T19:23:18,3,1
4a4b996a-c6e9-476c-8d88-1905e4039da4,7890f5b2-fba1-4a2b-ab39-08106fd60659,9468-2596-7000,2759-3426-1499,HDFC Bank,HDFC0633057,Mumbai,Mumbai City,Maharashtra,19.030245,72.872996,82909.53,2026-07-14T14:15:46,1,0
9ff360a9-14a4-4639-bedf-a6d0824f7123,7890f5b2-fba1-4a2b-ab39-08106fd60659,9468-2596-7000,2772-6615-1996,State Bank of India,SBIN0847237,Chennai,Chennai,Tamil Nadu,13.055619,80.228671,139773.06,2026-07-14T14:16:11,1,0
e43394b8-0ed5-4934-a4b3-59412a340f64,7890f5b2-fba1-4a2b-ab39-08106fd60659,2759-3426-1499,5714-6916-9694,Kotak Mahindra Bank,KKBK0309185,Pune,Pune,Maharashtra,18.550503,73.824198,82909.53,2026-07-14T14:16:58,2,0
72541ce2-07a2-4eab-9028-a33dee29a33f,7890f5b2-fba1-4a2b-ab39-08106fd60659,2772-6615-1996,4220-1406-1285,Canara Bank,CNRB0550347,Lucknow,Lucknow,Uttar Pradesh,26.856316,80.945817,89303.28,2026-07-14T14:17:56,2,0
43a835b4-df88-4187-a146-610060510487,7890f5b2-fba1-4a2b-ab39-08106fd60659,2772-6615-1996,8128-3977-6716,HDFC Bank,HDFC0105732,Kolkata,Kolkata,West Bengal,22.555976,88.413876,42645.15,2026-07-14T14:18:39,2,0
6eb8643b-c9fb-413e-9d61-64cbcafed174,7890f5b2-fba1-4a2b-ab39-08106fd60659,2772-6615-1996,9711-9652-6821,Federal Bank,FDRL0310098,Patna,Patna,Bihar,25.604796,85.103258,7824.63,2026-07-14T14:20:00,2,0
6b2b8395-5e55-432b-aedf-a581ca465139,7890f5b2-fba1-4a2b-ab39-08106fd60659,8128-3977-6716,3439-2293-6787,UCO Bank,UCBA0352232,Noida,Gautam Buddh Nagar,Uttar Pradesh,28.548728,77.398979,38380.64,2026-07-14T14:22:07,3,1
59d5f613-78e3-432b-9498-6736007234cb,7890f5b2-fba1-4a2b-ab39-08106fd60659,4220-1406-1285,3439-2293-6787,UCO Bank,UCBA0119902,Noida,Gautam Buddh Nagar,Uttar Pradesh,28.516783,77.410193,80372.95,2026-07-14T14:24:07,3,1
648e6975-19b8-4b85-9531-cdfe663baa2d,7890f5b2-fba1-4a2b-ab39-08106fd60659,9711-9652-6821,3439-2293-6787,UCO Bank,UCBA0534953,Noida,Gautam Buddh Nagar,Uttar Pradesh,28.532523,77.383424,7042.17,2026-07-14T14:25:58,3,1
56bba577-6593-4b65-ad66-ce45dd05193e,7890f5b2-fba1-4a2b-ab39-08106fd60659,5714-6916-9694,3439-2293-6787,UCO Bank,UCBA0757286,Noida,Gautam Buddh Nagar,Uttar Pradesh,28.539073,77.401204,74618.58,2026-07-14T14:27:40,3,1
396e2d49-978f-475c-b44d-9aba443e6f3b,e7af1b7b-4cfa-47e5-8e50-b07090d5b408,1828-8322-8956,8657-3036-5133,UCO Bank,UCBA0833933,Patna,Patna,Bihar,25.629892,85.150707,6544.16,2026-06-29T04:54:42,1,0
04ce17dc-e7f7-416d-aeb1-944e712e6e21,e7af1b7b-4cfa-47e5-8e50-b07090d5b408,1828-8322-8956,1611-1321-5303,UCO Bank,UCBA0430350,Delhi,Central Delhi,Delhi,28.588829,77.258749,62833.14,2026-06-29T04:55:09,1,0
64405aba-aae8-47b5-8c72-2367ec68a184,e7af1b7b-4cfa-47e5-8e50-b07090d5b408,1828-8322-8956,4865-9910-2113,Bank of Baroda,BARB0280481,Patna,Patna,Bihar,25.54833,85.148656,186754.45,2026-06-29T04:55:23,1,0
b75106b7-1f24-4a66-a274-a5e962daba3d,e7af1b7b-4cfa-47e5-8e50-b07090d5b408,8657-3036-5133,1620-5876-9141,UCO Bank,UCBA0818437,Chennai,Chennai,Tamil Nadu,13.044728,80.262158,209.76,2026-06-29T04:56:22,2,0
e16ca62c-b87b-48a5-9d74-f40a99a3b51b,e7af1b7b-4cfa-47e5-8e50-b07090d5b408,8657-3036-5133,7471-9670-9074,Union Bank of India,UBIN0406830,Lucknow,Lucknow,Uttar Pradesh,26.806906,80.987008,2725.15,2026-06-29T04:57:30,2,0
6f491f03-9d0b-43ee-8d25-36bcfbac8555,e7af1b7b-4cfa-47e5-8e50-b07090d5b408,8657-3036-5133,4664-2066-4254,ICICI Bank,ICIC0608512,Mumbai,Mumbai City,Maharashtra,19.054666,72.83261,3609.25,2026-06-29T04:58:06,2,0
9e3934f5-cf53-43a7-b7d8-9d18ac489c41,e7af1b7b-4cfa-47e5-8e50-b07090d5b408,1611-1321-5303,5360-5067-4822,Axis Bank,UTIB0822347,Lucknow,Lucknow,Uttar Pradesh,26.893404,80.963173,13593.6,2026-06-29T04:58:47,2,0
a107fca9-a094-4cde-8d4f-87ed5dd5d716,e7af1b7b-4cfa-47e5-8e50-b07090d5b408,1611-1321-5303,3854-6280-8158,Punjab National Bank,PUNB0696076,Ahmedabad,Ahmedabad,Gujarat,23.063697,72.620967,49239.54,2026-06-29T04:59:55,2,0
bca288bc-f6ed-4a71-abec-0814e0b087c6,e7af1b7b-4cfa-47e5-8e50-b07090d5b408,4865-9910-2113,1240-2097-5327,Axis Bank,UTIB0153457,Chennai,Chennai,Tamil Nadu,13.084257,80.302681,110311.92,2026-06-29T05:00:26,2,0
1a6bc5f7-6acc-4f7b-b513-dd6801ebc4b6,e7af1b7b-4cfa-47e5-8e50-b07090d5b408,4865-9910-2113,3705-8058-3286,Federal Bank,FDRL0210825,Gurgaon,Gurugram,Haryana,28.418402,76.982092,76442.53,2026-06-29T05:01:30,2,0
4ff586e4-848e-4d6d-9ce4-f7bbf181036b,e7af1b7b-4cfa-47e5-8e50-b07090d5b408,1240-2097-5327,5251-2557-9941,YES Bank,YESB0487319,Noida,Gautam Buddh Nagar,Uttar Pradesh,28.542874,77.401037,99280.73,2026-06-29T05:03:00,3,1
f99c0a30-404c-46b1-be4f-eaf9119e21a7,e7af1b7b-4cfa-47e5-8e50-b07090d5b408,3705-8058-3286,5251-2557-9941,YES Bank,YESB0637872,Noida,Gautam Buddh Nagar,Uttar Pradesh,28.539319,77.406398,68798.28,2026-06-29T05:05:13,3,1
dcfd2e69-b4ee-44df-8ca6-0649fb068ce2,e7af1b7b-4cfa-47e5-8e50-b07090d5b408,1620-5876-9141,5251-2557-9941,YES Bank,YESB0713115,Noida,Gautam Buddh Nagar,Uttar Pradesh,28.533443,77.376864,188.78,2026-06-29T05:07:52,3,1
b784273b-ebee-4f5e-9da3-fb508ebd1a58,75b82580-1e5d-40f5-9a87-59b56276ada3,2368-8281-1367,9806-9251-5747,Union Bank of India,UBIN0268523,Gurgaon,Gurugram,Haryana,28.485283,77.021729,17758.54,2026-08-21T23:27:00,1,0
d78655d5-cc40-43b5-8859-d2e4ba075814,75b82580-1e5d-40f5-9a87-59b56276ada3,2368-8281-1367,9326-1500-2156,Union Bank of India,UBIN0873267,Kolkata,Kolkata,West Bengal,22.61531,88.371009,9327.06,2026-08-21T23:27:32,1,0
ad0428ce-c6c5-473a-a906-2363b49eb4de,75b82580-1e5d-40f5-9a87-59b56276ada3,2368-8281-1367,9955-7537-5260,Union Bank of India,UBIN0558927,Bengaluru,Bengaluru Urban,Karnataka,13.014851,77.59851,15896.25,2026-08-21T23:28:10,1,0
072b0d18-682e-4ea9-96eb-047e4664b4d0,75b82580-1e5d-40f5-9a87-59b56276ada3,9806-9251-5747,1420-5251-9848,Canara Bank,CNRB0435752,Chennai,Chennai,Tamil Nadu,13.080028,80.23007,17758.54,2026-08-21T23:28:42,2,0
2d081275-db7b-4c88-b859-0e4b57d2f6de,75b82580-1e5d-40f5-9a87-59b56276ada3,9326-1500-2156,4095-7230-2394,UCO Bank,UCBA0195948,Hyderabad,Hyderabad,Telangana,17.411461,78.503498,9327.06,2026-08-21T23:29:31,2,0
631a0185-cea0-4d8a-839d-95e973090017,75b82580-1e5d-40f5-9a87-59b56276ada3,9955-7537-5260,9370-9186-5430,ICICI Bank,ICIC0802978,Ahmedabad,Ahmedabad,Gujarat,23.014847,72.611781,15896.25,2026-08-21T23:30:51,2,0
610cd2ea-b2b4-4d51-bcbe-f63ca1cf0117,75b82580-1e5d-40f5-9a87-59b56276ada3,4095-7230-2394,1819-5376-1706,UCO Bank,UCBA0848035,Bengaluru,Bengaluru Urban,Karnataka,12.956317,77.610789,8394.35,2026-08-21T23:32:20,3,1
acf2e1b0-da36-42bd-8d04-0eda8f37bd7e,75b82580-1e5d-40f5-9a87-59b56276ada3,9370-9186-5430,1819-5376-1706,UCO Bank,UCBA0928497,Bengaluru,Bengaluru Urban,Karnataka,12.974839,77.5791,14306.62,2026-08-21T23:33:31,3,1
8ed61ac4-65d6-448e-951c-ca9f71d14e8d,75b82580-1e5d-40f5-9a87-59b56276ada3,1420-5251-9848,1819-5376-1706,UCO Bank,UCBA0146159,Bengaluru,Bengaluru Urban,Karnataka,12.971374,77.596674,15982.69,2026-08-21T23:35:25,3,1
d67177b8-5c45-4232-9662-c3050b97cf58,eada04a6-7813-418c-a12b-2a8d419df28b,3900-8987-5654,4672-6460-7183,State Bank of India,SBIN0734122,Chandigarh,Chandigarh,Chandigarh,30.775923,76.799601,62194.03,2026-08-14T22:41:11,1,0
0e8a5605-6baf-444a-be4a-7d4ef4bb3736,eada04a6-7813-418c-a12b-2a8d419df28b,3900-8987-5654,6800-2753-8540,Federal Bank,FDRL0494594,Ahmedabad,Ahmedabad,Gujarat,23.010873,72.546265,30833.72,2026-08-14T22:41:39,1,0
2f7817e7-8846-4f5a-b950-ce3e591ebaae,eada04a6-7813-418c-a12b-2a8d419df28b,3900-8987-5654,7523-3977-5798,South Indian Bank,SIBL0550162,Ahmedabad,Ahmedabad,Gujarat,22.975062,72.566706,186358.85,2026-08-14T22:42:05,1,0
37635bb1-ee39-4ee2-9970-7f174e7a2390,eada04a6-7813-418c-a12b-2a8d419df28b,4672-6460-7183,3485-2061-8273,Canara Bank,CNRB0267570,Gurgaon,Gurugram,Haryana,28.507623,77.012157,35774.12,2026-08-14T22:42:41,2,0
fa553bfc-31c1-48b7-9ea5-e6c77758b30c,eada04a6-7813-418c-a12b-2a8d419df28b,4672-6460-7183,1190-3505-6538,Axis Bank,UTIB0760934,Bhopal,Bhopal,Madhya Pradesh,23.250563,77.416862,26419.91,2026-08-14T22:43:59,2,0
964a88b7-bacc-4cf0-8e86-58a1f228465c,eada04a6-7813-418c-a12b-2a8d419df28b,6800-2753-8540,1005-9233-4637,Union Bank of India,UBIN0658580,Hyderabad,Hyderabad,Telangana,17.404669,78.459495,30833.72,2026-08-14T22:44:46,2,0
db19a1c8-bbda-4838-bd38-af92016cae65,eada04a6-7813-418c-a12b-2a8d419df28b,7523-3977-5798,8141-3252-5235,Kotak Mahindra Bank,KKBK0889467,Gurgaon,Gurugram,Haryana,28.462221,77.036794,186358.85,2026-08-14T22:45:41,2,0
a22f49bc-6511-4a7d-93f4-b16de3be3f43,eada04a6-7813-418c-a12b-2a8d419df28b,8141-3252-5235,2461-5913-2210,Axis Bank,UTIB0714987,Bhopal,Bhopal,Madhya Pradesh,23.275742,77.432369,167722.96,2026-08-14T22:46:55,3,1
a473a80a-589d-4b04-a39e-0a610d0b29c0,eada04a6-7813-418c-a12b-2a8d419df28b,3485-2061-8273,2461-5913-2210,Axis Bank,UTIB0475125,Bhopal,Bhopal,Madhya Pradesh,23.266347,77.432085,32196.71,2026-08-14T22:48:26,3,1
cc97af02-0c41-4ec5-840f-ad1623667b01,eada04a6-7813-418c-a12b-2a8d419df28b,1005-9233-4637,2461-5913-2210,Axis Bank,UTIB0954446,Bhopal,Bhopal,Madhya Pradesh,23.24643,77.42543,27750.35,2026-08-14T22:50:47,3,1
22a5b573-6dda-46f9-afd9-f995f3e3b22f,734ed169-316f-4f5e-b33e-4967d2043ac7,7674-2768-4811,8784-7678-1006,ICICI Bank,ICIC0145918,Mumbai,Mumbai City,Maharashtra,19.117835,72.859822,304477.89,2026-07-17T17:52:45,1,0
24ee51a7-f0c9-479e-8260-6cec95699bd4,734ed169-316f-4f5e-b33e-4967d2043ac7,8784-7678-1006,2546-7563-6446,Punjab National Bank,PUNB0746216,Noida,Gautam Buddh Nagar,Uttar Pradesh,28.495236,77.372788,58347.66,2026-07-17T17:53:24,2,0
5936b1e7-7e26-456c-947b-69b7cc531268,734ed169-316f-4f5e-b33e-4967d2043ac7,8784-7678-1006,1359-3712-6903,Federal Bank,FDRL0830872,Mumbai,Mumbai City,Maharashtra,19.054915,72.830525,163875.03,2026-07-17T17:53:56,2,0
d20b3a0a-f883-49cd-8469-ce3e24010ac3,734ed169-316f-4f5e-b33e-4967d2043ac7,8784-7678-1006,5561-5949-9119,Canara Bank,CNRB0986180,Hyderabad,Hyderabad,Telangana,17.341318,78.512261,82255.2,2026-07-17T17:55:02,2,0
9e02a004-e818-47a0-b30a-0047f99f0fa7,734ed169-316f-4f5e-b33e-4967d2043ac7,5561-5949-9119,5238-9818-9955,IndusInd Bank,INDB0667323,Delhi,Central Delhi,Delhi,28.632157,77.218179,74029.68,2026-07-17T17:57:11,3,1
6a05f7da-3387-4c9c-a4bc-fab63e6d479e,734ed169-316f-4f5e-b33e-4967d2043ac7,2546-7563-6446,5238-9818-9955,IndusInd Bank,INDB0520169,Delhi,Central Delhi,Delhi,28.612369,77.211046,52512.89,2026-07-17T18:00:01,3,1
4201f56b-187a-4410-b708-063edf289ed3,734ed169-316f-4f5e-b33e-4967d2043ac7,1359-3712-6903,5238-9818-9955,IndusInd Bank,INDB0384686,Delhi,Central Delhi,Delhi,28.597085,77.199835,147487.53,2026-07-17T18:01:13,3,1
a533a061-282c-4e28-9d51-7a54f7f42aa0,3bd79e93-6c28-4665-a20a-d329ad0f01cc,2713-4710-6348,4026-7463-7169,UCO Bank,UCBA0561736,Kolkata,Kolkata,West Bengal,22.553762,88.364572,8943.77,2026-06-15T19:43:44,1,0
3718252e-7c7e-4837-b78a-d7ece4fd7cb5,3bd79e93-6c28-4665-a20a-d329ad0f01cc,2713-4710-6348,5342-9944-7917,Punjab National Bank,PUNB0194682,Lucknow,Lucknow,Uttar Pradesh,26.829433,80.955035,232107.93,2026-06-15T19:44:30,1,0
436429a0-cf7a-4995-b850-0544ca0a84cd,3bd79e93-6c28-4665-a20a-d329ad0f01cc,2713-4710-6348,9821-5079-7485,YES Bank,YESB0151695,Jaipur,Jaipur,Rajasthan,26.873465,75.79867,13700.06,2026-06-15T19:45:00,1,0
60aad315-328c-46ac-8a94-607fcd6edbfe,3bd79e93-6c28-4665-a20a-d329ad0f01cc,4026-7463-7169,3958-1959-8827,Kotak Mahindra Bank,KKBK0543004,Noida,Gautam Buddh Nagar,Uttar Pradesh,28.553777,77.347187,7069.8,2026-06-15T19:45:34,2,0
dd82166a-7b97-418e-bb1f-def15509dc5a,3bd79e93-6c28-4665-a20a-d329ad0f01cc,4026-7463-7169,6919-5036-7250,UCO Bank,UCBA0889269,Kolkata,Kolkata,West Bengal,22.599729,88.39465,1391.58,2026-06-15T19:46:57,2,0
fdd9a5e0-9cc2-48ff-b641-51ff3bb39a7e,3bd79e93-6c28-4665-a20a-d329ad0f01cc,4026-7463-7169,1728-6755-2857,Canara Bank,CNRB0360626,Bengaluru,Bengaluru Urban,Karnataka,12.962679,77.615536,482.39,2026-06-15T19:47:40,2,0
d57c1d56-f88d-42ec-a5e4-efa32cb5f4c1,3bd79e93-6c28-4665-a20a-d329ad0f01cc,5342-9944-7917,2638-9432-5258,Bank of Baroda,BARB0158522,Ahmedabad,Ahmedabad,Gujarat,23.010398,72.522168,232107.93,2026-06-15T19:48:30,2,0
7f289a92-4088-492c-975c-9e57d9368032,3bd79e93-6c28-4665-a20a-d329ad0f01cc,9821-5079-7485,5933-3226-5894,UCO Bank,UCBA0287619,Pune,Pune,Maharashtra,18.475096,73.898751,13700.06,2026-06-15T19:49:33,2,0
d025ded1-0943-4934-ae47-e9017ed8d63b,3bd79e93-6c28-4665-a20a-d329ad0f01cc,1728-6755-2857,7724-1819-6355,YES Bank,YESB0269690,Hyderabad,Hyderabad,Telangana,17.365574,78.49832,434.15,2026-06-15T19:51:06,3,1
3491a798-af7e-4bd5-ae84-1b4a0f0fa08c,3bd79e93-6c28-4665-a20a-d329ad0f01cc,2638-9432-5258,7724-1819-6355,YES Bank,YESB0430036,Hyderabad,Hyderabad,Telangana,17.381944,78.481268,208897.14,2026-06-15T19:52:45,3,1
53b90844-cab6-4eb3-8c17-3e8b83cf9ca0,3bd79e93-6c28-4665-a20a-d329ad0f01cc,6919-5036-7250,7724-1819-6355,YES Bank,YESB0564619,Hyderabad,Hyderabad,Telangana,17.378597,78.502399,1252.42,2026-06-15T19:55:21,3,1
dc00b3bc-c6d6-4c6b-9073-90db0cdb61fb,3bd79e93-6c28-4665-a20a-d329ad0f01cc,5933-3226-5894,7724-1819-6355,YES Bank,YESB0572510,Hyderabad,Hyderabad,Telangana,17.396301,78.479041,12330.05,2026-06-15T19:57:34,3,1
3a45a153-fcf6-4732-bbbb-82b2c6c7581b,af9beba8-1cab-4c9e-8025-98999abb5a88,4616-4150-9297,1473-7965-3143,ICICI Bank,ICIC0539074,Patna,Patna,Bihar,25.577751,85.116519,57564.83,2026-07-04T09:33:57,1,0
630004d3-48dd-44d3-9154-2647751a45b4,af9beba8-1cab-4c9e-8025-98999abb5a88,4616-4150-9297,4973-7054-5228,Canara Bank,CNRB0450226,Jaipur,Jaipur,Rajasthan,26.922765,75.772002,152131.42,2026-07-04T09:34:13,1,0
699b9fb7-5ba7-4d8f-85f6-d3cebda8fa47,af9beba8-1cab-4c9e-8025-98999abb5a88,4616-4150-9297,7626-7246-3143,State Bank of India,SBIN0808069,Lucknow,Lucknow,Uttar Pradesh,26.83925,80.981758,97157.43,2026-07-04T09:34:26,1,0
df0dfbb0-4a63-4a7e-9c7e-549830aeb781,af9beba8-1cab-4c9e-8025-98999abb5a88,1473-7965-3143,3865-3492-5818,YES Bank,YESB0573879,Patna,Patna,Bihar,25.586918,85.175735,57564.83,2026-07-04T09:35:07,2,0
a0ec4de2-4303-4fca-a2f9-5611e2c47180,af9beba8-1cab-4c9e-8025-98999abb5a88,4973-7054-5228,8765-6089-7573,ICICI Bank,ICIC0843588,Pune,Pune,Maharashtra,18.568749,73.81593,64138.35,2026-07-04T09:35:42,2,0
8e7119e6-813d-4bf0-b653-a3d49eb1312d,af9beba8-1cab-4c9e-8025-98999abb5a88,4973-7054-5228,3200-6177-2103,Federal Bank,FDRL0954888,Kolkata,Kolkata,West Bengal,22.618255,88.367241,41979.69,2026-07-04T09:37:10,2,0
57ff2880-abbd-45fe-b982-5e8ae8dde949,af9beba8-1cab-4c9e-8025-98999abb5a88,4973-7054-5228,7392-1454-2698,IndusInd Bank,INDB0162881,Hyderabad,Hyderabad,Telangana,17.335612,78.527144,46013.38,2026-07-04T09:38:13,2,0
1c825502-f422-4399-aa13-deffd6c2d71b,af9beba8-1cab-4c9e-8025-98999abb5a88,7626-7246-3143,1245-2775-8775,HDFC Bank,HDFC0705908,Gurgaon,Gurugram,Haryana,28.469052,77.070777,64463.32,2026-07-04T09:39:38,2,0
a4bbe518-4f16-417c-8973-4ffe1bb3d120,af9beba8-1cab-4c9e-8025-98999abb5a88,7626-7246-3143,9458-7489-8883,South Indian Bank,SIBL0114281,Patna,Patna,Bihar,25.637199,85.11492,9787.87,2026-07-04T09:40:36,2,0
8081f987-fb22-467b-a953-087da3492ffd,af9beba8-1cab-4c9e-8025-98999abb5a88,7626-7246-3143,9102-3094-4209,IDBI Bank,IBKL0931026,Hyderabad,Hyderabad,Telangana,17.361312,78.453111,22906.24,2026-07-04T09:41:14,2,0
fb1c5183-8306-4a11-8c72-3089c47cf018,af9beba8-1cab-4c9e-8025-98999abb5a88,3865-3492-5818,1876-4340-9663,Punjab National Bank,PUNB0896626,Mumbai,Mumbai City,Maharashtra,19.09138,72.871386,51808.35,2026-07-04T09:43:48,3,1
d0ed9fb0-5198-47b5-9f4f-33579dff97c0,af9beba8-1cab-4c9e-8025-98999abb5a88,8765-6089-7573,1876-4340-9663,Punjab National Bank,PUNB0462512,Mumbai,Mumbai City,Maharashtra,19.083857,72.88688,57724.52,2026-07-04T09:45:43,3,1
1dd6358a-0508-427f-b829-6a421f3e22f1,af9beba8-1cab-4c9e-8025-98999abb5a88,9102-3094-4209,1876-4340-9663,Punjab National Bank,PUNB0889115,Mumbai,Mumbai City,Maharashtra,19.077292,72.876148,20615.62,2026-07-04T09:48:33,3,1
b532a1b9-e62d-4464-9a23-7d84d8191c68,af9beba8-1cab-4c9e-8025-98999abb5a88,9458-7489-8883,1876-4340-9663,Punjab National Bank,PUNB0958784,Mumbai,Mumbai City,Maharashtra,19.081422,72.87244,8809.08,2026-07-04T09:50:17,3,1
75e2d683-2cce-4855-9c94-75ce9e3db75c,f01aef90-d9fa-45cd-82be-89d168cf9c7b,9422-3864-6075,3021-4810-9248,South Indian Bank,SIBL0479615,Pune,Pune,Maharashtra,18.550092,73.904695,341054.37,2026-06-04T03:37:59,1,0
4139f50e-3b1f-46f0-8b7f-8e74ea0fda56,f01aef90-d9fa-45cd-82be-89d168cf9c7b,3021-4810-9248,1772-1515-8032,IndusInd Bank,INDB0454984,Chennai,Chennai,Tamil Nadu,13.106677,80.307687,18354.7,2026-06-04T03:38:47,2,0
f9bcb79f-0a47-40ca-aaae-548dfeb840b0,f01aef90-d9fa-45cd-82be-89d168cf9c7b,3021-4810-9248,5169-6005-7019,South Indian Bank,SIBL0216815,Noida,Gautam Buddh Nagar,Uttar Pradesh,28.499494,77.360355,322699.67,2026-06-04T03:40:11,2,0
35962c91-b69a-441e-8373-68f477428a09,f01aef90-d9fa-45cd-82be-89d168cf9c7b,5169-6005-7019,9802-9048-2390,Kotak Mahindra Bank,KKBK0911129,Chandigarh,Chandigarh,Chandigarh,30.723114,76.750028,322699.67,2026-06-04T03:43:06,3,0
646f0853-c20c-4fa4-a165-17fd72cec56f,f01aef90-d9fa-45cd-82be-89d168cf9c7b,9802-9048-2390,5808-3725-9016,State Bank of India,SBIN0973048,Mumbai,Mumbai City,Maharashtra,19.081509,72.865651,322699.67,2026-06-04T03:44:49,4,1
ad0c5955-2f5d-49a5-9a9f-629c44824d0f,f792954c-c8df-44a9-9c3a-ed4fcc5f82df,2192-8778-6793,1206-9894-1995,IndusInd Bank,INDB0134812,Mumbai,Mumbai City,Maharashtra,19.064661,72.927133,195543.69,2026-07-06T14:22:22,1,0
7ce42bc6-7224-4de0-adfd-f03258bfe5d8,f792954c-c8df-44a9-9c3a-ed4fcc5f82df,2192-8778-6793,2102-7341-5045,Bank of Baroda,BARB0671808,Lucknow,Lucknow,Uttar Pradesh,26.847004,80.910683,2727.89,2026-07-06T14:22:46,1,0
15820f3e-1024-4cc2-a3b2-67a37dfb903e,f792954c-c8df-44a9-9c3a-ed4fcc5f82df,2192-8778-6793,1683-5176-6389,South Indian Bank,SIBL0447103,Mumbai,Mumbai City,Maharashtra,19.110777,72.91581,82920.22,2026-07-06T14:23:35,1,0
5209b3ef-345e-449c-b802-517e91db3e14,f792954c-c8df-44a9-9c3a-ed4fcc5f82df,1206-9894-1995,1585-2701-9432,IDBI Bank,IBKL0515591,Bhopal,Bhopal,Madhya Pradesh,23.253954,77.413116,195543.69,2026-07-06T14:24:09,2,0
403844cf-eeb8-4983-ad9e-86386b2f6718,f792954c-c8df-44a9-9c3a-ed4fcc5f82df,2102-7341-5045,2097-7962-6658,Canara Bank,CNRB0965968,Delhi,Central Delhi,Delhi,28.617074,77.240945,1948.0,2026-07-06T14:24:55,2,0
bcee85d4-1eba-4752-bb54-762f7cac4e64,f792954c-c8df-44a9-9c3a-ed4fcc5f82df,2102-7341-5045,3822-5568-5163,Bank of Baroda,BARB0169161,Lucknow,Lucknow,Uttar Pradesh,26.844211,80.958154,149.58,2026-07-06T14:26:21,2,0
b07a158b-a164-4aa8-b2af-81c61384c790,f792954c-c8df-44a9-9c3a-ed4fcc5f82df,2102-7341-5045,5167-6889-5286,IDBI Bank,IBKL0679307,Patna,Patna,Bihar,25.554815,85.151779,630.31,2026-07-06T14:27:19,2,0
e76d0508-cb35-4f70-9e04-3f4f7ae7d0b0,f792954c-c8df-44a9-9c3a-ed4fcc5f82df,1683-5176-6389,6251-4947-3020,Union Bank of India,UBIN0504746,Lucknow,Lucknow,Uttar Pradesh,26.877091,80.95299,55362.1,2026-07-06T14:28:44,2,0
4b46dc1a-9763-4121-934b-4f62afd59023,f792954c-c8df-44a9-9c3a-ed4fcc5f82df,1683-5176-6389,3409-9792-8479,UCO Bank,UCBA0639484,Kolkata,Kolkata,West Bengal,22.600241,88.40238,773.8,2026-07-06T14:29:41,2,0
6d305e6f-d4ff-4b8e-bc8f-07e9b8372152,f792954c-c8df-44a9-9c3a-ed4fcc5f82df,1683-5176-6389,9230-9396-5185,IDBI Bank,IBKL0163880,Ahmedabad,Ahmedabad,Gujarat,23.003108,72.619928,26784.32,2026-07-06T14:30:59,2,0
eee7b37c-eecc-4ca4-8e3d-0e74a2059954,f792954c-c8df-44a9-9c3a-ed4fcc5f82df,6251-4947-3020,2714-5493-8363,IndusInd Bank,INDB0495147,Gurgaon,Gurugram,Haryana,28.448802,77.039009,49825.89,2026-07-06T14:32:31,3,1
4e8153cb-cdcf-4c64-92b8-009bde18d9ee,f792954c-c8df-44a9-9c3a-ed4fcc5f82df,3409-9792-8479,2714-5493-8363,IndusInd Bank,INDB0864306,Gurgaon,Gurugram,Haryana,28.47896,77.028218,696.42,2026-07-06T14:35:21,3,1
f523dd93-e50a-41d2-a94f-c6f0e828252c,f792954c-c8df-44a9-9c3a-ed4fcc5f82df,2097-7962-6658,2714-5493-8363,IndusInd Bank,INDB0844984,Gurgaon,Gurugram,Haryana,28.449605,77.017312,1753.2,2026-07-06T14:37:09,3,1
50d1a929-2723-4b53-a9de-da7c7674d4fe,f792954c-c8df-44a9-9c3a-ed4fcc5f82df,5167-6889-5286,2714-5493-8363,IndusInd Bank,INDB0313631,Gurgaon,Gurugram,Haryana,28.472766,77.032548,567.28,2026-07-06T14:40:04,3,1
5b87133f-fb8f-41f7-aadb-b5625a3c7a17,37653a9f-ebef-431a-98d4-30fe69a77276,3666-9543-4857,2690-3473-2846,IndusInd Bank,INDB0624255,Kolkata,Kolkata,West Bengal,22.525608,88.405895,333487.99,2026-08-27T01:48:21,1,0
c4fa55af-2178-41d9-b843-a8f326e142eb,37653a9f-ebef-431a-98d4-30fe69a77276,2690-3473-2846,4442-3824-9471,Union Bank of India,UBIN0151774,Chandigarh,Chandigarh,Chandigarh,30.754469,76.785105,333487.99,2026-08-27T01:49:46,2,0
05c4647f-50ea-47b9-a346-91e2832d4d13,37653a9f-ebef-431a-98d4-30fe69a77276,4442-3824-9471,3387-2984-1733,HDFC Bank,HDFC0294106,Delhi,Central Delhi,Delhi,28.586902,77.247896,333487.99,2026-08-27T01:54:14,3,1
99d6b707-92b0-4e2d-9c2d-3d564d8a35f2,56a85d56-e304-4b5e-8cc7-0f3d67702876,2032-9552-7323,8110-7216-2877,UCO Bank,UCBA0685219,Jaipur,Jaipur,Rajasthan,26.954355,75.804974,33865.01,2026-07-31T13:02:55,1,0
45d2b473-506c-42de-8fb4-85b6a215e9cf,56a85d56-e304-4b5e-8cc7-0f3d67702876,2032-9552-7323,1742-1488-9321,Canara Bank,CNRB0111748,Noida,Gautam Buddh Nagar,Uttar Pradesh,28.540274,77.422783,247801.41,2026-07-31T13:03:50,1,0
9944489d-d966-4161-9297-2afffda838a5,56a85d56-e304-4b5e-8cc7-0f3d67702876,8110-7216-2877,7105-7286-2522,State Bank of India,SBIN0859699,Chandigarh,Chandigarh,Chandigarh,30.706823,76.784703,33865.01,2026-07-31T13:04:38,2,0
f3c9fea0-a1e4-418b-bb1a-e3af2f3d9784,56a85d56-e304-4b5e-8cc7-0f3d67702876,1742-1488-9321,4997-2393-9361,YES Bank,YESB0903664,Patna,Patna,Bihar,25.629721,85.151751,136528.41,2026-07-31T13:05:34,2,0
58624ef3-c810-4845-a5b2-8915c30adf36,56a85d56-e304-4b5e-8cc7-0f3d67702876,1742-1488-9321,1776-8906-5527,Bank of Baroda,BARB0528519,Pune,Pune,Maharashtra,18.557035,73.86557,111273.0,2026-07-31T13:06:16,2,0
9cfdf910-c30a-4e1f-a19a-09c5149daa64,56a85d56-e304-4b5e-8cc7-0f3d67702876,7105-7286-2522,1276-8488-7623,South Indian Bank,SIBL0488034,Gurgaon,Gurugram,Haryana,28.472195,77.017758,30478.51,2026-07-31T13:07:16,3,1
04f5868e-554a-4625-9057-f26d5e255cf9,56a85d56-e304-4b5e-8cc7-0f3d67702876,1776-8906-5527,1276-8488-7623,South Indian Bank,SIBL0878247,Gurgaon,Gurugram,Haryana,28.463033,77.024101,100145.7,2026-07-31T13:08:58,3,1
6471e2b3-4ea0-48d3-a4fb-df6080590637,56a85d56-e304-4b5e-8cc7-0f3d67702876,4997-2393-9361,1276-8488-7623,South Indian Bank,SIBL0447505,Gurgaon,Gurugram,Haryana,28.440282,77.034161,122875.57,2026-07-31T13:10:07,3,1
ada02c47-9a0b-4769-aa87-b55616d58cd7,e269b70c-1f83-4bdf-a501-ba021af6854e,8091-7388-7915,2507-2209-1213,IDBI Bank,IBKL0838281,Noida,Gautam Buddh Nagar,Uttar Pradesh,28.569572,77.440312,62897.98,2026-05-31T20:06:03,1,0
79718244-e9ad-4f34-a4d6-b4b1b38731ea,e269b70c-1f83-4bdf-a501-ba021af6854e,8091-7388-7915,7438-7077-5900,Punjab National Bank,PUNB0947000,Delhi,Central Delhi,Delhi,28.608602,77.191393,193803.82,2026-05-31T20:06:27,1,0
6afb305d-ea5c-44df-8409-7ac6c3cd61ed,e269b70c-1f83-4bdf-a501-ba021af6854e,2507-2209-1213,5405-8691-1687,Union Bank of India,UBIN0304102,Patna,Patna,Bihar,25.58709,85.142423,52133.62,2026-05-31T20:07:46,2,0
b85cb167-e2b1-49b4-9455-40e077792a92,e269b70c-1f83-4bdf-a501-ba021af6854e,2507-2209-1213,9565-1246-7017,Union Bank of India,UBIN0496278,Gurgaon,Gurugram,Haryana,28.46293,77.033347,10764.36,2026-05-31T20:08:34,2,0
044d6141-68d7-4754-a4be-b05d8c8d9a44,e269b70c-1f83-4bdf-a501-ba021af6854e,7438-7077-5900,7639-3610-7363,Union Bank of India,UBIN0766138,Kolkata,Kolkata,West Bengal,22.579175,88.361148,126250.8,2026-05-31T20:09:39,2,0
070e71e8-3b20-46b2-9275-992e31f53b80,e269b70c-1f83-4bdf-a501-ba021af6854e,7438-7077-5900,8522-1252-9650,IndusInd Bank,INDB0608868,Jaipur,Jaipur,Rajasthan,26.940559,75.744565,2696.48,2026-05-31T20:10:52,2,0
f68bb245-248a-442b-bd40-630ac4f93681,e269b70c-1f83-4bdf-a501-ba021af6854e,7438-7077-5900,4835-9846-8101,Bank of Baroda,BARB0720087,Patna,Patna,Bihar,25.586975,85.123902,64856.55,2026-05-31T20:11:23,2,0
e8ce2290-25a2-4b24-b2e1-4dd0c6add8c0,e269b70c-1f83-4bdf-a501-ba021af6854e,4835-9846-8101,1382-4878-3072,State Bank of India,SBIN0552578,Noida,Gautam Buddh Nagar,Uttar Pradesh,28.550747,77.40156,58370.9,2026-05-31T20:12:39,3,1
4ed3d35d-7524-4cb5-8568-c5f859174dd1,e269b70c-1f83-4bdf-a501-ba021af6854e,8522-1252-9650,1382-4878-3072,State Bank of India,SBIN0576632,Noida,Gautam Buddh Nagar,Uttar Pradesh,28.549471,77.396242,2426.83,2026-05-31T20:14:24,3,1
3b51792e-9b30-42c5-8348-04fd7a306762,e269b70c-1f83-4bdf-a501-ba021af6854e,9565-1246-7017,1382-4878-3072,State Bank of India,SBIN0686225,Noida,Gautam Buddh Nagar,Uttar Pradesh,28.548741,77.378471,9687.92,2026-05-31T20:16:37,3,1
aa78c4ba-7d5f-41ae-b23f-9509e6d47ba3,ec79ad46-e2be-4dce-b8b1-236a618b395f,5959-2288-1095,7038-3280-2193,Kotak Mahindra Bank,KKBK0404912,Chennai,Chennai,Tamil Nadu,13.103307,80.287796,55644.02,2026-06-12T10:08:52,1,0
22066982-1a72-4550-8e37-7f9103e1eb8b,ec79ad46-e2be-4dce-b8b1-236a618b395f,5959-2288-1095,8552-6918-6498,Kotak Mahindra Bank,KKBK0503803,Pune,Pune,Maharashtra,18.530612,73.885106,27351.45,2026-06-12T10:09:10,1,0
15464ebc-6919-49d2-93c9-d81841200685,ec79ad46-e2be-4dce-b8b1-236a618b395f,5959-2288-1095,9363-6150-2929,Union Bank of India,UBIN0935961,Jaipur,Jaipur,Rajasthan,26.945879,75.792443,17047.13,2026-06-12T10:09:26,1,0
33593658-a3d7-4177-9c42-227689652281,ec79ad46-e2be-4dce-b8b1-236a618b395f,7038-3280-2193,2505-7599-3257,ICICI Bank,ICIC0600724,Ahmedabad,Ahmedabad,Gujarat,23.005927,72.580163,41262.97,2026-06-12T10:10:06,2,0
ed8b0f27-5e45-4b42-8ef4-8da4e70ed933,ec79ad46-e2be-4dce-b8b1-236a618b395f,7038-3280-2193,8139-5362-3900,State Bank of India,SBIN0841482,Patna,Patna,Bihar,25.632264,85.178941,14381.05,2026-06-12T10:11:04,2,0
0e17033d-5071-42a2-8a9c-cf09406f7924,ec79ad46-e2be-4dce-b8b1-236a618b395f,8552-6918-6498,7003-5364-3160,Kotak Mahindra Bank,KKBK0975569,Bhopal,Bhopal,Madhya Pradesh,23.214437,77.406112,25989.85,2026-06-12T10:11:57,2,0
ae91c592-b43e-4855-9725-53e7bd3cf4fa,ec79ad46-e2be-4dce-b8b1-236a618b395f,8552-6918-6498,2724-6678-5811,ICICI Bank,ICIC0985964,Delhi,Central Delhi,Delhi,28.621698,77.171633,1361.6,2026-06-12T10:12:59,2,0
75f25a8f-dd84-4f60-9bc8-9c7d23340039,ec79ad46-e2be-4dce-b8b1-236a618b395f,9363-6150-2929,9141-1000-1295,South Indian Bank,SIBL0458792,Lucknow,Lucknow,Uttar Pradesh,26.837701,80.991264,5594.24,2026-06-12T10:13:43,2,0
a6405afb-4a52-4761-8b1e-60ceaf7fb90a,ec79ad46-e2be-4dce-b8b1-236a618b395f,9363-6150-2929,1815-2038-7542,ICICI Bank,ICIC0967466,Mumbai,Mumbai City,Maharashtra,19.039601,72.912462,11452.89,2026-06-12T10:14:42,2,0
54c292b1-3eb6-4cb5-8439-246e52eea3fc,ec79ad46-e2be-4dce-b8b1-236a618b395f,8139-5362-3900,6375-5587-1082,State Bank of India,SBIN0645438,Noida,Gautam Buddh Nagar,Uttar Pradesh,28.541578,77.407497,12942.94,2026-06-12T10:16:44,3,1
d99bf95f-7149-4e84-8b98-329d5d9be285,ec79ad46-e2be-4dce-b8b1-236a618b395f,9141-1000-1295,6375-5587-1082,State Bank of India,SBIN0291646,Noida,Gautam Buddh Nagar,Uttar Pradesh,28.521937,77.381473,5034.82,2026-06-12T10:18:50,3,1
fe7d746e-e546-4fc3-816a-f8095edee6f7,ec79ad46-e2be-4dce-b8b1-236a618b395f,1815-2038-7542,6375-5587-1082,State Bank of India,SBIN0352046,Noida,Gautam Buddh Nagar,Uttar Pradesh,28.519104,77.410747,10307.6,2026-06-12T10:20:47,3,1
fb489535-95b2-46b3-aca5-5a91e57188cb,ec79ad46-e2be-4dce-b8b1-236a618b395f,7003-5364-3160,6375-5587-1082,State Bank of India,SBIN0508405,Noida,Gautam Buddh Nagar,Uttar Pradesh,28.553164,77.39269,23390.86,2026-06-12T10:21:56,3,1
1de3dfb2-bb49-41bd-912a-22f287ea29e4,9c6163cc-791f-44ca-afea-c0846b866c0d,1102-8888-2079,6757-1966-2498,UCO Bank,UCBA0101075,Bengaluru,Bengaluru Urban,Karnataka,12.982642,77.628984,418384.31,2026-08-23T20:44:44,1,0
a9e95324-5a34-47e5-8531-93fde3d57422,9c6163cc-791f-44ca-afea-c0846b866c0d,6757-1966-2498,2411-6160-4046,HDFC Bank,HDFC0145738,Lucknow,Lucknow,Uttar Pradesh,26.871087,80.918941,418384.31,2026-08-23T20:45:41,2,0
ab25e0ca-586a-4ee0-a6a1-117d871a0dec,9c6163cc-791f-44ca-afea-c0846b866c0d,2411-6160-4046,3230-4270-1718,Kotak Mahindra Bank,KKBK0948992,Noida,Gautam Buddh Nagar,Uttar Pradesh,28.528519,77.372391,418384.31,2026-08-23T20:46:49,3,1
f102e9ae-177d-4aa3-b47f-3490b9cde947,237439d4-3c7b-47e0-934b-ddeaa95283b3,1075-8927-5201,2419-9260-6116,UCO Bank,UCBA0700922,Kolkata,Kolkata,West Bengal,22.543934,88.399646,45523.94,2026-08-18T18:46:15,1,0
cd117a69-8189-4640-94af-8389b933330e,237439d4-3c7b-47e0-934b-ddeaa95283b3,1075-8927-5201,6361-5801-4719,ICICI Bank,ICIC0369579,Ahmedabad,Ahmedabad,Gujarat,23.000403,72.568622,11171.58,2026-08-18T18:46:47,1,0
fbad95d6-f8c9-4823-b035-17f016badf22,237439d4-3c7b-47e0-934b-ddeaa95283b3,1075-8927-5201,3307-9550-8673,Canara Bank,CNRB0868294,Bhopal,Bhopal,Madhya Pradesh,23.218709,77.425041,28616.86,2026-08-18T18:47:04,1,0
76935bc1-c326-4295-a579-13fe69dcaf24,237439d4-3c7b-47e0-934b-ddeaa95283b3,2419-9260-6116,9432-3314-8768,Punjab National Bank,PUNB0147609,Bengaluru,Bengaluru Urban,Karnataka,12.936973,77.622068,29130.33,2026-08-18T18:47:36,2,0
f0bb3157-05b5-4777-af4e-2a1e585fe33c,237439d4-3c7b-47e0-934b-ddeaa95283b3,2419-9260-6116,4312-6093-9821,UCO Bank,UCBA0332552,Hyderabad,Hyderabad,Telangana,17.40346,78.443572,12835.56,2026-08-18T18:48:48,2,0
b5f4b1f2-1d29-4f9c-af7a-195c823e1b89,237439d4-3c7b-47e0-934b-ddeaa95283b3,2419-9260-6116,2354-4493-2158,Punjab National Bank,PUNB0921739,Mumbai,Mumbai City,Maharashtra,19.105067,72.863694,3558.05,2026-08-18T18:50:15,2,0
9be72bd4-c79e-4bf7-b9c0-ceae5228bf12,237439d4-3c7b-47e0-934b-ddeaa95283b3,6361-5801-4719,9585-4964-6527,Canara Bank,CNRB0386270,Bhopal,Bhopal,Madhya Pradesh,23.307801,77.406142,133.6,2026-08-18T18:50:48,2,0
ffc33c8d-ab13-4e80-a9f8-1ad43c0e7d7a,237439d4-3c7b-47e0-934b-ddeaa95283b3,6361-5801-4719,3480-7892-9682,Canara Bank,CNRB0303168,Chennai,Chennai,Tamil Nadu,13.091529,80.242603,11037.98,2026-08-18T18:52:05,2,0
2dd75b32-5cd4-438e-9742-997ad0c22e7c,237439d4-3c7b-47e0-934b-ddeaa95283b3,3307-9550-8673,5118-5908-9879,Axis Bank,UTIB0936547,Hyderabad,Hyderabad,Telangana,17.425775,78.533605,215.77,2026-08-18T18:53:26,2,0
c01975ba-b274-463d-ba2d-449a2ef81c5e,237439d4-3c7b-47e0-934b-ddeaa95283b3,3307-9550-8673,9247-4198-9964,Canara Bank,CNRB0244598,Chandigarh,Chandigarh,Chandigarh,30.737319,76.762485,20846.09,2026-08-18T18:54:15,2,0
47d74835-4448-4bcb-a74e-13b248b9c26e,237439d4-3c7b-47e0-934b-ddeaa95283b3,3307-9550-8673,5974-3897-6208,Kotak Mahindra Bank,KKBK0565917,Bhopal,Bhopal,Madhya Pradesh,23.302601,77.433069,7555.0,2026-08-18T18:54:48,2,0
780a4db3-57e4-4522-9b11-23b34791f0a1,237439d4-3c7b-47e0-934b-ddeaa95283b3,5118-5908-9879,6774-2311-6967,Canara Bank,CNRB0691995,Gurgaon,Gurugram,Haryana,28.446811,77.039586,194.19,2026-08-18T18:56:14,3,1
1bbb76d3-5aa6-4e6d-b2ce-5adafc742690,237439d4-3c7b-47e0-934b-ddeaa95283b3,9585-4964-6527,6774-2311-6967,Canara Bank,CNRB0135666,Gurgaon,Gurugram,Haryana,28.461134,77.019932,120.24,2026-08-18T18:58:30,3,1
2112b331-9100-4eb0-b24d-d95d6886d80d,237439d4-3c7b-47e0-934b-ddeaa95283b3,3480-7892-9682,6774-2311-6967,Canara Bank,CNRB0440317,Gurgaon,Gurugram,Haryana,28.443786,77.026335,9934.18,2026-08-18T19:01:08,3,1
b11731d9-76a6-4700-99f5-988b329f86d5,237439d4-3c7b-47e0-934b-ddeaa95283b3,2354-4493-2158,6774-2311-6967,Canara Bank,CNRB0424506,Gurgaon,Gurugram,Haryana,28.468725,77.033243,3202.25,2026-08-18T19:03:37,3,1
a6d20b42-6630-4b49-8a6f-627a981a6640,9719e6ab-e23d-48d8-9e31-934280776b9b,4826-2633-2365,8580-9315-7355,UCO Bank,UCBA0120024,Jaipur,Jaipur,Rajasthan,26.876632,75.817844,185328.21,2026-08-07T22:21:13,1,0
34e03b79-e6da-4e64-9c7a-fa55b0206ad1,9719e6ab-e23d-48d8-9e31-934280776b9b,8580-9315-7355,8293-7374-1884,Federal Bank,FDRL0381070,Chandigarh,Chandigarh,Chandigarh,30.753163,76.737716,48995.51,2026-08-07T22:22:03,2,0
945a0bf9-ed1b-47aa-aac9-ad124d1d390d,9719e6ab-e23d-48d8-9e31-934280776b9b,8580-9315-7355,3902-3755-1389,State Bank of India,SBIN0186709,Chandigarh,Chandigarh,Chandigarh,30.749986,76.747624,28076.58,2026-08-07T22:22:44,2,0
fc178b25-1f3e-4311-901c-58d47f8c51d9,9719e6ab-e23d-48d8-9e31-934280776b9b,8580-9315-7355,7653-7077-4830,Bank of Baroda,BARB0932450,Patna,Patna,Bihar,25.63411,85.123334,108256.12,2026-08-07T22:24:11,2,0
69686c74-5ea9-4f83-bcd5-f2c7ac75ed5b,9719e6ab-e23d-48d8-9e31-934280776b9b,8293-7374-1884,1831-2293-6234,HDFC Bank,HDFC0854423,Bengaluru,Bengaluru Urban,Karnataka,12.98882,77.61086,44095.96,2026-08-07T22:25:38,3,1
198f779c-a70d-4db5-8dfd-2d7e2e65be62,9719e6ab-e23d-48d8-9e31-934280776b9b,7653-7077-4830,1831-2293-6234,HDFC Bank,HDFC0936708,Bengaluru,Bengaluru Urban,Karnataka,12.977787,77.602056,97430.51,2026-08-07T22:27:22,3,1
b1518b1c-7a40-4ae0-936e-28372cfed67c,9719e6ab-e23d-48d8-9e31-934280776b9b,3902-3755-1389,1831-2293-6234,HDFC Bank,HDFC0561535,Bengaluru,Bengaluru Urban,Karnataka,12.976949,77.599305,25268.92,2026-08-07T22:28:55,3,1
9584e3c0-f246-4aa6-95cb-234cb5c446ee,3e975062-35a4-4421-9529-36c21c91bbf5,8177-5628-1718,2636-8257-4133,IDBI Bank,IBKL0718541,Lucknow,Lucknow,Uttar Pradesh,26.864107,80.960591,28204.04,2026-08-16T13:49:37,1,0
08bf3747-3e26-4460-b66e-0cf9af082e0f,3e975062-35a4-4421-9529-36c21c91bbf5,8177-5628-1718,3115-8597-1811,IndusInd Bank,INDB0969514,Patna,Patna,Bihar,25.550676,85.088572,95184.37,2026-08-16T13:50:01,1,0
2b760dab-fe94-4c9c-88fd-46ef68b270a4,3e975062-35a4-4421-9529-36c21c91bbf5,2636-8257-4133,5716-4542-5981,Punjab National Bank,PUNB0232179,Bengaluru,Bengaluru Urban,Karnataka,13.015369,77.632429,12415.7,2026-08-16T13:50:31,2,0
adb35382-5aa8-484b-ae3e-562345465a40,3e975062-35a4-4421-9529-36c21c91bbf5,2636-8257-4133,1199-4330-2941,State Bank of India,SBIN0741282,Kolkata,Kolkata,West Bengal,22.592473,88.389932,15788.34,2026-08-16T13:51:28,2,0
7419329b-4560-4845-9d57-356d0dc459e6,3e975062-35a4-4421-9529-36c21c91bbf5,3115-8597-1811,2179-9892-5913,UCO Bank,UCBA0198351,Chandigarh,Chandigarh,Chandigarh,30.778841,76.828449,95184.37,2026-08-16T13:52:38,2,0
b8aa6146-1a44-4204-962e-d123004a6b7d,3e975062-35a4-4421-9529-36c21c91bbf5,2179-9892-5913,6670-4991-7124,IndusInd Bank,INDB0253624,Ahmedabad,Ahmedabad,Gujarat,23.004328,72.566917,85665.93,2026-08-16T13:54:21,3,1
7794921e-69fc-4e19-8452-b9384fb2a32e,3e975062-35a4-4421-9529-36c21c91bbf5,5716-4542-5981,6670-4991-7124,IndusInd Bank,INDB0162206,Ahmedabad,Ahmedabad,Gujarat,23.018802,72.570876,11174.13,2026-08-16T13:55:25,3,1
114cfb6f-c856-4e95-91c0-3ad75111c4b5,3e975062-35a4-4421-9529-36c21c91bbf5,1199-4330-2941,6670-4991-7124,IndusInd Bank,INDB0705666,Ahmedabad,Ahmedabad,Gujarat,23.003022,72.552169,14209.51,2026-08-16T13:58:25,3,1
f1f73223-0bd5-44f2-aad2-002ab37f579d,a951cb47-d5a6-41d9-91e7-f95bca4aa3ad,8020-9970-1963,9957-7338-8196,Punjab National Bank,PUNB0916100,Delhi,Central Delhi,Delhi,28.633445,77.183164,385872.08,2026-08-13T14:47:52,1,0
55b83165-b6dc-4c9f-91e3-bf10c18473a6,a951cb47-d5a6-41d9-91e7-f95bca4aa3ad,9957-7338-8196,9207-5375-3053,UCO Bank,UCBA0493183,Lucknow,Lucknow,Uttar Pradesh,26.882889,80.898251,124674.62,2026-08-13T14:48:41,2,0
d896c2f0-72fe-449a-a085-06ce9cf267c4,a951cb47-d5a6-41d9-91e7-f95bca4aa3ad,9957-7338-8196,4568-4175-5734,Kotak Mahindra Bank,KKBK0495288,Chennai,Chennai,Tamil Nadu,13.108576,80.305351,261197.46,2026-08-13T14:49:36,2,0
0fbe9aef-c283-490c-9dea-01306eba53bf,a951cb47-d5a6-41d9-91e7-f95bca4aa3ad,4568-4175-5734,1131-4571-3632,Bank of Baroda,BARB0111591,Bhopal,Bhopal,Madhya Pradesh,23.217188,77.383852,261197.46,2026-08-13T14:53:18,3,0
0efe8522-97a2-4d5d-9aff-351d094dc556,a951cb47-d5a6-41d9-91e7-f95bca4aa3ad,1131-4571-3632,7217-6129-5179,South Indian Bank,SIBL0292565,Hyderabad,Hyderabad,Telangana,17.363587,78.482638,261197.46,2026-08-13T14:54:51,4,1
c3f92394-c88a-4c83-a8e0-566f69ac9a39,d281903c-f7e5-432c-baef-f9d7e6ff91a7,4010-2001-4060,3448-4585-4626,State Bank of India,SBIN0542242,Jaipur,Jaipur,Rajasthan,26.946293,75.741939,270674.02,2026-06-12T12:06:31,1,0
5e42b10f-4c21-46bd-857c-c97999007033,d281903c-f7e5-432c-baef-f9d7e6ff91a7,4010-2001-4060,6041-6423-2560,State Bank of India,SBIN0901432,Jaipur,Jaipur,Rajasthan,26.958308,75.792879,95589.57,2026-06-12T12:06:56,1,0
5ee1792d-72a6-43ef-8cdc-d4e7fb7c5473,d281903c-f7e5-432c-baef-f9d7e6ff91a7,4010-2001-4060,2142-1249-1523,Union Bank of India,UBIN0354778,Pune,Pune,Maharashtra,18.471794,73.89534,35359.73,2026-06-12T12:07:32,1,0
d82c265c-1b1b-414e-9d01-a343a919933d,d281903c-f7e5-432c-baef-f9d7e6ff91a7,3448-4585-4626,2448-7291-7432,Axis Bank,UTIB0242691,Patna,Patna,Bihar,25.605727,85.08825,270674.02,2026-06-12T12:08:30,2,0
7d391db3-549b-4e5b-8f10-3628e4564a25,d281903c-f7e5-432c-baef-f9d7e6ff91a7,6041-6423-2560,6480-8479-6473,IDBI Bank,IBKL0908521,Ahmedabad,Ahmedabad,Gujarat,23.01485,72.538149,24235.87,2026-06-12T12:09:37,2,0
8fd48217-0bfd-4328-995b-295f2de813c6,d281903c-f7e5-432c-baef-f9d7e6ff91a7,6041-6423-2560,9897-8391-6296,Axis Bank,UTIB0351940,Bhopal,Bhopal,Madhya Pradesh,23.251808,77.443011,59267.02,2026-06-12T12:10:09,2,0
ac3e655f-9669-4c50-ad0b-efb072fc4f2b,d281903c-f7e5-432c-baef-f9d7e6ff91a7,6041-6423-2560,4048-2437-3801,YES Bank,YESB0827937,Delhi,Central Delhi,Delhi,28.578047,77.196004,12086.68,2026-06-12T12:10:50,2,0
c46bc0a0-5df4-44cf-89fc-c5c0fec1424b,d281903c-f7e5-432c-baef-f9d7e6ff91a7,2142-1249-1523,4056-2273-5191,HDFC Bank,HDFC0460974,Patna,Patna,Bihar,25.628285,85.110165,4632.35,2026-06-12T12:11:27,2,0
e984e1e9-41ef-422a-8930-e1c6da552e61,d281903c-f7e5-432c-baef-f9d7e6ff91a7,2142-1249-1523,8568-8591-1404,Union Bank of India,UBIN0289721,Delhi,Central Delhi,Delhi,28.582805,77.229042,17328.55,2026-06-12T12:12:45,2,0
dbd1b44f-1eea-4044-b61f-f67d04aad3b8,d281903c-f7e5-432c-baef-f9d7e6ff91a7,2142-1249-1523,3065-1017-8289,HDFC Bank,HDFC0933892,Jaipur,Jaipur,Rajasthan,26.923199,75.803325,13398.83,2026-06-12T12:13:25,2,0
50c78d23-0abd-4488-8fd7-097aba9da23b,d281903c-f7e5-432c-baef-f9d7e6ff91a7,9897-8391-6296,9556-9009-1070,IndusInd Bank,INDB0199051,Bengaluru,Bengaluru Urban,Karnataka,12.968949,77.605512,53340.32,2026-06-12T12:15:37,3,1
65701478-914c-4295-b949-a336c30bd0f3,d281903c-f7e5-432c-baef-f9d7e6ff91a7,4056-2273-5191,9556-9009-1070,IndusInd Bank,INDB0557735,Bengaluru,Bengaluru Urban,Karnataka,12.960057,77.589457,4169.12,2026-06-12T12:17:41,3,1
7403d15b-fb5b-412e-87de-7374a6b72fa2,d281903c-f7e5-432c-baef-f9d7e6ff91a7,2448-7291-7432,9556-9009-1070,IndusInd Bank,INDB0677347,Bengaluru,Bengaluru Urban,Karnataka,12.954862,77.598142,243606.62,2026-06-12T12:19:51,3,1
4a6de972-e91f-4a26-88c7-3fa58f3c655a,6add482c-49df-44a5-96b6-933a109e1cec,8598-8707-3743,2543-7254-9466,YES Bank,YESB0733207,Lucknow,Lucknow,Uttar Pradesh,26.882508,80.902917,248724.46,2026-08-07T03:18:30,1,0
e1320968-7556-4b07-930c-23a01305386a,6add482c-49df-44a5-96b6-933a109e1cec,8598-8707-3743,1728-1824-6565,UCO Bank,UCBA0633222,Gurgaon,Gurugram,Haryana,28.500361,77.024559,188312.9,2026-08-07T03:19:04,1,0
1f421e02-e2e8-471e-b232-c8c1a61addd9,6add482c-49df-44a5-96b6-933a109e1cec,8598-8707-3743,4872-8843-9765,YES Bank,YESB0389523,Kolkata,Kolkata,West Bengal,22.55577,88.402107,30437.95,2026-08-07T03:19:25,1,0
d56d5dde-f3bc-48b5-94d0-e3e95ed45171,6add482c-49df-44a5-96b6-933a109e1cec,2543-7254-9466,2572-9419-3262,IDBI Bank,IBKL0599931,Patna,Patna,Bihar,25.560351,85.092997,248724.46,2026-08-07T03:20:05,2,0
bf78690e-fd27-436f-b4a2-691afcdc58d3,6add482c-49df-44a5-96b6-933a109e1cec,1728-1824-6565,4502-5825-9792,Punjab National Bank,PUNB0610944,Pune,Pune,Maharashtra,18.56914,73.872183,682.51,2026-08-07T03:20:40,2,0
c53d99a1-c4bc-401e-8e5b-93418343ad6d,6add482c-49df-44a5-96b6-933a109e1cec,1728-1824-6565,3088-4746-3216,ICICI Bank,ICIC0885704,Chandigarh,Chandigarh,Chandigarh,30.769325,76.804177,166505.98,2026-08-07T03:21:56,2,0
473886f6-d149-48e9-91d6-bacf56af8dc1,6add482c-49df-44a5-96b6-933a109e1cec,1728-1824-6565,3547-1969-5128,Canara Bank,CNRB0705316,Bengaluru,Bengaluru Urban,Karnataka,12.981844,77.564228,21124.41,2026-08-07T03:22:30,2,0
06741003-a623-4e66-a158-6e18b26d9f26,6add482c-49df-44a5-96b6-933a109e1cec,4872-8843-9765,3073-1213-3090,IndusInd Bank,INDB0153170,Mumbai,Mumbai City,Maharashtra,19.0537,72.899139,30437.95,2026-08-07T03:23:02,2,0
9ac5db72-53fb-4b00-a563-c3335fd0a460,6add482c-49df-44a5-96b6-933a109e1cec,4502-5825-9792,8191-9159-6884,Federal Bank,FDRL0829234,Chandigarh,Chandigarh,Chandigarh,30.748332,76.769148,614.26,2026-08-07T03:24:18,3,1
22cd7ea7-041f-4876-9319-ed4d2d09f947,6add482c-49df-44a5-96b6-933a109e1cec,3073-1213-3090,8191-9159-6884,Federal Bank,FDRL0303385,Chandigarh,Chandigarh,Chandigarh,30.714957,76.790474,27394.16,2026-08-07T03:26:49,3,1
1b08c3b8-a3ba-4b8a-9c64-9862c6d3c98f,6add482c-49df-44a5-96b6-933a109e1cec,2572-9419-3262,8191-9159-6884,Federal Bank,FDRL0627788,Chandigarh,Chandigarh,Chandigarh,30.717041,76.772819,223852.01,2026-08-07T03:28:05,3,1
c636eb66-e7ac-45a4-8c22-9e9dda28f93a,803bb0ca-0852-4b03-ab45-b176709081f5,7670-5152-7485,1047-1941-6643,YES Bank,YESB0342020,Ahmedabad,Ahmedabad,Gujarat,23.06599,72.565397,140031.69,2026-08-25T23:07:14,1,0
ddec6530-8a3a-4cf8-a12d-1ca2f77f12e7,803bb0ca-0852-4b03-ab45-b176709081f5,1047-1941-6643,6830-7518-2572,HDFC Bank,HDFC0124031,Jaipur,Jaipur,Rajasthan,26.927576,75.836367,41839.34,2026-08-25T23:08:33,2,0
7c00679f-5742-487f-9a02-542c50650c12,803bb0ca-0852-4b03-ab45-b176709081f5,1047-1941-6643,9802-4674-3163,Canara Bank,CNRB0952444,Jaipur,Jaipur,Rajasthan,26.930979,75.81153,98192.35,2026-08-25T23:09:08,2,0
c97ec8f6-0643-44c7-a942-412eb0beef5a,803bb0ca-0852-4b03-ab45-b176709081f5,9802-4674-3163,7195-1669-3607,IDBI Bank,IBKL0328767,Kolkata,Kolkata,West Bengal,22.534533,88.392416,98192.35,2026-08-25T23:12:37,3,0
f59efdfe-34eb-4213-8497-93fb2ace81e1,803bb0ca-0852-4b03-ab45-b176709081f5,7195-1669-3607,5319-5062-9867,Punjab National Bank,PUNB0750210,Noida,Gautam Buddh Nagar,Uttar Pradesh,28.52421,77.35722,98192.35,2026-08-25T23:17:07,4,1
1c6f29e0-0a16-402a-8042-fe4dc566ffdc,3d0266a2-3fb0-4e9d-8a60-b74d7943c589,2329-4326-2941,8976-1229-9209,South Indian Bank,SIBL0982102,Bengaluru,Bengaluru Urban,Karnataka,12.963368,77.641571,33645.49,2026-06-01T15:47:04,1,0
8beb0773-a115-4d6a-bdb3-37ccfd732d6a,3d0266a2-3fb0-4e9d-8a60-b74d7943c589,2329-4326-2941,1915-7011-7649,Kotak Mahindra Bank,KKBK0142550,Patna,Patna,Bihar,25.582416,85.157643,409246.25,2026-06-01T15:47:39,1,0
c782a681-868c-412a-b500-84b3786ff62d,3d0266a2-3fb0-4e9d-8a60-b74d7943c589,8976-1229-9209,2378-9390-7450,Bank of Baroda,BARB0417924,Delhi,Central Delhi,Delhi,28.622021,77.23688,33645.49,2026-06-01T15:48:32,2,0
f011ec39-e2fe-401b-ace9-21770f7f7e06,3d0266a2-3fb0-4e9d-8a60-b74d7943c589,1915-7011-7649,5923-1592-8224,Punjab National Bank,PUNB0907623,Ahmedabad,Ahmedabad,Gujarat,22.991356,72.543872,385831.36,2026-06-01T15:49:45,2,0
b65e09ec-7864-4b5a-a3c8-259df9ab6bbb,3d0266a2-3fb0-4e9d-8a60-b74d7943c589,1915-7011-7649,8069-7414-4216,Bank of Baroda,BARB0416985,Delhi,Central Delhi,Delhi,28.628622,77.196693,23414.89,2026-06-01T15:50:41,2,0
990f338c-a2e7-4d5d-9bd9-c91563947119,3d0266a2-3fb0-4e9d-8a60-b74d7943c589,2378-9390-7450,7313-3206-8108,South Indian Bank,SIBL0192756,Bhopal,Bhopal,Madhya Pradesh,23.251721,77.398474,30280.94,2026-06-01T15:51:56,3,1
87af6427-9267-440e-9ef7-5c6757a548c6,3d0266a2-3fb0-4e9d-8a60-b74d7943c589,8069-7414-4216,7313-3206-8108,South Indian Bank,SIBL0924002,Bhopal,Bhopal,Madhya Pradesh,23.256337,77.398098,21073.4,2026-06-01T15:53:23,3,1
23c1b731-8638-44a6-9fcc-20fe21d84106,3d0266a2-3fb0-4e9d-8a60-b74d7943c589,5923-1592-8224,7313-3206-8108,South Indian Bank,SIBL0874734,Bhopal,Bhopal,Madhya Pradesh,23.253641,77.418782,347248.22,2026-06-01T15:56:09,3,1
b3b3b6b3-8478-41b8-a71e-34d3b1ddc13d,bfaf334d-77da-428e-94dc-38db3c33453c,5367-3478-2661,9432-9408-1643,Punjab National Bank,PUNB0960525,Chandigarh,Chandigarh,Chandigarh,30.754422,76.795202,19108.25,2026-06-06T23:46:43,1,0
b1b79edf-3f22-4266-95ad-d031f64d7180,bfaf334d-77da-428e-94dc-38db3c33453c,5367-3478-2661,9745-9077-2607,IndusInd Bank,INDB0376477,Hyderabad,Hyderabad,Telangana,17.35706,78.492671,74689.73,2026-06-06T23:47:29,1,0
82e75261-2132-4734-b6c4-2bcd12c995a3,bfaf334d-77da-428e-94dc-38db3c33453c,5367-3478-2661,7677-3416-4933,South Indian Bank,SIBL0855148,Gurgaon,Gurugram,Haryana,28.506069,77.075532,102354.26,2026-06-06T23:47:54,1,0
08e3cea3-0596-4dfd-a32c-c8441c64e2f5,bfaf334d-77da-428e-94dc-38db3c33453c,9432-9408-1643,4058-6990-1943,Axis Bank,UTIB0312134,Pune,Pune,Maharashtra,18.565336,73.810173,7617.12,2026-06-06T23:48:38,2,0
fd008931-60bc-4d82-8348-7b897bbf685d,bfaf334d-77da-428e-94dc-38db3c33453c,9432-9408-1643,6974-9710-4864,Axis Bank,UTIB0182507,Noida,Gautam Buddh Nagar,Uttar Pradesh,28.556141,77.377584,11491.13,2026-06-06T23:49:52,2,0
3c003186-7c19-4162-9358-793a17029878,bfaf334d-77da-428e-94dc-38db3c33453c,9745-9077-2607,9667-9183-7646,IDBI Bank,IBKL0807935,Ahmedabad,Ahmedabad,Gujarat,22.999356,72.554483,2637.39,2026-06-06T23:51:20,2,0
679a1996-41fb-4ff9-948c-acd1d4ff3fba,bfaf334d-77da-428e-94dc-38db3c33453c,9745-9077-2607,1458-7125-5375,Canara Bank,CNRB0846697,Ahmedabad,Ahmedabad,Gujarat,23.061991,72.601149,68249.29,2026-06-06T23:52:19,2,0
8582a28e-78e7-4fdf-9837-84eb65aa9586,bfaf334d-77da-428e-94dc-38db3c33453c,9745-9077-2607,7058-8649-7396,IDBI Bank,IBKL0766608,Patna,Patna,Bihar,25.57765,85.107537,3803.05,2026-06-06T23:53:06,2,0
8266caab-baf3-4048-94c9-085ba79079fd,bfaf334d-77da-428e-94dc-38db3c33453c,7677-3416-4933,8153-7073-8736,Punjab National Bank,PUNB0505441,Hyderabad,Hyderabad,Telangana,17.428119,78.496165,102354.26,2026-06-06T23:54:30,2,0
3d291785-8cc6-4ff7-820e-000085802309,bfaf334d-77da-428e-94dc-38db3c33453c,1458-7125-5375,3072-2295-3901,Bank of Baroda,BARB0123200,Pune,Pune,Maharashtra,18.521819,73.87303,61424.36,2026-06-06T23:56:17,3,1
449ae76d-2d5f-4f26-ba99-39899b12b3e9,bfaf334d-77da-428e-94dc-38db3c33453c,4058-6990-1943,3072-2295-3901,Bank of Baroda,BARB0448169,Pune,Pune,Maharashtra,18.537412,73.874174,6855.41,2026-06-06T23:58:30,3,1
7b94f64d-6ba2-4323-b9ce-30fbd41919f6,bfaf334d-77da-428e-94dc-38db3c33453c,8153-7073-8736,3072-2295-3901,Bank of Baroda,BARB0421230,Pune,Pune,Maharashtra,18.520722,73.869291,92118.83,2026-06-07T00:01:27,3,1
755d1934-2246-45e0-b3e5-73617b0a0aee,bfaf334d-77da-428e-94dc-38db3c33453c,7058-8649-7396,3072-2295-3901,Bank of Baroda,BARB0897355,Pune,Pune,Maharashtra,18.516364,73.842404,3422.75,2026-06-07T00:02:50,3,1
03736e99-cffe-4801-9ced-ee6fbe3ec1e1,bfaf334d-77da-428e-94dc-38db3c33453c,6974-9710-4864,3072-2295-3901,Bank of Baroda,BARB0489247,Pune,Pune,Maharashtra,18.523429,73.852583,10342.02,2026-06-07T00:05:30,3,1
c7e1206c-9c11-4508-9340-4959fc6af036,df9873dd-1179-4d5a-9461-a19ebf012baf,3977-2848-4924,8425-5524-3239,Bank of Baroda,BARB0852253,Patna,Patna,Bihar,25.60295,85.099466,396733.42,2026-06-12T10:15:17,1,0
18c3014f-c544-4ef5-8df7-a057f9d22041,df9873dd-1179-4d5a-9461-a19ebf012baf,8425-5524-3239,7304-3007-5684,IndusInd Bank,INDB0782271,Pune,Pune,Maharashtra,18.524846,73.826241,396733.42,2026-06-12T10:15:50,2,0
786d0112-0db9-48ca-a96a-06580d01ca2c,df9873dd-1179-4d5a-9461-a19ebf012baf,7304-3007-5684,2906-5931-6189,Punjab National Bank,PUNB0853291,Mumbai,Mumbai City,Maharashtra,19.106959,72.872981,396733.42,2026-06-12T10:20:36,3,0
8aeca9da-1849-4bbf-8403-7424ef4e4e99,df9873dd-1179-4d5a-9461-a19ebf012baf,2906-5931-6189,7760-4604-8502,HDFC Bank,HDFC0813733,Chandigarh,Chandigarh,Chandigarh,30.773667,76.732399,396733.42,2026-06-12T10:22:33,4,1
c3562ec1-b1f5-4504-81e7-b59d17bdf615,4200d18c-b6ee-4631-b033-fa6cc275afa2,9121-9697-6837,3327-2970-2300,IDBI Bank,IBKL0568329,Kolkata,Kolkata,West Bengal,22.531838,88.407153,309597.39,2026-08-26T00:24:16,1,0
318823f1-e58d-4e9a-a906-9b75e66289ca,4200d18c-b6ee-4631-b033-fa6cc275afa2,3327-2970-2300,6215-3562-4426,South Indian Bank,SIBL0630040,Chandigarh,Chandigarh,Chandigarh,30.763051,76.755376,226526.39,2026-08-26T00:25:13,2,0
365015f9-dd42-4be9-b168-717b7b20c8dc,4200d18c-b6ee-4631-b033-fa6cc275afa2,3327-2970-2300,6943-5577-3887,IndusInd Bank,INDB0811681,Jaipur,Jaipur,Rajasthan,26.912206,75.748543,83071.0,2026-08-26T00:26:37,2,0
9c61f52f-b52e-4258-bbcd-8484e35cdcd6,4200d18c-b6ee-4631-b033-fa6cc275afa2,6215-3562-4426,1414-9667-7732,Bank of Baroda,BARB0878013,Chandigarh,Chandigarh,Chandigarh,30.765336,76.751656,226526.39,2026-08-26T00:31:00,3,1
39d321ea-ec76-4d4e-8419-ebfa89e1c9fd,79f4e6b5-135e-4f36-b3fb-b496fa05f716,8582-8421-3163,8044-7558-6307,South Indian Bank,SIBL0777071,Delhi,Central Delhi,Delhi,28.646641,77.2515,229651.93,2026-07-28T04:25:05,1,0
c8359525-a180-4582-911e-0f14a9e5c0e6,79f4e6b5-135e-4f36-b3fb-b496fa05f716,8582-8421-3163,7663-4085-4194,IDBI Bank,IBKL0954894,Bengaluru,Bengaluru Urban,Karnataka,12.93685,77.588533,176407.11,2026-07-28T04:25:55,1,0
309e1c35-e3d1-4e78-89f9-994d2e5fe455,79f4e6b5-135e-4f36-b3fb-b496fa05f716,8582-8421-3163,8668-1055-2826,HDFC Bank,HDFC0485338,Delhi,Central Delhi,Delhi,28.596448,77.210914,64352.8,2026-07-28T04:26:39,1,0
7c436d39-c65b-4ea0-a974-25d855f1e8d1,79f4e6b5-135e-4f36-b3fb-b496fa05f716,8044-7558-6307,1595-1414-3490,Federal Bank,FDRL0286836,Jaipur,Jaipur,Rajasthan,26.935349,75.743871,229651.93,2026-07-28T04:27:39,2,0
3ce6889b-55bd-4357-8b9e-f3b5165d9d45,79f4e6b5-135e-4f36-b3fb-b496fa05f716,7663-4085-4194,6239-8587-4192,Canara Bank,CNRB0733565,Delhi,Central Delhi,Delhi,28.594012,77.255766,176407.11,2026-07-28T04:28:16,2,0
2e660154-8b28-4af3-9856-27d68f06a261,79f4e6b5-135e-4f36-b3fb-b496fa05f716,8668-1055-2826,3022-4565-7520,Axis Bank,UTIB0752669,Hyderabad,Hyderabad,Telangana,17.369586,78.507619,19239.72,2026-07-28T04:28:53,2,0
61add12f-4718-46e0-a0c2-467c756f807f,79f4e6b5-135e-4f36-b3fb-b496fa05f716,8668-1055-2826,9668-2422-9099,YES Bank,YESB0284560,Hyderabad,Hyderabad,Telangana,17.425648,78.439379,24673.99,2026-07-28T04:29:56,2,0
f8218d18-85ca-4fb6-b7f0-8cc361954283,79f4e6b5-135e-4f36-b3fb-b496fa05f716,8668-1055-2826,3694-1574-4251,ICICI Bank,ICIC0861532,Ahmedabad,Ahmedabad,Gujarat,23.035617,72.569864,20439.09,2026-07-28T04:31:07,2,0
7e98e392-8367-4f50-b546-0387634dc79d,79f4e6b5-135e-4f36-b3fb-b496fa05f716,3022-4565-7520,7119-6771-4493,South Indian Bank,SIBL0277184,Mumbai,Mumbai City,Maharashtra,19.062031,72.885429,17315.75,2026-07-28T04:32:25,3,1
350aa1dc-0612-4e23-a5de-ec758bceb4fc,79f4e6b5-135e-4f36-b3fb-b496fa05f716,6239-8587-4192,7119-6771-4493,South Indian Bank,SIBL0564198,Mumbai,Mumbai City,Maharashtra,19.065074,72.882338,158766.4,2026-07-28T04:35:09,3,1
78462c21-d92a-4127-b054-af0d4b7e6f87,79f4e6b5-135e-4f36-b3fb-b496fa05f716,3694-1574-4251,7119-6771-4493,South Indian Bank,SIBL0647579,Mumbai,Mumbai City,Maharashtra,19.080136,72.864672,18395.18,2026-07-28T04:38:03,3,1
4c134059-fe27-4bc4-bfd7-116274ca9070,d299dbd9-ceb9-4735-8c26-e62ada809065,6957-8760-4638,4694-3116-4713,Bank of Baroda,BARB0592350,Delhi,Central Delhi,Delhi,28.60361,77.24974,50829.08,2026-06-22T05:13:19,1,0
ca2b88e5-1942-4774-9602-d3ead93cd826,d299dbd9-ceb9-4735-8c26-e62ada809065,6957-8760-4638,7934-7993-2427,Kotak Mahindra Bank,KKBK0636294,Delhi,Central Delhi,Delhi,28.582644,77.219713,14485.85,2026-06-22T05:14:04,1,0
4633ebe4-4d10-48d0-8625-0a8cbc343648,d299dbd9-ceb9-4735-8c26-e62ada809065,4694-3116-4713,9284-3595-4275,State Bank of India,SBIN0114847,Noida,Gautam Buddh Nagar,Uttar Pradesh,28.534639,77.356597,50829.08,2026-06-22T05:14:58,2,0
800fe94e-c582-4b9f-b388-2ce93ca5c712,d299dbd9-ceb9-4735-8c26-e62ada809065,7934-7993-2427,6803-4641-3996,HDFC Bank,HDFC0616942,Bhopal,Bhopal,Madhya Pradesh,23.276522,77.446781,14485.85,2026-06-22T05:16:13,2,0
0adb29e3-dd65-432a-8d47-a99aa3626d43,d299dbd9-ceb9-4735-8c26-e62ada809065,9284-3595-4275,9751-5231-7595,Axis Bank,UTIB0564116,Bengaluru,Bengaluru Urban,Karnataka,12.996975,77.557702,50829.08,2026-06-22T05:19:15,3,0
9b93a6b6-2db1-4d8f-afae-083fdbddb82f,d299dbd9-ceb9-4735-8c26-e62ada809065,9751-5231-7595,4437-4550-3502,ICICI Bank,ICIC0846660,Chandigarh,Chandigarh,Chandigarh,30.734136,76.792874,50829.08,2026-06-22T05:20:51,4,1
1ff9ea06-2bfe-46b7-ac7f-369d049f3cd4,d299dbd9-ceb9-4735-8c26-e62ada809065,6803-4641-3996,3522-6670-3527,Federal Bank,FDRL0818618,Jaipur,Jaipur,Rajasthan,26.925534,75.755713,14485.85,2026-06-22T05:24:54,3,0
5e2a3993-70aa-4f64-b34f-92c85ef7cfa4,d299dbd9-ceb9-4735-8c26-e62ada809065,3522-6670-3527,6795-7635-1936,ICICI Bank,ICIC0747949,Bhopal,Bhopal,Madhya Pradesh,23.30919,77.396353,14485.85,2026-06-22T05:27:30,4,1
c7913321-0908-4dcc-bab9-bb646f149790,b8ffd68a-d66a-4fc4-9be5-5ed9aaceb246,1807-7383-4968,8844-5008-2092,HDFC Bank,HDFC0347793,Bhopal,Bhopal,Madhya Pradesh,23.210531,77.4295,3146.06,2026-05-31T15:55:00,1,0
b10a30f9-7592-40f7-898f-64c8abd82480,b8ffd68a-d66a-4fc4-9be5-5ed9aaceb246,1807-7383-4968,2879-9709-1908,Federal Bank,FDRL0419700,Kolkata,Kolkata,West Bengal,22.599817,88.37922,183594.48,2026-05-31T15:55:24,1,0
95f6908c-a646-48ce-a3ba-2dcd5d43c522,b8ffd68a-d66a-4fc4-9be5-5ed9aaceb246,1807-7383-4968,5449-7501-9057,ICICI Bank,ICIC0792051,Delhi,Central Delhi,Delhi,28.571074,77.236477,113645.29,2026-05-31T15:55:54,1,0
eeb183ea-9542-4a76-bf84-71aa65c29a0a,b8ffd68a-d66a-4fc4-9be5-5ed9aaceb246,8844-5008-2092,7574-1939-9334,Punjab National Bank,PUNB0518692,Jaipur,Jaipur,Rajasthan,26.885324,75.820117,3146.06,2026-05-31T15:57:14,2,0
7511d398-f257-4fd0-ba0e-c2645e19eae8,b8ffd68a-d66a-4fc4-9be5-5ed9aaceb246,2879-9709-1908,6986-7326-2036,Bank of Baroda,BARB0363640,Bengaluru,Bengaluru Urban,Karnataka,12.978468,77.624528,61006.69,2026-05-31T15:57:46,2,0
1313cfca-f7b1-45b3-8cd0-f5b33a59e430,b8ffd68a-d66a-4fc4-9be5-5ed9aaceb246,2879-9709-1908,6141-5535-8801,IndusInd Bank,INDB0170561,Jaipur,Jaipur,Rajasthan,26.899229,75.780112,122587.79,2026-05-31T15:59:15,2,0
1b894ec4-0d44-4273-a969-573bbcbf1e24,b8ffd68a-d66a-4fc4-9be5-5ed9aaceb246,5449-7501-9057,5385-2179-2269,IDBI Bank,IBKL0721202,Hyderabad,Hyderabad,Telangana,17.433477,78.495793,10262.78,2026-05-31T16:00:21,2,0
96c59993-58fd-46f6-a28b-0ef764d57ef5,b8ffd68a-d66a-4fc4-9be5-5ed9aaceb246,5449-7501-9057,6606-6405-8016,Union Bank of India,UBIN0475130,Chennai,Chennai,Tamil Nadu,13.113185,80.22672,27107.33,2026-05-31T16:01:19,2,0
01ce0e08-a627-419e-8b90-c8e7017472a2,b8ffd68a-d66a-4fc4-9be5-5ed9aaceb246,5449-7501-9057,5450-1277-2496,State Bank of India,SBIN0243747,Patna,Patna,Bihar,25.545916,85.104473,76275.19,2026-05-31T16:02:40,2,0
9146fd40-4114-48ed-a88e-c41d9e3f4042,b8ffd68a-d66a-4fc4-9be5-5ed9aaceb246,5450-1277-2496,9128-2574-3227,IDBI Bank,IBKL0256941,Jaipur,Jaipur,Rajasthan,26.904699,75.804932,68647.67,2026-05-31T16:03:51,3,1
f230c756-7035-4617-a3cb-c69931cac2ea,b8ffd68a-d66a-4fc4-9be5-5ed9aaceb246,7574-1939-9334,9128-2574-3227,IDBI Bank,IBKL0355486,Jaipur,Jaipur,Rajasthan,26.922476,75.7845,2831.45,2026-05-31T16:06:04,3,1
e5e9217e-4172-4547-a7fe-baf5d702dfd0,b8ffd68a-d66a-4fc4-9be5-5ed9aaceb246,6606-6405-8016,9128-2574-3227,IDBI Bank,IBKL0523135,Jaipur,Jaipur,Rajasthan,26.91091,75.789961,24396.6,2026-05-31T16:08:23,3,1
8510336a-a5bd-4036-b861-4e788aeefdea,355c2980-33d2-4113-ba6e-a48552b23d87,7651-1595-9572,4532-2215-3702,HDFC Bank,HDFC0731182,Patna,Patna,Bihar,25.642609,85.106137,5063.72,2026-07-03T07:44:44,1,0
ea75aa0e-b237-455f-96c4-14ad524c97be,355c2980-33d2-4113-ba6e-a48552b23d87,7651-1595-9572,7985-9037-8927,IndusInd Bank,INDB0807736,Hyderabad,Hyderabad,Telangana,17.411464,78.482738,710.63,2026-07-03T07:45:22,1,0
7d885a2f-f40d-430d-8d4e-3c28eeb30b41,355c2980-33d2-4113-ba6e-a48552b23d87,4532-2215-3702,9690-9761-8784,Federal Bank,FDRL0318108,Jaipur,Jaipur,Rajasthan,26.95647,75.805794,4402.37,2026-07-03T07:46:07,2,0
dbccd473-62d0-4065-9d0f-ea5c4bf9d98f,355c2980-33d2-4113-ba6e-a48552b23d87,4532-2215-3702,9924-7887-6773,South Indian Bank,SIBL0826630,Lucknow,Lucknow,Uttar Pradesh,26.827577,80.907729,661.35,2026-07-03T07:47:34,2,0
9f670928-d13e-4bbb-b650-d27adf4d4763,355c2980-33d2-4113-ba6e-a48552b23d87,7985-9037-8927,7262-6387-6058,State Bank of India,SBIN0804762,Kolkata,Kolkata,West Bengal,22.595108,88.371722,710.63,2026-07-03T07:48:16,2,0
d422cda0-7f69-4ddb-908c-0efb5066bf2d,355c2980-33d2-4113-ba6e-a48552b23d87,9690-9761-8784,3371-1748-3597,HDFC Bank,HDFC0469070,Ahmedabad,Ahmedabad,Gujarat,23.036187,72.582384,3962.13,2026-07-03T07:49:24,3,1
057f98fb-9406-4d83-a38e-ac6d36c175e4,355c2980-33d2-4113-ba6e-a48552b23d87,7262-6387-6058,3371-1748-3597,HDFC Bank,HDFC0946781,Ahmedabad,Ahmedabad,Gujarat,23.017625,72.591127,639.57,2026-07-03T07:51:26,3,1
30cdf878-c6cd-41d1-a9f7-20d5e3d345d9,355c2980-33d2-4113-ba6e-a48552b23d87,9924-7887-6773,3371-1748-3597,HDFC Bank,HDFC0771176,Ahmedabad,Ahmedabad,Gujarat,23.020744,72.588266,595.22,2026-07-03T07:53:38,3,1
0c5826e5-1ab5-4299-8c2d-9655fab2e82f,8195bd54-df04-4f19-93e4-da91a33f7f56,1112-1818-1019,7895-8606-7482,Punjab National Bank,PUNB0797702,Kolkata,Kolkata,West Bengal,22.598852,88.363541,487453.97,2026-06-05T15:19:55,1,0
db56ea37-40bb-4840-b2a4-16c5f4767924,8195bd54-df04-4f19-93e4-da91a33f7f56,7895-8606-7482,8337-8375-6071,South Indian Bank,SIBL0547354,Bengaluru,Bengaluru Urban,Karnataka,12.990663,77.547977,120688.17,2026-06-05T15:20:49,2,0
5e08de49-e10d-4adf-a5de-b974e8915042,8195bd54-df04-4f19-93e4-da91a33f7f56,7895-8606-7482,2458-7877-4298,Bank of Baroda,BARB0124173,Delhi,Central Delhi,Delhi,28.604571,77.1943,366765.8,2026-06-05T15:22:13,2,0
bc35f404-eeee-4b26-9599-6e5f7e9fbe1a,8195bd54-df04-4f19-93e4-da91a33f7f56,8337-8375-6071,4263-1616-7326,UCO Bank,UCBA0746403,Hyderabad,Hyderabad,Telangana,17.353647,78.48314,120688.17,2026-06-05T15:24:22,3,0
9d374a08-88b0-4c36-b2cf-0c2c9206fffa,8195bd54-df04-4f19-93e4-da91a33f7f56,4263-1616-7326,2295-2800-6867,UCO Bank,UCBA0498623,Lucknow,Lucknow,Uttar Pradesh,26.818974,80.916789,120688.17,2026-06-05T15:25:57,4,1
0fc8a7b9-78ba-406b-b16c-c984c19d35e8,674518d5-10c9-4331-b365-6e982971d088,8634-1130-3936,6730-2804-3646,IndusInd Bank,INDB0547287,Mumbai,Mumbai City,Maharashtra,19.055971,72.926445,222497.55,2026-06-03T07:03:52,1,0
b1f7d07a-4346-4d03-b878-dacafab9fabb,674518d5-10c9-4331-b365-6e982971d088,8634-1130-3936,9667-3639-8580,UCO Bank,UCBA0649999,Pune,Pune,Maharashtra,18.532476,73.862659,214801.51,2026-06-03T07:04:22,1,0
63ed4e1c-c2cc-4ae2-8500-152963afc16c,674518d5-10c9-4331-b365-6e982971d088,6730-2804-3646,6495-7446-6712,Punjab National Bank,PUNB0406351,Bhopal,Bhopal,Madhya Pradesh,23.284433,77.393339,8525.55,2026-06-03T07:05:40,2,0
43a3930a-2929-4d0f-80ef-b0e07f18b452,674518d5-10c9-4331-b365-6e982971d088,6730-2804-3646,5615-7782-8120,YES Bank,YESB0930165,Noida,Gautam Buddh Nagar,Uttar Pradesh,28.575169,77.402199,186541.46,2026-06-03T07:06:26,2,0
55cf602f-5882-4498-a593-53ff90ccca2a,674518d5-10c9-4331-b365-6e982971d088,6730-2804-3646,5063-5891-6413,UCO Bank,UCBA0732795,Chandigarh,Chandigarh,Chandigarh,30.742209,76.804698,27430.55,2026-06-03T07:07:21,2,0
a481802e-19df-4e66-9b30-a0ee88f13cf4,674518d5-10c9-4331-b365-6e982971d088,9667-3639-8580,5234-5518-8387,Axis Bank,UTIB0382737,Ahmedabad,Ahmedabad,Gujarat,23.060207,72.547779,214801.51,2026-06-03T07:08:09,2,0
d61e67bd-30b8-4251-9f99-b3eed9a0cdfb,674518d5-10c9-4331-b365-6e982971d088,5615-7782-8120,6377-9200-7883,ICICI Bank,ICIC0600200,Ahmedabad,Ahmedabad,Gujarat,23.031442,72.560141,167887.31,2026-06-03T07:10:41,3,1
e91542ba-e4fd-4ffc-bb55-7a99669d4d6f,674518d5-10c9-4331-b365-6e982971d088,6495-7446-6712,6377-9200-7883,ICICI Bank,ICIC0801505,Ahmedabad,Ahmedabad,Gujarat,23.035203,72.577102,7673.0,2026-06-03T07:12:54,3,1
12afabea-8728-49c4-979d-55b71965afe9,674518d5-10c9-4331-b365-6e982971d088,5063-5891-6413,6377-9200-7883,ICICI Bank,ICIC0647760,Ahmedabad,Ahmedabad,Gujarat,23.025805,72.58875,24687.5,2026-06-03T07:15:46,3,1
28fc2aa8-95c6-46de-9776-8a27a76b56cb,5f75dc33-db7b-4e99-ac06-6b19157d2135,5082-3583-2697,8299-3114-2002,ICICI Bank,ICIC0601992,Noida,Gautam Buddh Nagar,Uttar Pradesh,28.561668,77.388893,395317.41,2026-07-02T13:03:20,1,0
b107607f-126d-4dfb-8f58-d29b6b1eed49,5f75dc33-db7b-4e99-ac06-6b19157d2135,8299-3114-2002,9496-6697-4157,Kotak Mahindra Bank,KKBK0714051,Patna,Patna,Bihar,25.557291,85.165375,23486.2,2026-07-02T13:04:11,2,0
357fc2b8-1c47-463b-a47f-bb9c584b9bfc,5f75dc33-db7b-4e99-ac06-6b19157d2135,8299-3114-2002,5703-7763-7070,Axis Bank,UTIB0144995,Delhi,Central Delhi,Delhi,28.594077,77.215668,371831.21,2026-07-02T13:04:43,2,0
9baadb40-ba42-447b-8980-e9c4fd827fab,5f75dc33-db7b-4e99-ac06-6b19157d2135,5703-7763-7070,2050-3431-4660,State Bank of India,SBIN0128716,Bhopal,Bhopal,Madhya Pradesh,23.224044,77.43633,371831.21,2026-07-02T13:08:08,3,0
9959004e-c1d0-4fea-9d2f-8939d907ea75,5f75dc33-db7b-4e99-ac06-6b19157d2135,2050-3431-4660,6828-2747-3234,HDFC Bank,HDFC0869485,Mumbai,Mumbai City,Maharashtra,19.112377,72.861032,371831.21,2026-07-02T13:12:27,4,1
d88f4e8c-e131-4b93-88c2-f35b6adfb9c1,d3711e9f-929e-497a-af80-c2fc840b0510,6836-9663-7416,6419-6527-8722,Union Bank of India,UBIN0945324,Hyderabad,Hyderabad,Telangana,17.342888,78.494066,179388.03,2026-07-01T22:29:19,1,0
df1c0222-f161-4177-abde-0235678d8c58,d3711e9f-929e-497a-af80-c2fc840b0510,6419-6527-8722,2126-5277-6906,Punjab National Bank,PUNB0371974,Mumbai,Mumbai City,Maharashtra,19.095576,72.867355,179388.03,2026-07-01T22:30:24,2,0
88dde76d-69d0-43c2-b9cb-77fe7092fc1f,d3711e9f-929e-497a-af80-c2fc840b0510,2126-5277-6906,2187-4650-9880,Bank of Baroda,BARB0314647,Delhi,Central Delhi,Delhi,28.593562,77.177357,179388.03,2026-07-01T22:33:44,3,1
6badd408-c71f-4bda-af86-77d2596c9258,8eb0bc1d-d750-4fe5-9041-b5af17338336,3581-3223-1548,4193-6079-8495,ICICI Bank,ICIC0526327,Pune,Pune,Maharashtra,18.491191,73.817478,406691.35,2026-06-05T04:39:26,1,0
b98722a6-9795-4c6a-bfe0-257289519c50,8eb0bc1d-d750-4fe5-9041-b5af17338336,4193-6079-8495,4800-8385-7810,State Bank of India,SBIN0678991,Delhi,Central Delhi,Delhi,28.643047,77.257858,248595.84,2026-06-05T04:40:49,2,0
18396391-4d17-4fe5-b4f1-ee4640115aba,8eb0bc1d-d750-4fe5-9041-b5af17338336,4193-6079-8495,9264-7492-9851,Bank of Baroda,BARB0842230,Lucknow,Lucknow,Uttar Pradesh,26.886419,80.953108,158095.51,2026-06-05T04:42:00,2,0
6e5b8f2c-2dbc-4f3c-8a81-883efa00e303,8eb0bc1d-d750-4fe5-9041-b5af17338336,9264-7492-9851,1821-3506-2469,IndusInd Bank,INDB0559437,Chennai,Chennai,Tamil Nadu,13.121627,80.227141,158095.51,2026-06-05T04:45:45,3,0
f568b392-78b1-468e-bb70-e88fa4c545f8,8eb0bc1d-d750-4fe5-9041-b5af17338336,1821-3506-2469,5317-4085-1615,Axis Bank,UTIB0434010,Bhopal,Bhopal,Madhya Pradesh,23.215745,77.385438,158095.51,2026-06-05T04:48:02,4,1
cc427729-beed-43b5-b6e8-aa19479d9015,c62559aa-2de7-4dd4-9c47-e913dce49758,1768-3676-3653,5592-7916-7403,ICICI Bank,ICIC0260765,Kolkata,Kolkata,West Bengal,22.584961,88.337277,12557.7,2026-06-18T10:24:58,1,0
517ea889-2a21-4e70-b778-1159c000b33d,c62559aa-2de7-4dd4-9c47-e913dce49758,1768-3676-3653,6543-3968-8347,State Bank of India,SBIN0446228,Gurgaon,Gurugram,Haryana,28.449627,77.075751,8064.74,2026-06-18T10:25:16,1,0
318e67eb-6dda-426a-930b-5bfc6e85a168,c62559aa-2de7-4dd4-9c47-e913dce49758,1768-3676-3653,6517-3612-4259,Axis Bank,UTIB0110444,Chandigarh,Chandigarh,Chandigarh,30.706272,76.751346,6061.66,2026-06-18T10:25:39,1,0
3122ee0d-e47f-4719-8f23-e0d47d3dcea0,c62559aa-2de7-4dd4-9c47-e913dce49758,5592-7916-7403,7689-8675-8224,Kotak Mahindra Bank,KKBK0955412,Bengaluru,Bengaluru Urban,Karnataka,12.922671,77.63019,1855.16,2026-06-18T10:26:59,2,0
0835ded5-137f-42f7-ab3a-322ea4e02777,c62559aa-2de7-4dd4-9c47-e913dce49758,5592-7916-7403,2109-3012-8008,YES Bank,YESB0739287,Chennai,Chennai,Tamil Nadu,13.093696,80.29579,10702.54,2026-06-18T10:27:38,2,0
85ffaec6-74f1-4553-a2ff-c390b4dc373d,c62559aa-2de7-4dd4-9c47-e913dce49758,6543-3968-8347,5081-1928-3843,HDFC Bank,HDFC0281447,Chandigarh,Chandigarh,Chandigarh,30.774324,76.802872,4902.57,2026-06-18T10:28:11,2,0
5b824b35-30e4-4d5a-934d-c492211f0805,c62559aa-2de7-4dd4-9c47-e913dce49758,6543-3968-8347,5554-7065-4450,YES Bank,YESB0955705,Pune,Pune,Maharashtra,18.519164,73.830199,3162.17,2026-06-18T10:29:16,2,0
fc74ca5a-6476-4e78-9652-a54cd51f1702,c62559aa-2de7-4dd4-9c47-e913dce49758,6517-3612-4259,5437-3159-1764,Union Bank of India,UBIN0580722,Pune,Pune,Maharashtra,18.47721,73.903921,6061.66,2026-06-18T10:29:54,2,0
31513adc-caba-4850-8aef-a34de2ccee5c,c62559aa-2de7-4dd4-9c47-e913dce49758,7689-8675-8224,3169-5795-1853,South Indian Bank,SIBL0560688,Bengaluru,Bengaluru Urban,Karnataka,12.984173,77.603488,1669.64,2026-06-18T10:31:01,3,1
5e02a4bc-c50a-4e0c-b8ff-da0c451c5e26,c62559aa-2de7-4dd4-9c47-e913dce49758,5437-3159-1764,3169-5795-1853,South Indian Bank,SIBL0971707,Bengaluru,Bengaluru Urban,Karnataka,12.961958,77.609924,5455.49,2026-06-18T10:33:58,3,1
5b9e2cc8-9990-4548-ab26-46336c1c08c3,c62559aa-2de7-4dd4-9c47-e913dce49758,2109-3012-8008,3169-5795-1853,South Indian Bank,SIBL0865090,Bengaluru,Bengaluru Urban,Karnataka,12.982648,77.578664,9632.29,2026-06-18T10:35:57,3,1
510846fd-5325-4b9e-9d39-873ac69ea99d,c62559aa-2de7-4dd4-9c47-e913dce49758,5554-7065-4450,3169-5795-1853,South Indian Bank,SIBL0599423,Bengaluru,Bengaluru Urban,Karnataka,12.977288,77.602239,2845.95,2026-06-18T10:38:54,3,1
76320e38-5614-40e9-8ead-732b001131ad,c62559aa-2de7-4dd4-9c47-e913dce49758,5081-1928-3843,3169-5795-1853,South Indian Bank,SIBL0964907,Bengaluru,Bengaluru Urban,Karnataka,12.962018,77.578835,4412.31,2026-06-18T10:40:35,3,1
a9aa4114-9300-487c-8165-2cc44ea0bf5f,5c3007df-f151-41fa-97b6-52356b7d6618,5320-1819-7329,9873-4725-9795,ICICI Bank,ICIC0630358,Bengaluru,Bengaluru Urban,Karnataka,13.008821,77.551009,322663.43,2026-07-21T18:57:56,1,0
e2bc5b57-3d03-49f9-a512-546fbe63c7a7,5c3007df-f151-41fa-97b6-52356b7d6618,5320-1819-7329,8220-3524-8686,Bank of Baroda,BARB0142051,Ahmedabad,Ahmedabad,Gujarat,23.052766,72.579893,171952.31,2026-07-21T18:58:15,1,0
72e30e56-a764-4adf-8882-991194e036c9,5c3007df-f151-41fa-97b6-52356b7d6618,9873-4725-9795,6623-7312-7458,Axis Bank,UTIB0296740,Jaipur,Jaipur,Rajasthan,26.907537,75.814242,18390.72,2026-07-21T18:59:16,2,0
f834e1e0-e7b9-4713-9057-117218694349,5c3007df-f151-41fa-97b6-52356b7d6618,9873-4725-9795,9745-5616-5173,YES Bank,YESB0204574,Gurgaon,Gurugram,Haryana,28.422499,76.985195,54114.21,2026-07-21T18:59:50,2,0
78da41fd-d719-4060-863b-88537bd6feaa,5c3007df-f151-41fa-97b6-52356b7d6618,9873-4725-9795,9308-3415-5053,HDFC Bank,HDFC0580132,Kolkata,Kolkata,West Bengal,22.619201,88.318096,250158.51,2026-07-21T19:00:23,2,0
fa341646-3c0a-4a21-911f-a3870dca882d,5c3007df-f151-41fa-97b6-52356b7d6618,8220-3524-8686,6679-7814-1819,IndusInd Bank,INDB0336490,Chandigarh,Chandigarh,Chandigarh,30.743126,76.764652,5103.7,2026-07-21T19:01:44,2,0
1ce4f15a-483f-4e60-820b-822bc4dd4948,5c3007df-f151-41fa-97b6-52356b7d6618,8220-3524-8686,2211-8445-1810,UCO Bank,UCBA0364051,Ahmedabad,Ahmedabad,Gujarat,23.041944,72.53922,122795.8,2026-07-21T19:02:51,2,0
700643ff-1cad-42d7-a37e-d77aafb4264b,5c3007df-f151-41fa-97b6-52356b7d6618,8220-3524-8686,8941-5773-1590,IDBI Bank,IBKL0901445,Chandigarh,Chandigarh,Chandigarh,30.694239,76.739602,44052.8,2026-07-21T19:03:41,2,0
1881c42c-ae36-40e9-8877-0de1ca06877b,5c3007df-f151-41fa-97b6-52356b7d6618,9745-5616-5173,5170-5092-4609,Union Bank of India,UBIN0271494,Chennai,Chennai,Tamil Nadu,13.063559,80.284986,48702.79,2026-07-21T19:05:04,3,1
46d6cb22-cc59-4b69-bbff-146c2c399454,5c3007df-f151-41fa-97b6-52356b7d6618,6679-7814-1819,5170-5092-4609,Union Bank of India,UBIN0251353,Chennai,Chennai,Tamil Nadu,13.067219,80.257746,4593.33,2026-07-21T19:06:23,3,1
29a48c16-92db-4426-9ca2-5e834fbf5372,5c3007df-f151-41fa-97b6-52356b7d6618,2211-8445-1810,5170-5092-4609,Union Bank of India,UBIN0436071,Chennai,Chennai,Tamil Nadu,13.090104,80.261127,110516.22,2026-07-21T19:08:49,3,1
bfafb528-8248-4a6a-96ea-23a5f9b48b2f,2d6b2b61-1fbc-4f30-9e2f-4d819a1852bb,4151-4199-1024,9840-4203-4315,Federal Bank,FDRL0623339,Kolkata,Kolkata,West Bengal,22.573457,88.371911,85868.91,2026-06-03T17:00:57,1,0
66aaf929-7625-443c-bbab-e46471d91bc0,2d6b2b61-1fbc-4f30-9e2f-4d819a1852bb,4151-4199-1024,5749-5823-5948,State Bank of India,SBIN0587194,Pune,Pune,Maharashtra,18.472481,73.823321,117648.61,2026-06-03T17:01:28,1,0
9a93f91b-eb54-41ac-8436-3fbcd3a0609f,2d6b2b61-1fbc-4f30-9e2f-4d819a1852bb,4151-4199-1024,8255-1303-5992,UCO Bank,UCBA0495861,Jaipur,Jaipur,Rajasthan,26.938996,75.805735,228241.05,2026-06-03T17:02:01,1,0
d7a63d38-6e51-4c42-a75b-55f8c1aa9856,2d6b2b61-1fbc-4f30-9e2f-4d819a1852bb,9840-4203-4315,6131-4104-8343,Punjab National Bank,PUNB0836090,Ahmedabad,Ahmedabad,Gujarat,23.062877,72.561126,85868.91,2026-06-03T17:03:02,2,0
525995de-2d8f-4199-87f6-d1abe05f9549,2d6b2b61-1fbc-4f30-9e2f-4d819a1852bb,5749-5823-5948,4427-3620-6186,Bank of Baroda,BARB0278778,Patna,Patna,Bihar,25.560102,85.123469,20997.94,2026-06-03T17:04:02,2,0
2237b26b-1d3b-49ad-b5b0-fada4c72594d,2d6b2b61-1fbc-4f30-9e2f-4d819a1852bb,5749-5823-5948,7784-4820-5391,State Bank of India,SBIN0184466,Hyderabad,Hyderabad,Telangana,17.423582,78.471629,55673.82,2026-06-03T17:04:41,2,0
1f0edb5e-3934-4eaf-b532-17b83dc06812,2d6b2b61-1fbc-4f30-9e2f-4d819a1852bb,5749-5823-5948,4030-8411-9159,ICICI Bank,ICIC0733954,Patna,Patna,Bihar,25.557482,85.153012,40976.84,2026-06-03T17:05:16,2,0
3e6679fd-2955-4b36-ae26-a7bc6482fe57,2d6b2b61-1fbc-4f30-9e2f-4d819a1852bb,8255-1303-5992,3583-3472-5683,UCO Bank,UCBA0431145,Bengaluru,Bengaluru Urban,Karnataka,12.997345,77.614713,17654.12,2026-06-03T17:05:55,2,0
cfb4093b-9d30-4b12-bc26-8b5be40196b8,2d6b2b61-1fbc-4f30-9e2f-4d819a1852bb,8255-1303-5992,2917-2168-6285,Axis Bank,UTIB0356233,Hyderabad,Hyderabad,Telangana,17.381327,78.50872,119849.36,2026-06-03T17:06:50,2,0
b6dc738c-224b-4757-b537-9ed162ae7ce2,2d6b2b61-1fbc-4f30-9e2f-4d819a1852bb,8255-1303-5992,7725-4577-1688,IndusInd Bank,INDB0280733,Hyderabad,Hyderabad,Telangana,17.417667,78.508972,90737.57,2026-06-03T17:07:29,2,0
caca4468-1690-4e88-8c8a-b3866eb49361,2d6b2b61-1fbc-4f30-9e2f-4d819a1852bb,7725-4577-1688,2245-6492-5246,UCO Bank,UCBA0777702,Kolkata,Kolkata,West Bengal,22.579353,88.357486,81663.81,2026-06-03T17:08:32,3,1
1503ad2b-1fd7-49b7-94a3-b41698c4a221,2d6b2b61-1fbc-4f30-9e2f-4d819a1852bb,4427-3620-6186,2245-6492-5246,UCO Bank,UCBA0314709,Kolkata,Kolkata,West Bengal,22.581554,88.352821,18898.15,2026-06-03T17:09:56,3,1
52b4540e-7337-4de0-826a-6e731b595691,2d6b2b61-1fbc-4f30-9e2f-4d819a1852bb,6131-4104-8343,2245-6492-5246,UCO Bank,UCBA0897214,Kolkata,Kolkata,West Bengal,22.586653,88.345644,77282.02,2026-06-03T17:12:04,3,1
1f96608c-f652-4f86-8350-7c0b20b9751c,2d6b2b61-1fbc-4f30-9e2f-4d819a1852bb,4030-8411-9159,2245-6492-5246,UCO Bank,UCBA0660393,Kolkata,Kolkata,West Bengal,22.586667,88.352878,36879.16,2026-06-03T17:14:17,3,1
07ebc902-ac4d-4c79-a04f-8168a56fbb3c,2d6b2b61-1fbc-4f30-9e2f-4d819a1852bb,2917-2168-6285,2245-6492-5246,UCO Bank,UCBA0264662,Kolkata,Kolkata,West Bengal,22.555169,88.369595,107864.42,2026-06-03T17:17:06,3,1
4ff5a65c-469d-424c-aad8-0e5bd14f1ee8,d1a8f689-912a-4e69-ac0f-67dabcb6c077,3487-2546-3832,7096-5850-9378,South Indian Bank,SIBL0218124,Chandigarh,Chandigarh,Chandigarh,30.754423,76.783233,221290.93,2026-07-07T21:43:51,1,0
245d43d2-59b8-4ce0-9c95-e60e6b38e6d3,d1a8f689-912a-4e69-ac0f-67dabcb6c077,7096-5850-9378,9903-7834-9778,State Bank of India,SBIN0900667,Noida,Gautam Buddh Nagar,Uttar Pradesh,28.543785,77.394084,79900.4,2026-07-07T21:45:18,2,0
6ebcbc95-1c39-49ab-bbd7-9b8a0d2cf7f4,d1a8f689-912a-4e69-ac0f-67dabcb6c077,7096-5850-9378,9183-7577-5881,Union Bank of India,UBIN0161328,Kolkata,Kolkata,West Bengal,22.561546,88.412782,141390.53,2026-07-07T21:46:04,2,0
659e99e7-4bce-4229-b285-4d8f7c20492b,d1a8f689-912a-4e69-ac0f-67dabcb6c077,9903-7834-9778,1697-7361-3910,South Indian Bank,SIBL0622010,Kolkata,Kolkata,West Bengal,22.566824,88.366342,79900.4,2026-07-07T21:49:29,3,1
46f459ba-eb49-418c-bd18-4b8a0d9f9462,b68d4b4e-fc14-491e-b16a-bee721d8fc0b,6139-9532-6362,7352-7581-5616,IndusInd Bank,INDB0217223,Gurgaon,Gurugram,Haryana,28.470552,77.048086,138565.72,2026-07-04T17:35:28,1,0
ee6b4872-ba7b-4a09-8e8f-458cbaeb8780,b68d4b4e-fc14-491e-b16a-bee721d8fc0b,6139-9532-6362,7542-6092-2945,YES Bank,YESB0287743,Gurgaon,Gurugram,Haryana,28.41701,76.994902,84544.08,2026-07-04T17:36:05,1,0
4f1bd15d-a901-434e-973e-7642f514c0f8,b68d4b4e-fc14-491e-b16a-bee721d8fc0b,6139-9532-6362,8132-3118-4566,IDBI Bank,IBKL0147680,Noida,Gautam Buddh Nagar,Uttar Pradesh,28.513932,77.402173,124464.1,2026-07-04T17:36:34,1,0
3596d829-cd2e-4867-b379-a72ab8b3d1d4,b68d4b4e-fc14-491e-b16a-bee721d8fc0b,7352-7581-5616,4554-2847-5610,Federal Bank,FDRL0525985,Patna,Patna,Bihar,25.602913,85.147006,50211.2,2026-07-04T17:37:13,2,0
55339fbb-e1e6-4be0-ab77-3d44a94d86b6,b68d4b4e-fc14-491e-b16a-bee721d8fc0b,7352-7581-5616,8956-9373-2833,Punjab National Bank,PUNB0824203,Ahmedabad,Ahmedabad,Gujarat,23.025185,72.586569,47871.72,2026-07-04T17:38:22,2,0
c788cdef-73fb-41ea-a6fb-ec979f40d48d,b68d4b4e-fc14-491e-b16a-bee721d8fc0b,7352-7581-5616,2475-8717-8315,IDBI Bank,IBKL0216280,Mumbai,Mumbai City,Maharashtra,19.099536,72.82969,40482.79,2026-07-04T17:39:24,2,0
02e0497a-f6e5-487c-b03f-0a8049391128,b68d4b4e-fc14-491e-b16a-bee721d8fc0b,7542-6092-2945,8077-7918-7714,IDBI Bank,IBKL0881321,Lucknow,Lucknow,Uttar Pradesh,26.813509,80.896413,84544.08,2026-07-04T17:39:55,2,0
b92e2ecc-02cb-41e0-9750-5e649e56780b,b68d4b4e-fc14-491e-b16a-bee721d8fc0b,8132-3118-4566,6698-4222-3642,Bank of Baroda,BARB0670395,Mumbai,Mumbai City,Maharashtra,19.065603,72.914997,124464.1,2026-07-04T17:40:59,2,0
b330272f-f1ec-40e7-89f5-c64780673bec,b68d4b4e-fc14-491e-b16a-bee721d8fc0b,2475-8717-8315,3940-5426-5002,South Indian Bank,SIBL0346355,Kolkata,Kolkata,West Bengal,22.574593,88.343976,36434.51,2026-07-04T17:43:54,3,1
319b6f41-c417-4d0b-84a1-bb8d8eaabaa8,b68d4b4e-fc14-491e-b16a-bee721d8fc0b,4554-2847-5610,3940-5426-5002,South Indian Bank,SIBL0680020,Kolkata,Kolkata,West Bengal,22.580164,88.380896,45190.08,2026-07-04T17:45:39,3,1
6179c3ed-51e2-4f8e-a26e-495ff137a4b2,b68d4b4e-fc14-491e-b16a-bee721d8fc0b,8956-9373-2833,3940-5426-5002,South Indian Bank,SIBL0949678,Kolkata,Kolkata,West Bengal,22.577238,88.370299,43084.55,2026-07-04T17:48:26,3,1
e980ac7e-ce4f-4f01-863d-4a2ff61bc8af,22d14566-8beb-4612-80c2-b5369e6017ed,2023-1977-8390,9748-8081-3687,ICICI Bank,ICIC0682809,Bhopal,Bhopal,Madhya Pradesh,23.309194,77.383281,39221.19,2026-07-27T13:27:01,1,0
79caea52-1320-42c6-9d74-748d80cdd1b1,22d14566-8beb-4612-80c2-b5369e6017ed,2023-1977-8390,8493-8145-4998,UCO Bank,UCBA0504083,Chandigarh,Chandigarh,Chandigarh,30.750617,76.817676,4847.68,2026-07-27T13:27:43,1,0
d5165322-ef42-4baa-92be-97d31fbcc94d,22d14566-8beb-4612-80c2-b5369e6017ed,9748-8081-3687,4514-8924-7676,IDBI Bank,IBKL0630221,Noida,Gautam Buddh Nagar,Uttar Pradesh,28.519122,77.352404,39221.19,2026-07-27T13:29:10,2,0
7bac6c66-e467-4006-bbbc-79b68f17837a,22d14566-8beb-4612-80c2-b5369e6017ed,8493-8145-4998,9885-7594-3900,HDFC Bank,HDFC0177998,Delhi,Central Delhi,Delhi,28.582887,77.225382,2448.79,2026-07-27T13:30:29,2,0
bcea5764-262f-4a76-9c51-4cb5823a84a1,22d14566-8beb-4612-80c2-b5369e6017ed,8493-8145-4998,7515-8452-2716,ICICI Bank,ICIC0336568,Mumbai,Mumbai City,Maharashtra,19.09769,72.842935,2364.72,2026-07-27T13:31:49,2,0
b6ecfa52-40b2-4def-94a3-799b51246360,22d14566-8beb-4612-80c2-b5369e6017ed,8493-8145-4998,5060-8111-5992,Union Bank of India,UBIN0632783,Bhopal,Bhopal,Madhya Pradesh,23.283009,77.384981,100.0,2026-07-27T13:33:02,2,0
75bf63c8-8410-4cbe-ad75-2d1be1a49cdb,22d14566-8beb-4612-80c2-b5369e6017ed,5060-8111-5992,9656-8813-6330,IDBI Bank,IBKL0834335,Patna,Patna,Bihar,25.574891,85.155707,90.0,2026-07-27T13:35:36,3,1
a88c9ee3-1255-49dc-a99e-f74b80ab9ca0,22d14566-8beb-4612-80c2-b5369e6017ed,7515-8452-2716,9656-8813-6330,IDBI Bank,IBKL0616956,Patna,Patna,Bihar,25.589526,85.143626,2128.25,2026-07-27T13:37:37,3,1
71979aa1-301b-4056-9238-1c682b52ff5e,22d14566-8beb-4612-80c2-b5369e6017ed,4514-8924-7676,9656-8813-6330,IDBI Bank,IBKL0892217,Patna,Patna,Bihar,25.599266,85.132409,35299.07,2026-07-27T13:39:31,3,1
e40b2f7a-25ae-436b-a4fd-2e8cac9d03cd,d30597f4-b879-486a-9cae-f1238728bfa7,3736-1102-9818,2645-5364-5052,South Indian Bank,SIBL0828543,Kolkata,Kolkata,West Bengal,22.533667,88.410894,34007.37,2026-08-02T05:41:28,1,0
52843bab-2e44-4e30-8790-d77033f6e962,d30597f4-b879-486a-9cae-f1238728bfa7,3736-1102-9818,2229-3087-8652,UCO Bank,UCBA0659143,Bhopal,Bhopal,Madhya Pradesh,23.274225,77.416702,2684.63,2026-08-02T05:42:04,1,0
7ef072e8-d9e8-420f-92ae-7f87ce0fd9f0,d30597f4-b879-486a-9cae-f1238728bfa7,3736-1102-9818,8284-7713-2913,Bank of Baroda,BARB0621644,Jaipur,Jaipur,Rajasthan,26.88022,75.804856,7942.11,2026-08-02T05:42:33,1,0
fac06189-306a-4bb7-a4b0-f88646681e43,d30597f4-b879-486a-9cae-f1238728bfa7,2645-5364-5052,3468-7402-7174,Federal Bank,FDRL0245087,Noida,Gautam Buddh Nagar,Uttar Pradesh,28.517867,77.361414,14283.89,2026-08-02T05:43:39,2,0
d530aded-8992-4435-ab98-f1cde376e05c,d30597f4-b879-486a-9cae-f1238728bfa7,2645-5364-5052,7039-7541-9746,Union Bank of India,UBIN0692974,Ahmedabad,Ahmedabad,Gujarat,23.061611,72.537651,1839.82,2026-08-02T05:44:48,2,0
458b65c5-dced-445e-a320-2d01da598f88,d30597f4-b879-486a-9cae-f1238728bfa7,2645-5364-5052,7299-3798-6798,Axis Bank,UTIB0386081,Ahmedabad,Ahmedabad,Gujarat,23.039616,72.584227,17883.66,2026-08-02T05:45:38,2,0
99d95149-4597-4241-9948-29640de14ed1,d30597f4-b879-486a-9cae-f1238728bfa7,2229-3087-8652,8280-5880-3236,Federal Bank,FDRL0123566,Ahmedabad,Ahmedabad,Gujarat,23.017005,72.58414,2684.63,2026-08-02T05:46:45,2,0
1de98f7e-06c7-4ba9-8326-ccc091895a4a,d30597f4-b879-486a-9cae-f1238728bfa7,8284-7713-2913,7750-7931-5989,YES Bank,YESB0701981,Chennai,Chennai,Tamil Nadu,13.094574,80.269143,7942.11,2026-08-02T05:47:19,2,0
ecdc1107-e929-4609-a0e5-a94774004d0e,d30597f4-b879-486a-9cae-f1238728bfa7,3468-7402-7174,6766-5656-7645,Punjab National Bank,PUNB0302942,Noida,Gautam Buddh Nagar,Uttar Pradesh,28.547609,77.403079,12855.5,2026-08-02T05:49:24,3,1
20799df0-2be2-4d70-8db2-548104ee68bd,d30597f4-b879-486a-9cae-f1238728bfa7,8280-5880-3236,6766-5656-7645,Punjab National Bank,PUNB0416951,Noida,Gautam Buddh Nagar,Uttar Pradesh,28.520002,77.389482,2416.17,2026-08-02T05:52:12,3,1
95fc6866-0634-4e7f-9743-cd9ca0d7ede5,d30597f4-b879-486a-9cae-f1238728bfa7,7039-7541-9746,6766-5656-7645,Punjab National Bank,PUNB0979645,Noida,Gautam Buddh Nagar,Uttar Pradesh,28.533833,77.408749,1655.84,2026-08-02T05:53:48,3,1
519e11fa-1472-4664-96f8-be2ba038d326,d30597f4-b879-486a-9cae-f1238728bfa7,7299-3798-6798,6766-5656-7645,Punjab National Bank,PUNB0316277,Noida,Gautam Buddh Nagar,Uttar Pradesh,28.531447,77.394261,16095.29,2026-08-02T05:55:31,3,1
e1f285d3-3492-49cd-9b3d-d64c3a7db829,d30597f4-b879-486a-9cae-f1238728bfa7,7750-7931-5989,6766-5656-7645,Punjab National Bank,PUNB0659119,Noida,Gautam Buddh Nagar,Uttar Pradesh,28.519773,77.386233,7147.9,2026-08-02T05:58:14,3,1
05d7d71b-1ce2-4d47-8182-046fad53848c,26ea4af7-ccf0-4d6c-a89a-eff7fe19d019,9744-1458-5345,6177-1161-3730,ICICI Bank,ICIC0976288,Noida,Gautam Buddh Nagar,Uttar Pradesh,28.574263,77.34414,128157.75,2026-06-03T04:19:48,1,0
8c15fcba-5a95-4ba1-bb27-2318abe9eec5,26ea4af7-ccf0-4d6c-a89a-eff7fe19d019,9744-1458-5345,9433-7463-1162,ICICI Bank,ICIC0140983,Chennai,Chennai,Tamil Nadu,13.072371,80.249688,50858.01,2026-06-03T04:20:23,1,0
3ce0b7df-86a2-49a5-af56-e3711180834d,26ea4af7-ccf0-4d6c-a89a-eff7fe19d019,6177-1161-3730,2002-1296-9918,YES Bank,YESB0100571,Mumbai,Mumbai City,Maharashtra,19.081628,72.881662,629.49,2026-06-03T04:20:59,2,0
db795869-b4e6-4cb0-ad02-eaaca5dca31f,26ea4af7-ccf0-4d6c-a89a-eff7fe19d019,6177-1161-3730,3935-5432-9759,Axis Bank,UTIB0798063,Bhopal,Bhopal,Madhya Pradesh,23.29035,77.395588,33244.27,2026-06-03T04:22:04,2,0
3fb8bf1f-4eb5-4402-8620-cfaae17a31f6,26ea4af7-ccf0-4d6c-a89a-eff7fe19d019,6177-1161-3730,5139-6874-9521,IndusInd Bank,INDB0667129,Bhopal,Bhopal,Madhya Pradesh,23.265007,77.424485,94283.99,2026-06-03T04:22:53,2,0
427db070-a0d9-43e1-818d-808560ce5f4b,26ea4af7-ccf0-4d6c-a89a-eff7fe19d019,9433-7463-1162,8761-5291-2736,Bank of Baroda,BARB0113343,Chandigarh,Chandigarh,Chandigarh,30.688024,76.750685,38319.88,2026-06-03T04:24:13,2,0
fc6463a3-c176-463a-9945-cbef27c97284,26ea4af7-ccf0-4d6c-a89a-eff7fe19d019,9433-7463-1162,6695-7815-4875,Bank of Baroda,BARB0509340,Lucknow,Lucknow,Uttar Pradesh,26.872677,80.93653,9636.63,2026-06-03T04:25:26,2,0
0b3a0892-eeca-42ac-9592-817049668496,26ea4af7-ccf0-4d6c-a89a-eff7fe19d019,9433-7463-1162,1238-3447-8324,South Indian Bank,SIBL0916373,Bhopal,Bhopal,Madhya Pradesh,23.269544,77.427105,2901.5,2026-06-03T04:26:33,2,0
97a6bf5a-696d-490a-9a0e-f41b4ab9d952,26ea4af7-ccf0-4d6c-a89a-eff7fe19d019,5139-6874-9521,2590-5277-4138,Federal Bank,FDRL0797267,Chennai,Chennai,Tamil Nadu,13.096487,80.290321,84855.59,2026-06-03T04:28:42,3,1
72c98697-c597-4694-bac2-a70f98601c14,26ea4af7-ccf0-4d6c-a89a-eff7fe19d019,8761-5291-2736,2590-5277-4138,Federal Bank,FDRL0570627,Chennai,Chennai,Tamil Nadu,13.085479,80.270806,34487.89,2026-06-03T04:30:37,3,1
8f7d84b0-dfef-4394-b31b-8cc9d9ab8e54,26ea4af7-ccf0-4d6c-a89a-eff7fe19d019,1238-3447-8324,2590-5277-4138,Federal Bank,FDRL0856037,Chennai,Chennai,Tamil Nadu,13.099191,80.276845,2611.35,2026-06-03T04:32:38,3,1
c4430f3b-6a0b-4fbc-8499-e795e6c3ee0a,c97de8c7-80ee-4df7-a71b-065a66fe8754,8734-3654-7790,1572-1511-2851,South Indian Bank,SIBL0417735,Pune,Pune,Maharashtra,18.565369,73.831907,12856.19,2026-07-30T23:08:33,1,0
27631c14-54ee-4303-adc4-ffe11ada781b,c97de8c7-80ee-4df7-a71b-065a66fe8754,8734-3654-7790,4343-8007-7100,UCO Bank,UCBA0512504,Delhi,Central Delhi,Delhi,28.612295,77.225527,9931.77,2026-07-30T23:09:21,1,0
4a9f044b-8fc9-4cc4-bb69-e718ef4c2d36,c97de8c7-80ee-4df7-a71b-065a66fe8754,8734-3654-7790,3013-1779-4783,Union Bank of India,UBIN0520341,Chandigarh,Chandigarh,Chandigarh,30.76515,76.766823,19357.43,2026-07-30T23:09:58,1,0
cd80ffa2-4f4e-473f-b173-0180364581d2,c97de8c7-80ee-4df7-a71b-065a66fe8754,1572-1511-2851,1632-7190-3322,Bank of Baroda,BARB0726373,Ahmedabad,Ahmedabad,Gujarat,23.016119,72.569169,941.79,2026-07-30T23:11:26,2,0
150673e2-a510-4b91-86e5-51ad4ea9b804,c97de8c7-80ee-4df7-a71b-065a66fe8754,1572-1511-2851,3065-2914-6301,South Indian Bank,SIBL0905430,Hyderabad,Hyderabad,Telangana,17.352826,78.530594,11914.4,2026-07-30T23:12:16,2,0
a478f1e9-1968-42e9-b869-50b33f57befc,c97de8c7-80ee-4df7-a71b-065a66fe8754,4343-8007-7100,3046-1129-6435,Axis Bank,UTIB0766057,Chandigarh,Chandigarh,Chandigarh,30.748052,76.75889,9931.77,2026-07-30T23:13:01,2,0
a5c1a969-8867-4d9b-b782-e772dfbfe519,c97de8c7-80ee-4df7-a71b-065a66fe8754,3013-1779-4783,5237-9174-6034,South Indian Bank,SIBL0418320,Hyderabad,Hyderabad,Telangana,17.389118,78.505173,19357.43,2026-07-30T23:14:01,2,0
c795998c-c8fc-4a2b-8924-34b87c266495,c97de8c7-80ee-4df7-a71b-065a66fe8754,3046-1129-6435,6345-3797-2579,Federal Bank,FDRL0343018,Bhopal,Bhopal,Madhya Pradesh,23.261275,77.405102,8938.59,2026-07-30T23:16:45,3,1
518339be-6ce2-416c-a014-d6390c3e6eaf,c97de8c7-80ee-4df7-a71b-065a66fe8754,5237-9174-6034,6345-3797-2579,Federal Bank,FDRL0970775,Bhopal,Bhopal,Madhya Pradesh,23.243173,77.398087,17421.69,2026-07-30T23:18:47,3,1
e7a40b6b-d18a-42c5-9d12-33ddee4cd0df,c97de8c7-80ee-4df7-a71b-065a66fe8754,1632-7190-3322,6345-3797-2579,Federal Bank,FDRL0864049,Bhopal,Bhopal,Madhya Pradesh,23.253808,77.396665,847.61,2026-07-30T23:20:29,3,1
bb093752-9709-4c4d-978a-2271efe66b8c,c97de8c7-80ee-4df7-a71b-065a66fe8754,3065-2914-6301,6345-3797-2579,Federal Bank,FDRL0969164,Bhopal,Bhopal,Madhya Pradesh,23.274374,77.416437,10722.96,2026-07-30T23:22:58,3,1
02bafb68-91fb-45cb-94ad-bf148101bdd4,a647c6b8-3e10-420e-9110-b196200dff52,5081-7461-3092,4028-2497-2113,YES Bank,YESB0662111,Pune,Pune,Maharashtra,18.534654,73.879851,73709.01,2026-08-03T21:39:27,1,0
0ab98017-2b2c-49b0-bdf0-1fb440b4bbfe,a647c6b8-3e10-420e-9110-b196200dff52,5081-7461-3092,8738-4880-3345,Bank of Baroda,BARB0436577,Kolkata,Kolkata,West Bengal,22.593837,88.346023,311811.96,2026-08-03T21:40:16,1,0
77797560-4dd7-40e0-a427-261370e3286d,a647c6b8-3e10-420e-9110-b196200dff52,5081-7461-3092,8590-9104-3573,ICICI Bank,ICIC0712846,Gurgaon,Gurugram,Haryana,28.476359,76.993631,39570.34,2026-08-03T21:40:46,1,0
6a56b34d-fa48-41dd-b35d-97da24f94f29,a647c6b8-3e10-420e-9110-b196200dff52,4028-2497-2113,3292-6122-2661,Kotak Mahindra Bank,KKBK0744819,Bengaluru,Bengaluru Urban,Karnataka,12.930003,77.551256,20002.45,2026-08-03T21:41:36,2,0
249fbf0d-774e-4767-806a-2ee9e2fd6079,a647c6b8-3e10-420e-9110-b196200dff52,4028-2497-2113,7653-2894-9230,South Indian Bank,SIBL0654794,Delhi,Central Delhi,Delhi,28.649068,77.163716,53706.56,2026-08-03T21:42:27,2,0
0d4aebe3-f19a-4b6c-8a83-7951e6bae4ef,a647c6b8-3e10-420e-9110-b196200dff52,8738-4880-3345,2519-5232-8343,Axis Bank,UTIB0483906,Patna,Patna,Bihar,25.607963,85.123262,11724.14,2026-08-03T21:43:27,2,0
15ad1843-558c-4243-9ebf-724daccab1f4,a647c6b8-3e10-420e-9110-b196200dff52,8738-4880-3345,8440-6034-5411,Punjab National Bank,PUNB0654617,Chennai,Chennai,Tamil Nadu,13.10588,80.306017,300087.82,2026-08-03T21:44:06,2,0
ac8bacbb-db27-429d-b420-2d6057787c0f,a647c6b8-3e10-420e-9110-b196200dff52,8590-9104-3573,2837-8557-2951,Punjab National Bank,PUNB0988568,Pune,Pune,Maharashtra,18.56053,73.827017,37318.88,2026-08-03T21:44:48,2,0
734be01b-fe49-4e13-b6cf-90f038ab94fd,a647c6b8-3e10-420e-9110-b196200dff52,8590-9104-3573,6839-5919-8527,Axis Bank,UTIB0635345,Chennai,Chennai,Tamil Nadu,13.086132,80.242925,2251.46,2026-08-03T21:45:39,2,0
94d728aa-a9b4-45de-84a3-0eafec0a0907,a647c6b8-3e10-420e-9110-b196200dff52,2837-8557-2951,2362-2124-4293,Axis Bank,UTIB0646481,Bhopal,Bhopal,Madhya Pradesh,23.276638,77.431816,33586.99,2026-08-03T21:48:01,3,1
69a6b039-bd7a-42df-919e-46a1c08f057f,a647c6b8-3e10-420e-9110-b196200dff52,7653-2894-9230,2362-2124-4293,Axis Bank,UTIB0139252,Bhopal,Bhopal,Madhya Pradesh,23.260419,77.412841,48335.9,2026-08-03T21:49:55,3,1
5df4086b-93b3-4983-84d9-26da5f2752d3,a647c6b8-3e10-420e-9110-b196200dff52,8440-6034-5411,2362-2124-4293,Axis Bank,UTIB0283587,Bhopal,Bhopal,Madhya Pradesh,23.272383,77.414873,270079.04,2026-08-03T21:52:48,3,1
01feabd2-6664-426f-95a9-9a9962be3657,c8855db1-9efb-4f9c-9d9b-48099fec5e1f,3852-8862-9901,4216-1157-5673,HDFC Bank,HDFC0290357,Bengaluru,Bengaluru Urban,Karnataka,12.933823,77.613751,87926.12,2026-07-04T15:13:57,1,0
866b0deb-a0d2-4251-92b4-a44a00e9ffd2,c8855db1-9efb-4f9c-9d9b-48099fec5e1f,3852-8862-9901,8123-4013-6176,Bank of Baroda,BARB0792997,Bhopal,Bhopal,Madhya Pradesh,23.231171,77.395344,302438.99,2026-07-04T15:14:33,1,0
7cc13ac8-cb03-4cac-a083-f98167aad1ce,c8855db1-9efb-4f9c-9d9b-48099fec5e1f,4216-1157-5673,8907-9386-1819,Union Bank of India,UBIN0212596,Ahmedabad,Ahmedabad,Gujarat,23.008124,72.589956,87926.12,2026-07-04T15:15:09,2,0
df4f2af4-dd0b-4c43-a6af-34c629c2ad0b,c8855db1-9efb-4f9c-9d9b-48099fec5e1f,8123-4013-6176,5792-5574-7250,HDFC Bank,HDFC0602467,Lucknow,Lucknow,Uttar Pradesh,26.840969,80.93409,302438.99,2026-07-04T15:16:10,2,0
e5cc4fcf-efd5-47fe-b63b-d2930a7fd2e5,c8855db1-9efb-4f9c-9d9b-48099fec5e1f,8907-9386-1819,2069-6085-4677,Federal Bank,FDRL0243184,Hyderabad,Hyderabad,Telangana,17.393766,78.494259,87926.12,2026-07-04T15:18:03,3,0
74a5d228-d74e-4af4-a82a-c79b518bc0f3,c8855db1-9efb-4f9c-9d9b-48099fec5e1f,2069-6085-4677,7161-8045-5292,Bank of Baroda,BARB0739202,Delhi,Central Delhi,Delhi,28.622654,77.217584,87926.12,2026-07-04T15:22:54,4,1
927d01ee-cf19-44cd-bafa-79bcb3b142bd,c8855db1-9efb-4f9c-9d9b-48099fec5e1f,5792-5574-7250,2837-1790-9720,Union Bank of India,UBIN0602992,Bengaluru,Bengaluru Urban,Karnataka,12.944388,77.546296,302438.99,2026-07-04T15:26:26,3,1
5aedcae5-0379-4bcf-934d-43ba1052b35a,d8b01079-b780-423b-8d0b-d5de44b6fb57,6576-3682-2559,2392-9852-7710,IDBI Bank,IBKL0914197,Kolkata,Kolkata,West Bengal,22.57427,88.375825,9648.58,2026-08-12T03:43:31,1,0
a1694150-18ff-494a-a004-0ad7743b4038,d8b01079-b780-423b-8d0b-d5de44b6fb57,6576-3682-2559,9553-5759-5710,UCO Bank,UCBA0580060,Lucknow,Lucknow,Uttar Pradesh,26.854984,80.940004,120760.55,2026-08-12T03:44:23,1,0
61be6f58-8e5d-4be0-a1de-2a8ac8423a26,d8b01079-b780-423b-8d0b-d5de44b6fb57,6576-3682-2559,3788-5830-7387,South Indian Bank,SIBL0488953,Chandigarh,Chandigarh,Chandigarh,30.765689,76.818383,58737.48,2026-08-12T03:45:08,1,0
32fd13ff-9bec-4689-8cbe-3b00aa01830c,d8b01079-b780-423b-8d0b-d5de44b6fb57,2392-9852-7710,6710-9518-3071,ICICI Bank,ICIC0562534,Noida,Gautam Buddh Nagar,Uttar Pradesh,28.560019,77.387276,9204.29,2026-08-12T03:45:49,2,0
4e241313-fbb9-4898-8db1-d77a92e0db98,d8b01079-b780-423b-8d0b-d5de44b6fb57,2392-9852-7710,9492-2821-1841,UCO Bank,UCBA0794759,Jaipur,Jaipur,Rajasthan,26.946973,75.821159,444.29,2026-08-12T03:46:53,2,0
259aacde-c732-4c27-8c39-35be2fed5152,d8b01079-b780-423b-8d0b-d5de44b6fb57,9553-5759-5710,5902-9664-9854,IndusInd Bank,INDB0573802,Ahmedabad,Ahmedabad,Gujarat,23.062371,72.567612,120760.55,2026-08-12T03:47:35,2,0
7987e5df-4d01-426c-a7a9-0e56e1af9fdf,d8b01079-b780-423b-8d0b-d5de44b6fb57,3788-5830-7387,9669-5902-5303,South Indian Bank,SIBL0546120,Mumbai,Mumbai City,Maharashtra,19.075634,72.915085,21212.5,2026-08-12T03:48:55,2,0
dd1bea39-d200-471b-acff-5b6e274673ff,d8b01079-b780-423b-8d0b-d5de44b6fb57,3788-5830-7387,6385-2620-5356,Canara Bank,CNRB0209902,Kolkata,Kolkata,West Bengal,22.5309,88.386512,37524.98,2026-08-12T03:49:58,2,0
b4b20505-c4fa-4f6e-9a9b-3031b7fc6bf0,d8b01079-b780-423b-8d0b-d5de44b6fb57,6710-9518-3071,9787-2869-2342,UCO Bank,UCBA0615568,Mumbai,Mumbai City,Maharashtra,19.089372,72.860891,8283.86,2026-08-12T03:52:16,3,1
a6db99dc-24c3-4686-a53e-25459cd55df1,d8b01079-b780-423b-8d0b-d5de44b6fb57,9492-2821-1841,9787-2869-2342,UCO Bank,UCBA0452908,Mumbai,Mumbai City,Maharashtra,19.079058,72.8932,399.86,2026-08-12T03:55:16,3,1
1006f68d-650d-4592-afaa-78b9ab62e56a,d8b01079-b780-423b-8d0b-d5de44b6fb57,5902-9664-9854,9787-2869-2342,UCO Bank,UCBA0873732,Mumbai,Mumbai City,Maharashtra,19.087797,72.883968,108684.5,2026-08-12T03:56:18,3,1
cec3c780-02cd-4316-8112-a60bfc4c15d6,d8b01079-b780-423b-8d0b-d5de44b6fb57,9669-5902-5303,9787-2869-2342,UCO Bank,UCBA0984694,Mumbai,Mumbai City,Maharashtra,19.084805,72.882911,19091.25,2026-08-12T03:59:08,3,1
2083397c-3530-4fc6-af4a-f20a4a586725,d8b01079-b780-423b-8d0b-d5de44b6fb57,6385-2620-5356,9787-2869-2342,UCO Bank,UCBA0973877,Mumbai,Mumbai City,Maharashtra,19.060215,72.87642,33772.48,2026-08-12T04:00:29,3,1
30dd767b-577f-4051-b77f-969c4ca5df56,6aed1a86-1352-4662-bacf-47d3534764cc,7068-6171-3421,7966-7929-4403,State Bank of India,SBIN0856979,Patna,Patna,Bihar,25.590568,85.1625,111597.24,2026-06-26T02:59:58,1,0
30d58147-564d-4169-a169-a2768dd51c4b,6aed1a86-1352-4662-bacf-47d3534764cc,7068-6171-3421,4621-7122-2465,Federal Bank,FDRL0433884,Jaipur,Jaipur,Rajasthan,26.881916,75.804633,44541.39,2026-06-26T03:00:57,1,0
9ebe4883-2405-499c-bb08-0a89b84aef9e,6aed1a86-1352-4662-bacf-47d3534764cc,7068-6171-3421,6129-9267-9822,IDBI Bank,IBKL0227441,Lucknow,Lucknow,Uttar Pradesh,26.808886,80.920313,4482.15,2026-06-26T03:01:08,1,0
02759ef6-953a-46ec-8b99-06c496f4faee,6aed1a86-1352-4662-bacf-47d3534764cc,7966-7929-4403,2307-1170-5073,HDFC Bank,HDFC0858652,Mumbai,Mumbai City,Maharashtra,19.068659,72.885097,108002.04,2026-06-26T03:02:00,2,0
f2b10388-7185-41c3-b15f-a411d7637982,6aed1a86-1352-4662-bacf-47d3534764cc,7966-7929-4403,9726-3058-8771,Union Bank of India,UBIN0966492,Bengaluru,Bengaluru Urban,Karnataka,12.975101,77.554706,1893.52,2026-06-26T03:03:14,2,0
88645414-5a7a-41f4-b71d-010e69670afa,6aed1a86-1352-4662-bacf-47d3534764cc,7966-7929-4403,6036-3202-6163,IDBI Bank,IBKL0144791,Noida,Gautam Buddh Nagar,Uttar Pradesh,28.513841,77.3471,1701.67,2026-06-26T03:04:16,2,0
e5151b7c-bdb2-4768-92f9-b7af20fa5c46,6aed1a86-1352-4662-bacf-47d3534764cc,4621-7122-2465,5904-4476-8553,Canara Bank,CNRB0459924,Noida,Gautam Buddh Nagar,Uttar Pradesh,28.578767,77.420507,44541.39,2026-06-26T03:04:59,2,0
947c3880-66c1-4006-9a28-550d2e70b85d,6aed1a86-1352-4662-bacf-47d3534764cc,6129-9267-9822,9129-4369-7211,IDBI Bank,IBKL0520419,Ahmedabad,Ahmedabad,Gujarat,23.029335,72.542299,691.82,2026-06-26T03:06:01,2,0
1a1fd528-0362-4e55-8060-79a3b0d7255f,6aed1a86-1352-4662-bacf-47d3534764cc,6129-9267-9822,7587-3291-8206,YES Bank,YESB0163285,Ahmedabad,Ahmedabad,Gujarat,23.042931,72.584063,1186.73,2026-06-26T03:06:46,2,0
f38551fb-a00c-4ec1-b658-933b4536c198,6aed1a86-1352-4662-bacf-47d3534764cc,6129-9267-9822,2292-4555-6712,Bank of Baroda,BARB0887769,Bhopal,Bhopal,Madhya Pradesh,23.294055,77.40562,2603.61,2026-06-26T03:07:50,2,0
29a11db0-ea51-4a5f-8aef-22ab242e2571,6aed1a86-1352-4662-bacf-47d3534764cc,7587-3291-8206,2408-6477-7321,Federal Bank,FDRL0713189,Hyderabad,Hyderabad,Telangana,17.384494,78.474137,1068.06,2026-06-26T03:09:20,3,1
bab7388e-0bce-4d09-a87a-f4b5b7c227d5,6aed1a86-1352-4662-bacf-47d3534764cc,6036-3202-6163,2408-6477-7321,Federal Bank,FDRL0928221,Hyderabad,Hyderabad,Telangana,17.400089,78.47075,1531.5,2026-06-26T03:11:04,3,1
11153bbc-bbfb-41da-8694-2078d9991bce,6aed1a86-1352-4662-bacf-47d3534764cc,5904-4476-8553,2408-6477-7321,Federal Bank,FDRL0358053,Hyderabad,Hyderabad,Telangana,17.380715,78.493854,40087.25,2026-06-26T03:12:41,3,1
75bf20a7-eb84-4957-afc8-b4a28456207f,6aed1a86-1352-4662-bacf-47d3534764cc,9726-3058-8771,2408-6477-7321,Federal Bank,FDRL0792085,Hyderabad,Hyderabad,Telangana,17.370361,78.487022,1704.17,2026-06-26T03:13:46,3,1
df4e1530-2777-42e2-8486-1f6b669a597a,2ee24722-cb10-4ca4-96af-911125d8e03f,8725-8965-3977,1461-3595-9924,Bank of Baroda,BARB0361487,Chandigarh,Chandigarh,Chandigarh,30.712799,76.781524,129870.33,2026-07-23T14:23:52,1,0
17661bf4-5c11-49ea-814e-d1b986d5ddba,2ee24722-cb10-4ca4-96af-911125d8e03f,8725-8965-3977,7911-7196-7715,YES Bank,YESB0368880,Pune,Pune,Maharashtra,18.477269,73.87718,66688.42,2026-07-23T14:24:26,1,0
ab905f44-33ac-4b42-b9c2-ffb78fab6832,2ee24722-cb10-4ca4-96af-911125d8e03f,1461-3595-9924,2254-1572-2717,Union Bank of India,UBIN0957877,Bhopal,Bhopal,Madhya Pradesh,23.273381,77.392561,6727.75,2026-07-23T14:25:17,2,0
8e68778c-237f-420f-a49b-96e6e233482f,2ee24722-cb10-4ca4-96af-911125d8e03f,1461-3595-9924,8566-6297-4354,Punjab National Bank,PUNB0491438,Delhi,Central Delhi,Delhi,28.660233,77.162747,123142.58,2026-07-23T14:26:40,2,0
38c8f4b1-229f-4c7a-a98c-e46f21aad1b2,2ee24722-cb10-4ca4-96af-911125d8e03f,7911-7196-7715,9959-1020-3217,Axis Bank,UTIB0240845,Hyderabad,Hyderabad,Telangana,17.428363,78.487611,27757.27,2026-07-23T14:27:36,2,0
1d62c7de-16ac-4937-802c-bcabb58e8ca3,2ee24722-cb10-4ca4-96af-911125d8e03f,7911-7196-7715,9034-4506-1135,Punjab National Bank,PUNB0371752,Jaipur,Jaipur,Rajasthan,26.930043,75.782629,30002.08,2026-07-23T14:28:12,2,0
4c0bb426-993d-404e-b410-076c0b9fb46b,2ee24722-cb10-4ca4-96af-911125d8e03f,7911-7196-7715,5326-3338-8972,YES Bank,YESB0341085,Ahmedabad,Ahmedabad,Gujarat,23.031698,72.600825,8929.07,2026-07-23T14:29:15,2,0
785ef7cc-8fb5-46d3-8d33-2955b525fecb,2ee24722-cb10-4ca4-96af-911125d8e03f,5326-3338-8972,1735-7854-9114,Canara Bank,CNRB0892903,Pune,Pune,Maharashtra,18.534823,73.863071,8036.16,2026-07-23T14:31:43,3,1
39cdb13e-3fca-4e78-9769-168a5d51b93d,2ee24722-cb10-4ca4-96af-911125d8e03f,9034-4506-1135,1735-7854-9114,Canara Bank,CNRB0757138,Pune,Pune,Maharashtra,18.539008,73.873495,27001.87,2026-07-23T14:34:00,3,1
52e35d71-c38d-4aa3-a2ee-208dec6fb966,2ee24722-cb10-4ca4-96af-911125d8e03f,9959-1020-3217,1735-7854-9114,Canara Bank,CNRB0282138,Pune,Pune,Maharashtra,18.507325,73.858163,24981.54,2026-07-23T14:36:12,3,1
e7a5e684-c262-4d76-a71a-2b63dd7c2586,8a8607e7-a12c-49b3-a504-38e033da8480,9341-8443-5417,6744-2833-4885,Federal Bank,FDRL0229274,Chennai,Chennai,Tamil Nadu,13.078051,80.309527,83777.58,2026-08-27T01:09:40,1,0
8ccaec6a-5498-4b7c-b85e-e6afdd488f11,8a8607e7-a12c-49b3-a504-38e033da8480,9341-8443-5417,6384-9808-8433,IndusInd Bank,INDB0945198,Hyderabad,Hyderabad,Telangana,17.39028,78.492695,62582.97,2026-08-27T01:09:51,1,0
01ac034c-6e89-414f-a142-88ee41e09b64,8a8607e7-a12c-49b3-a504-38e033da8480,6744-2833-4885,2731-7287-5439,IDBI Bank,IBKL0969269,Patna,Patna,Bihar,25.547611,85.118107,83777.58,2026-08-27T01:11:10,2,0
e4abcf9f-168a-443c-8172-ab4ef804ff7f,8a8607e7-a12c-49b3-a504-38e033da8480,6384-9808-8433,9255-9564-2065,Kotak Mahindra Bank,KKBK0675014,Mumbai,Mumbai City,Maharashtra,19.072989,72.89289,62582.97,2026-08-27T01:12:12,2,0
0e9dbaba-189e-49e5-8e45-255813a21e8c,8a8607e7-a12c-49b3-a504-38e033da8480,2731-7287-5439,4834-4513-7630,YES Bank,YESB0571342,Chennai,Chennai,Tamil Nadu,13.034092,80.245807,83777.58,2026-08-27T01:14:24,3,1
742b8661-e83d-4d43-bb6f-7a87e17aca42,8a8607e7-a12c-49b3-a504-38e033da8480,9255-9564-2065,1204-2846-6719,Union Bank of India,UBIN0767854,Bhopal,Bhopal,Madhya Pradesh,23.297235,77.459532,62582.97,2026-08-27T01:16:13,3,1
24638f2a-e221-4eab-ade5-9534ab3d3f4d,6d35643f-b7a8-4b17-863f-62751ff9f532,9928-3092-7486,6712-5333-3733,South Indian Bank,SIBL0171114,Pune,Pune,Maharashtra,18.535921,73.823739,90464.9,2026-08-07T07:52:28,1,0
63dc8075-a09d-4ba6-be9f-20201f5f10a2,6d35643f-b7a8-4b17-863f-62751ff9f532,6712-5333-3733,2392-1570-6834,Kotak Mahindra Bank,KKBK0107678,Gurgaon,Gurugram,Haryana,28.436353,77.00455,90464.9,2026-08-07T07:53:26,2,0
972e0425-d44f-4c72-9276-ee5d1ca2ad90,6d35643f-b7a8-4b17-863f-62751ff9f532,2392-1570-6834,9105-5458-2633,Axis Bank,UTIB0383873,Gurgaon,Gurugram,Haryana,28.446623,77.054678,90464.9,2026-08-07T07:56:50,3,1
dae69a8f-9bb2-475b-a850-59638c5585b7,941da135-8303-489c-9c32-27c2927c2f0c,2233-1974-8908,6071-2618-3366,IDBI Bank,IBKL0368183,Hyderabad,Hyderabad,Telangana,17.421555,78.494134,46188.12,2026-08-24T14:35:01,1,0
013d8888-a0da-4096-abda-939cc6c6ea40,941da135-8303-489c-9c32-27c2927c2f0c,2233-1974-8908,3362-5539-9912,ICICI Bank,ICIC0491322,Gurgaon,Gurugram,Haryana,28.417313,77.026201,15918.85,2026-08-24T14:35:24,1,0
2c518b2d-5d7c-45ca-8234-db3f0b4ec353,941da135-8303-489c-9c32-27c2927c2f0c,2233-1974-8908,8628-1461-8776,YES Bank,YESB0294534,Gurgaon,Gurugram,Haryana,28.438461,77.003101,211267.85,2026-08-24T14:35:53,1,0
7f53c785-723c-49f4-ad63-037108dca66c,941da135-8303-489c-9c32-27c2927c2f0c,6071-2618-3366,4505-3824-7868,Canara Bank,CNRB0552587,Kolkata,Kolkata,West Bengal,22.532522,88.352048,11168.83,2026-08-24T14:36:42,2,0
ee48089c-07c5-476e-b596-7e00a6538df8,941da135-8303-489c-9c32-27c2927c2f0c,6071-2618-3366,2633-2767-9742,Kotak Mahindra Bank,KKBK0256562,Delhi,Central Delhi,Delhi,28.618516,77.203865,3354.3,2026-08-24T14:37:15,2,0
8258b82a-346b-471c-b5b7-0a08d6415cba,941da135-8303-489c-9c32-27c2927c2f0c,6071-2618-3366,1845-1580-4152,ICICI Bank,ICIC0258803,Delhi,Central Delhi,Delhi,28.641804,77.16218,31664.99,2026-08-24T14:38:26,2,0
09304a82-31dc-4675-9ae9-2f9cc24eeb04,941da135-8303-489c-9c32-27c2927c2f0c,3362-5539-9912,4873-7404-7784,Canara Bank,CNRB0711731,Kolkata,Kolkata,West Bengal,22.525718,88.347796,3571.21,2026-08-24T14:39:08,2,0
943622df-f9fc-4730-b11d-945118724edc,941da135-8303-489c-9c32-27c2927c2f0c,3362-5539-9912,3220-2148-6904,UCO Bank,UCBA0131483,Bengaluru,Bengaluru Urban,Karnataka,12.927593,77.594093,12347.64,2026-08-24T14:40:08,2,0
af8442d9-f659-4c2b-aa85-f85c5089fe93,941da135-8303-489c-9c32-27c2927c2f0c,8628-1461-8776,6464-1201-1425,Kotak Mahindra Bank,KKBK0745226,Mumbai,Mumbai City,Maharashtra,19.072148,72.846651,211267.85,2026-08-24T14:41:29,2,0
14426541-c084-4481-81ac-af7be1a3e066,941da135-8303-489c-9c32-27c2927c2f0c,6464-1201-1425,3625-2532-2788,Axis Bank,UTIB0499166,Kolkata,Kolkata,West Bengal,22.575255,88.37363,190141.06,2026-08-24T14:44:13,3,1
e7c1ab0e-e962-4820-9db1-55a62319dae0,941da135-8303-489c-9c32-27c2927c2f0c,4873-7404-7784,3625-2532-2788,Axis Bank,UTIB0179241,Kolkata,Kolkata,West Bengal,22.578803,88.363725,3214.09,2026-08-24T14:46:13,3,1
0bebf944-49ec-4933-bbda-06592ceb9da7,941da135-8303-489c-9c32-27c2927c2f0c,2633-2767-9742,3625-2532-2788,Axis Bank,UTIB0225777,Kolkata,Kolkata,West Bengal,22.553598,88.376845,3018.87,2026-08-24T14:47:36,3,1
2bc4f8ea-199f-401d-85b9-2aa89ebdcfc0,1d7993bf-fdcb-44e2-b8e6-3db3e24fb78c,5576-7676-2832,2817-3739-9964,Punjab National Bank,PUNB0356773,Pune,Pune,Maharashtra,18.511106,73.905025,97538.54,2026-06-18T13:56:13,1,0
a4ad4c37-895c-4a7e-8cbf-c25af88349f0,1d7993bf-fdcb-44e2-b8e6-3db3e24fb78c,5576-7676-2832,2120-8765-1103,Federal Bank,FDRL0896473,Mumbai,Mumbai City,Maharashtra,19.056153,72.913383,18461.06,2026-06-18T13:56:32,1,0
bd3ece28-4171-4cef-81f1-b4a86ae8da77,1d7993bf-fdcb-44e2-b8e6-3db3e24fb78c,2817-3739-9964,4009-6907-3362,IndusInd Bank,INDB0116144,Hyderabad,Hyderabad,Telangana,17.349407,78.454808,97538.54,2026-06-18T13:57:07,2,0
27329223-3add-4341-86ec-c77df7e302b5,1d7993bf-fdcb-44e2-b8e6-3db3e24fb78c,2120-8765-1103,5421-2348-3325,UCO Bank,UCBA0318359,Delhi,Central Delhi,Delhi,28.63134,77.201067,10182.35,2026-06-18T13:58:01,2,0
0db265cc-1be1-4e47-8509-0b26ea884ff2,1d7993bf-fdcb-44e2-b8e6-3db3e24fb78c,2120-8765-1103,1278-5449-5998,Bank of Baroda,BARB0198957,Bengaluru,Bengaluru Urban,Karnataka,12.944065,77.557655,5071.58,2026-06-18T13:59:11,2,0
1b4dbbb7-c264-4ed7-a08e-18f90524dfd8,1d7993bf-fdcb-44e2-b8e6-3db3e24fb78c,2120-8765-1103,8308-8773-3953,HDFC Bank,HDFC0588236,Jaipur,Jaipur,Rajasthan,26.922668,75.767311,3207.13,2026-06-18T14:00:07,2,0
5ca82e05-9a71-4d26-8174-d7e57804b245,1d7993bf-fdcb-44e2-b8e6-3db3e24fb78c,5421-2348-3325,6883-9848-6746,HDFC Bank,HDFC0237796,Hyderabad,Hyderabad,Telangana,17.369231,78.489699,9164.12,2026-06-18T14:01:11,3,1
0ca75b7f-659b-4ae3-bc04-8a40c07d5e7d,1d7993bf-fdcb-44e2-b8e6-3db3e24fb78c,8308-8773-3953,6883-9848-6746,HDFC Bank,HDFC0435197,Hyderabad,Hyderabad,Telangana,17.403203,78.488181,2886.42,2026-06-18T14:02:25,3,1
d26c4435-08dc-4178-87f6-e35807e2b13b,1d7993bf-fdcb-44e2-b8e6-3db3e24fb78c,1278-5449-5998,6883-9848-6746,HDFC Bank,HDFC0982474,Hyderabad,Hyderabad,Telangana,17.368637,78.498917,4564.42,2026-06-18T14:05:23,3,1
eba418bc-3899-4812-b2c9-fb07823848cf,914c959a-dd91-4231-b02e-d6ee340b578e,7629-5678-9779,5182-8847-8011,Kotak Mahindra Bank,KKBK0161643,Hyderabad,Hyderabad,Telangana,17.425785,78.48672,247692.8,2026-07-04T21:15:21,1,0
f6ff4df5-1a1c-41ad-b473-f287d56bd2b5,914c959a-dd91-4231-b02e-d6ee340b578e,7629-5678-9779,9416-7902-3079,Punjab National Bank,PUNB0371390,Chennai,Chennai,Tamil Nadu,13.035064,80.29562,31547.81,2026-07-04T21:15:48,1,0
dbab29db-f03f-46f7-893a-fb78cf5c26c9,914c959a-dd91-4231-b02e-d6ee340b578e,5182-8847-8011,2451-2794-1532,Canara Bank,CNRB0145730,Pune,Pune,Maharashtra,18.475435,73.863828,221871.11,2026-07-04T21:16:23,2,0
b4f3c855-8537-4795-9628-81f863a27dd5,914c959a-dd91-4231-b02e-d6ee340b578e,5182-8847-8011,9039-5777-3140,YES Bank,YESB0963900,Kolkata,Kolkata,West Bengal,22.599453,88.408139,25821.69,2026-07-04T21:17:39,2,0
607de6d2-0820-4ba4-a1a9-55d67a8fd7da,914c959a-dd91-4231-b02e-d6ee340b578e,9416-7902-3079,7439-3094-4233,Bank of Baroda,BARB0392135,Mumbai,Mumbai City,Maharashtra,19.080033,72.878686,31547.81,2026-07-04T21:18:59,2,0
9dfb0e43-b4d4-4f17-af5a-45d25bd8c672,914c959a-dd91-4231-b02e-d6ee340b578e,9039-5777-3140,2921-4670-9647,Canara Bank,CNRB0552663,Bengaluru,Bengaluru Urban,Karnataka,12.9591,77.603177,23239.52,2026-07-04T21:20:34,3,1
79433f11-775b-4598-ab05-49df1347a220,914c959a-dd91-4231-b02e-d6ee340b578e,2451-2794-1532,2921-4670-9647,Canara Bank,CNRB0276341,Bengaluru,Bengaluru Urban,Karnataka,12.954237,77.58126,199684.0,2026-07-04T21:21:35,3,1
d4878798-868d-4da4-a52d-317bf4ea106f,914c959a-dd91-4231-b02e-d6ee340b578e,7439-3094-4233,2921-4670-9647,Canara Bank,CNRB0862160,Bengaluru,Bengaluru Urban,Karnataka,12.971267,77.612152,28393.03,2026-07-04T21:24:10,3,1
bb54f4d9-a92b-49a0-a8f8-f7342899c15f,b0c2339d-0486-4dd6-b5e1-78d866ffb20d,1238-6886-6387,4410-4568-1032,State Bank of India,SBIN0675189,Delhi,Central Delhi,Delhi,28.6158,77.183867,202089.19,2026-08-07T16:10:33,1,0
3e772bfa-5564-4256-ab4a-eb666f347e7e,b0c2339d-0486-4dd6-b5e1-78d866ffb20d,4410-4568-1032,7607-8429-4920,Union Bank of India,UBIN0905430,Ahmedabad,Ahmedabad,Gujarat,23.050314,72.621327,178528.02,2026-08-07T16:11:36,2,0
86854940-f17d-4621-8001-bfa7e4635d33,b0c2339d-0486-4dd6-b5e1-78d866ffb20d,4410-4568-1032,2822-1079-1055,Punjab National Bank,PUNB0525925,Noida,Gautam Buddh Nagar,Uttar Pradesh,28.565332,77.343314,23561.17,2026-08-07T16:12:13,2,0
16ea28ed-927b-47bb-9a12-fda09bee2cfa,b0c2339d-0486-4dd6-b5e1-78d866ffb20d,7607-8429-4920,3494-4851-3275,Kotak Mahindra Bank,KKBK0578933,Mumbai,Mumbai City,Maharashtra,19.100216,72.885897,178528.02,2026-08-07T16:16:08,3,0
d5879c37-04bc-4bd6-9037-169c5af5914c,b0c2339d-0486-4dd6-b5e1-78d866ffb20d,3494-4851-3275,9715-8533-1732,State Bank of India,SBIN0933782,Kolkata,Kolkata,West Bengal,22.595906,88.34392,178528.02,2026-08-07T16:18:47,4,1
a183684c-cbac-443d-b81d-a1ab43bce6f8,7835d606-d921-4d37-a4d2-ba78c971851a,9972-7967-8864,7365-5013-1665,IndusInd Bank,INDB0361138,Mumbai,Mumbai City,Maharashtra,19.069456,72.916732,28906.32,2026-06-29T20:19:37,1,0
7a9f4428-75cd-441f-851c-f99099e0910b,7835d606-d921-4d37-a4d2-ba78c971851a,9972-7967-8864,1830-1377-9438,Federal Bank,FDRL0567318,Mumbai,Mumbai City,Maharashtra,19.034248,72.837312,12600.28,2026-06-29T20:20:33,1,0
5e09b0c2-c9e0-44ab-8e05-9f6010f9af4b,7835d606-d921-4d37-a4d2-ba78c971851a,7365-5013-1665,6215-2514-7051,Punjab National Bank,PUNB0625597,Bengaluru,Bengaluru Urban,Karnataka,12.935752,77.601933,28906.32,2026-06-29T20:21:47,2,0
c68e53d1-3b10-4a2b-aef6-00ad0631d3c8,7835d606-d921-4d37-a4d2-ba78c971851a,1830-1377-9438,3458-1297-4098,Axis Bank,UTIB0899685,Bengaluru,Bengaluru Urban,Karnataka,12.945517,77.585887,9539.6,2026-06-29T20:22:40,2,0
c748ab73-c1c5-4685-a9cf-dcfdc98e14d4,7835d606-d921-4d37-a4d2-ba78c971851a,1830-1377-9438,5256-1197-2120,Kotak Mahindra Bank,KKBK0493280,Bengaluru,Bengaluru Urban,Karnataka,13.015945,77.605321,3060.68,2026-06-29T20:23:11,2,0
4687807d-a565-4757-8d3a-5c078469338e,7835d606-d921-4d37-a4d2-ba78c971851a,3458-1297-4098,8076-8235-3429,IDBI Bank,IBKL0161404,Delhi,Central Delhi,Delhi,28.615921,77.19968,8585.64,2026-06-29T20:24:23,3,1
e7f22ef1-dfda-4d65-8427-cb5fe3f37b97,7835d606-d921-4d37-a4d2-ba78c971851a,5256-1197-2120,8076-8235-3429,IDBI Bank,IBKL0856041,Delhi,Central Delhi,Delhi,28.594541,77.194571,2754.61,2026-06-29T20:26:45,3,1
bc2ea4d6-335b-430a-bb8d-50ffb22cee0c,7835d606-d921-4d37-a4d2-ba78c971851a,6215-2514-7051,8076-8235-3429,IDBI Bank,IBKL0665260,Delhi,Central Delhi,Delhi,28.63031,77.216549,26015.69,2026-06-29T20:29:23,3,1
6c4f019b-7d3c-4d03-9ab7-5efd057913ba,3c1f4fe7-f00c-4be2-88fb-fa1989101187,3257-4645-9410,5734-1018-3445,Bank of Baroda,BARB0173429,Kolkata,Kolkata,West Bengal,22.572288,88.382783,64676.42,2026-08-18T13:26:36,1,0
cccc939b-dc98-42b7-8d5d-c03047055062,3c1f4fe7-f00c-4be2-88fb-fa1989101187,3257-4645-9410,7407-3305-1551,Kotak Mahindra Bank,KKBK0928027,Mumbai,Mumbai City,Maharashtra,19.117274,72.891417,3849.21,2026-08-18T13:26:54,1,0
4d6a5975-7ea7-440f-a79f-a48104f1dff0,3c1f4fe7-f00c-4be2-88fb-fa1989101187,5734-1018-3445,7743-6104-3617,South Indian Bank,SIBL0461172,Mumbai,Mumbai City,Maharashtra,19.125575,72.82944,64676.42,2026-08-18T13:28:24,2,0
3ce65575-4a40-41bd-ab0e-90409181f23f,3c1f4fe7-f00c-4be2-88fb-fa1989101187,7407-3305-1551,2428-3612-2551,HDFC Bank,HDFC0539010,Jaipur,Jaipur,Rajasthan,26.956227,75.800134,2214.19,2026-08-18T13:29:29,2,0
d3b6b361-8494-4c1c-ac4e-d9e5407e30d3,3c1f4fe7-f00c-4be2-88fb-fa1989101187,7407-3305-1551,3285-6439-2756,IndusInd Bank,INDB0462756,Bengaluru,Bengaluru Urban,Karnataka,12.978046,77.573286,1635.02,2026-08-18T13:30:49,2,0
8a437484-1c7c-4a9b-a719-d2e075e70e24,3c1f4fe7-f00c-4be2-88fb-fa1989101187,7743-6104-3617,8612-3832-4589,State Bank of India,SBIN0528236,Pune,Pune,Maharashtra,18.501341,73.84011,58208.78,2026-08-18T13:32:43,3,1
fff0252e-ccc9-4965-9bb5-f1eb722c7886,3c1f4fe7-f00c-4be2-88fb-fa1989101187,3285-6439-2756,8612-3832-4589,State Bank of India,SBIN0354073,Pune,Pune,Maharashtra,18.521295,73.855031,1471.52,2026-08-18T13:34:54,3,1
68faf6ed-cfed-4ef0-a00d-cb2404ca0d50,3c1f4fe7-f00c-4be2-88fb-fa1989101187,2428-3612-2551,8612-3832-4589,State Bank of India,SBIN0194089,Pune,Pune,Maharashtra,18.529336,73.866526,1992.77,2026-08-18T13:35:57,3,1
138c4dd6-3cad-4c82-995f-607db2c86e7f,d9543666-09af-4300-b47f-d96305a1c3ad,4285-3083-7999,6748-2467-3049,IndusInd Bank,INDB0377339,Chandigarh,Chandigarh,Chandigarh,30.77795,76.800933,455802.57,2026-06-04T10:43:20,1,0
3ce889c6-aa02-4a67-8b63-bb0f6acdd1c5,d9543666-09af-4300-b47f-d96305a1c3ad,6748-2467-3049,9155-8035-8130,Bank of Baroda,BARB0954481,Mumbai,Mumbai City,Maharashtra,19.10319,72.900751,455802.57,2026-06-04T10:44:38,2,0
80254fe3-1ddf-4804-97cd-bd6bb103f0f0,d9543666-09af-4300-b47f-d96305a1c3ad,9155-8035-8130,7255-1753-6004,ICICI Bank,ICIC0251337,Chandigarh,Chandigarh,Chandigarh,30.781147,76.771296,455802.57,2026-06-04T10:48:25,3,0
1f016004-af28-41ae-8ee5-cf21dff6143e,d9543666-09af-4300-b47f-d96305a1c3ad,7255-1753-6004,4584-5912-7272,State Bank of India,SBIN0752255,Noida,Gautam Buddh Nagar,Uttar Pradesh,28.494311,77.36466,455802.57,2026-06-04T10:52:56,4,1
c7bded40-ea8b-4e1f-a7d5-e8761c5ac8b6,56de6fda-2cee-40ac-9b34-ba9b24cbd4b6,9179-4358-6064,3439-5251-4848,Canara Bank,CNRB0277290,Kolkata,Kolkata,West Bengal,22.538918,88.345685,37618.77,2026-08-06T22:29:12,1,0
08306dc6-2741-47e0-b6c1-2f6054786b8e,56de6fda-2cee-40ac-9b34-ba9b24cbd4b6,9179-4358-6064,6729-7911-2361,IDBI Bank,IBKL0232348,Jaipur,Jaipur,Rajasthan,26.945005,75.804118,47554.87,2026-08-06T22:29:28,1,0
737a5906-f5cd-4a5e-abe7-9bbbddada14c,56de6fda-2cee-40ac-9b34-ba9b24cbd4b6,3439-5251-4848,7459-8422-1062,Canara Bank,CNRB0538625,Bhopal,Bhopal,Madhya Pradesh,23.280259,77.401343,37618.77,2026-08-06T22:30:30,2,0
dd9eeaf9-542f-4f92-8a11-62d3b86ad730,56de6fda-2cee-40ac-9b34-ba9b24cbd4b6,6729-7911-2361,7556-3500-3130,Canara Bank,CNRB0672289,Bhopal,Bhopal,Madhya Pradesh,23.2541,77.448226,28180.59,2026-08-06T22:31:56,2,0
3aa9b470-8adc-4dcf-bcbe-cf60af215403,56de6fda-2cee-40ac-9b34-ba9b24cbd4b6,6729-7911-2361,5522-2254-8240,YES Bank,YESB0407706,Ahmedabad,Ahmedabad,Gujarat,23.01983,72.604387,19374.28,2026-08-06T22:32:43,2,0
6671dbc2-a943-4ef2-be61-bf293ce04c37,56de6fda-2cee-40ac-9b34-ba9b24cbd4b6,5522-2254-8240,6924-1246-1598,Canara Bank,CNRB0945442,Chandigarh,Chandigarh,Chandigarh,30.73371,76.779424,17436.85,2026-08-06T22:33:56,3,1
3034811c-cf89-4b1c-94fe-7216c44decff,56de6fda-2cee-40ac-9b34-ba9b24cbd4b6,7459-8422-1062,6924-1246-1598,Canara Bank,CNRB0415974,Chandigarh,Chandigarh,Chandigarh,30.752242,76.764422,33856.89,2026-08-06T22:35:57,3,1
2dcd6450-0cea-4534-a4af-4c8c187f67eb,56de6fda-2cee-40ac-9b34-ba9b24cbd4b6,7556-3500-3130,6924-1246-1598,Canara Bank,CNRB0385081,Chandigarh,Chandigarh,Chandigarh,30.745768,76.771704,25362.53,2026-08-06T22:37:37,3,1
df0cb2fa-edf0-4045-a42d-7e975a5e91d7,a673f91f-a381-4a2d-a729-b4221fe3f940,7869-7199-9973,2809-3470-2423,YES Bank,YESB0553848,Jaipur,Jaipur,Rajasthan,26.946748,75.79776,102169.45,2026-07-22T13:10:10,1,0
cbe5cf89-74eb-42d9-a858-fc604b74809a,a673f91f-a381-4a2d-a729-b4221fe3f940,2809-3470-2423,3680-6847-5207,IDBI Bank,IBKL0939940,Pune,Pune,Maharashtra,18.498705,73.888536,82726.48,2026-07-22T13:11:22,2,0
12c38486-d78d-462e-a2d6-4feddfbd8876,a673f91f-a381-4a2d-a729-b4221fe3f940,2809-3470-2423,3819-1281-7548,HDFC Bank,HDFC0803154,Noida,Gautam Buddh Nagar,Uttar Pradesh,28.556526,77.390306,19442.97,2026-07-22T13:12:41,2,0
a87a51cd-3def-48e2-a70c-f1380987460b,a673f91f-a381-4a2d-a729-b4221fe3f940,3680-6847-5207,9703-3404-8595,State Bank of India,SBIN0801172,Bhopal,Bhopal,Madhya Pradesh,23.252803,77.393272,82726.48,2026-07-22T13:14:44,3,1
5eabc70d-b8ba-4cd2-b576-99e70733972d,98a71d0d-7986-4b18-9db4-f439403b3f74,5710-9199-9236,2061-9654-9467,UCO Bank,UCBA0540166,Patna,Patna,Bihar,25.597784,85.186907,322288.78,2026-07-26T12:37:51,1,0
74e18fff-4c2c-4177-82f3-fcce9ffef044,98a71d0d-7986-4b18-9db4-f439403b3f74,2061-9654-9467,5254-1299-6690,HDFC Bank,HDFC0954775,Gurgaon,Gurugram,Haryana,28.497316,77.0077,233877.89,2026-07-26T12:38:32,2,0
674b0b4a-7774-499d-820e-736cfa33dcbe,98a71d0d-7986-4b18-9db4-f439403b3f74,2061-9654-9467,2611-2650-1716,IDBI Bank,IBKL0186257,Pune,Pune,Maharashtra,18.550615,73.825349,88410.89,2026-07-26T12:39:44,2,0
eb9e4833-557d-413c-99a7-b25f45970d3d,98a71d0d-7986-4b18-9db4-f439403b3f74,5254-1299-6690,7577-1834-6094,IDBI Bank,IBKL0544474,Kolkata,Kolkata,West Bengal,22.523019,88.408497,233877.89,2026-07-26T12:43:20,3,1
30ac980d-2f9b-4e79-b446-c981062b9edb,f0b75593-6b5b-4664-af80-c945e2f870aa,3331-2646-9277,1866-1957-4319,UCO Bank,UCBA0677512,Chennai,Chennai,Tamil Nadu,13.115507,80.28299,32003.11,2026-07-31T08:19:15,1,0
10698827-ddd4-4a16-8434-287f5e845773,f0b75593-6b5b-4664-af80-c945e2f870aa,3331-2646-9277,3673-2023-4303,HDFC Bank,HDFC0946817,Noida,Gautam Buddh Nagar,Uttar Pradesh,28.513102,77.434836,13202.2,2026-07-31T08:19:28,1,0
ac734b8f-b4e1-4619-9d2c-e01be77bbabf,f0b75593-6b5b-4664-af80-c945e2f870aa,1866-1957-4319,5879-8779-2913,HDFC Bank,HDFC0823369,Patna,Patna,Bihar,25.593738,85.09749,32003.11,2026-07-31T08:20:13,2,0
318f5afa-1cc9-4a6c-aed7-95d0dcf975d7,f0b75593-6b5b-4664-af80-c945e2f870aa,3673-2023-4303,7798-1746-2719,IDBI Bank,IBKL0887748,Ahmedabad,Ahmedabad,Gujarat,23.071562,72.593576,6372.2,2026-07-31T08:21:26,2,0
29bac766-8d72-4119-b679-07274ed2e1f1,f0b75593-6b5b-4664-af80-c945e2f870aa,3673-2023-4303,7356-3549-6812,HDFC Bank,HDFC0779492,Ahmedabad,Ahmedabad,Gujarat,23.00099,72.619218,6830.0,2026-07-31T08:22:12,2,0
474aa052-8880-49de-b57b-03f5bd3d2d69,f0b75593-6b5b-4664-af80-c945e2f870aa,7356-3549-6812,1154-2973-2262,Axis Bank,UTIB0334311,Chennai,Chennai,Tamil Nadu,13.076208,80.257326,6147.0,2026-07-31T08:23:55,3,1
79d237a7-e173-4eef-948f-73783bb1dccf,f0b75593-6b5b-4664-af80-c945e2f870aa,7798-1746-2719,1154-2973-2262,Axis Bank,UTIB0123733,Chennai,Chennai,Tamil Nadu,13.081602,80.257359,5734.98,2026-07-31T08:25:10,3,1
06ea756f-fa73-47c6-83c2-00c2a0f54cb4,f0b75593-6b5b-4664-af80-c945e2f870aa,5879-8779-2913,1154-2973-2262,Axis Bank,UTIB0808832,Chennai,Chennai,Tamil Nadu,13.097389,80.268446,28802.8,2026-07-31T08:27:17,3,1
94618a85-da69-4bce-8068-a16fded72b36,728cff67-9dd9-4d70-b1d4-3362d4a246dd,8727-3254-8667,1921-4714-8666,YES Bank,YESB0592811,Ahmedabad,Ahmedabad,Gujarat,23.070095,72.536863,191278.94,2026-07-17T10:06:12,1,0
367c5736-86a9-43d0-80cc-dd1351be5b72,728cff67-9dd9-4d70-b1d4-3362d4a246dd,8727-3254-8667,2834-7807-2733,IndusInd Bank,INDB0894996,Ahmedabad,Ahmedabad,Gujarat,23.031308,72.620184,93021.75,2026-07-17T10:06:34,1,0
72973395-29ba-4250-ae04-49c69381d4a1,728cff67-9dd9-4d70-b1d4-3362d4a246dd,8727-3254-8667,7991-1450-9388,Kotak Mahindra Bank,KKBK0912535,Chennai,Chennai,Tamil Nadu,13.044761,80.240497,36999.96,2026-07-17T10:07:00,1,0
d551d4a7-c77b-495b-a5a8-ec8328b10079,728cff67-9dd9-4d70-b1d4-3362d4a246dd,1921-4714-8666,4714-1660-8330,YES Bank,YESB0673602,Pune,Pune,Maharashtra,18.471892,73.878979,174190.64,2026-07-17T10:07:41,2,0
6331333a-6ea3-4f21-83c1-5e1f4a7fb808,728cff67-9dd9-4d70-b1d4-3362d4a246dd,1921-4714-8666,7868-2737-1114,Bank of Baroda,BARB0468991,Patna,Patna,Bihar,25.590652,85.184628,17088.3,2026-07-17T10:08:46,2,0
d88342ef-8434-4b22-9654-7b2a5d93fca3,728cff67-9dd9-4d70-b1d4-3362d4a246dd,2834-7807-2733,1241-3780-5208,Federal Bank,FDRL0303585,Pune,Pune,Maharashtra,18.55024,73.820195,93021.75,2026-07-17T10:09:58,2,0
9d726217-6261-46dc-963a-5d62644f88a3,728cff67-9dd9-4d70-b1d4-3362d4a246dd,7991-1450-9388,4051-3658-2991,IndusInd Bank,INDB0501003,Patna,Patna,Bihar,25.599249,85.172292,27221.03,2026-07-17T10:11:06,2,0
5e1a67f8-b2d3-4e4c-a76b-0b70a33f9f9d,728cff67-9dd9-4d70-b1d4-3362d4a246dd,7991-1450-9388,7401-1623-7298,Canara Bank,CNRB0595095,Jaipur,Jaipur,Rajasthan,26.864392,75.817385,9778.93,2026-07-17T10:11:52,2,0
a333cf33-c3f3-4c93-b308-de80255b1314,728cff67-9dd9-4d70-b1d4-3362d4a246dd,1241-3780-5208,6974-3327-2465,Bank of Baroda,BARB0221047,Delhi,Central Delhi,Delhi,28.627449,77.224786,83719.58,2026-07-17T10:14:26,3,1
be3277bb-3043-41a8-8240-f42e9afd59e2,728cff67-9dd9-4d70-b1d4-3362d4a246dd,4714-1660-8330,6974-3327-2465,Bank of Baroda,BARB0252244,Delhi,Central Delhi,Delhi,28.609436,77.189176,156771.58,2026-07-17T10:17:11,3,1
a4d0588c-20d9-4bf5-8a5a-bd598d90951d,728cff67-9dd9-4d70-b1d4-3362d4a246dd,7868-2737-1114,6974-3327-2465,Bank of Baroda,BARB0110114,Delhi,Central Delhi,Delhi,28.602603,77.203559,15379.47,2026-07-17T10:20:09,3,1
eb26cef8-b24f-4361-b77e-f8bc137d31a2,728cff67-9dd9-4d70-b1d4-3362d4a246dd,4051-3658-2991,6974-3327-2465,Bank of Baroda,BARB0952880,Delhi,Central Delhi,Delhi,28.619851,77.219674,24498.93,2026-07-17T10:23:09,3,1
7152e7f5-4271-4f15-8bf4-395ac18f608a,728cff67-9dd9-4d70-b1d4-3362d4a246dd,7401-1623-7298,6974-3327-2465,Bank of Baroda,BARB0919745,Delhi,Central Delhi,Delhi,28.600162,77.222941,8801.04,2026-07-17T10:26:03,3,1
64aedfc5-5d8b-4f47-89ee-1ae21aeb289e,58ae8bba-5642-413c-ab34-7f2ea5a8fac8,9817-4639-3243,9877-5797-9247,Punjab National Bank,PUNB0212341,Chandigarh,Chandigarh,Chandigarh,30.757159,76.789469,102394.18,2026-08-16T10:51:23,1,0
7881ea83-4632-46a5-8d24-a22e92c29bf2,58ae8bba-5642-413c-ab34-7f2ea5a8fac8,9817-4639-3243,2080-4610-1386,Federal Bank,FDRL0431761,Delhi,Central Delhi,Delhi,28.649715,77.163685,23820.39,2026-08-16T10:51:37,1,0
99b91064-4be1-42c5-8be0-d3d1c785c6fc,58ae8bba-5642-413c-ab34-7f2ea5a8fac8,9877-5797-9247,7034-2167-7177,IDBI Bank,IBKL0900745,Bengaluru,Bengaluru Urban,Karnataka,13.002354,77.599605,102394.18,2026-08-16T10:52:37,2,0
f51db128-c3f4-4a63-9c3b-f2ece17433f5,58ae8bba-5642-413c-ab34-7f2ea5a8fac8,2080-4610-1386,5764-7623-5015,Union Bank of India,UBIN0198012,Noida,Gautam Buddh Nagar,Uttar Pradesh,28.485814,77.342708,23370.63,2026-08-16T10:53:26,2,0
5a3638a8-d5b5-4ac1-93e5-24cfd473008f,58ae8bba-5642-413c-ab34-7f2ea5a8fac8,2080-4610-1386,4786-6406-4812,South Indian Bank,SIBL0389550,Patna,Patna,Bihar,25.635308,85.129661,449.76,2026-08-16T10:54:03,2,0
4f568933-d048-49d8-9c55-53a1cad79c15,58ae8bba-5642-413c-ab34-7f2ea5a8fac8,5764-7623-5015,6243-8740-5043,Union Bank of India,UBIN0880622,Bengaluru,Bengaluru Urban,Karnataka,12.982197,77.609169,21033.57,2026-08-16T10:55:44,3,1
74ab1ae1-2f6c-4309-9f4d-c27f8e3ddee2,58ae8bba-5642-413c-ab34-7f2ea5a8fac8,4786-6406-4812,6243-8740-5043,Union Bank of India,UBIN0672531,Bengaluru,Bengaluru Urban,Karnataka,12.982417,77.610833,404.78,2026-08-16T10:57:01,3,1
cff64afb-0328-4899-9b5b-5e6d2d02d795,58ae8bba-5642-413c-ab34-7f2ea5a8fac8,7034-2167-7177,6243-8740-5043,Union Bank of India,UBIN0616611,Bengaluru,Bengaluru Urban,Karnataka,12.964781,77.578539,92154.76,2026-08-16T10:59:57,3,1
e534969b-e422-42ad-8bb5-47bd54854a82,2d7a00d6-7b06-4efc-b699-e4f274a2ef31,7096-9155-9301,6592-6935-5253,Canara Bank,CNRB0770555,Bhopal,Bhopal,Madhya Pradesh,23.214461,77.429745,83249.82,2026-07-09T10:04:34,1,0
4fcfa730-dcc2-42e8-9231-64b16b45769d,2d7a00d6-7b06-4efc-b699-e4f274a2ef31,6592-6935-5253,8567-3634-4720,IDBI Bank,IBKL0487775,Bhopal,Bhopal,Madhya Pradesh,23.28707,77.404885,5100.85,2026-07-09T10:05:52,2,0
14e3a942-da0d-4d96-9b79-a44d8b03e710,2d7a00d6-7b06-4efc-b699-e4f274a2ef31,6592-6935-5253,7280-1309-3515,Kotak Mahindra Bank,KKBK0138460,Gurgaon,Gurugram,Haryana,28.44531,77.020754,33803.86,2026-07-09T10:06:51,2,0
9a2c1a0a-6ce7-4d79-b68f-4c789500ac5b,2d7a00d6-7b06-4efc-b699-e4f274a2ef31,6592-6935-5253,5843-5795-8129,Kotak Mahindra Bank,KKBK0164116,Mumbai,Mumbai City,Maharashtra,19.108691,72.874085,44345.1,2026-07-09T10:07:22,2,0
0f131449-ee17-4a55-8085-3b54fa5f5153,2d7a00d6-7b06-4efc-b699-e4f274a2ef31,7280-1309-3515,9709-4766-8883,IndusInd Bank,INDB0327030,Lucknow,Lucknow,Uttar Pradesh,26.830608,80.938922,30423.47,2026-07-09T10:08:29,3,1
379629be-f6b4-4fa8-8172-fba6d10efbbe,2d7a00d6-7b06-4efc-b699-e4f274a2ef31,5843-5795-8129,9709-4766-8883,IndusInd Bank,INDB0655825,Lucknow,Lucknow,Uttar Pradesh,26.827338,80.933628,39910.59,2026-07-09T10:09:58,3,1
1bb46d11-5dc7-4d2f-8cfe-158dbf667bef,2d7a00d6-7b06-4efc-b699-e4f274a2ef31,8567-3634-4720,9709-4766-8883,IndusInd Bank,INDB0410909,Lucknow,Lucknow,Uttar Pradesh,26.859554,80.959821,4590.77,2026-07-09T10:11:54,3,1
dce28042-aeb6-4d01-a443-cd833145243b,0f63fd10-6b11-424d-ba1c-c4275162ead1,6313-8520-3966,1816-3654-3830,Union Bank of India,UBIN0254665,Hyderabad,Hyderabad,Telangana,17.42435,78.455294,313470.84,2026-06-30T01:41:50,1,0
a1296526-b46f-4efd-a57e-466115cb8b87,0f63fd10-6b11-424d-ba1c-c4275162ead1,6313-8520-3966,6444-5252-7462,Federal Bank,FDRL0147912,Pune,Pune,Maharashtra,18.515269,73.849561,117964.27,2026-06-30T01:42:33,1,0
178d6930-8db3-44e9-8069-5478d5d2742f,0f63fd10-6b11-424d-ba1c-c4275162ead1,1816-3654-3830,1168-8296-7180,Axis Bank,UTIB0601465,Gurgaon,Gurugram,Haryana,28.50406,77.062567,313470.84,2026-06-30T01:43:46,2,0
a8a684e2-123d-4673-a577-4168bfc4e68f,0f63fd10-6b11-424d-ba1c-c4275162ead1,6444-5252-7462,4383-6542-4411,ICICI Bank,ICIC0654711,Mumbai,Mumbai City,Maharashtra,19.069124,72.878095,30007.33,2026-06-30T01:44:54,2,0
2a2a8127-a1e9-48fc-8d29-1d631c44d918,0f63fd10-6b11-424d-ba1c-c4275162ead1,6444-5252-7462,9986-7568-8796,UCO Bank,UCBA0526180,Delhi,Central Delhi,Delhi,28.653492,77.228408,49709.31,2026-06-30T01:45:54,2,0
ef4a8831-2f64-4e20-8440-9f5e8f615aaa,0f63fd10-6b11-424d-ba1c-c4275162ead1,6444-5252-7462,7841-3266-6867,Punjab National Bank,PUNB0648736,Kolkata,Kolkata,West Bengal,22.621965,88.373032,38247.62,2026-06-30T01:47:15,2,0
26f6587d-61e8-49b0-a181-018f3f3a5456,0f63fd10-6b11-424d-ba1c-c4275162ead1,4383-6542-4411,7070-4855-5255,State Bank of India,SBIN0126633,Bengaluru,Bengaluru Urban,Karnataka,12.979092,77.612344,27006.6,2026-06-30T01:49:55,3,1
38f12eae-609e-4f83-9aae-d118597bba93,0f63fd10-6b11-424d-ba1c-c4275162ead1,1168-8296-7180,7070-4855-5255,State Bank of India,SBIN0909503,Bengaluru,Bengaluru Urban,Karnataka,12.957392,77.582601,282123.76,2026-06-30T01:52:12,3,1
a605b0b0-2128-4dae-ab00-31b010f7f0a6,0f63fd10-6b11-424d-ba1c-c4275162ead1,7841-3266-6867,7070-4855-5255,State Bank of India,SBIN0878256,Bengaluru,Bengaluru Urban,Karnataka,12.954952,77.610792,34422.86,2026-06-30T01:54:05,3,1
a207e3bc-a66e-4355-8e31-944f20ede9b2,46d55bac-d14a-483a-94e5-a47747c09722,8029-5216-1144,4143-6270-7741,UCO Bank,UCBA0585882,Chandigarh,Chandigarh,Chandigarh,30.733281,76.7633,15110.99,2026-06-09T09:03:21,1,0
d4f73cef-f539-4c68-b33b-e3e71b7a884b,46d55bac-d14a-483a-94e5-a47747c09722,8029-5216-1144,8376-1946-8760,ICICI Bank,ICIC0991854,Hyderabad,Hyderabad,Telangana,17.342697,78.507146,244804.18,2026-06-09T09:03:47,1,0
36e48875-c93e-4237-bc19-9cf12c8a7005,46d55bac-d14a-483a-94e5-a47747c09722,4143-6270-7741,4952-9633-5254,Federal Bank,FDRL0600020,Gurgaon,Gurugram,Haryana,28.430506,77.016844,15110.99,2026-06-09T09:04:26,2,0
bbd09808-99fc-4879-8658-b155d5458e5d,46d55bac-d14a-483a-94e5-a47747c09722,8376-1946-8760,8461-4379-3953,IDBI Bank,IBKL0283963,Gurgaon,Gurugram,Haryana,28.503869,76.991323,244804.18,2026-06-09T09:04:59,2,0
8fcf1c0a-83fe-4670-aa9e-da302892254d,46d55bac-d14a-483a-94e5-a47747c09722,4952-9633-5254,2228-8615-7078,South Indian Bank,SIBL0546616,Chennai,Chennai,Tamil Nadu,13.093375,80.317571,15110.99,2026-06-09T09:08:45,3,1
5988d0d5-2c1f-4fda-988a-c56b6e05a6fb,46d55bac-d14a-483a-94e5-a47747c09722,8461-4379-3953,3693-1937-5825,UCO Bank,UCBA0669581,Chandigarh,Chandigarh,Chandigarh,30.720495,76.758295,244804.18,2026-06-09T09:10:25,3,0
968760eb-9132-4e84-a827-80ebfbf02f75,46d55bac-d14a-483a-94e5-a47747c09722,3693-1937-5825,7621-4812-1530,ICICI Bank,ICIC0976133,Noida,Gautam Buddh Nagar,Uttar Pradesh,28.527983,77.398858,244804.18,2026-06-09T09:13:00,4,1
884fa7ca-b8b5-4b9e-9999-8ce8cb659db0,9655aacc-5ee4-4c56-931a-81665285f6b2,3935-4066-1484,7770-1227-2567,ICICI Bank,ICIC0516830,Jaipur,Jaipur,Rajasthan,26.889264,75.820183,127719.85,2026-06-08T11:11:44,1,0
e9f3933f-391e-49aa-9626-99968d303655,9655aacc-5ee4-4c56-931a-81665285f6b2,7770-1227-2567,7919-9951-1414,HDFC Bank,HDFC0587119,Chennai,Chennai,Tamil Nadu,13.121054,80.296647,127719.85,2026-06-08T11:13:09,2,0
7a4973f6-3950-4086-8220-8312c73b06ae,9655aacc-5ee4-4c56-931a-81665285f6b2,7919-9951-1414,7554-4178-8301,YES Bank,YESB0459067,Delhi,Central Delhi,Delhi,28.632425,77.253136,127719.85,2026-06-08T11:17:56,3,1
d50ccd54-9fd3-4475-8e10-652e4e5055f0,8a4c464d-3e93-4d31-b223-2813b6eb2e16,4248-4418-4026,8517-4007-5158,Federal Bank,FDRL0561970,Patna,Patna,Bihar,25.560091,85.115464,116478.36,2026-07-25T03:43:10,1,0
666f166f-bb49-447a-927b-2a1ba43abd7e,8a4c464d-3e93-4d31-b223-2813b6eb2e16,4248-4418-4026,5581-7172-4667,Canara Bank,CNRB0682176,Mumbai,Mumbai City,Maharashtra,19.026533,72.849929,291193.17,2026-07-25T03:43:48,1,0
7ff9d72b-4b49-4fa0-9f54-20d60fee16bb,8a4c464d-3e93-4d31-b223-2813b6eb2e16,8517-4007-5158,1532-7515-6326,UCO Bank,UCBA0874016,Mumbai,Mumbai City,Maharashtra,19.086471,72.840422,97418.48,2026-07-25T03:45:02,2,0
c8521b06-4644-403c-9d63-315e460dd960,8a4c464d-3e93-4d31-b223-2813b6eb2e16,8517-4007-5158,5261-1997-3560,ICICI Bank,ICIC0617216,Patna,Patna,Bihar,25.562118,85.173718,3468.94,2026-07-25T03:46:16,2,0
770e36ba-7646-4c7a-8323-a103053ccf8d,8a4c464d-3e93-4d31-b223-2813b6eb2e16,8517-4007-5158,6731-6325-2781,South Indian Bank,SIBL0223598,Ahmedabad,Ahmedabad,Gujarat,23.054725,72.543621,15590.94,2026-07-25T03:46:56,2,0
977550f9-a58e-4038-883b-75f31b0666b7,8a4c464d-3e93-4d31-b223-2813b6eb2e16,5581-7172-4667,1782-5890-8032,Bank of Baroda,BARB0279983,Bhopal,Bhopal,Madhya Pradesh,23.255262,77.37922,93599.38,2026-07-25T03:48:07,2,0
3d3e981a-4974-4c92-925f-bed3dc779089,8a4c464d-3e93-4d31-b223-2813b6eb2e16,5581-7172-4667,1974-3055-8052,Punjab National Bank,PUNB0315386,Bengaluru,Bengaluru Urban,Karnataka,12.980411,77.571077,117854.32,2026-07-25T03:49:18,2,0
0e078a9d-97a6-4e08-a152-25b7c13c122b,8a4c464d-3e93-4d31-b223-2813b6eb2e16,5581-7172-4667,7877-8414-7473,IndusInd Bank,INDB0491784,Ahmedabad,Ahmedabad,Gujarat,22.974839,72.593679,79739.47,2026-07-25T03:50:35,2,0
3a061d95-1f84-4d54-9b38-2e43520c5cc9,8a4c464d-3e93-4d31-b223-2813b6eb2e16,1974-3055-8052,9112-6953-7763,Federal Bank,FDRL0277886,Bhopal,Bhopal,Madhya Pradesh,23.241684,77.393009,106068.89,2026-07-25T03:51:37,3,1
d73c30ca-12c4-46c4-9416-4290d4dea987,8a4c464d-3e93-4d31-b223-2813b6eb2e16,1782-5890-8032,9112-6953-7763,Federal Bank,FDRL0208299,Bhopal,Bhopal,Madhya Pradesh,23.262502,77.426296,84239.44,2026-07-25T03:54:08,3,1
586cfc61-7c90-4fc8-8dfa-f2bce4403dc1,8a4c464d-3e93-4d31-b223-2813b6eb2e16,6731-6325-2781,9112-6953-7763,Federal Bank,FDRL0723925,Bhopal,Bhopal,Madhya Pradesh,23.241758,77.400047,14031.85,2026-07-25T03:55:29,3,1
eb65ae8b-37be-40e6-ab11-89afc16c1fda,8a4c464d-3e93-4d31-b223-2813b6eb2e16,1532-7515-6326,9112-6953-7763,Federal Bank,FDRL0489444,Bhopal,Bhopal,Madhya Pradesh,23.270965,77.43038,87676.63,2026-07-25T03:56:38,3,1
d3672088-0366-4a19-8f43-04dff03d77b4,8a4c464d-3e93-4d31-b223-2813b6eb2e16,5261-1997-3560,9112-6953-7763,Federal Bank,FDRL0953381,Bhopal,Bhopal,Madhya Pradesh,23.249428,77.393903,3122.05,2026-07-25T03:59:30,3,1
73d7b3b5-f8ab-4d6a-8a86-67d0cf7c361a,a74c161d-d80d-4ce5-8873-f6d5c044bd7b,9883-1566-4689,3570-6709-4152,Axis Bank,UTIB0106879,Gurgaon,Gurugram,Haryana,28.50524,77.001068,236073.48,2026-08-23T10:00:21,1,0
6b2004ec-0a3d-4cbf-9262-30392b91fed5,a74c161d-d80d-4ce5-8873-f6d5c044bd7b,3570-6709-4152,1667-3522-7131,IndusInd Bank,INDB0447482,Patna,Patna,Bihar,25.578505,85.184943,236073.48,2026-08-23T10:01:48,2,0
e08aa315-8d56-4ae2-ab38-0ee7ba8080b5,a74c161d-d80d-4ce5-8873-f6d5c044bd7b,1667-3522-7131,6531-5647-6383,IDBI Bank,IBKL0135012,Jaipur,Jaipur,Rajasthan,26.885004,75.777782,236073.48,2026-08-23T10:06:11,3,1
bc28f0db-8e9e-4bea-beb6-53c3742b73de,1ea1050b-3783-4f67-9c92-0bd2510922d7,5666-4410-4172,4157-3657-5825,Canara Bank,CNRB0271139,Chandigarh,Chandigarh,Chandigarh,30.74251,76.742626,231329.17,2026-06-22T10:34:01,1,0
0aea1fca-834d-446e-9f78-4fd17e3a03a5,1ea1050b-3783-4f67-9c92-0bd2510922d7,4157-3657-5825,1436-6682-9820,South Indian Bank,SIBL0160326,Ahmedabad,Ahmedabad,Gujarat,23.016933,72.554734,2002.57,2026-06-22T10:34:41,2,0
4ca7debd-ac88-4c9a-b7db-197ecb00fe5c,1ea1050b-3783-4f67-9c92-0bd2510922d7,4157-3657-5825,4776-3006-3069,Canara Bank,CNRB0741443,Bengaluru,Bengaluru Urban,Karnataka,12.981714,77.55799,80603.24,2026-06-22T10:35:49,2,0
90a88fea-6e95-4171-b165-19ed7f11fb39,1ea1050b-3783-4f67-9c92-0bd2510922d7,4157-3657-5825,5414-5427-2482,HDFC Bank,HDFC0354517,Gurgaon,Gurugram,Haryana,28.506198,77.016749,148723.36,2026-06-22T10:36:22,2,0
9c291623-f0cf-42d9-91df-1f02ce99e0b9,1ea1050b-3783-4f67-9c92-0bd2510922d7,4776-3006-3069,7089-5552-3622,HDFC Bank,HDFC0502580,Chandigarh,Chandigarh,Chandigarh,30.72059,76.790395,72542.92,2026-06-22T10:37:23,3,1
d4b71c9c-a14f-4d2f-b24f-0bd54a64570d,1ea1050b-3783-4f67-9c92-0bd2510922d7,5414-5427-2482,7089-5552-3622,HDFC Bank,HDFC0772050,Chandigarh,Chandigarh,Chandigarh,30.717016,76.767526,133851.02,2026-06-22T10:38:57,3,1
2ea710f6-a080-48aa-8efe-2d438f87fc59,1ea1050b-3783-4f67-9c92-0bd2510922d7,1436-6682-9820,7089-5552-3622,HDFC Bank,HDFC0458505,Chandigarh,Chandigarh,Chandigarh,30.738185,76.791273,1802.31,2026-06-22T10:40:54,3,1
ea760332-db38-4032-9b00-52f5e12b36a2,34f4a279-9cd9-4c84-bee9-cf45814fd350,3169-3962-7480,2245-4753-2636,Canara Bank,CNRB0544126,Gurgaon,Gurugram,Haryana,28.494997,77.004007,43897.22,2026-08-23T17:38:34,1,0
1664af04-5dae-4661-8f19-42137402963d,34f4a279-9cd9-4c84-bee9-cf45814fd350,3169-3962-7480,8890-7101-4803,ICICI Bank,ICIC0994484,Jaipur,Jaipur,Rajasthan,26.91327,75.829081,206075.41,2026-08-23T17:39:04,1,0
f77f2ff9-53c5-445b-ba61-3997760971cd,34f4a279-9cd9-4c84-bee9-cf45814fd350,2245-4753-2636,7276-2685-3324,YES Bank,YESB0339671,Patna,Patna,Bihar,25.546745,85.144708,12821.91,2026-08-23T17:40:02,2,0
8c1fc70b-1bdd-474b-bfd4-0350fd51db3b,34f4a279-9cd9-4c84-bee9-cf45814fd350,2245-4753-2636,1416-7975-2973,IndusInd Bank,INDB0658939,Lucknow,Lucknow,Uttar Pradesh,26.886939,80.927741,31075.31,2026-08-23T17:40:42,2,0
02701a59-9c60-419a-b757-bc0aad06cfdd,34f4a279-9cd9-4c84-bee9-cf45814fd350,8890-7101-4803,5431-2000-4130,IDBI Bank,IBKL0165844,Noida,Gautam Buddh Nagar,Uttar Pradesh,28.520883,77.364027,206075.41,2026-08-23T17:41:22,2,0
0e536946-aaa4-4786-8fe1-c50e2b1f7311,34f4a279-9cd9-4c84-bee9-cf45814fd350,1416-7975-2973,2541-5438-4438,IDBI Bank,IBKL0205242,Patna,Patna,Bihar,25.597375,85.121803,27967.78,2026-08-23T17:42:39,3,1
f25c2467-9273-4199-97f6-97350ae72005,34f4a279-9cd9-4c84-bee9-cf45814fd350,7276-2685-3324,2541-5438-4438,IDBI Bank,IBKL0798551,Patna,Patna,Bihar,25.607753,85.138297,11539.72,2026-08-23T17:44:09,3,1
c8882038-b08d-44a0-9594-a106d0d2baa6,34f4a279-9cd9-4c84-bee9-cf45814fd350,5431-2000-4130,2541-5438-4438,IDBI Bank,IBKL0608679,Patna,Patna,Bihar,25.610793,85.13604,185467.87,2026-08-23T17:46:05,3,1
bb71821a-0778-494b-ae0e-6887da28a443,a963ead2-81fa-43d9-b012-909280680d01,5275-8637-3078,5117-3151-3512,IDBI Bank,IBKL0366728,Bhopal,Bhopal,Madhya Pradesh,23.272728,77.430141,331119.85,2026-07-10T21:44:13,1,0
2a9a9a4e-d411-4218-86d8-1e8512853149,a963ead2-81fa-43d9-b012-909280680d01,5275-8637-3078,2530-9220-9933,South Indian Bank,SIBL0929651,Kolkata,Kolkata,West Bengal,22.533546,88.331933,93230.47,2026-07-10T21:45:07,1,0
ae3a6240-019a-4f92-81ca-4989c7613979,a963ead2-81fa-43d9-b012-909280680d01,5117-3151-3512,5956-9892-8915,State Bank of India,SBIN0616643,Hyderabad,Hyderabad,Telangana,17.398405,78.519651,331119.85,2026-07-10T21:46:08,2,0
0895dc82-8132-4b14-ab09-dd944df9456c,a963ead2-81fa-43d9-b012-909280680d01,2530-9220-9933,4423-4841-3787,UCO Bank,UCBA0550885,Kolkata,Kolkata,West Bengal,22.558029,88.349697,93230.47,2026-07-10T21:47:15,2,0
a32109ba-7834-4bed-a9aa-752b33879a8f,a963ead2-81fa-43d9-b012-909280680d01,5956-9892-8915,6575-8655-9894,Punjab National Bank,PUNB0388292,Hyderabad,Hyderabad,Telangana,17.340733,78.488677,331119.85,2026-07-10T21:51:05,3,1
139a49a8-6451-43ab-92df-482cc379ef61,a963ead2-81fa-43d9-b012-909280680d01,4423-4841-3787,9871-3814-6253,Canara Bank,CNRB0932291,Lucknow,Lucknow,Uttar Pradesh,26.844483,80.936653,93230.47,2026-07-10T21:55:04,3,1
a96ebb7b-e427-452d-b9bd-ddd9b1de85e9,f2abc379-40cb-4354-b3ad-985cb0d0acc2,1294-9321-5360,8901-3053-3757,IndusInd Bank,INDB0434372,Bhopal,Bhopal,Madhya Pradesh,23.283611,77.370615,11437.98,2026-06-04T00:49:13,1,0
7fc1b98f-8cfc-46e3-a660-43f45004e2b0,f2abc379-40cb-4354-b3ad-985cb0d0acc2,1294-9321-5360,6937-5999-4550,Canara Bank,CNRB0682430,Gurgaon,Gurugram,Haryana,28.425402,76.994957,15957.01,2026-06-04T00:50:00,1,0
20743983-1ce8-4ff9-b8b7-220c338a18b8,f2abc379-40cb-4354-b3ad-985cb0d0acc2,8901-3053-3757,1141-2741-9737,YES Bank,YESB0414442,Chandigarh,Chandigarh,Chandigarh,30.728022,76.784647,10046.44,2026-06-04T00:50:40,2,0
9bd13704-e132-495e-b315-83f0de473f6c,f2abc379-40cb-4354-b3ad-985cb0d0acc2,8901-3053-3757,4004-6778-7647,UCO Bank,UCBA0364190,Patna,Patna,Bihar,25.632181,85.152212,1391.54,2026-06-04T00:51:22,2,0
4008317e-24af-42f0-95d0-91d3ef116e56,f2abc379-40cb-4354-b3ad-985cb0d0acc2,6937-5999-4550,3777-3662-5025,Punjab National Bank,PUNB0401437,Noida,Gautam Buddh Nagar,Uttar Pradesh,28.542473,77.3585,15957.01,2026-06-04T00:52:51,2,0
bd2a8466-7280-4e26-8bc4-5e19b2982a9a,f2abc379-40cb-4354-b3ad-985cb0d0acc2,1141-2741-9737,3789-8264-1651,ICICI Bank,ICIC0100258,Hyderabad,Hyderabad,Telangana,17.375491,78.499942,9041.8,2026-06-04T00:54:42,3,1
edfff687-0933-433c-b7fd-d3fbf01446e4,f2abc379-40cb-4354-b3ad-985cb0d0acc2,4004-6778-7647,3789-8264-1651,ICICI Bank,ICIC0968253,Hyderabad,Hyderabad,Telangana,17.398566,78.505215,1252.39,2026-06-04T00:56:25,3,1
0a8ae649-8f28-4716-96c8-eca718427781,f2abc379-40cb-4354-b3ad-985cb0d0acc2,3777-3662-5025,3789-8264-1651,ICICI Bank,ICIC0551211,Hyderabad,Hyderabad,Telangana,17.372768,78.46937,14361.31,2026-06-04T00:58:11,3,1
1309d5c0-2bc8-4b36-80ff-d1bc7c5d5814,4e7835e4-7aee-45a2-bcf2-1dd168f0d6b6,1644-1307-4794,2226-1817-2382,ICICI Bank,ICIC0976980,Pune,Pune,Maharashtra,18.516768,73.815384,27553.09,2026-07-12T19:00:45,1,0
9fccd336-e5f1-4cdc-8efa-0d588df66ed0,4e7835e4-7aee-45a2-bcf2-1dd168f0d6b6,1644-1307-4794,4598-5024-7074,Axis Bank,UTIB0993573,Hyderabad,Hyderabad,Telangana,17.335579,78.441378,16602.23,2026-07-12T19:01:32,1,0
5a8e5168-3a53-4d6b-afa7-3d5fe8144283,4e7835e4-7aee-45a2-bcf2-1dd168f0d6b6,1644-1307-4794,4289-9826-3910,South Indian Bank,SIBL0250540,Kolkata,Kolkata,West Bengal,22.56874,88.379808,152087.35,2026-07-12T19:01:43,1,0
8656ee26-18b1-4797-840a-2d442e4f9ca0,4e7835e4-7aee-45a2-bcf2-1dd168f0d6b6,2226-1817-2382,7553-5603-7557,Canara Bank,CNRB0236104,Bhopal,Bhopal,Madhya Pradesh,23.248992,77.384439,26850.06,2026-07-12T19:02:43,2,0
086f4061-d64e-4518-9364-7f98c5db00ca,4e7835e4-7aee-45a2-bcf2-1dd168f0d6b6,2226-1817-2382,2816-7848-1899,IDBI Bank,IBKL0110824,Bengaluru,Bengaluru Urban,Karnataka,12.923073,77.577156,703.03,2026-07-12T19:03:46,2,0
f6280180-b374-4158-838f-dee7ed03cc66,4e7835e4-7aee-45a2-bcf2-1dd168f0d6b6,4598-5024-7074,3842-4274-5446,Canara Bank,CNRB0253735,Jaipur,Jaipur,Rajasthan,26.948139,75.80463,16286.4,2026-07-12T19:05:08,2,0
25f58399-b2b8-4ddb-ade0-4e46d8111d26,4e7835e4-7aee-45a2-bcf2-1dd168f0d6b6,4598-5024-7074,7941-2476-8285,Federal Bank,FDRL0307856,Chandigarh,Chandigarh,Chandigarh,30.76195,76.740867,315.83,2026-07-12T19:05:51,2,0
6df7c176-4951-4c9e-aef2-7fc698f1f74b,4e7835e4-7aee-45a2-bcf2-1dd168f0d6b6,4289-9826-3910,5243-5638-2526,Punjab National Bank,PUNB0956820,Chandigarh,Chandigarh,Chandigarh,30.712071,76.820939,29182.26,2026-07-12T19:06:43,2,0
c8c2383d-da99-49a0-80ca-a3e4a7a71553,4e7835e4-7aee-45a2-bcf2-1dd168f0d6b6,4289-9826-3910,8131-5909-3248,Kotak Mahindra Bank,KKBK0586457,Gurgaon,Gurugram,Haryana,28.456487,77.066076,46230.24,2026-07-12T19:07:25,2,0
8a10c8da-0aac-4545-bd1a-f2a8563f6761,4e7835e4-7aee-45a2-bcf2-1dd168f0d6b6,4289-9826-3910,4277-2624-7374,Bank of Baroda,BARB0540636,Chennai,Chennai,Tamil Nadu,13.12213,80.295905,76674.85,2026-07-12T19:08:28,2,0
632063ea-59ed-4ac8-9d87-f43170369450,4e7835e4-7aee-45a2-bcf2-1dd168f0d6b6,4277-2624-7374,5789-3950-1737,Federal Bank,FDRL0549384,Pune,Pune,Maharashtra,18.532754,73.855635,69007.37,2026-07-12T19:11:20,3,1
23aea8cd-0b82-4823-b6fc-9c5ea354603f,4e7835e4-7aee-45a2-bcf2-1dd168f0d6b6,8131-5909-3248,5789-3950-1737,Federal Bank,FDRL0456705,Pune,Pune,Maharashtra,18.504403,73.858719,41607.22,2026-07-12T19:14:09,3,1
9768a11b-946f-477b-bed3-320e0334b192,4e7835e4-7aee-45a2-bcf2-1dd168f0d6b6,2816-7848-1899,5789-3950-1737,Federal Bank,FDRL0190746,Pune,Pune,Maharashtra,18.533836,73.856477,632.73,2026-07-12T19:15:11,3,1
5f2151b2-4964-49e1-b343-92178b529005,4e7835e4-7aee-45a2-bcf2-1dd168f0d6b6,3842-4274-5446,5789-3950-1737,Federal Bank,FDRL0692059,Pune,Pune,Maharashtra,18.507951,73.848691,14657.76,2026-07-12T19:17:29,3,1
043cc857-bd01-48be-87ff-84c6a116ba4c,b6298904-c068-45a4-895b-28c8d3053fe6,1674-3763-5702,4591-8295-6040,Bank of Baroda,BARB0918838,Hyderabad,Hyderabad,Telangana,17.368524,78.456337,76225.75,2026-08-15T05:51:03,1,0
2cf2c6d0-ee26-4b54-8f10-9b49cbf9acfe,b6298904-c068-45a4-895b-28c8d3053fe6,1674-3763-5702,5368-5379-2274,UCO Bank,UCBA0570428,Pune,Pune,Maharashtra,18.527427,73.906443,98510.74,2026-08-15T05:51:37,1,0
31d1869a-3d7c-455f-b5e7-48fbf3689bad,b6298904-c068-45a4-895b-28c8d3053fe6,1674-3763-5702,9129-3756-4588,Bank of Baroda,BARB0407675,Bhopal,Bhopal,Madhya Pradesh,23.287171,77.399572,25245.85,2026-08-15T05:51:57,1,0
3fca64ac-f0ed-4b48-94dd-4a46ef771537,b6298904-c068-45a4-895b-28c8d3053fe6,4591-8295-6040,7201-3241-7848,UCO Bank,UCBA0394517,Delhi,Central Delhi,Delhi,28.632721,77.176296,76225.75,2026-08-15T05:53:02,2,0
a1fd3a37-0318-45ce-a137-15296da3c280,b6298904-c068-45a4-895b-28c8d3053fe6,5368-5379-2274,8108-5361-2035,South Indian Bank,SIBL0605108,Bengaluru,Bengaluru Urban,Karnataka,12.995792,77.571392,41306.17,2026-08-15T05:54:12,2,0
a0ad55b9-c799-4855-9d49-fe7c599a6d9b,b6298904-c068-45a4-895b-28c8d3053fe6,5368-5379-2274,1198-1052-6552,Canara Bank,CNRB0392056,Lucknow,Lucknow,Uttar Pradesh,26.820146,80.974223,2045.32,2026-08-15T05:54:47,2,0
d216ce41-503a-4be4-964a-7e6e3b5e887e,b6298904-c068-45a4-895b-28c8d3053fe6,5368-5379-2274,4721-9206-6524,State Bank of India,SBIN0936850,Bhopal,Bhopal,Madhya Pradesh,23.21315,77.440701,55159.25,2026-08-15T05:55:55,2,0
8c2ba976-ce8d-442f-abf5-e26c1eb3804d,b6298904-c068-45a4-895b-28c8d3053fe6,9129-3756-4588,9743-2272-5290,Federal Bank,FDRL0765941,Jaipur,Jaipur,Rajasthan,26.903457,75.746686,8031.98,2026-08-15T05:56:56,2,0
052215ad-f9cb-40b8-b172-2ea4ba0f1f02,b6298904-c068-45a4-895b-28c8d3053fe6,9129-3756-4588,8001-1817-5992,Kotak Mahindra Bank,KKBK0647933,Kolkata,Kolkata,West Bengal,22.548792,88.335128,17213.87,2026-08-15T05:57:40,2,0
1d85ffad-aa10-40e4-bacf-fdf3a6ac53a5,b6298904-c068-45a4-895b-28c8d3053fe6,4721-9206-6524,9883-8395-6757,South Indian Bank,SIBL0534208,Hyderabad,Hyderabad,Telangana,17.398963,78.471955,49643.32,2026-08-15T05:59:12,3,1
6c2d6ca5-250b-472e-80cb-d9db346f74d8,b6298904-c068-45a4-895b-28c8d3053fe6,8001-1817-5992,9883-8395-6757,South Indian Bank,SIBL0506532,Hyderabad,Hyderabad,Telangana,17.395201,78.482865,15492.48,2026-08-15T06:02:04,3,1
cd6c5805-b8f1-4614-91fb-3f61b81c3c35,b6298904-c068-45a4-895b-28c8d3053fe6,7201-3241-7848,9883-8395-6757,South Indian Bank,SIBL0948439,Hyderabad,Hyderabad,Telangana,17.401053,78.497986,68603.18,2026-08-15T06:05:02,3,1
d01dac93-02da-4108-bd4d-6cf36a2ba98d,e835378a-5eac-4379-b99a-7d4f8d890489,5864-2427-9510,9479-1549-1979,ICICI Bank,ICIC0984078,Ahmedabad,Ahmedabad,Gujarat,22.9835,72.599107,94716.96,2026-07-17T14:53:34,1,0
29b5eca9-cba3-44ba-85c2-1d8a35eb9393,e835378a-5eac-4379-b99a-7d4f8d890489,5864-2427-9510,3443-8418-8788,Bank of Baroda,BARB0831386,Delhi,Central Delhi,Delhi,28.609342,77.243126,162298.69,2026-07-17T14:54:03,1,0
a2a1d664-8526-4c3e-935c-821b23a43319,e835378a-5eac-4379-b99a-7d4f8d890489,9479-1549-1979,7308-1334-5752,State Bank of India,SBIN0840177,Mumbai,Mumbai City,Maharashtra,19.050798,72.854401,32960.03,2026-07-17T14:55:30,2,0
14f8971e-fb54-4066-af37-92505ac929bc,e835378a-5eac-4379-b99a-7d4f8d890489,9479-1549-1979,4869-6952-7748,UCO Bank,UCBA0357579,Kolkata,Kolkata,West Bengal,22.543727,88.353536,58001.62,2026-07-17T14:56:27,2,0
25947f81-9ca4-4e30-b3ca-b755c0e9a518,e835378a-5eac-4379-b99a-7d4f8d890489,9479-1549-1979,8018-1545-6528,Kotak Mahindra Bank,KKBK0321239,Jaipur,Jaipur,Rajasthan,26.864625,75.777755,3755.31,2026-07-17T14:57:38,2,0
92847a0e-4edf-4d63-877e-d0d18ae94a12,e835378a-5eac-4379-b99a-7d4f8d890489,3443-8418-8788,2970-9978-3222,HDFC Bank,HDFC0116928,Ahmedabad,Ahmedabad,Gujarat,23.04961,72.566612,19433.2,2026-07-17T14:58:57,2,0
1141ef15-6651-4b77-abbe-2731b7ab70e0,e835378a-5eac-4379-b99a-7d4f8d890489,3443-8418-8788,3998-4004-7891,Union Bank of India,UBIN0445083,Hyderabad,Hyderabad,Telangana,17.356803,78.512693,88605.08,2026-07-17T15:00:08,2,0
224791b7-2b57-42ae-b382-582635b37a67,e835378a-5eac-4379-b99a-7d4f8d890489,3443-8418-8788,7722-8788-5607,UCO Bank,UCBA0966597,Patna,Patna,Bihar,25.548769,85.134673,54260.42,2026-07-17T15:01:21,2,0
ae036181-c054-4404-81a1-94d913ceae9f,e835378a-5eac-4379-b99a-7d4f8d890489,3998-4004-7891,5991-3771-9438,IDBI Bank,IBKL0989000,Ahmedabad,Ahmedabad,Gujarat,23.022649,72.570663,79744.57,2026-07-17T15:04:12,3,1
3ff3975f-b856-4487-90f8-0d990b40b133,e835378a-5eac-4379-b99a-7d4f8d890489,2970-9978-3222,5991-3771-9438,IDBI Bank,IBKL0125239,Ahmedabad,Ahmedabad,Gujarat,23.032176,72.563997,17489.88,2026-07-17T15:06:03,3,1
a78f763c-5fc1-45b7-886d-8d255ee52799,e835378a-5eac-4379-b99a-7d4f8d890489,4869-6952-7748,5991-3771-9438,IDBI Bank,IBKL0438326,Ahmedabad,Ahmedabad,Gujarat,23.036426,72.585154,52201.46,2026-07-17T15:08:24,3,1
4cd01d81-ec92-472f-83bb-09b2be380d62,19c41b7f-1fa9-4901-8705-2b3ed982e3bf,3261-3277-2932,8461-1961-5298,Canara Bank,CNRB0295893,Mumbai,Mumbai City,Maharashtra,19.109894,72.903954,89335.69,2026-06-13T12:40:26,1,0
356decac-1570-451e-b47c-a5868455d109,19c41b7f-1fa9-4901-8705-2b3ed982e3bf,3261-3277-2932,7923-2273-9930,YES Bank,YESB0705951,Gurgaon,Gurugram,Haryana,28.502593,77.044217,10762.47,2026-06-13T12:41:01,1,0
cf6ccf58-1c3e-468b-ae94-ad4ba4c9169f,19c41b7f-1fa9-4901-8705-2b3ed982e3bf,3261-3277-2932,7577-8254-1487,Kotak Mahindra Bank,KKBK0948910,Mumbai,Mumbai City,Maharashtra,19.084022,72.845431,161971.53,2026-06-13T12:41:11,1,0
750b9414-1014-463b-8347-2cadd4568231,19c41b7f-1fa9-4901-8705-2b3ed982e3bf,8461-1961-5298,2312-9790-3617,YES Bank,YESB0586172,Mumbai,Mumbai City,Maharashtra,19.035044,72.901454,16904.62,2026-06-13T12:42:30,2,0
751d76ad-fefd-4515-a832-0ea04ca35f8b,19c41b7f-1fa9-4901-8705-2b3ed982e3bf,8461-1961-5298,9036-2966-3521,State Bank of India,SBIN0543430,Kolkata,Kolkata,West Bengal,22.604836,88.344696,8272.31,2026-06-13T12:43:59,2,0
6332cbca-a3bc-4e6c-a4d2-97748f636a7a,19c41b7f-1fa9-4901-8705-2b3ed982e3bf,8461-1961-5298,7859-6289-4343,ICICI Bank,ICIC0715841,Hyderabad,Hyderabad,Telangana,17.364194,78.439721,64158.76,2026-06-13T12:44:45,2,0
49ca4380-b0fa-40d0-839d-75b64cfad376,19c41b7f-1fa9-4901-8705-2b3ed982e3bf,7923-2273-9930,9774-4840-2427,YES Bank,YESB0740151,Ahmedabad,Ahmedabad,Gujarat,23.070339,72.566364,4493.03,2026-06-13T12:45:37,2,0
d2f3e6e6-f116-4150-97dc-0a076337338a,19c41b7f-1fa9-4901-8705-2b3ed982e3bf,7923-2273-9930,4889-6354-5955,UCO Bank,UCBA0166594,Gurgaon,Gurugram,Haryana,28.471193,77.058553,2881.96,2026-06-13T12:46:31,2,0
2a9132cb-65f7-4cf6-93f9-46d78b21d059,19c41b7f-1fa9-4901-8705-2b3ed982e3bf,7923-2273-9930,1315-2850-5624,Axis Bank,UTIB0485733,Delhi,Central Delhi,Delhi,28.589746,77.219726,3387.48,2026-06-13T12:47:29,2,0
7918b922-a712-4540-9d84-1c3b7e83684c,19c41b7f-1fa9-4901-8705-2b3ed982e3bf,7577-8254-1487,5449-4801-9398,YES Bank,YESB0790685,Pune,Pune,Maharashtra,18.549035,73.887872,161971.53,2026-06-13T12:48:46,2,0
a65138ba-d1a0-4dbf-89a4-8042e636828d,19c41b7f-1fa9-4901-8705-2b3ed982e3bf,9036-2966-3521,9827-2829-7787,Kotak Mahindra Bank,KKBK0105851,Kolkata,Kolkata,West Bengal,22.568055,88.358976,7445.08,2026-06-13T12:51:36,3,1
622c62e8-2822-4349-aaf0-e86c9245005f,19c41b7f-1fa9-4901-8705-2b3ed982e3bf,1315-2850-5624,9827-2829-7787,Kotak Mahindra Bank,KKBK0384247,Kolkata,Kolkata,West Bengal,22.579133,88.371012,3048.73,2026-06-13T12:53:58,3,1
cb6fd597-ff20-47d3-ae57-76c1c08984ec,19c41b7f-1fa9-4901-8705-2b3ed982e3bf,2312-9790-3617,9827-2829-7787,Kotak Mahindra Bank,KKBK0776541,Kolkata,Kolkata,West Bengal,22.573708,88.378448,15214.16,2026-06-13T12:55:41,3,1
efe97331-332d-4178-8c2f-b4f605e6eea1,19c41b7f-1fa9-4901-8705-2b3ed982e3bf,9774-4840-2427,9827-2829-7787,Kotak Mahindra Bank,KKBK0154321,Kolkata,Kolkata,West Bengal,22.556718,88.36992,4043.73,2026-06-13T12:58:18,3,1
eada6915-06a6-42ca-bc1c-fe39750a9902,19c41b7f-1fa9-4901-8705-2b3ed982e3bf,7859-6289-4343,9827-2829-7787,Kotak Mahindra Bank,KKBK0909918,Kolkata,Kolkata,West Bengal,22.575837,88.372809,57742.88,2026-06-13T12:59:50,3,1
c12eb9c2-ba4b-4163-8d9d-c257b8bbe026,06cb9ad8-a60d-458b-8c62-e44d01545b1b,9372-2526-6383,4272-8352-1759,Kotak Mahindra Bank,KKBK0728177,Delhi,Central Delhi,Delhi,28.661633,77.200227,162672.37,2026-07-07T05:15:03,1,0
cf6647ee-fc3e-4c25-b4b7-9d2f42349be7,06cb9ad8-a60d-458b-8c62-e44d01545b1b,4272-8352-1759,1696-8311-1785,Union Bank of India,UBIN0642723,Delhi,Central Delhi,Delhi,28.627962,77.245617,135087.36,2026-07-07T05:16:13,2,0
fbe505ad-22ae-4733-affb-c45b12d39cdb,06cb9ad8-a60d-458b-8c62-e44d01545b1b,4272-8352-1759,4335-1509-9407,HDFC Bank,HDFC0267073,Chennai,Chennai,Tamil Nadu,13.072911,80.273569,27585.01,2026-07-07T05:17:37,2,0
878953a4-8b94-4afe-ae17-39014c24d689,06cb9ad8-a60d-458b-8c62-e44d01545b1b,4335-1509-9407,5849-5901-9627,YES Bank,YESB0792598,Delhi,Central Delhi,Delhi,28.648966,77.204764,27585.01,2026-07-07T05:20:00,3,1
cf6ec8fa-d4a6-4243-809a-acb5102e9017,b7ac7153-0098-4af7-b8e0-5ad157f486a8,9317-6552-4012,8650-5515-2455,UCO Bank,UCBA0503574,Chandigarh,Chandigarh,Chandigarh,30.769158,76.746549,145644.11,2026-08-06T21:07:17,1,0
af188f66-e681-46c5-8614-7fa1e5f1d5f5,b7ac7153-0098-4af7-b8e0-5ad157f486a8,9317-6552-4012,2233-7864-9844,Canara Bank,CNRB0238864,Hyderabad,Hyderabad,Telangana,17.336556,78.440009,95578.31,2026-08-06T21:07:57,1,0
690916ea-06c5-45de-9202-d8565e45f1fb,b7ac7153-0098-4af7-b8e0-5ad157f486a8,9317-6552-4012,1035-7930-2840,Federal Bank,FDRL0351771,Delhi,Central Delhi,Delhi,28.62639,77.204629,27285.8,2026-08-06T21:08:15,1,0
fd9d408c-e75f-4e64-aa5e-4cb529b682b2,b7ac7153-0098-4af7-b8e0-5ad157f486a8,8650-5515-2455,3870-7902-4188,IndusInd Bank,INDB0773107,Gurgaon,Gurugram,Haryana,28.434808,77.076432,22547.99,2026-08-06T21:09:25,2,0
277d645c-b84d-46c5-b1bb-8b52013e8712,b7ac7153-0098-4af7-b8e0-5ad157f486a8,8650-5515-2455,5334-5597-5412,Federal Bank,FDRL0608090,Chandigarh,Chandigarh,Chandigarh,30.773299,76.737522,115504.48,2026-08-06T21:10:38,2,0
71276357-0705-484d-8c75-8bbc8b969156,b7ac7153-0098-4af7-b8e0-5ad157f486a8,8650-5515-2455,4577-6342-7250,IDBI Bank,IBKL0409576,Lucknow,Lucknow,Uttar Pradesh,26.877751,80.989245,7591.65,2026-08-06T21:11:08,2,0
f2967cf7-12f8-4fc2-ab19-0150f64cafa8,b7ac7153-0098-4af7-b8e0-5ad157f486a8,2233-7864-9844,5886-3659-7126,Canara Bank,CNRB0119469,Ahmedabad,Ahmedabad,Gujarat,23.031057,72.615279,95578.31,2026-08-06T21:11:51,2,0
694b787d-5e9e-4841-9bd6-37090d6d1675,b7ac7153-0098-4af7-b8e0-5ad157f486a8,1035-7930-2840,4650-8512-6967,State Bank of India,SBIN0678100,Gurgaon,Gurugram,Haryana,28.500447,77.033588,27285.8,2026-08-06T21:12:36,2,0
14e6bf0a-2af2-4fb8-97b1-a84451857ed3,b7ac7153-0098-4af7-b8e0-5ad157f486a8,3870-7902-4188,8354-1012-3160,South Indian Bank,SIBL0354052,Patna,Patna,Bihar,25.589117,85.122918,20293.19,2026-08-06T21:14:13,3,1
0d955b34-2833-445d-baad-8dd9bcc5f389,b7ac7153-0098-4af7-b8e0-5ad157f486a8,5334-5597-5412,8354-1012-3160,South Indian Bank,SIBL0823208,Patna,Patna,Bihar,25.586434,85.131677,103954.03,2026-08-06T21:16:50,3,1
169dde24-8f97-4796-bc7a-dbf4536b8d83,b7ac7153-0098-4af7-b8e0-5ad157f486a8,4577-6342-7250,8354-1012-3160,South Indian Bank,SIBL0832326,Patna,Patna,Bihar,25.604664,85.127834,6832.48,2026-08-06T21:18:18,3,1
0a2701ab-771c-4991-aa6b-2f21cd2751f9,b7ac7153-0098-4af7-b8e0-5ad157f486a8,5886-3659-7126,8354-1012-3160,South Indian Bank,SIBL0183004,Patna,Patna,Bihar,25.602096,85.150206,86020.48,2026-08-06T21:20:54,3,1
ccd3e3bf-750d-463a-a37e-1e14f189e28f,7569a2fd-279a-4b7a-aa1a-8c1141c324f1,5561-1266-4982,5456-9356-9958,UCO Bank,UCBA0622623,Chennai,Chennai,Tamil Nadu,13.057577,80.257644,32023.51,2026-07-09T12:14:11,1,0
01b78c88-1a07-47d5-a575-836e765dcfef,7569a2fd-279a-4b7a-aa1a-8c1141c324f1,5561-1266-4982,3406-2947-6771,Canara Bank,CNRB0259666,Hyderabad,Hyderabad,Telangana,17.434906,78.532773,306510.65,2026-07-09T12:15:06,1,0
1a3a22d1-5e7d-4783-91f7-1c933799db9a,7569a2fd-279a-4b7a-aa1a-8c1141c324f1,5456-9356-9958,8010-1629-7244,YES Bank,YESB0733674,Chennai,Chennai,Tamil Nadu,13.110246,80.317716,32023.51,2026-07-09T12:16:01,2,0
b2de8ceb-175f-4675-8362-8a168d3e27ca,7569a2fd-279a-4b7a-aa1a-8c1141c324f1,3406-2947-6771,5648-2207-3119,Federal Bank,FDRL0798956,Chandigarh,Chandigarh,Chandigarh,30.773808,76.742889,71886.2,2026-07-09T12:17:29,2,0
52814fbb-d606-4c65-826f-79a531a1a35d,7569a2fd-279a-4b7a-aa1a-8c1141c324f1,3406-2947-6771,7108-6085-8939,Punjab National Bank,PUNB0734212,Gurgaon,Gurugram,Haryana,28.461943,76.995052,234624.45,2026-07-09T12:18:02,2,0
e9b89a48-494e-467a-b4a1-0a8eaf5f04fa,7569a2fd-279a-4b7a-aa1a-8c1141c324f1,7108-6085-8939,7288-7831-7523,HDFC Bank,HDFC0696845,Chennai,Chennai,Tamil Nadu,13.086036,80.257777,211162.0,2026-07-09T12:21:01,3,1
9170721c-0b14-4c3d-83ca-2f70574f5eb6,7569a2fd-279a-4b7a-aa1a-8c1141c324f1,8010-1629-7244,7288-7831-7523,HDFC Bank,HDFC0461499,Chennai,Chennai,Tamil Nadu,13.077778,80.290111,28821.16,2026-07-09T12:23:55,3,1
30d96641-516c-4ed6-814b-5234a103dfc2,7569a2fd-279a-4b7a-aa1a-8c1141c324f1,5648-2207-3119,7288-7831-7523,HDFC Bank,HDFC0730003,Chennai,Chennai,Tamil Nadu,13.088992,80.256873,64697.58,2026-07-09T12:26:51,3,1
ed9d3400-a327-4f5e-8750-e6de5dbef148,26eb2482-eba5-41c7-837d-e6738a9b829f,5062-4528-6252,8822-7550-9433,Punjab National Bank,PUNB0359060,Noida,Gautam Buddh Nagar,Uttar Pradesh,28.510981,77.358267,117697.2,2026-08-08T02:36:41,1,0
8d6cf6be-0ebb-4db9-bc73-937cc758fc9b,26eb2482-eba5-41c7-837d-e6738a9b829f,5062-4528-6252,8602-9117-8388,Federal Bank,FDRL0363684,Patna,Patna,Bihar,25.633621,85.16891,123010.28,2026-08-08T02:37:24,1,0
d8228627-6d45-4617-a920-cce88f9e9928,26eb2482-eba5-41c7-837d-e6738a9b829f,5062-4528-6252,4068-7097-8107,Bank of Baroda,BARB0732419,Mumbai,Mumbai City,Maharashtra,19.078788,72.84666,50221.55,2026-08-08T02:37:40,1,0
dac08a3e-f908-4156-8ea6-62277bd29311,26eb2482-eba5-41c7-837d-e6738a9b829f,8822-7550-9433,2386-3535-3065,State Bank of India,SBIN0790198,Jaipur,Jaipur,Rajasthan,26.93224,75.830295,9459.55,2026-08-08T02:38:29,2,0
91df4a1b-c9bb-46fb-963c-5acafe8ea2bd,26eb2482-eba5-41c7-837d-e6738a9b829f,8822-7550-9433,7593-1161-1480,Federal Bank,FDRL0859564,Ahmedabad,Ahmedabad,Gujarat,23.047199,72.528134,10331.58,2026-08-08T02:39:08,2,0
8055ba4c-e64f-4860-a3fd-3ed7ec67c7a7,26eb2482-eba5-41c7-837d-e6738a9b829f,8822-7550-9433,1072-2089-5744,Punjab National Bank,PUNB0783737,Lucknow,Lucknow,Uttar Pradesh,26.862833,80.981491,97906.06,2026-08-08T02:40:28,2,0
b3b5ab85-892b-47b9-bee8-f47a68fdab32,26eb2482-eba5-41c7-837d-e6738a9b829f,8602-9117-8388,2158-4567-5923,YES Bank,YESB0619785,Ahmedabad,Ahmedabad,Gujarat,23.00464,72.611513,2446.11,2026-08-08T02:41:31,2,0
bb133f01-4d5f-4275-b399-2b6f6131d6ce,26eb2482-eba5-41c7-837d-e6738a9b829f,8602-9117-8388,2936-1273-4344,Union Bank of India,UBIN0238826,Chennai,Chennai,Tamil Nadu,13.036017,80.28199,120564.17,2026-08-08T02:42:54,2,0
9cdee5c2-b054-4e0d-9b07-875d5db2b1b6,26eb2482-eba5-41c7-837d-e6738a9b829f,4068-7097-8107,6361-7287-5868,State Bank of India,SBIN0751254,Bengaluru,Bengaluru Urban,Karnataka,13.018562,77.609496,30109.63,2026-08-08T02:44:22,2,0
27dba669-6769-4a43-acbc-6907a32306d8,26eb2482-eba5-41c7-837d-e6738a9b829f,4068-7097-8107,3617-3218-5863,Union Bank of India,UBIN0344876,Gurgaon,Gurugram,Haryana,28.443183,76.999813,20111.92,2026-08-08T02:44:55,2,0
1f83b965-3435-40ba-b03d-dec1e2b024e8,26eb2482-eba5-41c7-837d-e6738a9b829f,2158-4567-5923,5276-7564-3049,South Indian Bank,SIBL0967469,Ahmedabad,Ahmedabad,Gujarat,23.033572,72.588249,2201.5,2026-08-08T02:47:55,3,1
5175b336-bf42-497e-9e5a-bb9216533934,26eb2482-eba5-41c7-837d-e6738a9b829f,3617-3218-5863,5276-7564-3049,South Indian Bank,SIBL0135604,Ahmedabad,Ahmedabad,Gujarat,23.028461,72.585692,18100.73,2026-08-08T02:50:39,3,1
b19c2746-3a16-4d7e-af12-3c75af1fbf65,26eb2482-eba5-41c7-837d-e6738a9b829f,6361-7287-5868,5276-7564-3049,South Indian Bank,SIBL0659885,Ahmedabad,Ahmedabad,Gujarat,23.007768,72.551573,27098.67,2026-08-08T02:52:30,3,1
9ab3d4d7-db99-4410-87c2-52bfe5cf49fa,26eb2482-eba5-41c7-837d-e6738a9b829f,2386-3535-3065,5276-7564-3049,South Indian Bank,SIBL0790887,Ahmedabad,Ahmedabad,Gujarat,23.01708,72.576518,8513.59,2026-08-08T02:54:30,3,1
e7179b87-c4f8-4977-97a2-39956561be4c,26eb2482-eba5-41c7-837d-e6738a9b829f,1072-2089-5744,5276-7564-3049,South Indian Bank,SIBL0570359,Ahmedabad,Ahmedabad,Gujarat,23.027127,72.567762,88115.45,2026-08-08T02:55:30,3,1
4af9bf1f-8c19-4d49-b776-7d3a55197e39,094a0f4d-2481-4200-8672-6265704ca4ef,8055-6459-8869,5757-1110-6072,YES Bank,YESB0614591,Pune,Pune,Maharashtra,18.496163,73.877782,388430.03,2026-07-05T23:32:15,1,0
ae7e4689-9b46-4097-ae26-8a978986c581,094a0f4d-2481-4200-8672-6265704ca4ef,5757-1110-6072,4695-2188-4181,State Bank of India,SBIN0620304,Delhi,Central Delhi,Delhi,28.612919,77.178645,256193.81,2026-07-05T23:32:51,2,0
a9f46272-f092-4ed3-aee0-c0b321f4d741,094a0f4d-2481-4200-8672-6265704ca4ef,5757-1110-6072,8899-6173-7630,HDFC Bank,HDFC0466594,Chennai,Chennai,Tamil Nadu,13.038911,80.262604,132236.22,2026-07-05T23:33:31,2,0
e6c05d9c-547a-4c07-9d31-42ee9d0647bf,094a0f4d-2481-4200-8672-6265704ca4ef,4695-2188-4181,3402-6464-2162,Axis Bank,UTIB0607803,Kolkata,Kolkata,West Bengal,22.541938,88.359862,256193.81,2026-07-05T23:37:02,3,1
d6e8186d-8c11-4d45-9505-f09a00c3e253,e9bf9f6f-41b3-4c30-81dc-3c0e7124f5ed,5886-4012-5815,5506-8349-5695,State Bank of India,SBIN0886214,Chennai,Chennai,Tamil Nadu,13.128577,80.262298,6788.41,2026-06-29T12:33:57,1,0
2ac375f3-5734-4083-aa49-8e456f6cced8,e9bf9f6f-41b3-4c30-81dc-3c0e7124f5ed,5886-4012-5815,1001-5438-9083,YES Bank,YESB0430525,Mumbai,Mumbai City,Maharashtra,19.124645,72.92,7585.59,2026-06-29T12:34:15,1,0
304f38b6-46e0-4dc8-af1b-97d5d3376cd3,e9bf9f6f-41b3-4c30-81dc-3c0e7124f5ed,5506-8349-5695,8707-7775-6265,YES Bank,YESB0737849,Patna,Patna,Bihar,25.551229,85.134722,6788.41,2026-06-29T12:34:49,2,0
bd7fbd15-90f0-4ebb-9b11-8c887a4dbcf0,e9bf9f6f-41b3-4c30-81dc-3c0e7124f5ed,1001-5438-9083,6853-2471-8918,Axis Bank,UTIB0274544,Jaipur,Jaipur,Rajasthan,26.948788,75.796609,7585.59,2026-06-29T12:36:03,2,0
fc970a1f-f782-497c-b3ab-748543bc0ca6,e9bf9f6f-41b3-4c30-81dc-3c0e7124f5ed,8707-7775-6265,6761-7283-4155,State Bank of India,SBIN0953481,Ahmedabad,Ahmedabad,Gujarat,22.979837,72.600879,6788.41,2026-06-29T12:38:08,3,0
dcc37b42-afa1-4b08-8012-04ee94577834,e9bf9f6f-41b3-4c30-81dc-3c0e7124f5ed,6761-7283-4155,9337-1023-6641,Union Bank of India,UBIN0182893,Lucknow,Lucknow,Uttar Pradesh,26.869592,80.976976,6788.41,2026-06-29T12:40:36,4,1
d6a264e1-b398-48e4-92e9-b5c70e24d868,e9bf9f6f-41b3-4c30-81dc-3c0e7124f5ed,6853-2471-8918,5269-5444-7429,Bank of Baroda,BARB0731533,Mumbai,Mumbai City,Maharashtra,19.092641,72.919883,7585.59,2026-06-29T12:44:27,3,0
0ec55e6f-2bec-4205-88c5-8f5fbc5a059c,e9bf9f6f-41b3-4c30-81dc-3c0e7124f5ed,5269-5444-7429,1768-9059-8746,State Bank of India,SBIN0111857,Pune,Pune,Maharashtra,18.529183,73.895926,7585.59,2026-06-29T12:45:27,4,1
c5179977-e13d-49e1-a7ff-027890e4160f,df3dbfc7-5989-4246-bc4f-d92a85a77df4,6103-6225-6107,9840-5526-1301,Axis Bank,UTIB0926762,Ahmedabad,Ahmedabad,Gujarat,23.043684,72.536361,388611.29,2026-08-27T10:34:19,1,0
714ed251-275a-4082-8242-ac754f0e5991,df3dbfc7-5989-4246-bc4f-d92a85a77df4,9840-5526-1301,9841-1395-4424,Canara Bank,CNRB0906297,Hyderabad,Hyderabad,Telangana,17.351032,78.530677,388611.29,2026-08-27T10:35:26,2,0
77a09eaa-d06d-41fc-9e20-ed44aa6f9162,df3dbfc7-5989-4246-bc4f-d92a85a77df4,9841-1395-4424,9417-7090-9912,Canara Bank,CNRB0392239,Jaipur,Jaipur,Rajasthan,26.925234,75.806637,388611.29,2026-08-27T10:38:47,3,1
d89029dc-0308-47e8-a3cb-1f8bdb7e87a5,ed7f8d4b-2b77-4abc-8905-852067c59b7e,8287-9751-9855,3483-7418-6270,UCO Bank,UCBA0454362,Lucknow,Lucknow,Uttar Pradesh,26.805754,80.98633,282638.95,2026-08-02T08:41:35,1,0
7a37ff1a-6821-4819-8bf2-5ae75dec17a3,ed7f8d4b-2b77-4abc-8905-852067c59b7e,3483-7418-6270,8165-4385-4337,Axis Bank,UTIB0299096,Delhi,Central Delhi,Delhi,28.62439,77.205842,177563.45,2026-08-02T08:42:13,2,0
8e819161-a78d-496e-8959-ac660573ba64,ed7f8d4b-2b77-4abc-8905-852067c59b7e,3483-7418-6270,4878-6612-7840,Federal Bank,FDRL0627577,Delhi,Central Delhi,Delhi,28.654688,77.249,105075.5,2026-08-02T08:42:59,2,0
b01e378e-18ae-4a17-a22b-87d60ddfae86,ed7f8d4b-2b77-4abc-8905-852067c59b7e,4878-6612-7840,1697-9283-8912,UCO Bank,UCBA0143019,Gurgaon,Gurugram,Haryana,28.507405,77.048164,105075.5,2026-08-02T08:44:09,3,0
6863a97e-afeb-4415-98e9-df2af07a6626,ed7f8d4b-2b77-4abc-8905-852067c59b7e,1697-9283-8912,2518-9861-5622,Axis Bank,UTIB0196338,Noida,Gautam Buddh Nagar,Uttar Pradesh,28.505469,77.426616,105075.5,2026-08-02T08:48:50,4,1
11a646dd-c146-4263-b47f-a1ca9e37d663,15e8f964-cba2-4f7a-b275-2280ec5cf81e,7386-7202-2642,6493-9800-5516,Bank of Baroda,BARB0149330,Kolkata,Kolkata,West Bengal,22.556891,88.393934,456501.46,2026-07-02T07:17:18,1,0
49b7ba0b-fd22-4c3b-914c-1f813a0e3c24,15e8f964-cba2-4f7a-b275-2280ec5cf81e,6493-9800-5516,4055-2954-2825,IndusInd Bank,INDB0133919,Hyderabad,Hyderabad,Telangana,17.364527,78.482182,456501.46,2026-07-02T07:18:26,2,0
0da17309-d504-4a30-8dca-34dde3f790f7,15e8f964-cba2-4f7a-b275-2280ec5cf81e,4055-2954-2825,1296-6137-4700,South Indian Bank,SIBL0811060,Chennai,Chennai,Tamil Nadu,13.033401,80.268441,456501.46,2026-07-02T07:21:59,3,1
7cd82d40-0fc4-445c-9bc0-25ca395c502b,c3c289ea-e0b9-4fb1-a2dd-276194dd7a02,6953-5563-5854,1929-9713-3254,HDFC Bank,HDFC0509365,Pune,Pune,Maharashtra,18.54499,73.888987,38541.85,2026-06-28T01:10:28,1,0
5e39da59-b163-445a-a1a4-ea6af633dc87,c3c289ea-e0b9-4fb1-a2dd-276194dd7a02,6953-5563-5854,4222-2309-8271,Bank of Baroda,BARB0355727,Lucknow,Lucknow,Uttar Pradesh,26.854358,80.938322,104566.32,2026-06-28T01:11:14,1,0
b1ceeeae-93df-4cbc-ba18-238ff719e3d2,c3c289ea-e0b9-4fb1-a2dd-276194dd7a02,1929-9713-3254,7348-7687-3167,IDBI Bank,IBKL0704208,Patna,Patna,Bihar,25.581693,85.087878,7522.79,2026-06-28T01:12:04,2,0
fb57981d-209e-498c-aa1a-04b47729435c,c3c289ea-e0b9-4fb1-a2dd-276194dd7a02,1929-9713-3254,7675-3945-5066,State Bank of India,SBIN0885425,Gurgaon,Gurugram,Haryana,28.447937,77.050586,31019.06,2026-06-28T01:12:48,2,0
1bb65c57-035a-4fa9-98fc-4903d00c3003,c3c289ea-e0b9-4fb1-a2dd-276194dd7a02,4222-2309-8271,1269-3125-7127,South Indian Bank,SIBL0642047,Hyderabad,Hyderabad,Telangana,17.375128,78.469764,45014.58,2026-06-28T01:13:31,2,0
7ad5cffd-5621-4c7d-bff3-29800fb0b818,c3c289ea-e0b9-4fb1-a2dd-276194dd7a02,4222-2309-8271,8965-8346-1097,State Bank of India,SBIN0347992,Hyderabad,Hyderabad,Telangana,17.339153,78.476281,59551.74,2026-06-28T01:14:53,2,0
cfd65bdb-96dd-433b-896c-5fcfa5899e20,c3c289ea-e0b9-4fb1-a2dd-276194dd7a02,7348-7687-3167,9698-2437-8027,Punjab National Bank,PUNB0754148,Bhopal,Bhopal,Madhya Pradesh,23.261701,77.397427,6770.51,2026-06-28T01:15:54,3,1
2f65c8f3-5a4c-4227-817b-ec16e31d5b91,c3c289ea-e0b9-4fb1-a2dd-276194dd7a02,7675-3945-5066,9698-2437-8027,Punjab National Bank,PUNB0326865,Bhopal,Bhopal,Madhya Pradesh,23.263366,77.416295,27917.15,2026-06-28T01:18:44,3,1
19c89f71-1b23-4c5b-a68b-0bd188f44b93,c3c289ea-e0b9-4fb1-a2dd-276194dd7a02,8965-8346-1097,9698-2437-8027,Punjab National Bank,PUNB0161553,Bhopal,Bhopal,Madhya Pradesh,23.27212,77.40209,53596.57,2026-06-28T01:20:05,3,1
89440e9e-0143-4268-b5e6-0b4981e9147b,c3c289ea-e0b9-4fb1-a2dd-276194dd7a02,1269-3125-7127,9698-2437-8027,Punjab National Bank,PUNB0250116,Bhopal,Bhopal,Madhya Pradesh,23.254493,77.393532,40513.12,2026-06-28T01:21:08,3,1
eb04ce29-fa47-404c-884c-0cb61439328e,c15d5c5e-2839-483e-93f4-9d5382e007de,6553-3589-4277,7078-8659-7007,State Bank of India,SBIN0753557,Delhi,Central Delhi,Delhi,28.635561,77.202038,24448.29,2026-07-23T11:38:41,1,0
8f3530f4-1b7b-4d45-8adc-9c4005146ad6,c15d5c5e-2839-483e-93f4-9d5382e007de,6553-3589-4277,4789-2836-4058,Federal Bank,FDRL0465761,Chennai,Chennai,Tamil Nadu,13.124423,80.315452,218054.4,2026-07-23T11:38:59,1,0
510475b6-25da-4c33-812a-a1e9e1f2d8cd,c15d5c5e-2839-483e-93f4-9d5382e007de,7078-8659-7007,6270-5223-5478,IDBI Bank,IBKL0734362,Kolkata,Kolkata,West Bengal,22.550752,88.342431,22582.49,2026-07-23T11:39:47,2,0
05f2fb99-a16f-466b-9179-0f814a681cef,c15d5c5e-2839-483e-93f4-9d5382e007de,7078-8659-7007,3245-1718-6226,Axis Bank,UTIB0194962,Kolkata,Kolkata,West Bengal,22.535036,88.315529,1865.8,2026-07-23T11:40:38,2,0
687f8ed0-2abf-40eb-8ea6-1741e493c115,c15d5c5e-2839-483e-93f4-9d5382e007de,4789-2836-4058,2978-9978-7378,Bank of Baroda,BARB0525873,Hyderabad,Hyderabad,Telangana,17.35069,78.453487,14692.67,2026-07-23T11:41:56,2,0
f34c9c47-c792-43e6-8dee-21209fe49390,c15d5c5e-2839-483e-93f4-9d5382e007de,4789-2836-4058,6699-6740-9673,IndusInd Bank,INDB0256665,Bengaluru,Bengaluru Urban,Karnataka,12.933935,77.606253,192546.14,2026-07-23T11:43:16,2,0
ccbbdf73-1f0a-4987-9bd1-fcfe9737bcff,c15d5c5e-2839-483e-93f4-9d5382e007de,4789-2836-4058,4462-5643-5636,Bank of Baroda,BARB0527191,Lucknow,Lucknow,Uttar Pradesh,26.834689,80.919673,10815.58,2026-07-23T11:43:49,2,0
dc66e13e-dab3-4d05-a770-01c76a0920fd,c15d5c5e-2839-483e-93f4-9d5382e007de,6270-5223-5478,9876-7931-1499,Kotak Mahindra Bank,KKBK0570715,Delhi,Central Delhi,Delhi,28.628448,77.195171,20324.24,2026-07-23T11:45:26,3,1
11b0c38e-a81e-451d-92a1-a3dd9895fdea,c15d5c5e-2839-483e-93f4-9d5382e007de,6699-6740-9673,9876-7931-1499,Kotak Mahindra Bank,KKBK0525831,Delhi,Central Delhi,Delhi,28.594541,77.19687,173291.53,2026-07-23T11:47:19,3,1
8fe636f5-8b5c-4d17-99c0-44ab1d066a7b,c15d5c5e-2839-483e-93f4-9d5382e007de,4462-5643-5636,9876-7931-1499,Kotak Mahindra Bank,KKBK0165942,Delhi,Central Delhi,Delhi,28.608539,77.203607,9734.02,2026-07-23T11:50:01,3,1
9040e403-4997-46b1-b9a6-412401ea6a38,c15d5c5e-2839-483e-93f4-9d5382e007de,3245-1718-6226,9876-7931-1499,Kotak Mahindra Bank,KKBK0492648,Delhi,Central Delhi,Delhi,28.632096,77.216236,1679.22,2026-07-23T11:51:10,3,1
9534b899-1c64-49e0-a5ad-cf7e32a214bf,df8daa7c-5a8c-4500-a962-e7e142e32b22,8228-4774-2477,9143-2538-6177,Kotak Mahindra Bank,KKBK0164842,Ahmedabad,Ahmedabad,Gujarat,23.009842,72.539324,251465.53,2026-07-05T22:21:14,1,0
469b4416-8be3-4e76-bce2-b0710e9a5bb4,df8daa7c-5a8c-4500-a962-e7e142e32b22,8228-4774-2477,7934-1884-6682,HDFC Bank,HDFC0357210,Mumbai,Mumbai City,Maharashtra,19.085073,72.858459,88462.48,2026-07-05T22:21:43,1,0
2ec6e265-1cbd-4207-aa05-d74421b1cccf,df8daa7c-5a8c-4500-a962-e7e142e32b22,9143-2538-6177,5347-1927-7150,State Bank of India,SBIN0857786,Bengaluru,Bengaluru Urban,Karnataka,12.967624,77.601867,24462.87,2026-07-05T22:22:50,2,0
dfee13d1-8a37-433c-978c-bdea2cf7551a,df8daa7c-5a8c-4500-a962-e7e142e32b22,9143-2538-6177,5328-6986-4502,HDFC Bank,HDFC0774219,Patna,Patna,Bihar,25.637341,85.151323,176238.44,2026-07-05T22:24:07,2,0
c7463601-fd2f-41d3-905f-63c391bdef79,df8daa7c-5a8c-4500-a962-e7e142e32b22,9143-2538-6177,2590-6240-8660,Canara Bank,CNRB0879715,Hyderabad,Hyderabad,Telangana,17.428673,78.521461,50764.22,2026-07-05T22:25:11,2,0
7ee1a694-395a-4276-a9cf-a3dbac3a0a56,df8daa7c-5a8c-4500-a962-e7e142e32b22,7934-1884-6682,4519-8039-6408,South Indian Bank,SIBL0848141,Bengaluru,Bengaluru Urban,Karnataka,12.982327,77.570984,54761.3,2026-07-05T22:25:53,2,0
b6efdfab-7e82-442c-b1fa-7e9e28cfa003,df8daa7c-5a8c-4500-a962-e7e142e32b22,7934-1884-6682,7362-3016-4851,Union Bank of India,UBIN0515223,Chennai,Chennai,Tamil Nadu,13.087394,80.221392,33701.18,2026-07-05T22:27:05,2,0
7d75a0d4-54c1-4d40-877d-a215dc7f8820,df8daa7c-5a8c-4500-a962-e7e142e32b22,4519-8039-6408,8766-2453-9881,Punjab National Bank,PUNB0106269,Mumbai,Mumbai City,Maharashtra,19.088228,72.86171,49285.17,2026-07-05T22:29:54,3,1
8a336ac3-69a2-4f5b-ae4b-457d7a4007eb,df8daa7c-5a8c-4500-a962-e7e142e32b22,5347-1927-7150,8766-2453-9881,Punjab National Bank,PUNB0271906,Mumbai,Mumbai City,Maharashtra,19.057021,72.872095,22016.58,2026-07-05T22:31:17,3,1
2a64e8ac-aa68-415b-a41a-8b103535817e,df8daa7c-5a8c-4500-a962-e7e142e32b22,7362-3016-4851,8766-2453-9881,Punjab National Bank,PUNB0353645,Mumbai,Mumbai City,Maharashtra,19.064681,72.891712,30331.06,2026-07-05T22:33:19,3,1
3dc4fee2-de25-49c9-8cad-235822d5ecd4,df8daa7c-5a8c-4500-a962-e7e142e32b22,2590-6240-8660,8766-2453-9881,Punjab National Bank,PUNB0823730,Mumbai,Mumbai City,Maharashtra,19.084259,72.885644,45687.8,2026-07-05T22:34:37,3,1
a5371501-dcc9-45e0-afa7-1a09466bcd50,df8daa7c-5a8c-4500-a962-e7e142e32b22,5328-6986-4502,8766-2453-9881,Punjab National Bank,PUNB0924321,Mumbai,Mumbai City,Maharashtra,19.083304,72.866113,158614.6,2026-07-05T22:36:04,3,1
9d5154df-b2b4-48c3-8fc5-814a0308f557,aae0b059-87a8-4f58-9661-36f49a42390b,5736-5244-1654,3185-6278-4933,ICICI Bank,ICIC0513960,Bhopal,Bhopal,Madhya Pradesh,23.303377,77.452177,147377.02,2026-08-07T09:42:01,1,0
d389c3d0-96b6-45db-81f7-8bfa965c89d1,aae0b059-87a8-4f58-9661-36f49a42390b,3185-6278-4933,7161-4061-5231,Axis Bank,UTIB0843554,Ahmedabad,Ahmedabad,Gujarat,22.988445,72.593493,122951.77,2026-08-07T09:43:29,2,0
1e95661d-a936-4641-adbb-e66d50037241,aae0b059-87a8-4f58-9661-36f49a42390b,3185-6278-4933,3708-8197-8756,Bank of Baroda,BARB0247525,Jaipur,Jaipur,Rajasthan,26.867073,75.76113,24425.25,2026-08-07T09:44:54,2,0
0296fd4f-b53f-4af8-afb9-9d5bdd29782a,aae0b059-87a8-4f58-9661-36f49a42390b,7161-4061-5231,2538-5118-1002,Canara Bank,CNRB0298074,Ahmedabad,Ahmedabad,Gujarat,22.995295,72.601238,122951.77,2026-08-07T09:46:10,3,1
708d157c-2514-464c-b26b-1403489fd884,f29679b0-b947-41b0-bd6c-99823391f886,5569-5806-3265,5864-9104-2156,UCO Bank,UCBA0256605,Kolkata,Kolkata,West Bengal,22.611546,88.314809,105023.66,2026-07-21T08:36:48,1,0
b07aa6a1-fc1c-49b4-aa85-edb43d0ea619,f29679b0-b947-41b0-bd6c-99823391f886,5864-9104-2156,8917-6429-6260,South Indian Bank,SIBL0564063,Chandigarh,Chandigarh,Chandigarh,30.715661,76.786239,12167.55,2026-07-21T08:37:21,2,0
02d915fa-6262-45e0-9eea-90a4ca5e4e36,f29679b0-b947-41b0-bd6c-99823391f886,5864-9104-2156,2377-6378-5402,UCO Bank,UCBA0311539,Noida,Gautam Buddh Nagar,Uttar Pradesh,28.540611,77.363114,85532.45,2026-07-21T08:38:29,2,0
872bebfe-a9be-4856-8c8d-51cee1dd9659,f29679b0-b947-41b0-bd6c-99823391f886,5864-9104-2156,6604-3078-7373,State Bank of India,SBIN0972769,Lucknow,Lucknow,Uttar Pradesh,26.836035,80.924635,7323.67,2026-07-21T08:39:00,2,0
9e7d9e1c-d538-41a4-a544-c3aa57e31d90,f29679b0-b947-41b0-bd6c-99823391f886,8917-6429-6260,8086-3466-3101,Kotak Mahindra Bank,KKBK0589540,Chennai,Chennai,Tamil Nadu,13.071434,80.288269,10950.8,2026-07-21T08:40:59,3,1
51f14576-ec8e-4fc2-9702-54ba5a590b81,f29679b0-b947-41b0-bd6c-99823391f886,6604-3078-7373,8086-3466-3101,Kotak Mahindra Bank,KKBK0861241,Chennai,Chennai,Tamil Nadu,13.082949,80.289104,6591.3,2026-07-21T08:42:52,3,1
80760e74-b255-41c0-856f-1925c025c446,f29679b0-b947-41b0-bd6c-99823391f886,2377-6378-5402,8086-3466-3101,Kotak Mahindra Bank,KKBK0521327,Chennai,Chennai,Tamil Nadu,13.099843,80.279905,76979.2,2026-07-21T08:44:42,3,1
8847cd91-c1c2-4c6a-ae6a-b0d6863904b9,9f05ab97-13f5-42a2-aeb2-5a4942d6741a,8257-1056-4396,6922-1857-4900,Punjab National Bank,PUNB0760785,Gurgaon,Gurugram,Haryana,28.438266,77.049393,134856.81,2026-06-22T07:10:19,1,0
1c71b52d-b82e-4f3b-88ba-099e918f10ea,9f05ab97-13f5-42a2-aeb2-5a4942d6741a,8257-1056-4396,7200-1566-6489,IndusInd Bank,INDB0929513,Chennai,Chennai,Tamil Nadu,13.103506,80.293492,49606.81,2026-06-22T07:10:31,1,0
29b6e6d7-f69f-4c85-b573-760ca26ed049,9f05ab97-13f5-42a2-aeb2-5a4942d6741a,8257-1056-4396,6131-3776-9248,South Indian Bank,SIBL0383376,Chennai,Chennai,Tamil Nadu,13.03455,80.2855,187277.41,2026-06-22T07:10:49,1,0
b0e2ee4e-20ae-4cfc-9e65-a5aae8e66c79,9f05ab97-13f5-42a2-aeb2-5a4942d6741a,6922-1857-4900,8753-7010-9295,ICICI Bank,ICIC0696822,Bengaluru,Bengaluru Urban,Karnataka,13.0142,77.628786,5195.43,2026-06-22T07:11:45,2,0
3a8ecc99-eb4c-4c94-9c80-4cfe79101285,9f05ab97-13f5-42a2-aeb2-5a4942d6741a,6922-1857-4900,3736-8012-8429,Federal Bank,FDRL0114463,Gurgaon,Gurugram,Haryana,28.493777,77.001111,129661.38,2026-06-22T07:12:42,2,0
64d70cc4-ffeb-4b3d-b51a-771bb5dd1a11,9f05ab97-13f5-42a2-aeb2-5a4942d6741a,7200-1566-6489,4127-9328-6846,HDFC Bank,HDFC0701543,Pune,Pune,Maharashtra,18.515182,73.838206,34324.5,2026-06-22T07:13:58,2,0
ee3ab1db-227e-4e23-be0d-bbf61b72651c,9f05ab97-13f5-42a2-aeb2-5a4942d6741a,7200-1566-6489,7611-5298-7744,IndusInd Bank,INDB0319011,Ahmedabad,Ahmedabad,Gujarat,22.982949,72.613931,15282.31,2026-06-22T07:14:59,2,0
1dd2a25f-1dfa-4a9e-b79c-a959654d6801,9f05ab97-13f5-42a2-aeb2-5a4942d6741a,6131-3776-9248,8936-9874-5551,Bank of Baroda,BARB0395798,Delhi,Central Delhi,Delhi,28.623622,77.239044,14355.56,2026-06-22T07:16:21,2,0
a714ea0a-74e2-4d32-886f-80ec9306907b,9f05ab97-13f5-42a2-aeb2-5a4942d6741a,6131-3776-9248,2267-5221-9291,ICICI Bank,ICIC0537199,Bhopal,Bhopal,Madhya Pradesh,23.287408,77.406252,34985.05,2026-06-22T07:17:04,2,0
39bb63cf-f2c8-453d-95ee-6f902adc59c2,9f05ab97-13f5-42a2-aeb2-5a4942d6741a,6131-3776-9248,8000-1563-6160,ICICI Bank,ICIC0881505,Gurgaon,Gurugram,Haryana,28.431743,77.035648,137936.8,2026-06-22T07:17:47,2,0
c1b90d19-1cf4-43d6-9dad-c8d3818336c7,9f05ab97-13f5-42a2-aeb2-5a4942d6741a,8753-7010-9295,9979-9743-2222,IndusInd Bank,INDB0209397,Bhopal,Bhopal,Madhya Pradesh,23.253082,77.404133,4675.89,2026-06-22T07:20:43,3,1
2745631e-8d1d-4573-8ea6-53160868d442,9f05ab97-13f5-42a2-aeb2-5a4942d6741a,3736-8012-8429,9979-9743-2222,IndusInd Bank,INDB0455922,Bhopal,Bhopal,Madhya Pradesh,23.249019,77.393251,116695.24,2026-06-22T07:23:42,3,1
f2ff9452-0a92-46b7-b6f2-6d77e8b93cc1,9f05ab97-13f5-42a2-aeb2-5a4942d6741a,8000-1563-6160,9979-9743-2222,IndusInd Bank,INDB0176791,Bhopal,Bhopal,Madhya Pradesh,23.247198,77.410617,124143.12,2026-06-22T07:26:11,3,1
f872b9ec-ea00-4d62-b1da-0b37dc4857b5,9f05ab97-13f5-42a2-aeb2-5a4942d6741a,2267-5221-9291,9979-9743-2222,IndusInd Bank,INDB0832966,Bhopal,Bhopal,Madhya Pradesh,23.279408,77.427627,31486.54,2026-06-22T07:28:45,3,1
79231808-f43e-4d93-903d-57f09ad97836,5cfea5fe-7ab3-4bd6-83c5-a512b6c9d142,4163-9700-5983,5918-3828-3647,Union Bank of India,UBIN0615579,Lucknow,Lucknow,Uttar Pradesh,26.803121,80.947539,10310.15,2026-07-01T03:15:04,1,0
755ac51e-953a-410a-bdeb-49927408df4f,5cfea5fe-7ab3-4bd6-83c5-a512b6c9d142,4163-9700-5983,6587-7515-8554,Union Bank of India,UBIN0235022,Gurgaon,Gurugram,Haryana,28.430003,77.029186,44287.84,2026-07-01T03:15:46,1,0
1b66d062-1a3d-4847-91da-cdec26bcd826,5cfea5fe-7ab3-4bd6-83c5-a512b6c9d142,5918-3828-3647,8914-1947-6403,IDBI Bank,IBKL0866810,Noida,Gautam Buddh Nagar,Uttar Pradesh,28.505493,77.413334,3211.28,2026-07-01T03:16:40,2,0
b0dd5890-93dd-4a0e-a6d7-cb9c4183cba3,5cfea5fe-7ab3-4bd6-83c5-a512b6c9d142,5918-3828-3647,9956-5753-2104,IndusInd Bank,INDB0520283,Bengaluru,Bengaluru Urban,Karnataka,12.952195,77.619359,1629.17,2026-07-01T03:17:46,2,0
f93d2b0b-8cf9-4393-8791-11443a8dd6f1,5cfea5fe-7ab3-4bd6-83c5-a512b6c9d142,5918-3828-3647,7355-9555-1810,UCO Bank,UCBA0384183,Kolkata,Kolkata,West Bengal,22.561742,88.389204,5469.7,2026-07-01T03:18:52,2,0
9b39ba24-90dd-4552-b4d3-f77168b1292e,5cfea5fe-7ab3-4bd6-83c5-a512b6c9d142,6587-7515-8554,9442-8018-8271,IndusInd Bank,INDB0353170,Kolkata,Kolkata,West Bengal,22.619707,88.399532,38545.36,2026-07-01T03:20:18,2,0
32baf228-622d-4597-b8eb-050d47583690,5cfea5fe-7ab3-4bd6-83c5-a512b6c9d142,6587-7515-8554,5412-7337-4158,South Indian Bank,SIBL0261654,Chennai,Chennai,Tamil Nadu,13.052833,80.301098,5742.48,2026-07-01T03:21:42,2,0
d0fbdf42-20f4-4e46-bc82-c2b7ffe5589a,5cfea5fe-7ab3-4bd6-83c5-a512b6c9d142,5412-7337-4158,3305-7835-2370,Canara Bank,CNRB0107768,Hyderabad,Hyderabad,Telangana,17.368958,78.479606,5168.23,2026-07-01T03:22:58,3,1
8185db76-518e-4516-b7fa-e6b32a0190e0,5cfea5fe-7ab3-4bd6-83c5-a512b6c9d142,8914-1947-6403,3305-7835-2370,Canara Bank,CNRB0434134,Hyderabad,Hyderabad,Telangana,17.394298,78.494075,2890.15,2026-07-01T03:25:53,3,1
60323ee3-ded9-421f-8f0f-27057be780bc,5cfea5fe-7ab3-4bd6-83c5-a512b6c9d142,7355-9555-1810,3305-7835-2370,Canara Bank,CNRB0391276,Hyderabad,Hyderabad,Telangana,17.378222,78.49332,4922.73,2026-07-01T03:27:45,3,1
c037772c-c267-496d-abed-f33a0e03b588,ee0c6e85-8e49-4524-bde3-aab8828c2ee2,7530-6283-6370,9086-6768-2636,Punjab National Bank,PUNB0107181,Delhi,Central Delhi,Delhi,28.56913,77.211377,406322.58,2026-06-14T09:39:44,1,0
27c98bc6-c808-48d2-a045-f6aeed3572bc,ee0c6e85-8e49-4524-bde3-aab8828c2ee2,7530-6283-6370,3820-5174-8704,Union Bank of India,UBIN0948607,Patna,Patna,Bihar,25.585592,85.140695,82743.22,2026-06-14T09:40:15,1,0
9363c238-a16d-4f61-ac6f-8933e084bebc,ee0c6e85-8e49-4524-bde3-aab8828c2ee2,9086-6768-2636,5770-1941-6855,Canara Bank,CNRB0470042,Hyderabad,Hyderabad,Telangana,17.360535,78.447351,406322.58,2026-06-14T09:40:49,2,0
778901f7-baff-4555-af8b-aa23e08c57a8,ee0c6e85-8e49-4524-bde3-aab8828c2ee2,3820-5174-8704,5205-5956-5260,YES Bank,YESB0717326,Kolkata,Kolkata,West Bengal,22.583762,88.407195,82743.22,2026-06-14T09:41:23,2,0
e5e25aa6-f55f-44d7-b972-7ae5206362a5,ee0c6e85-8e49-4524-bde3-aab8828c2ee2,5770-1941-6855,4304-4302-9671,South Indian Bank,SIBL0546484,Kolkata,Kolkata,West Bengal,22.524299,88.391453,406322.58,2026-06-14T09:44:07,3,1
7e89158b-ae41-4f6c-acb9-861a40ccd1e1,ee0c6e85-8e49-4524-bde3-aab8828c2ee2,5205-5956-5260,1686-2040-8415,Axis Bank,UTIB0303408,Hyderabad,Hyderabad,Telangana,17.339558,78.498921,82743.22,2026-06-14T09:45:12,3,0
6427752a-b6f0-4d2c-a12b-d68cad3535fd,ee0c6e85-8e49-4524-bde3-aab8828c2ee2,1686-2040-8415,5387-3521-4476,IndusInd Bank,INDB0163714,Hyderabad,Hyderabad,Telangana,17.352336,78.516431,82743.22,2026-06-14T09:48:23,4,1
da7a59ff-738f-4a3d-86b5-cacd3853fd17,51e12e51-9e7d-42b6-b550-4d5164072185,1794-9856-9760,1498-5554-2133,Punjab National Bank,PUNB0706482,Jaipur,Jaipur,Rajasthan,26.863612,75.814316,163978.01,2026-07-31T18:40:01,1,0
dae6aa97-2abe-47f2-8432-8af25577ec56,51e12e51-9e7d-42b6-b550-4d5164072185,1498-5554-2133,2084-8792-8942,Axis Bank,UTIB0508148,Bengaluru,Bengaluru Urban,Karnataka,12.982539,77.597263,71285.78,2026-07-31T18:40:38,2,0
9252eb26-c24d-4a56-bc1d-5d66bd640924,51e12e51-9e7d-42b6-b550-4d5164072185,1498-5554-2133,8978-3210-5468,Bank of Baroda,BARB0144289,Chandigarh,Chandigarh,Chandigarh,30.729704,76.764794,58279.61,2026-07-31T18:41:27,2,0
4cb6b99f-5206-48c8-9e67-c02b7e0e1b7a,51e12e51-9e7d-42b6-b550-4d5164072185,1498-5554-2133,6515-3504-5402,Canara Bank,CNRB0824882,Patna,Patna,Bihar,25.593314,85.186386,34412.62,2026-07-31T18:42:46,2,0
db2bebf3-2368-4896-88c9-df37d567aee4,51e12e51-9e7d-42b6-b550-4d5164072185,6515-3504-5402,4649-5115-1308,South Indian Bank,SIBL0968626,Bengaluru,Bengaluru Urban,Karnataka,12.976717,77.59654,30971.36,2026-07-31T18:45:00,3,1
7459030c-b30a-4702-a596-058053ee5c9e,51e12e51-9e7d-42b6-b550-4d5164072185,8978-3210-5468,4649-5115-1308,South Indian Bank,SIBL0789817,Bengaluru,Bengaluru Urban,Karnataka,12.990904,77.574644,52451.65,2026-07-31T18:46:17,3,1
0ccedc42-f5ee-4af1-bb85-07ad9b2fab7e,51e12e51-9e7d-42b6-b550-4d5164072185,2084-8792-8942,4649-5115-1308,South Indian Bank,SIBL0746962,Bengaluru,Bengaluru Urban,Karnataka,12.961639,77.580486,64157.2,2026-07-31T18:48:48,3,1
f95b7ccb-63bf-41ae-a03e-e6f99821abd1,ffc5da05-5979-4be9-951c-698cd689b809,4821-2474-6796,3292-6441-9529,Axis Bank,UTIB0690894,Noida,Gautam Buddh Nagar,Uttar Pradesh,28.55991,77.407499,194093.86,2026-06-16T01:31:21,1,0
28174be7-e1a1-4adf-81e3-d7c84fbcb0ab,ffc5da05-5979-4be9-951c-698cd689b809,4821-2474-6796,5593-1287-8678,Punjab National Bank,PUNB0558003,Kolkata,Kolkata,West Bengal,22.568628,88.374866,171041.16,2026-06-16T01:32:01,1,0
0da50d78-05d9-45e8-920f-098ad3f31f59,ffc5da05-5979-4be9-951c-698cd689b809,4821-2474-6796,4132-6114-3516,IndusInd Bank,INDB0169933,Pune,Pune,Maharashtra,18.521749,73.849236,91913.68,2026-06-16T01:32:18,1,0
c2fe0741-2612-4196-98c8-1d7cbdd97ad0,ffc5da05-5979-4be9-951c-698cd689b809,3292-6441-9529,9563-3604-4300,IDBI Bank,IBKL0979859,Gurgaon,Gurugram,Haryana,28.470137,77.055271,174278.35,2026-06-16T01:33:36,2,0
5612d688-c64b-45dd-8f74-9df09f05f66f,ffc5da05-5979-4be9-951c-698cd689b809,3292-6441-9529,1060-9206-9552,Federal Bank,FDRL0830156,Hyderabad,Hyderabad,Telangana,17.38643,78.530456,19815.51,2026-06-16T01:34:39,2,0
7a13e6f6-8c40-4db4-8be1-e21bc6f4646e,ffc5da05-5979-4be9-951c-698cd689b809,5593-1287-8678,7885-3607-5009,YES Bank,YESB0276491,Mumbai,Mumbai City,Maharashtra,19.123107,72.870636,171041.16,2026-06-16T01:35:50,2,0
45a5b917-be67-436a-b341-9e3bcf7f2a2f,ffc5da05-5979-4be9-951c-698cd689b809,4132-6114-3516,6907-9988-7172,Union Bank of India,UBIN0203449,Mumbai,Mumbai City,Maharashtra,19.110931,72.872045,22180.93,2026-06-16T01:37:19,2,0
5d81f3b4-17dc-490b-98c2-81e263983a9d,ffc5da05-5979-4be9-951c-698cd689b809,4132-6114-3516,5586-3715-8524,State Bank of India,SBIN0522424,Hyderabad,Hyderabad,Telangana,17.353179,78.495736,58747.94,2026-06-16T01:38:33,2,0
2d873728-2bcf-40ac-b26a-5435dc44ea72,ffc5da05-5979-4be9-951c-698cd689b809,4132-6114-3516,7881-8873-5792,IndusInd Bank,INDB0814480,Chandigarh,Chandigarh,Chandigarh,30.691945,76.738627,10984.81,2026-06-16T01:39:45,2,0
b7fc892c-a3f2-48e5-8808-817990a42dcb,ffc5da05-5979-4be9-951c-698cd689b809,9563-3604-4300,7250-6927-6568,UCO Bank,UCBA0753113,Pune,Pune,Maharashtra,18.52235,73.870139,156850.52,2026-06-16T01:41:38,3,1
140896a9-a915-4d15-bbfd-12b2ef7e2fb1,ffc5da05-5979-4be9-951c-698cd689b809,6907-9988-7172,7250-6927-6568,UCO Bank,UCBA0540830,Pune,Pune,Maharashtra,18.537514,73.846123,19962.84,2026-06-16T01:44:37,3,1
4b8ef6c8-2d2a-4508-ae1a-bcf8e19286f4,ffc5da05-5979-4be9-951c-698cd689b809,1060-9206-9552,7250-6927-6568,UCO Bank,UCBA0860147,Pune,Pune,Maharashtra,18.506176,73.862851,17833.96,2026-06-16T01:46:35,3,1
618ee097-f699-48bf-8bff-cccd44c83443,ffc5da05-5979-4be9-951c-698cd689b809,5586-3715-8524,7250-6927-6568,UCO Bank,UCBA0572184,Pune,Pune,Maharashtra,18.525387,73.874534,52873.15,2026-06-16T01:47:50,3,1
a8e52fde-3c62-427f-aa2c-0f46ae8b9f2a,ffc5da05-5979-4be9-951c-698cd689b809,7881-8873-5792,7250-6927-6568,UCO Bank,UCBA0258863,Pune,Pune,Maharashtra,18.535756,73.84582,9886.33,2026-06-16T01:48:53,3,1
bbf856fb-0d10-4a4b-852a-0e539af42987,f4dc9b30-5cfa-415d-89fe-39a0bde365a1,1927-1588-8019,5468-9882-8340,UCO Bank,UCBA0837428,Bengaluru,Bengaluru Urban,Karnataka,12.947549,77.607312,20947.37,2026-08-10T18:56:27,1,0
135c33db-9fc5-4f81-8d7b-b73dcd96e163,f4dc9b30-5cfa-415d-89fe-39a0bde365a1,1927-1588-8019,1911-5596-8635,Canara Bank,CNRB0429211,Chennai,Chennai,Tamil Nadu,13.064087,80.280035,76276.89,2026-08-10T18:57:05,1,0
545de93d-0056-451f-b561-489c5adf71b2,f4dc9b30-5cfa-415d-89fe-39a0bde365a1,5468-9882-8340,9923-9860-1651,Kotak Mahindra Bank,KKBK0320338,Lucknow,Lucknow,Uttar Pradesh,26.842977,80.902831,20947.37,2026-08-10T18:58:28,2,0
78d46355-f9b1-4d01-8180-b7a83e316282,f4dc9b30-5cfa-415d-89fe-39a0bde365a1,1911-5596-8635,2061-6249-9095,Federal Bank,FDRL0320303,Kolkata,Kolkata,West Bengal,22.573153,88.368949,3964.74,2026-08-10T18:59:23,2,0
a2131bdc-bee1-4bf6-a918-b765b54107d9,f4dc9b30-5cfa-415d-89fe-39a0bde365a1,1911-5596-8635,1951-5956-7055,Canara Bank,CNRB0650632,Mumbai,Mumbai City,Maharashtra,19.028285,72.843255,12864.07,2026-08-10T19:00:21,2,0
8907d47c-1a4b-409a-85b0-db7e648e1605,f4dc9b30-5cfa-415d-89fe-39a0bde365a1,1911-5596-8635,9354-7399-3746,IndusInd Bank,INDB0517955,Chennai,Chennai,Tamil Nadu,13.040627,80.24448,59448.08,2026-08-10T19:00:52,2,0
9e23453a-a38a-4322-9046-a0df737438f6,f4dc9b30-5cfa-415d-89fe-39a0bde365a1,9923-9860-1651,6467-2445-9965,South Indian Bank,SIBL0204614,Patna,Patna,Bihar,25.580287,85.140283,18852.63,2026-08-10T19:03:01,3,1
9aa19304-218f-4dad-893d-f11de596194d,f4dc9b30-5cfa-415d-89fe-39a0bde365a1,9354-7399-3746,6467-2445-9965,South Indian Bank,SIBL0666252,Patna,Patna,Bihar,25.59502,85.133079,53503.27,2026-08-10T19:05:42,3,1
4f7bdac0-4123-4159-9b4b-84d2c0ca1b26,f4dc9b30-5cfa-415d-89fe-39a0bde365a1,1951-5956-7055,6467-2445-9965,South Indian Bank,SIBL0922228,Patna,Patna,Bihar,25.604597,85.13803,11577.66,2026-08-10T19:08:05,3,1
2e0831ab-fccd-4142-ab5d-4980b6548495,f4dc9b30-5cfa-415d-89fe-39a0bde365a1,2061-6249-9095,6467-2445-9965,South Indian Bank,SIBL0955092,Patna,Patna,Bihar,25.606437,85.143554,3568.27,2026-08-10T19:09:22,3,1
5c6a447a-d3d3-4c7f-aaf9-671da26e8246,4b8d296a-a742-485d-9dc6-c6328e22300b,1115-7582-7357,1600-2940-1771,Union Bank of India,UBIN0342187,Ahmedabad,Ahmedabad,Gujarat,22.99489,72.611929,204318.56,2026-06-09T11:39:31,1,0
99e07d79-99f5-4436-94a9-e354571d1ff6,4b8d296a-a742-485d-9dc6-c6328e22300b,1115-7582-7357,8449-3161-4595,IndusInd Bank,INDB0990804,Chandigarh,Chandigarh,Chandigarh,30.726966,76.759779,28586.27,2026-06-09T11:40:13,1,0
3321e4c1-ccbe-4226-9520-aad191b10b56,4b8d296a-a742-485d-9dc6-c6328e22300b,1115-7582-7357,8881-3404-3358,South Indian Bank,SIBL0354395,Delhi,Central Delhi,Delhi,28.635285,77.163424,53236.28,2026-06-09T11:40:52,1,0
f2d97a73-4f22-4bef-996b-354968e48ea6,4b8d296a-a742-485d-9dc6-c6328e22300b,1600-2940-1771,6372-8540-9372,Bank of Baroda,BARB0824059,Bengaluru,Bengaluru Urban,Karnataka,12.966209,77.624637,42730.51,2026-06-09T11:41:34,2,0
ec179dcc-6191-4c92-a203-71663d41cb69,4b8d296a-a742-485d-9dc6-c6328e22300b,1600-2940-1771,7779-9496-4691,Axis Bank,UTIB0206494,Lucknow,Lucknow,Uttar Pradesh,26.873294,80.980186,161588.05,2026-06-09T11:42:32,2,0
9c3873ac-511a-4971-99c8-6cc77134828a,4b8d296a-a742-485d-9dc6-c6328e22300b,8449-3161-4595,4572-2640-6290,ICICI Bank,ICIC0198161,Jaipur,Jaipur,Rajasthan,26.91488,75.799087,16069.64,2026-06-09T11:43:24,2,0
a75f0145-6c56-472c-8066-ce18d60e176c,4b8d296a-a742-485d-9dc6-c6328e22300b,8449-3161-4595,6394-6574-1699,South Indian Bank,SIBL0333458,Lucknow,Lucknow,Uttar Pradesh,26.848358,80.967291,12498.19,2026-06-09T11:44:37,2,0
a68d55b2-4270-42dd-902d-58d9a152cf5d,4b8d296a-a742-485d-9dc6-c6328e22300b,8449-3161-4595,6214-8208-1536,Punjab National Bank,PUNB0426295,Delhi,Central Delhi,Delhi,28.600664,77.20991,100.0,2026-06-09T11:45:24,2,0
b74103fe-9dc9-4819-b8bb-f756382a1ccc,4b8d296a-a742-485d-9dc6-c6328e22300b,8881-3404-3358,2714-2250-6101,Punjab National Bank,PUNB0606878,Chandigarh,Chandigarh,Chandigarh,30.778397,76.79454,53236.28,2026-06-09T11:45:58,2,0
56f94156-53ea-42ea-9975-53174a5c5164,4b8d296a-a742-485d-9dc6-c6328e22300b,6372-8540-9372,1806-4251-7563,Union Bank of India,UBIN0440052,Chennai,Chennai,Tamil Nadu,13.087811,80.266442,38457.46,2026-06-09T11:47:12,3,1
8c7d4954-26b9-49ce-b24e-10181f8d810e,4b8d296a-a742-485d-9dc6-c6328e22300b,7779-9496-4691,1806-4251-7563,Union Bank of India,UBIN0914160,Chennai,Chennai,Tamil Nadu,13.084053,80.253686,145429.24,2026-06-09T11:50:11,3,1
af2eec5e-253c-45e1-b171-a12268959969,4b8d296a-a742-485d-9dc6-c6328e22300b,6214-8208-1536,1806-4251-7563,Union Bank of India,UBIN0711088,Chennai,Chennai,Tamil Nadu,13.088255,80.285834,90.0,2026-06-09T11:51:15,3,1
44a5c14f-55b0-455f-b936-9169d2d0d977,4b8d296a-a742-485d-9dc6-c6328e22300b,4572-2640-6290,1806-4251-7563,Union Bank of India,UBIN0747925,Chennai,Chennai,Tamil Nadu,13.080556,80.252837,14462.68,2026-06-09T11:53:12,3,1
6fa4afe2-434c-4ae7-a132-7f6fb60167d7,4b8d296a-a742-485d-9dc6-c6328e22300b,6394-6574-1699,1806-4251-7563,Union Bank of India,UBIN0249027,Chennai,Chennai,Tamil Nadu,13.071985,80.289641,11248.37,2026-06-09T11:56:04,3,1
167aae72-40ed-48de-a8b4-569f936fcd1f,2a82f2c3-052e-4cc3-82ac-d11baea28742,6851-7985-9394,5315-7750-8750,Canara Bank,CNRB0997816,Lucknow,Lucknow,Uttar Pradesh,26.839427,80.926016,186730.34,2026-06-12T02:19:46,1,0
6561762f-4948-4279-b954-803ca286d5e8,2a82f2c3-052e-4cc3-82ac-d11baea28742,6851-7985-9394,5807-1405-4799,HDFC Bank,HDFC0328515,Hyderabad,Hyderabad,Telangana,17.428763,78.498016,62756.31,2026-06-12T02:19:57,1,0
925c67ec-258b-4dfd-916e-18d75ca7960d,2a82f2c3-052e-4cc3-82ac-d11baea28742,5315-7750-8750,4582-9169-9290,Kotak Mahindra Bank,KKBK0575011,Bengaluru,Bengaluru Urban,Karnataka,12.992242,77.560617,143682.84,2026-06-12T02:21:04,2,0
c342cf53-343e-4ec0-9bfc-b8d0997f800b,2a82f2c3-052e-4cc3-82ac-d11baea28742,5315-7750-8750,4412-2950-6817,IDBI Bank,IBKL0254457,Jaipur,Jaipur,Rajasthan,26.928655,75.760652,43047.5,2026-06-12T02:22:32,2,0
e8f0f7cc-7559-4646-b87d-3f1cb1e2b372,2a82f2c3-052e-4cc3-82ac-d11baea28742,5807-1405-4799,7447-4414-1618,Axis Bank,UTIB0283553,Mumbai,Mumbai City,Maharashtra,19.056009,72.865292,18230.75,2026-06-12T02:23:54,2,0
c9bdb26f-8809-42dc-9319-14e4a0617ff3,2a82f2c3-052e-4cc3-82ac-d11baea28742,5807-1405-4799,3239-2453-6430,Bank of Baroda,BARB0676706,Noida,Gautam Buddh Nagar,Uttar Pradesh,28.520196,77.414887,16878.84,2026-06-12T02:25:11,2,0
97d09879-81f9-4fc3-9d22-612f37fe98fa,2a82f2c3-052e-4cc3-82ac-d11baea28742,5807-1405-4799,7034-5985-3681,Axis Bank,UTIB0553887,Ahmedabad,Ahmedabad,Gujarat,23.05221,72.523797,27646.72,2026-06-12T02:26:15,2,0
23e42dd4-6880-4f44-b10b-d09f98c99844,2a82f2c3-052e-4cc3-82ac-d11baea28742,4412-2950-6817,8715-5171-7369,ICICI Bank,ICIC0462153,Lucknow,Lucknow,Uttar Pradesh,26.85642,80.949092,38742.75,2026-06-12T02:27:30,3,1
1753b048-d84c-4793-af1c-5d4cec1c697b,2a82f2c3-052e-4cc3-82ac-d11baea28742,7447-4414-1618,8715-5171-7369,ICICI Bank,ICIC0397203,Lucknow,Lucknow,Uttar Pradesh,26.852712,80.963063,16407.68,2026-06-12T02:29:39,3,1
b223e1f4-db71-4897-be7d-3d3ae28f55bc,2a82f2c3-052e-4cc3-82ac-d11baea28742,7034-5985-3681,8715-5171-7369,ICICI Bank,ICIC0380740,Lucknow,Lucknow,Uttar Pradesh,26.856329,80.963134,24882.05,2026-06-12T02:31:41,3,1
56993b10-257a-49fa-9650-11067dac7aa8,2a82f2c3-052e-4cc3-82ac-d11baea28742,3239-2453-6430,8715-5171-7369,ICICI Bank,ICIC0220486,Lucknow,Lucknow,Uttar Pradesh,26.843688,80.943878,15190.96,2026-06-12T02:33:59,3,1
e046e25a-c743-4481-a22e-433f33e35a6e,68c8760b-00f2-40f5-8146-8f35bcd582f7,1215-3647-3712,9415-2540-7627,Union Bank of India,UBIN0776887,Noida,Gautam Buddh Nagar,Uttar Pradesh,28.568913,77.369668,168688.63,2026-08-09T01:15:13,1,0
c98a6f7b-225a-4dd9-ba46-56e0cbc68b4c,68c8760b-00f2-40f5-8146-8f35bcd582f7,9415-2540-7627,4734-5912-5480,Kotak Mahindra Bank,KKBK0833007,Hyderabad,Hyderabad,Telangana,17.423936,78.507223,168688.63,2026-08-09T01:16:25,2,0
d3bdb97a-5ed0-4e51-830b-cbc7ff57d576,68c8760b-00f2-40f5-8146-8f35bcd582f7,4734-5912-5480,8976-8368-5715,IDBI Bank,IBKL0720223,Gurgaon,Gurugram,Haryana,28.490536,77.062543,168688.63,2026-08-09T01:17:31,3,1
6e4ec745-1812-4339-a8ad-3397aace4e54,f0101d05-738a-4007-884c-a15653431c51,7636-5728-4954,1469-3483-7959,Bank of Baroda,BARB0885489,Chandigarh,Chandigarh,Chandigarh,30.686257,76.802001,396429.99,2026-07-24T04:39:50,1,0
b3019356-6361-4cba-8ada-dbff45b0ab2e,f0101d05-738a-4007-884c-a15653431c51,1469-3483-7959,7299-4066-2909,IDBI Bank,IBKL0535670,Hyderabad,Hyderabad,Telangana,17.376386,78.531955,108631.97,2026-07-24T04:40:58,2,0
97583ce9-5175-410b-a732-1bd1cc194ecd,f0101d05-738a-4007-884c-a15653431c51,1469-3483-7959,4090-7809-7178,ICICI Bank,ICIC0882872,Bengaluru,Bengaluru Urban,Karnataka,12.961016,77.568651,21978.07,2026-07-24T04:41:28,2,0
6d63950a-1629-4e30-af2e-ce3996723620,f0101d05-738a-4007-884c-a15653431c51,1469-3483-7959,8412-8531-3017,YES Bank,YESB0133629,Chandigarh,Chandigarh,Chandigarh,30.696743,76.814303,265819.95,2026-07-24T04:42:09,2,0
800ba119-c224-4059-9e98-74a1ab464182,f0101d05-738a-4007-884c-a15653431c51,7299-4066-2909,9916-1649-2185,South Indian Bank,SIBL0558980,Mumbai,Mumbai City,Maharashtra,19.094878,72.879849,97768.77,2026-07-24T04:44:41,3,1
b2468871-d8ba-439e-8e97-c69513992a00,f0101d05-738a-4007-884c-a15653431c51,8412-8531-3017,9916-1649-2185,South Indian Bank,SIBL0541425,Mumbai,Mumbai City,Maharashtra,19.075529,72.882388,239237.96,2026-07-24T04:47:35,3,1
7f5070a9-16af-4f17-a356-1765c41a8dbc,f0101d05-738a-4007-884c-a15653431c51,4090-7809-7178,9916-1649-2185,South Indian Bank,SIBL0198343,Mumbai,Mumbai City,Maharashtra,19.074974,72.875794,19780.26,2026-07-24T04:48:37,3,1
2b13a506-97a8-4454-a920-013cb7903ea0,904fbdc5-bf6d-4cb9-b164-d3a160e12d26,6364-3453-5987,7612-2970-5494,Axis Bank,UTIB0467485,Patna,Patna,Bihar,25.550367,85.118005,219490.74,2026-06-07T11:42:39,1,0
eb890efb-c4ba-486c-b221-241b9bb23935,904fbdc5-bf6d-4cb9-b164-d3a160e12d26,6364-3453-5987,5813-1440-3690,South Indian Bank,SIBL0555376,Bengaluru,Bengaluru Urban,Karnataka,13.009768,77.558611,40573.19,2026-06-07T11:43:14,1,0
56993543-f5dd-4110-88fd-bc2156bff76a,904fbdc5-bf6d-4cb9-b164-d3a160e12d26,7612-2970-5494,1860-2802-7287,Axis Bank,UTIB0695183,Noida,Gautam Buddh Nagar,Uttar Pradesh,28.543956,77.416044,53136.38,2026-06-07T11:44:08,2,0
bc78895e-0b1a-468a-8c5f-44110d4411cf,904fbdc5-bf6d-4cb9-b164-d3a160e12d26,7612-2970-5494,5035-9021-3101,South Indian Bank,SIBL0499918,Jaipur,Jaipur,Rajasthan,26.951763,75.800671,166354.36,2026-06-07T11:45:25,2,0
aae9af7c-32cd-46a4-874c-20490ecdec37,904fbdc5-bf6d-4cb9-b164-d3a160e12d26,5813-1440-3690,3587-3993-8962,HDFC Bank,HDFC0737383,Pune,Pune,Maharashtra,18.474898,73.828333,3292.32,2026-06-07T11:46:46,2,0
5b68cfb1-6c9b-400c-81db-7299dbfdf7fd,904fbdc5-bf6d-4cb9-b164-d3a160e12d26,5813-1440-3690,8187-7154-5304,YES Bank,YESB0953911,Chandigarh,Chandigarh,Chandigarh,30.738057,76.729648,37280.87,2026-06-07T11:48:10,2,0
49a285d1-3330-441e-bdd9-16b9c15b2124,904fbdc5-bf6d-4cb9-b164-d3a160e12d26,3587-3993-8962,4412-5441-5727,South Indian Bank,SIBL0676010,Jaipur,Jaipur,Rajasthan,26.908373,75.772927,2963.09,2026-06-07T11:49:42,3,1
813d62dc-db65-4889-82be-0535c07fe940,904fbdc5-bf6d-4cb9-b164-d3a160e12d26,5035-9021-3101,4412-5441-5727,South Indian Bank,SIBL0661977,Jaipur,Jaipur,Rajasthan,26.901548,75.767332,149718.92,2026-06-07T11:51:50,3,1
2c9e6329-3f92-4bd8-bc6c-2be8470fa909,904fbdc5-bf6d-4cb9-b164-d3a160e12d26,1860-2802-7287,4412-5441-5727,South Indian Bank,SIBL0891704,Jaipur,Jaipur,Rajasthan,26.902048,75.776637,47822.74,2026-06-07T11:53:50,3,1
6bf619f7-04c0-4618-ab30-9d1527287aba,8b5289e3-f7ee-421b-baed-cc64ac3d6389,6917-5521-7192,2371-7124-8900,IDBI Bank,IBKL0716940,Patna,Patna,Bihar,25.589899,85.139306,34509.08,2026-06-23T03:36:08,1,0
dd973636-ee3e-44b6-bf09-755e80166a88,8b5289e3-f7ee-421b-baed-cc64ac3d6389,6917-5521-7192,5790-4243-3438,Federal Bank,FDRL0324034,Bengaluru,Bengaluru Urban,Karnataka,12.927953,77.632085,119202.0,2026-06-23T03:36:55,1,0
981a27cf-448a-444e-9323-558917079cfa,8b5289e3-f7ee-421b-baed-cc64ac3d6389,6917-5521-7192,6858-2520-2875,Punjab National Bank,PUNB0711490,Delhi,Central Delhi,Delhi,28.596123,77.183386,11471.75,2026-06-23T03:37:05,1,0
99ed8648-5265-4e06-b7e3-cdd994449ec5,8b5289e3-f7ee-421b-baed-cc64ac3d6389,2371-7124-8900,8134-7961-2552,Union Bank of India,UBIN0492142,Patna,Patna,Bihar,25.594305,85.093577,13567.47,2026-06-23T03:38:19,2,0
78c09261-db3a-4884-90f8-e56cd03ebdb3,8b5289e3-f7ee-421b-baed-cc64ac3d6389,2371-7124-8900,9418-4183-1848,IDBI Bank,IBKL0603760,Kolkata,Kolkata,West Bengal,22.619103,88.322477,20941.61,2026-06-23T03:39:35,2,0
f71fb145-b2a2-44ad-9fbe-15f4d4abe83f,8b5289e3-f7ee-421b-baed-cc64ac3d6389,5790-4243-3438,2381-6317-2508,HDFC Bank,HDFC0339956,Pune,Pune,Maharashtra,18.513713,73.860186,119202.0,2026-06-23T03:41:05,2,0
f76e38e2-bafc-456f-af36-d76e44683dfa,8b5289e3-f7ee-421b-baed-cc64ac3d6389,6858-2520-2875,2702-1242-8960,Union Bank of India,UBIN0675450,Noida,Gautam Buddh Nagar,Uttar Pradesh,28.531111,77.345534,11471.75,2026-06-23T03:42:26,2,0
6501ede3-250b-4f18-82bc-07df48c9f15d,8b5289e3-f7ee-421b-baed-cc64ac3d6389,2381-6317-2508,6417-8440-1866,Canara Bank,CNRB0783354,Jaipur,Jaipur,Rajasthan,26.925914,75.773012,107281.8,2026-06-23T03:44:36,3,1
5c3bfffb-d584-4b63-8de3-2ac6c9026292,8b5289e3-f7ee-421b-baed-cc64ac3d6389,9418-4183-1848,6417-8440-1866,Canara Bank,CNRB0961896,Jaipur,Jaipur,Rajasthan,26.915527,75.775217,18847.45,2026-06-23T03:46:30,3,1
19ce5025-7233-4ea7-b392-646fc9dd19af,8b5289e3-f7ee-421b-baed-cc64ac3d6389,2702-1242-8960,6417-8440-1866,Canara Bank,CNRB0947915,Jaipur,Jaipur,Rajasthan,26.921259,75.782192,10324.58,2026-06-23T03:49:28,3,1
d45b28ad-7c8c-428a-a9cd-789e6d0ac111,8b5289e3-f7ee-421b-baed-cc64ac3d6389,8134-7961-2552,6417-8440-1866,Canara Bank,CNRB0287910,Jaipur,Jaipur,Rajasthan,26.920669,75.775147,12210.72,2026-06-23T03:51:01,3,1
eb979a4d-b0fa-4451-ab69-5bb89b43287e,688c506b-8e3d-45b4-80dd-eff4bb53cc83,1544-1864-4025,1888-4031-9228,Federal Bank,FDRL0778462,Bengaluru,Bengaluru Urban,Karnataka,12.990738,77.578114,477247.24,2026-06-28T09:12:34,1,0
700ce22d-c051-44e2-89a7-c969e676020c,688c506b-8e3d-45b4-80dd-eff4bb53cc83,1888-4031-9228,1309-6348-3262,Canara Bank,CNRB0603735,Hyderabad,Hyderabad,Telangana,17.338667,78.468204,291905.49,2026-06-28T09:13:05,2,0
377af792-2d0b-4da7-bb75-eebdaec97c40,688c506b-8e3d-45b4-80dd-eff4bb53cc83,1888-4031-9228,3755-5723-2565,Bank of Baroda,BARB0717426,Lucknow,Lucknow,Uttar Pradesh,26.853339,80.898109,115981.67,2026-06-28T09:13:51,2,0
f431c06a-79f1-49a7-a415-e19659a972f7,688c506b-8e3d-45b4-80dd-eff4bb53cc83,1888-4031-9228,2570-5739-3513,Canara Bank,CNRB0361985,Hyderabad,Hyderabad,Telangana,17.355581,78.510719,69360.08,2026-06-28T09:15:16,2,0
a63febf5-2086-4370-aa52-e3373ea4a78f,688c506b-8e3d-45b4-80dd-eff4bb53cc83,1309-6348-3262,5552-1612-1516,Bank of Baroda,BARB0715625,Mumbai,Mumbai City,Maharashtra,19.06122,72.884294,262714.94,2026-06-28T09:18:07,3,1
1cd56d93-58a9-4251-bb75-4d50a7800acc,688c506b-8e3d-45b4-80dd-eff4bb53cc83,2570-5739-3513,5552-1612-1516,Bank of Baroda,BARB0490529,Mumbai,Mumbai City,Maharashtra,19.071111,72.883901,62424.07,2026-06-28T09:19:13,3,1
11399b87-f0f7-4856-a2f6-cfd1ec042b34,688c506b-8e3d-45b4-80dd-eff4bb53cc83,3755-5723-2565,5552-1612-1516,Bank of Baroda,BARB0795473,Mumbai,Mumbai City,Maharashtra,19.085566,72.888,104383.5,2026-06-28T09:20:25,3,1
61f373a1-19d6-4497-81b9-f529cf00a1c1,ff34403c-4f70-4f30-8eb4-227fad0a19e1,2865-4403-5194,6025-4425-4663,Canara Bank,CNRB0935303,Noida,Gautam Buddh Nagar,Uttar Pradesh,28.506968,77.365326,8957.87,2026-06-10T13:05:12,1,0
b9ad4ab9-80aa-45ee-a372-2eb859d81cba,ff34403c-4f70-4f30-8eb4-227fad0a19e1,2865-4403-5194,2655-4152-4732,Punjab National Bank,PUNB0972838,Bengaluru,Bengaluru Urban,Karnataka,13.007592,77.612527,18921.12,2026-06-10T13:06:00,1,0
bb26dfb3-1f8c-407d-818e-33036823674e,ff34403c-4f70-4f30-8eb4-227fad0a19e1,2865-4403-5194,3855-6957-3974,ICICI Bank,ICIC0419059,Mumbai,Mumbai City,Maharashtra,19.044567,72.867673,7872.55,2026-06-10T13:06:31,1,0
b1923784-e229-4c9c-b9d5-7a11f235fa8e,ff34403c-4f70-4f30-8eb4-227fad0a19e1,6025-4425-4663,8253-8015-1081,Canara Bank,CNRB0380622,Mumbai,Mumbai City,Maharashtra,19.043387,72.833151,102.24,2026-06-10T13:07:28,2,0
17d48884-ac81-48dd-83dc-ab935f6b3ed5,ff34403c-4f70-4f30-8eb4-227fad0a19e1,6025-4425-4663,3838-5320-9388,UCO Bank,UCBA0359540,Bengaluru,Bengaluru Urban,Karnataka,12.965327,77.589982,8855.63,2026-06-10T13:08:49,2,0
6bd6d870-a9ad-405c-96a4-9503731e4317,ff34403c-4f70-4f30-8eb4-227fad0a19e1,2655-4152-4732,8758-4973-5533,YES Bank,YESB0450862,Noida,Gautam Buddh Nagar,Uttar Pradesh,28.554336,77.440728,8709.01,2026-06-10T13:10:12,2,0
6c2cbe6e-ea67-4cf9-a885-0c07f2458e2c,ff34403c-4f70-4f30-8eb4-227fad0a19e1,2655-4152-4732,6906-3905-8731,Bank of Baroda,BARB0448667,Bhopal,Bhopal,Madhya Pradesh,23.266172,77.369234,8403.29,2026-06-10T13:11:07,2,0
9fa4ab4e-3202-4cc0-99ec-525e720721d7,ff34403c-4f70-4f30-8eb4-227fad0a19e1,2655-4152-4732,4801-6836-7631,YES Bank,YESB0509035,Chandigarh,Chandigarh,Chandigarh,30.779344,76.766373,1808.82,2026-06-10T13:12:08,2,0
39e757db-166e-4d40-9d80-9caa17aa24bc,ff34403c-4f70-4f30-8eb4-227fad0a19e1,3855-6957-3974,9370-1992-7824,Punjab National Bank,PUNB0379551,Noida,Gautam Buddh Nagar,Uttar Pradesh,28.532773,77.440262,7872.55,2026-06-10T13:13:04,2,0
bf887aba-e4cc-4ffe-8a1c-c96e25eccb52,ff34403c-4f70-4f30-8eb4-227fad0a19e1,3838-5320-9388,3609-5727-8234,YES Bank,YESB0901829,Pune,Pune,Maharashtra,18.516152,73.865487,7970.07,2026-06-10T13:16:02,3,1
43927bdf-cf98-4f42-983a-7af7520adb62,ff34403c-4f70-4f30-8eb4-227fad0a19e1,6906-3905-8731,3609-5727-8234,YES Bank,YESB0344659,Pune,Pune,Maharashtra,18.513923,73.859148,7562.96,2026-06-10T13:18:27,3,1
e786a909-7d67-4260-80e6-019e5b9a93af,ff34403c-4f70-4f30-8eb4-227fad0a19e1,8758-4973-5533,3609-5727-8234,YES Bank,YESB0822888,Pune,Pune,Maharashtra,18.528388,73.853009,7838.11,2026-06-10T13:20:56,3,1
6110ec30-2030-4ef1-b3a2-e68429a7fa34,124e3bf0-f6d6-4056-b2d6-31747c820419,6555-5093-3524,4318-7361-9091,Kotak Mahindra Bank,KKBK0264263,Noida,Gautam Buddh Nagar,Uttar Pradesh,28.549595,77.427341,236571.91,2026-07-31T01:56:25,1,0
70cba23a-faab-4934-abfd-f5b41f1f43b6,124e3bf0-f6d6-4056-b2d6-31747c820419,6555-5093-3524,3469-5879-2691,South Indian Bank,SIBL0306061,Hyderabad,Hyderabad,Telangana,17.409495,78.491405,110121.83,2026-07-31T01:57:19,1,0
00a8849d-2e6b-444f-8f72-7fc99f0efe86,124e3bf0-f6d6-4056-b2d6-31747c820419,4318-7361-9091,6308-5447-4481,IndusInd Bank,INDB0530780,Pune,Pune,Maharashtra,18.525253,73.856721,236571.91,2026-07-31T01:58:49,2,0
33a1fe4e-9ba3-4a04-9463-17e326023733,124e3bf0-f6d6-4056-b2d6-31747c820419,3469-5879-2691,5036-1428-7765,Punjab National Bank,PUNB0593238,Ahmedabad,Ahmedabad,Gujarat,23.031524,72.545036,99477.33,2026-07-31T01:59:28,2,0
089d1ea6-bbf5-48bf-8a0c-0215f56e6003,124e3bf0-f6d6-4056-b2d6-31747c820419,3469-5879-2691,2659-7443-9821,YES Bank,YESB0895782,Chandigarh,Chandigarh,Chandigarh,30.737938,76.795127,10644.5,2026-07-31T02:00:36,2,0
6bfde573-a43c-4d9c-898b-ba76732b4308,124e3bf0-f6d6-4056-b2d6-31747c820419,6308-5447-4481,9193-2364-2663,Canara Bank,CNRB0640298,Chandigarh,Chandigarh,Chandigarh,30.739531,76.787186,212914.72,2026-07-31T02:03:16,3,1
e26e281e-61ba-4697-a626-92561ea63433,124e3bf0-f6d6-4056-b2d6-31747c820419,5036-1428-7765,9193-2364-2663,Canara Bank,CNRB0130646,Chandigarh,Chandigarh,Chandigarh,30.723094,76.779284,89529.6,2026-07-31T02:04:27,3,1
71df7158-df76-4f85-ba65-64675b099a1f,124e3bf0-f6d6-4056-b2d6-31747c820419,2659-7443-9821,9193-2364-2663,Canara Bank,CNRB0597008,Chandigarh,Chandigarh,Chandigarh,30.718532,76.761757,9580.05,2026-07-31T02:05:53,3,1
80eba4c0-1108-4da8-a076-116de4ff5fe0,02a59de0-a5ce-464f-9d80-0e0767adcc6c,1066-2563-5487,7940-8896-1312,Punjab National Bank,PUNB0921825,Hyderabad,Hyderabad,Telangana,17.354646,78.513521,30270.05,2026-07-13T05:46:45,1,0
6e0267b0-07ad-462b-acbc-dbc2bd7cf229,02a59de0-a5ce-464f-9d80-0e0767adcc6c,1066-2563-5487,3292-7334-5507,YES Bank,YESB0516138,Chennai,Chennai,Tamil Nadu,13.051094,80.284944,210035.36,2026-07-13T05:47:45,1,0
aca300ea-0cc9-412f-b82f-7cb96e686e01,02a59de0-a5ce-464f-9d80-0e0767adcc6c,1066-2563-5487,4407-2930-3159,IDBI Bank,IBKL0971731,Ahmedabad,Ahmedabad,Gujarat,23.035783,72.56026,1394.63,2026-07-13T05:48:04,1,0
b4b89754-a85d-4bcd-9873-6513d96812e7,02a59de0-a5ce-464f-9d80-0e0767adcc6c,7940-8896-1312,5858-6643-7643,Axis Bank,UTIB0960523,Hyderabad,Hyderabad,Telangana,17.392266,78.487263,18023.19,2026-07-13T05:48:34,2,0
c388e6e7-d169-4140-a8ec-74534de85b52,02a59de0-a5ce-464f-9d80-0e0767adcc6c,7940-8896-1312,4360-4133-2783,HDFC Bank,HDFC0215172,Jaipur,Jaipur,Rajasthan,26.880552,75.778661,2490.94,2026-07-13T05:49:46,2,0
8c2c41c5-b1a7-4319-b02a-723a7b2d9835,02a59de0-a5ce-464f-9d80-0e0767adcc6c,7940-8896-1312,8536-3272-5924,Canara Bank,CNRB0406322,Lucknow,Lucknow,Uttar Pradesh,26.853416,80.905043,9755.92,2026-07-13T05:51:14,2,0
0250a05e-1a19-4f1d-a96c-56da9bb36dd0,02a59de0-a5ce-464f-9d80-0e0767adcc6c,3292-7334-5507,8397-1419-7745,UCO Bank,UCBA0134457,Noida,Gautam Buddh Nagar,Uttar Pradesh,28.495988,77.379963,135604.86,2026-07-13T05:51:58,2,0
2da827e4-92b6-4c9f-a179-b3c6280d73d1,02a59de0-a5ce-464f-9d80-0e0767adcc6c,3292-7334-5507,4673-4579-6384,Bank of Baroda,BARB0910923,Patna,Patna,Bihar,25.601222,85.098959,74430.5,2026-07-13T05:52:38,2,0
c61c7b5d-aa0b-46ee-a400-2cb5f58bf55a,02a59de0-a5ce-464f-9d80-0e0767adcc6c,4407-2930-3159,5045-5458-1555,Kotak Mahindra Bank,KKBK0798229,Chandigarh,Chandigarh,Chandigarh,30.725226,76.777603,471.5,2026-07-13T05:53:21,2,0
df761902-fb21-41bc-a2c8-7c5457675346,02a59de0-a5ce-464f-9d80-0e0767adcc6c,4407-2930-3159,2332-4189-4709,Axis Bank,UTIB0386923,Jaipur,Jaipur,Rajasthan,26.915748,75.747339,741.1,2026-07-13T05:54:42,2,0
b3bba7c2-5f51-4f2f-9420-67e97ba64521,02a59de0-a5ce-464f-9d80-0e0767adcc6c,4407-2930-3159,4794-5459-5454,Federal Bank,FDRL0671993,Ahmedabad,Ahmedabad,Gujarat,23.052214,72.54793,182.03,2026-07-13T05:55:14,2,0
4f5fa5e1-21f6-4027-9782-94cb67590966,02a59de0-a5ce-464f-9d80-0e0767adcc6c,5858-6643-7643,1617-2210-5113,South Indian Bank,SIBL0208768,Kolkata,Kolkata,West Bengal,22.568618,88.382913,16220.87,2026-07-13T05:56:25,3,1
dc54b693-7adb-49f6-ad73-5b5cf5de6343,02a59de0-a5ce-464f-9d80-0e0767adcc6c,4794-5459-5454,1617-2210-5113,South Indian Bank,SIBL0786243,Kolkata,Kolkata,West Bengal,22.581015,88.370417,163.83,2026-07-13T05:58:39,3,1
e6fe82fc-2c34-4c95-8315-1419097bb8f6,02a59de0-a5ce-464f-9d80-0e0767adcc6c,8397-1419-7745,1617-2210-5113,South Indian Bank,SIBL0909143,Kolkata,Kolkata,West Bengal,22.553597,88.377837,122044.37,2026-07-13T05:59:49,3,1
384b2b0c-8563-44da-9c50-92a036d40afa,02a59de0-a5ce-464f-9d80-0e0767adcc6c,5045-5458-1555,1617-2210-5113,South Indian Bank,SIBL0269397,Kolkata,Kolkata,West Bengal,22.588345,88.345446,424.35,2026-07-13T06:02:12,3,1
54c33399-0bb0-4a0d-9f06-670121877647,02a59de0-a5ce-464f-9d80-0e0767adcc6c,4360-4133-2783,1617-2210-5113,South Indian Bank,SIBL0689112,Kolkata,Kolkata,West Bengal,22.585832,88.360589,2241.85,2026-07-13T06:04:19,3,1
2f59f5d2-a02b-4bae-a642-930d80483c77,0cb0ffe1-0348-4489-8f5a-e3f9d9b1e207,2950-7622-9917,2185-1648-5037,ICICI Bank,ICIC0986709,Noida,Gautam Buddh Nagar,Uttar Pradesh,28.562471,77.366782,379888.51,2026-08-15T22:24:24,1,0
b6e49a73-cca6-462a-ba06-61a5a91c05ef,0cb0ffe1-0348-4489-8f5a-e3f9d9b1e207,2185-1648-5037,6392-5953-5278,State Bank of India,SBIN0601277,Lucknow,Lucknow,Uttar Pradesh,26.853247,80.96333,47811.4,2026-08-15T22:25:21,2,0
422bc991-e76d-4d9b-a567-b10e9d6dee0e,0cb0ffe1-0348-4489-8f5a-e3f9d9b1e207,2185-1648-5037,3554-1981-4432,Federal Bank,FDRL0720419,Chandigarh,Chandigarh,Chandigarh,30.693269,76.821478,132958.16,2026-08-15T22:26:22,2,0
51075dfc-327f-4d45-ae87-50d0c40938a7,0cb0ffe1-0348-4489-8f5a-e3f9d9b1e207,2185-1648-5037,6230-4235-2223,State Bank of India,SBIN0439660,Noida,Gautam Buddh Nagar,Uttar Pradesh,28.56422,77.350888,199118.95,2026-08-15T22:27:16,2,0
9fe38054-9852-46b7-803b-b31b81f0a48f,0cb0ffe1-0348-4489-8f5a-e3f9d9b1e207,3554-1981-4432,3215-2601-6069,South Indian Bank,SIBL0117011,Bhopal,Bhopal,Madhya Pradesh,23.279754,77.404738,119662.34,2026-08-15T22:30:00,3,1
25cda3b4-9ff4-4d26-a10a-595781518881,0cb0ffe1-0348-4489-8f5a-e3f9d9b1e207,6392-5953-5278,3215-2601-6069,South Indian Bank,SIBL0801504,Bhopal,Bhopal,Madhya Pradesh,23.274597,77.399063,43030.26,2026-08-15T22:31:59,3,1
72353ffb-bca0-48da-bc54-a13d112fbe10,0cb0ffe1-0348-4489-8f5a-e3f9d9b1e207,6230-4235-2223,3215-2601-6069,South Indian Bank,SIBL0646050,Bhopal,Bhopal,Madhya Pradesh,23.262126,77.418808,179207.06,2026-08-15T22:34:58,3,1
d402e94e-0127-4d8d-a4cb-e596943d7a60,27a4af9b-fb79-4bf7-bbd1-0832a4e1c245,2507-2953-3171,8526-5900-6195,Bank of Baroda,BARB0499050,Chennai,Chennai,Tamil Nadu,13.062156,80.26357,90067.34,2026-08-06T09:30:43,1,0
82a72319-f813-48df-8719-74f051cc3cc3,27a4af9b-fb79-4bf7-bbd1-0832a4e1c245,2507-2953-3171,3239-8939-2230,HDFC Bank,HDFC0681024,Mumbai,Mumbai City,Maharashtra,19.104862,72.835669,100215.92,2026-08-06T09:31:31,1,0
0cce01e1-942a-467b-82ee-d27a3b89a8ef,27a4af9b-fb79-4bf7-bbd1-0832a4e1c245,2507-2953-3171,4491-8145-8805,Kotak Mahindra Bank,KKBK0744524,Pune,Pune,Maharashtra,18.567463,73.872462,35856.99,2026-08-06T09:32:21,1,0
e7dde44a-6069-41a0-8abf-a05df69ee846,27a4af9b-fb79-4bf7-bbd1-0832a4e1c245,8526-5900-6195,3000-5690-3774,Punjab National Bank,PUNB0150211,Chandigarh,Chandigarh,Chandigarh,30.690914,76.753147,83767.18,2026-08-06T09:33:13,2,0
2add2f5a-40f1-450a-8cac-c1836771ba0e,27a4af9b-fb79-4bf7-bbd1-0832a4e1c245,8526-5900-6195,5087-3486-2949,Bank of Baroda,BARB0447599,Mumbai,Mumbai City,Maharashtra,19.03114,72.887381,6300.16,2026-08-06T09:34:41,2,0
ddf27c98-006b-4138-9f5e-166f28589f20,27a4af9b-fb79-4bf7-bbd1-0832a4e1c245,3239-8939-2230,4039-7365-2088,Bank of Baroda,BARB0275343,Bengaluru,Bengaluru Urban,Karnataka,13.021434,77.56215,99485.24,2026-08-06T09:36:03,2,0
903adf4e-06d0-462d-9d6b-9bf49e57abf4,27a4af9b-fb79-4bf7-bbd1-0832a4e1c245,3239-8939-2230,7660-9976-5149,Kotak Mahindra Bank,KKBK0427038,Lucknow,Lucknow,Uttar Pradesh,26.886042,80.896402,730.68,2026-08-06T09:37:14,2,0
17d7e701-15ba-4c3f-8ade-f9c22696ce59,27a4af9b-fb79-4bf7-bbd1-0832a4e1c245,4491-8145-8805,6952-5636-8971,South Indian Bank,SIBL0546608,Bengaluru,Bengaluru Urban,Karnataka,12.960643,77.572833,10397.55,2026-08-06T09:38:42,2,0
d86f8bb2-0870-4f20-98d7-68e454b23f61,27a4af9b-fb79-4bf7-bbd1-0832a4e1c245,4491-8145-8805,2065-8643-9893,UCO Bank,UCBA0161188,Mumbai,Mumbai City,Maharashtra,19.029063,72.838297,12093.4,2026-08-06T09:39:48,2,0
7fe0a6d4-cbc9-488b-ac8b-425665b6e379,27a4af9b-fb79-4bf7-bbd1-0832a4e1c245,4491-8145-8805,5520-9529-9613,IDBI Bank,IBKL0457284,Lucknow,Lucknow,Uttar Pradesh,26.839969,80.930987,13366.04,2026-08-06T09:40:58,2,0
e75af3aa-0153-492b-b1d4-131e40a53eb7,27a4af9b-fb79-4bf7-bbd1-0832a4e1c245,7660-9976-5149,5853-3386-4018,Kotak Mahindra Bank,KKBK0190620,Jaipur,Jaipur,Rajasthan,26.910627,75.782889,657.61,2026-08-06T09:43:30,3,1
7f947b12-f61a-46ea-88fe-2f7ac461d62c,27a4af9b-fb79-4bf7-bbd1-0832a4e1c245,5087-3486-2949,5853-3386-4018,Kotak Mahindra Bank,KKBK0897359,Jaipur,Jaipur,Rajasthan,26.918536,75.783504,5670.14,2026-08-06T09:44:47,3,1
56e1aa2a-2397-411f-820f-aa8cf794e9af,27a4af9b-fb79-4bf7-bbd1-0832a4e1c245,4039-7365-2088,5853-3386-4018,Kotak Mahindra Bank,KKBK0371571,Jaipur,Jaipur,Rajasthan,26.907711,75.76762,89536.72,2026-08-06T09:45:50,3,1
2539ea26-623b-4976-9950-d81f19f4d371,27a4af9b-fb79-4bf7-bbd1-0832a4e1c245,6952-5636-8971,5853-3386-4018,Kotak Mahindra Bank,KKBK0795559,Jaipur,Jaipur,Rajasthan,26.894113,75.779062,9357.8,2026-08-06T09:46:52,3,1
baf9af64-1880-45be-b7ec-fbc2ada89f09,27a4af9b-fb79-4bf7-bbd1-0832a4e1c245,5520-9529-9613,5853-3386-4018,Kotak Mahindra Bank,KKBK0387786,Jaipur,Jaipur,Rajasthan,26.896849,75.776199,12029.44,2026-08-06T09:49:15,3,1
c041bbfa-76d8-44bf-9b8a-d89a55b20ff3,9b6dabbf-2c68-4eff-8f25-5bb42113e879,9343-7897-3949,1663-9387-8292,Federal Bank,FDRL0529054,Hyderabad,Hyderabad,Telangana,17.38915,78.442599,74318.54,2026-07-21T04:08:06,1,0
0c842e58-6d56-49a9-9d22-5326dce9c1d2,9b6dabbf-2c68-4eff-8f25-5bb42113e879,9343-7897-3949,2681-1084-1056,YES Bank,YESB0205162,Patna,Patna,Bihar,25.592686,85.14123,30749.07,2026-07-21T04:08:33,1,0
01aff4c2-f716-4dab-a80d-d2718b18c4a7,9b6dabbf-2c68-4eff-8f25-5bb42113e879,1663-9387-8292,8728-7678-3760,Union Bank of India,UBIN0216728,Lucknow,Lucknow,Uttar Pradesh,26.808871,80.983218,74318.54,2026-07-21T04:09:15,2,0
1c37f462-df5c-4eab-8247-bdf620f51dfd,9b6dabbf-2c68-4eff-8f25-5bb42113e879,2681-1084-1056,3643-3293-4757,Union Bank of India,UBIN0593923,Pune,Pune,Maharashtra,18.503074,73.822254,13726.8,2026-07-21T04:09:45,2,0
6cb8eadc-7f7c-4203-9951-31fd6e73ace8,9b6dabbf-2c68-4eff-8f25-5bb42113e879,2681-1084-1056,3340-3426-3965,Bank of Baroda,BARB0719766,Ahmedabad,Ahmedabad,Gujarat,23.03205,72.524595,6252.02,2026-07-21T04:10:27,2,0
ba314eb9-5f17-4f4a-b030-919da1818010,9b6dabbf-2c68-4eff-8f25-5bb42113e879,2681-1084-1056,3867-3539-5651,HDFC Bank,HDFC0861570,Delhi,Central Delhi,Delhi,28.639031,77.185798,10770.25,2026-07-21T04:11:14,2,0
de036508-e3a9-46b8-88f9-72b1495b11c9,9b6dabbf-2c68-4eff-8f25-5bb42113e879,3643-3293-4757,2891-5034-6685,IndusInd Bank,INDB0994428,Delhi,Central Delhi,Delhi,28.631728,77.201577,12354.12,2026-07-21T04:13:59,3,1
425c195a-14d1-4ba6-9ea6-74df59e2a618,9b6dabbf-2c68-4eff-8f25-5bb42113e879,3867-3539-5651,2891-5034-6685,IndusInd Bank,INDB0917646,Delhi,Central Delhi,Delhi,28.631647,77.226106,9693.22,2026-07-21T04:15:39,3,1
389c8078-9653-40df-b685-3ca325a2cf20,9b6dabbf-2c68-4eff-8f25-5bb42113e879,8728-7678-3760,2891-5034-6685,IndusInd Bank,INDB0903359,Delhi,Central Delhi,Delhi,28.619625,77.212682,66886.69,2026-07-21T04:17:00,3,1
6d393ce8-63b2-4a78-8491-e0ba6d859879,7b1d870f-076e-4629-bc6d-d0c4675c64ff,8154-5739-2927,6888-9017-1670,Federal Bank,FDRL0124882,Noida,Gautam Buddh Nagar,Uttar Pradesh,28.574995,77.351233,69996.49,2026-08-07T16:07:44,1,0
e61eb797-3221-4def-bd74-0f255b4dd2cf,7b1d870f-076e-4629-bc6d-d0c4675c64ff,8154-5739-2927,8608-9588-4936,South Indian Bank,SIBL0846895,Bhopal,Bhopal,Madhya Pradesh,23.304222,77.386858,20636.66,2026-08-07T16:08:12,1,0
f0e88eee-e186-4644-af69-483f92ae2f9e,7b1d870f-076e-4629-bc6d-d0c4675c64ff,8154-5739-2927,1478-3091-9854,UCO Bank,UCBA0895926,Bengaluru,Bengaluru Urban,Karnataka,12.934225,77.620811,251112.98,2026-08-07T16:08:26,1,0
c1c4ff73-4e9c-48a2-a0a8-ac000fbbb156,7b1d870f-076e-4629-bc6d-d0c4675c64ff,6888-9017-1670,5303-5717-8692,Canara Bank,CNRB0576192,Patna,Patna,Bihar,25.572884,85.175979,69996.49,2026-08-07T16:09:31,2,0
fcfdfac9-7e2f-4424-8b58-d6742fa0b8ce,7b1d870f-076e-4629-bc6d-d0c4675c64ff,8608-9588-4936,1596-3871-2392,Union Bank of India,UBIN0682447,Jaipur,Jaipur,Rajasthan,26.955034,75.759627,20636.66,2026-08-07T16:10:42,2,0
85343d20-3572-451c-b167-2141dc9b4771,7b1d870f-076e-4629-bc6d-d0c4675c64ff,1478-3091-9854,4637-6641-9154,UCO Bank,UCBA0221014,Patna,Patna,Bihar,25.610863,85.097335,133869.33,2026-08-07T16:11:47,2,0
a365e5ab-a0e0-4dbf-9e8d-d6f89c8db664,7b1d870f-076e-4629-bc6d-d0c4675c64ff,1478-3091-9854,1408-4724-8612,IndusInd Bank,INDB0860621,Ahmedabad,Ahmedabad,Gujarat,23.06299,72.565863,117243.65,2026-08-07T16:13:09,2,0
c0bfb96f-a4fa-49e6-96f2-fb79f78778ad,7b1d870f-076e-4629-bc6d-d0c4675c64ff,1408-4724-8612,6225-6438-6294,Bank of Baroda,BARB0922343,Chandigarh,Chandigarh,Chandigarh,30.728183,76.782287,105519.28,2026-08-07T16:15:12,3,1
e03a708a-d2d6-4485-8490-30583fca3760,7b1d870f-076e-4629-bc6d-d0c4675c64ff,4637-6641-9154,6225-6438-6294,Bank of Baroda,BARB0905469,Chandigarh,Chandigarh,Chandigarh,30.714134,76.789782,120482.4,2026-08-07T16:17:41,3,1
22853fc5-0d2f-46db-82d0-e49f0f35a542,7b1d870f-076e-4629-bc6d-d0c4675c64ff,5303-5717-8692,6225-6438-6294,Bank of Baroda,BARB0703888,Chandigarh,Chandigarh,Chandigarh,30.749092,76.759427,62996.84,2026-08-07T16:19:04,3,1
a8e07062-5a62-4642-a7d0-125adf7e6f7a,b13da682-8b7b-4fbd-ab28-05f1d4ba52cd,8043-1800-5883,3510-9516-9900,IDBI Bank,IBKL0507379,Delhi,Central Delhi,Delhi,28.597056,77.20497,129840.89,2026-07-18T21:34:24,1,0
00e1fe43-1b3b-41fd-8dcf-83164944ff87,b13da682-8b7b-4fbd-ab28-05f1d4ba52cd,8043-1800-5883,8031-1242-7181,Kotak Mahindra Bank,KKBK0386647,Patna,Patna,Bihar,25.581225,85.176968,99608.1,2026-07-18T21:34:48,1,0
b4666a51-76d5-4f19-8b10-565871e15ff0,b13da682-8b7b-4fbd-ab28-05f1d4ba52cd,3510-9516-9900,7538-6215-3357,Canara Bank,CNRB0333487,Noida,Gautam Buddh Nagar,Uttar Pradesh,28.527325,77.397014,129840.89,2026-07-18T21:35:46,2,0
b177f6d3-c96b-4370-9178-f4bbaf22b192,b13da682-8b7b-4fbd-ab28-05f1d4ba52cd,8031-1242-7181,1959-3293-6860,Axis Bank,UTIB0858000,Chennai,Chennai,Tamil Nadu,13.072547,80.282078,72822.04,2026-07-18T21:36:33,2,0
a0fbf404-e5ce-47bf-b58a-bf362281b949,b13da682-8b7b-4fbd-ab28-05f1d4ba52cd,8031-1242-7181,4603-1335-9389,UCO Bank,UCBA0517091,Bhopal,Bhopal,Madhya Pradesh,23.239476,77.392729,26786.06,2026-07-18T21:37:43,2,0
62818fc8-6f2b-4545-bbb9-abbd4edba5b5,b13da682-8b7b-4fbd-ab28-05f1d4ba52cd,7538-6215-3357,9708-5620-4017,Axis Bank,UTIB0362702,Lucknow,Lucknow,Uttar Pradesh,26.833664,80.938259,116856.8,2026-07-18T21:39:01,3,1
119a6996-9968-4985-bd41-c8b2fcfd445e,b13da682-8b7b-4fbd-ab28-05f1d4ba52cd,1959-3293-6860,9708-5620-4017,Axis Bank,UTIB0904040,Lucknow,Lucknow,Uttar Pradesh,26.827976,80.929401,65539.84,2026-07-18T21:40:01,3,1
af2a0649-2ffd-4dd1-9fc2-83289b27dd2e,b13da682-8b7b-4fbd-ab28-05f1d4ba52cd,4603-1335-9389,9708-5620-4017,Axis Bank,UTIB0232140,Lucknow,Lucknow,Uttar Pradesh,26.839013,80.955006,24107.45,2026-07-18T21:42:31,3,1
6cd7d1ce-d478-482c-9893-ad0bd8ec4d32,e0087f25-90ba-4f59-b6fb-71cb79dd6e9e,5040-7526-2769,9758-6538-6166,ICICI Bank,ICIC0623226,Bhopal,Bhopal,Madhya Pradesh,23.26621,77.400482,193297.56,2026-08-17T08:05:36,1,0
8708b99c-1ec3-4e65-a46f-a461ee655551,e0087f25-90ba-4f59-b6fb-71cb79dd6e9e,5040-7526-2769,8512-5616-1471,Punjab National Bank,PUNB0486843,Gurgaon,Gurugram,Haryana,28.454718,77.000516,7697.05,2026-08-17T08:05:56,1,0
92813891-b952-44f8-8bfe-24954b023f4c,e0087f25-90ba-4f59-b6fb-71cb79dd6e9e,9758-6538-6166,4631-3365-6536,UCO Bank,UCBA0476267,Pune,Pune,Maharashtra,18.488528,73.828924,193297.56,2026-08-17T08:07:09,2,0
dbf86e64-8848-4d6e-99a8-f49640ee50eb,e0087f25-90ba-4f59-b6fb-71cb79dd6e9e,8512-5616-1471,6278-9811-3282,Canara Bank,CNRB0148329,Mumbai,Mumbai City,Maharashtra,19.053953,72.918865,7697.05,2026-08-17T08:08:12,2,0
713f6c3e-c89b-4f20-8367-7f2f26fa90a7,e0087f25-90ba-4f59-b6fb-71cb79dd6e9e,4631-3365-6536,7427-4011-2485,ICICI Bank,ICIC0608950,Noida,Gautam Buddh Nagar,Uttar Pradesh,28.515049,77.356697,193297.56,2026-08-17T08:11:05,3,0
3a3b0bab-70a8-44b2-92c7-f388edf76241,e0087f25-90ba-4f59-b6fb-71cb79dd6e9e,7427-4011-2485,3274-3146-1433,HDFC Bank,HDFC0586550,Hyderabad,Hyderabad,Telangana,17.389157,78.51361,193297.56,2026-08-17T08:13:22,4,1
bc7e1d4a-dc02-4582-9638-b25611a3cf6a,e0087f25-90ba-4f59-b6fb-71cb79dd6e9e,6278-9811-3282,4944-3885-7653,UCO Bank,UCBA0597904,Mumbai,Mumbai City,Maharashtra,19.111844,72.911121,7697.05,2026-08-17T08:15:59,3,0
6d7fce21-bc91-410b-bf45-e91166209317,e0087f25-90ba-4f59-b6fb-71cb79dd6e9e,4944-3885-7653,7491-4625-3067,Bank of Baroda,BARB0134620,Patna,Patna,Bihar,25.641218,85.099711,7697.05,2026-08-17T08:20:28,4,1
a8298806-0940-4ceb-8980-3d34cdba810f,77c63f86-f6ee-4bdd-a4b2-7a850e9247a3,3570-9193-1739,9710-6870-1124,HDFC Bank,HDFC0713457,Jaipur,Jaipur,Rajasthan,26.867275,75.794945,81799.35,2026-06-05T06:11:00,1,0
c1eda16c-29e8-4cac-85ee-9e4b86110c46,77c63f86-f6ee-4bdd-a4b2-7a850e9247a3,3570-9193-1739,4030-3477-1738,Axis Bank,UTIB0491823,Mumbai,Mumbai City,Maharashtra,19.0879,72.876641,93742.44,2026-06-05T06:11:51,1,0
3987bd1b-9265-4d42-8dc5-5324cb33d6c8,77c63f86-f6ee-4bdd-a4b2-7a850e9247a3,9710-6870-1124,2388-2012-1033,UCO Bank,UCBA0458184,Jaipur,Jaipur,Rajasthan,26.905429,75.774978,30233.57,2026-06-05T06:13:06,2,0
608ca91f-b631-4378-8354-c4dda9a3231c,77c63f86-f6ee-4bdd-a4b2-7a850e9247a3,9710-6870-1124,1952-1355-4011,Federal Bank,FDRL0494865,Bengaluru,Bengaluru Urban,Karnataka,12.993154,77.612302,51565.78,2026-06-05T06:13:47,2,0
5f5d8b71-0076-4eea-ae03-ffdd9660b93a,77c63f86-f6ee-4bdd-a4b2-7a850e9247a3,4030-3477-1738,9064-2048-9423,State Bank of India,SBIN0932487,Pune,Pune,Maharashtra,18.548364,73.879396,22722.31,2026-06-05T06:14:31,2,0
a2b4b040-8a14-43cc-9e77-b3734d5bd058,77c63f86-f6ee-4bdd-a4b2-7a850e9247a3,4030-3477-1738,7036-6798-6064,ICICI Bank,ICIC0345715,Lucknow,Lucknow,Uttar Pradesh,26.804984,80.934707,27892.11,2026-06-05T06:15:14,2,0
1d8d4ab1-c69f-4b68-b4a2-4d4fbea2a9b0,77c63f86-f6ee-4bdd-a4b2-7a850e9247a3,4030-3477-1738,1040-8364-3336,Kotak Mahindra Bank,KKBK0919818,Chennai,Chennai,Tamil Nadu,13.086147,80.228247,43128.02,2026-06-05T06:16:24,2,0
50f7a05d-c7c9-4a1a-9bc4-3825218f3487,77c63f86-f6ee-4bdd-a4b2-7a850e9247a3,7036-6798-6064,5015-8273-1210,YES Bank,YESB0744810,Lucknow,Lucknow,Uttar Pradesh,26.838528,80.956477,25102.9,2026-06-05T06:17:39,3,1
6c371eaf-40b0-4f2a-9012-96afbaaaf1f4,77c63f86-f6ee-4bdd-a4b2-7a850e9247a3,9064-2048-9423,5015-8273-1210,YES Bank,YESB0810598,Lucknow,Lucknow,Uttar Pradesh,26.851271,80.962698,20450.08,2026-06-05T06:19:04,3,1
95dc50e3-a1fb-4ec4-bf26-e19cdec9c0fd,77c63f86-f6ee-4bdd-a4b2-7a850e9247a3,1952-1355-4011,5015-8273-1210,YES Bank,YESB0184179,Lucknow,Lucknow,Uttar Pradesh,26.853503,80.965161,46409.2,2026-06-05T06:22:01,3,1
d8b78d8e-de22-48f6-84ec-e6f1e0ec6c8e,77c63f86-f6ee-4bdd-a4b2-7a850e9247a3,1040-8364-3336,5015-8273-1210,YES Bank,YESB0541157,Lucknow,Lucknow,Uttar Pradesh,26.85516,80.939799,38815.22,2026-06-05T06:23:55,3,1
1d4e01e9-29cb-4312-81ff-e0431ba7b01f,a1da7ff7-5e5b-4cb4-9be3-bad18f5e8029,3896-8715-7849,3048-1434-3623,HDFC Bank,HDFC0834310,Bhopal,Bhopal,Madhya Pradesh,23.2747,77.410279,207389.13,2026-08-12T17:27:27,1,0
c54e458f-c5e2-4d9e-a75f-90d972ee4d8f,a1da7ff7-5e5b-4cb4-9be3-bad18f5e8029,3048-1434-3623,7664-2215-1980,ICICI Bank,ICIC0172611,Mumbai,Mumbai City,Maharashtra,19.093517,72.866779,207389.13,2026-08-12T17:28:06,2,0
01fb6972-16ae-446f-9e68-84842c5fe5dc,a1da7ff7-5e5b-4cb4-9be3-bad18f5e8029,7664-2215-1980,7330-8828-8005,Bank of Baroda,BARB0242064,Mumbai,Mumbai City,Maharashtra,19.041117,72.896096,207389.13,2026-08-12T17:29:58,3,1
af05036c-83ff-453c-9302-d638e7ce5236,fae8504e-054a-434a-aa66-c309b378f277,9833-6828-3544,3261-7202-9467,Punjab National Bank,PUNB0637530,Jaipur,Jaipur,Rajasthan,26.899163,75.759367,435462.04,2026-08-26T02:31:51,1,0
b0a6725a-00a5-45b5-aa74-6c5441889d0b,fae8504e-054a-434a-aa66-c309b378f277,3261-7202-9467,2372-2361-5686,State Bank of India,SBIN0882717,Delhi,Central Delhi,Delhi,28.588384,77.242018,248086.55,2026-08-26T02:32:22,2,0
e6714f3f-fd3e-4483-99fc-81ca7ba76b24,fae8504e-054a-434a-aa66-c309b378f277,3261-7202-9467,3494-6104-4154,South Indian Bank,SIBL0697476,Mumbai,Mumbai City,Maharashtra,19.101234,72.88416,187375.49,2026-08-26T02:33:41,2,0
f1a3d3a3-f7a5-4d82-8467-e9a2a5b4ed9b,fae8504e-054a-434a-aa66-c309b378f277,2372-2361-5686,2198-4394-3346,Canara Bank,CNRB0728556,Bengaluru,Bengaluru Urban,Karnataka,12.987471,77.59482,248086.55,2026-08-26T02:35:47,3,1
c022c9d1-64dc-4bfc-85f6-77856f2ee4d8,53044d92-7db6-4a63-9044-07255be4cd08,7225-4419-3077,9771-5224-2692,Bank of Baroda,BARB0175055,Ahmedabad,Ahmedabad,Gujarat,23.060738,72.555483,63348.94,2026-07-21T05:31:32,1,0
c6cfa1fd-86fe-4691-b779-034b380e7401,53044d92-7db6-4a63-9044-07255be4cd08,7225-4419-3077,9042-4304-9141,South Indian Bank,SIBL0246235,Kolkata,Kolkata,West Bengal,22.526724,88.323736,374.48,2026-07-21T05:31:55,1,0
07abe446-df25-4a5b-b9be-c4414f191bf6,53044d92-7db6-4a63-9044-07255be4cd08,9771-5224-2692,1496-7354-6785,ICICI Bank,ICIC0566738,Hyderabad,Hyderabad,Telangana,17.42158,78.524382,61215.98,2026-07-21T05:32:43,2,0
e28c9a87-f6fa-4b42-917f-02fc4c0ec328,53044d92-7db6-4a63-9044-07255be4cd08,9771-5224-2692,3681-8011-7437,South Indian Bank,SIBL0166703,Bengaluru,Bengaluru Urban,Karnataka,13.002148,77.593385,2132.96,2026-07-21T05:34:08,2,0
28452ba5-1566-4ffa-b8f8-399f704a13b4,53044d92-7db6-4a63-9044-07255be4cd08,9042-4304-9141,6176-6659-4614,Canara Bank,CNRB0887869,Bengaluru,Bengaluru Urban,Karnataka,12.96019,77.591526,117.4,2026-07-21T05:35:21,2,0
5caede4e-7e80-49ce-978e-d6bfe09551d3,53044d92-7db6-4a63-9044-07255be4cd08,9042-4304-9141,5078-9011-6987,Punjab National Bank,PUNB0562722,Kolkata,Kolkata,West Bengal,22.573731,88.372768,257.08,2026-07-21T05:36:17,2,0
c7b59b7d-ffb8-4f35-b82a-44346b0bc55b,53044d92-7db6-4a63-9044-07255be4cd08,3681-8011-7437,7022-2971-1355,Punjab National Bank,PUNB0244797,Hyderabad,Hyderabad,Telangana,17.377596,78.505043,1919.66,2026-07-21T05:38:37,3,1
c8b1fc95-7b7f-480e-86ba-a80205c68e98,53044d92-7db6-4a63-9044-07255be4cd08,5078-9011-6987,7022-2971-1355,Punjab National Bank,PUNB0235909,Hyderabad,Hyderabad,Telangana,17.403828,78.483452,231.37,2026-07-21T05:40:51,3,1
ea97eff1-a0af-4abd-b4b4-13b55a497827,53044d92-7db6-4a63-9044-07255be4cd08,6176-6659-4614,7022-2971-1355,Punjab National Bank,PUNB0659763,Hyderabad,Hyderabad,Telangana,17.402152,78.50105,105.66,2026-07-21T05:42:40,3,1
146b04ba-0fd7-44eb-b5ca-b77c21f40b5c,1de58e46-b869-4315-8a95-786e774b49e9,1888-7909-3070,7846-9064-3938,Kotak Mahindra Bank,KKBK0915400,Ahmedabad,Ahmedabad,Gujarat,22.994051,72.589881,47136.11,2026-07-14T00:29:12,1,0
7c2c9599-a1ad-4447-bd73-7590f4e88b7f,1de58e46-b869-4315-8a95-786e774b49e9,1888-7909-3070,4791-6235-1356,Federal Bank,FDRL0176492,Gurgaon,Gurugram,Haryana,28.422599,76.987625,442216.78,2026-07-14T00:29:39,1,0
da37999f-e5bb-4134-b8ee-97f47d474d1f,1de58e46-b869-4315-8a95-786e774b49e9,7846-9064-3938,7082-1071-4048,Kotak Mahindra Bank,KKBK0676825,Chennai,Chennai,Tamil Nadu,13.131097,80.289657,1051.34,2026-07-14T00:31:06,2,0
ff7afadf-3584-402d-87a9-e5c8670bbd4e,1de58e46-b869-4315-8a95-786e774b49e9,7846-9064-3938,3414-4209-5795,IDBI Bank,IBKL0865378,Jaipur,Jaipur,Rajasthan,26.932303,75.765987,46084.77,2026-07-14T00:32:30,2,0
eaf101a5-8b50-49f3-be05-db0905a4e21e,1de58e46-b869-4315-8a95-786e774b49e9,4791-6235-1356,9073-8596-3243,IDBI Bank,IBKL0154462,Jaipur,Jaipur,Rajasthan,26.908296,75.757661,354677.24,2026-07-14T00:33:18,2,0
0b44bf5b-224f-49b9-966a-1a97d8c84a53,1de58e46-b869-4315-8a95-786e774b49e9,4791-6235-1356,7120-2904-9515,UCO Bank,UCBA0240461,Kolkata,Kolkata,West Bengal,22.531961,88.359178,87539.54,2026-07-14T00:34:29,2,0
1417de6b-bcd1-4dfc-9787-e6b88ed28e26,1de58e46-b869-4315-8a95-786e774b49e9,3414-4209-5795,3556-1919-5419,Bank of Baroda,BARB0513880,Noida,Gautam Buddh Nagar,Uttar Pradesh,28.53503,77.401637,41476.29,2026-07-14T00:37:00,3,1
c68c5fdb-030b-444b-9e5d-9b6ee6b0533c,1de58e46-b869-4315-8a95-786e774b49e9,7082-1071-4048,3556-1919-5419,Bank of Baroda,BARB0112321,Noida,Gautam Buddh Nagar,Uttar Pradesh,28.531317,77.38728,946.21,2026-07-14T00:38:56,3,1
83518ccb-bcbc-4f50-bd6c-2972114da3a5,1de58e46-b869-4315-8a95-786e774b49e9,7120-2904-9515,3556-1919-5419,Bank of Baroda,BARB0803492,Noida,Gautam Buddh Nagar,Uttar Pradesh,28.521125,77.405516,78785.59,2026-07-14T00:40:24,3,1
9bc7cbea-2582-4189-9eda-41600ce20d31,8b5fc32f-a300-4fe6-90f3-df8ba6658a43,7985-4284-1071,2103-3266-3482,Federal Bank,FDRL0151391,Bhopal,Bhopal,Madhya Pradesh,23.299034,77.434604,412563.42,2026-06-23T02:22:14,1,0
8c8d6908-2f40-40fc-9a3f-d8b645f13c54,8b5fc32f-a300-4fe6-90f3-df8ba6658a43,2103-3266-3482,5787-9247-5397,Axis Bank,UTIB0990361,Hyderabad,Hyderabad,Telangana,17.380136,78.494326,211565.25,2026-06-23T02:23:32,2,0
2bcc6cb2-0a34-434a-892f-d27cf08ca2bd,8b5fc32f-a300-4fe6-90f3-df8ba6658a43,2103-3266-3482,3072-7352-5147,YES Bank,YESB0274467,Kolkata,Kolkata,West Bengal,22.61645,88.383034,94371.63,2026-06-23T02:24:03,2,0
81048434-6fdd-42c1-b900-036284b67fa6,8b5fc32f-a300-4fe6-90f3-df8ba6658a43,2103-3266-3482,9898-4334-4352,Canara Bank,CNRB0858940,Chennai,Chennai,Tamil Nadu,13.106707,80.229279,106626.53,2026-06-23T02:25:11,2,0
721bb503-8d8c-4122-8455-5bbc3dc23072,8b5fc32f-a300-4fe6-90f3-df8ba6658a43,3072-7352-5147,5148-5686-8124,South Indian Bank,SIBL0239545,Chandigarh,Chandigarh,Chandigarh,30.714261,76.798815,84934.47,2026-06-23T02:27:27,3,1
22abf727-0984-4b92-bc30-bfa82a9b374a,8b5fc32f-a300-4fe6-90f3-df8ba6658a43,5787-9247-5397,5148-5686-8124,South Indian Bank,SIBL0539674,Chandigarh,Chandigarh,Chandigarh,30.724497,76.788008,190408.72,2026-06-23T02:30:24,3,1
09f3c492-602c-4454-ab46-506209286ce5,8b5fc32f-a300-4fe6-90f3-df8ba6658a43,9898-4334-4352,5148-5686-8124,South Indian Bank,SIBL0219248,Chandigarh,Chandigarh,Chandigarh,30.747983,76.765223,95963.88,2026-06-23T02:31:30,3,1
e31465aa-506e-4783-9cf7-29665ead23ae,8913dcc3-d808-43fb-9d72-a9033f733dae,2533-4525-7130,1014-2268-2774,Punjab National Bank,PUNB0215054,Hyderabad,Hyderabad,Telangana,17.382519,78.515408,20947.57,2026-08-02T03:59:33,1,0
c6875e09-8426-474b-94a3-e1c664c86229,8913dcc3-d808-43fb-9d72-a9033f733dae,1014-2268-2774,1983-9861-1799,HDFC Bank,HDFC0395536,Delhi,Central Delhi,Delhi,28.570044,77.183199,2779.93,2026-08-02T04:00:43,2,0
c50eeff3-f6b7-4e2a-b596-d67e6b3ea602,8913dcc3-d808-43fb-9d72-a9033f733dae,1014-2268-2774,4551-9583-9348,Canara Bank,CNRB0633694,Hyderabad,Hyderabad,Telangana,17.368993,78.50541,12301.73,2026-08-02T04:01:35,2,0
c2e634b8-1448-46e8-92e2-0e84ef7a2f65,8913dcc3-d808-43fb-9d72-a9033f733dae,1014-2268-2774,1585-5683-5182,Bank of Baroda,BARB0647818,Mumbai,Mumbai City,Maharashtra,19.089431,72.838003,5865.91,2026-08-02T04:02:58,2,0
b7605178-f6a5-4910-9744-1237dae8d25d,8913dcc3-d808-43fb-9d72-a9033f733dae,4551-9583-9348,6238-6771-9285,State Bank of India,SBIN0754799,Mumbai,Mumbai City,Maharashtra,19.081566,72.861824,11071.56,2026-08-02T04:04:03,3,1
834d2ff2-6686-4c57-bb98-772c422636f2,8913dcc3-d808-43fb-9d72-a9033f733dae,1585-5683-5182,6238-6771-9285,State Bank of India,SBIN0641400,Mumbai,Mumbai City,Maharashtra,19.093256,72.872957,5279.32,2026-08-02T04:05:54,3,1
ffd0c2e4-e4ad-4edf-bd60-e71c841ba22b,8913dcc3-d808-43fb-9d72-a9033f733dae,1983-9861-1799,6238-6771-9285,State Bank of India,SBIN0215332,Mumbai,Mumbai City,Maharashtra,19.075482,72.890326,2501.94,2026-08-02T04:07:51,3,1
6f06fc80-8ffa-4fe4-b588-8fa956ea3de5,c634b2b0-3c78-4c29-8717-e02f1142c24c,5296-1591-2494,1609-3535-8579,HDFC Bank,HDFC0483583,Noida,Gautam Buddh Nagar,Uttar Pradesh,28.537096,77.379926,7958.83,2026-06-02T07:52:24,1,0
6ecfa574-1348-45f2-bf9e-f3f7239951fd,c634b2b0-3c78-4c29-8717-e02f1142c24c,5296-1591-2494,2682-7632-9636,Canara Bank,CNRB0189325,Noida,Gautam Buddh Nagar,Uttar Pradesh,28.542375,77.388002,20111.82,2026-06-02T07:53:07,1,0
c07f67ab-0b0d-4bdb-abe1-34cdf00188b6,c634b2b0-3c78-4c29-8717-e02f1142c24c,5296-1591-2494,4345-8925-2684,Kotak Mahindra Bank,KKBK0707274,Bengaluru,Bengaluru Urban,Karnataka,12.995184,77.596732,26873.21,2026-06-02T07:53:41,1,0
ef36f872-4f2b-4467-bd3c-dd2416a24d3b,c634b2b0-3c78-4c29-8717-e02f1142c24c,1609-3535-8579,4263-3618-7780,Axis Bank,UTIB0298800,Bengaluru,Bengaluru Urban,Karnataka,12.947158,77.608962,2579.94,2026-06-02T07:54:45,2,0
e6bbeedc-9dba-497b-879b-9e75069a4e4d,c634b2b0-3c78-4c29-8717-e02f1142c24c,1609-3535-8579,2075-8806-1682,UCO Bank,UCBA0542480,Bengaluru,Bengaluru Urban,Karnataka,12.954315,77.615159,4325.4,2026-06-02T07:55:19,2,0
ed87d549-c01c-4ebf-84ad-2c99092f778c,c634b2b0-3c78-4c29-8717-e02f1142c24c,1609-3535-8579,6256-1460-6453,Bank of Baroda,BARB0482463,Mumbai,Mumbai City,Maharashtra,19.121186,72.926439,1053.49,2026-06-02T07:56:23,2,0
3536533b-ae97-4307-9f3c-f37d64488d6f,c634b2b0-3c78-4c29-8717-e02f1142c24c,2682-7632-9636,9342-3672-5625,YES Bank,YESB0605390,Lucknow,Lucknow,Uttar Pradesh,26.830215,80.900531,2604.95,2026-06-02T07:57:50,2,0
366f69fc-ed12-465a-ae4d-b4284b29130c,c634b2b0-3c78-4c29-8717-e02f1142c24c,2682-7632-9636,3608-7355-7556,Bank of Baroda,BARB0953943,Kolkata,Kolkata,West Bengal,22.549368,88.356432,14897.32,2026-06-02T07:59:03,2,0
ef9ef087-8f55-4232-bec9-60f5489da061,c634b2b0-3c78-4c29-8717-e02f1142c24c,2682-7632-9636,3326-2544-8669,Kotak Mahindra Bank,KKBK0318122,Ahmedabad,Ahmedabad,Gujarat,22.97293,72.608897,2609.55,2026-06-02T08:00:08,2,0
1edd320f-6b4b-4e9d-be5b-7f917e110f0e,c634b2b0-3c78-4c29-8717-e02f1142c24c,4345-8925-2684,1105-3484-9444,Axis Bank,UTIB0965842,Gurgaon,Gurugram,Haryana,28.455703,77.024499,26873.21,2026-06-02T08:00:59,2,0
ab363950-6988-4e7e-a746-84a4c7593e10,c634b2b0-3c78-4c29-8717-e02f1142c24c,9342-3672-5625,5178-6188-2140,IndusInd Bank,INDB0874533,Bengaluru,Bengaluru Urban,Karnataka,12.980005,77.581184,2344.46,2026-06-02T08:03:42,3,1
a5a06b98-97ec-4960-a1c7-a87c965d585b,c634b2b0-3c78-4c29-8717-e02f1142c24c,3608-7355-7556,5178-6188-2140,IndusInd Bank,INDB0643014,Bengaluru,Bengaluru Urban,Karnataka,12.966425,77.586593,13407.59,2026-06-02T08:04:58,3,1
75811c14-7853-40ed-8b00-3b76d9675665,c634b2b0-3c78-4c29-8717-e02f1142c24c,3326-2544-8669,5178-6188-2140,IndusInd Bank,INDB0350141,Bengaluru,Bengaluru Urban,Karnataka,12.951777,77.596375,2348.6,2026-06-02T08:06:11,3,1
c5b6a297-b6a9-4eb7-a0fe-a999b36bf2ff,c634b2b0-3c78-4c29-8717-e02f1142c24c,2075-8806-1682,5178-6188-2140,IndusInd Bank,INDB0299694,Bengaluru,Bengaluru Urban,Karnataka,12.989255,77.574906,3892.86,2026-06-02T08:08:55,3,1
faceee93-e283-4990-845c-5ba5a04c23ce,ae8cfccd-33d3-4a87-af9b-4a8398ef3756,8731-3049-1130,8482-4666-3734,Union Bank of India,UBIN0247019,Pune,Pune,Maharashtra,18.502304,73.876029,79122.11,2026-07-21T11:22:24,1,0
fd2395a4-1548-430b-a1cc-ebded8fb7e31,ae8cfccd-33d3-4a87-af9b-4a8398ef3756,8731-3049-1130,8926-8784-8686,IndusInd Bank,INDB0508877,Kolkata,Kolkata,West Bengal,22.542442,88.391923,131156.66,2026-07-21T11:23:04,1,0
4cddb04b-5c9d-4abe-8067-56feb128dae2,ae8cfccd-33d3-4a87-af9b-4a8398ef3756,8731-3049-1130,8469-2899-2980,State Bank of India,SBIN0186973,Chennai,Chennai,Tamil Nadu,13.047343,80.225505,12007.82,2026-07-21T11:23:17,1,0
497f2d21-e8a0-4f13-8398-ce61ddf01653,ae8cfccd-33d3-4a87-af9b-4a8398ef3756,8482-4666-3734,5565-3307-4169,IndusInd Bank,INDB0612606,Pune,Pune,Maharashtra,18.492061,73.874481,79122.11,2026-07-21T11:24:05,2,0
0a53539d-2808-464c-9669-76db3a0be40a,ae8cfccd-33d3-4a87-af9b-4a8398ef3756,8926-8784-8686,6714-8920-8324,HDFC Bank,HDFC0749114,Patna,Patna,Bihar,25.627522,85.16597,131156.66,2026-07-21T11:25:05,2,0
444a1a13-ae6f-4b06-8aa8-dfee9179b0f4,ae8cfccd-33d3-4a87-af9b-4a8398ef3756,8469-2899-2980,2971-8778-2774,YES Bank,YESB0522194,Hyderabad,Hyderabad,Telangana,17.411967,78.477372,8869.1,2026-07-21T11:25:57,2,0
676eed2f-fd3c-4de9-a749-4456d77ddf80,ae8cfccd-33d3-4a87-af9b-4a8398ef3756,8469-2899-2980,7163-6976-8118,UCO Bank,UCBA0858570,Ahmedabad,Ahmedabad,Gujarat,23.040626,72.573802,3138.72,2026-07-21T11:26:29,2,0
9c2e63c8-c4ce-4257-8024-7709519fa5be,ae8cfccd-33d3-4a87-af9b-4a8398ef3756,6714-8920-8324,1263-1286-7007,ICICI Bank,ICIC0964152,Gurgaon,Gurugram,Haryana,28.473085,77.044399,118040.99,2026-07-21T11:29:28,3,1
294f00e2-eb72-4118-b6a5-998f7c5aa0d6,ae8cfccd-33d3-4a87-af9b-4a8398ef3756,7163-6976-8118,1263-1286-7007,ICICI Bank,ICIC0498314,Gurgaon,Gurugram,Haryana,28.466786,77.021181,2824.85,2026-07-21T11:31:54,3,1
10c6f7d1-55fd-4178-a13f-e5521fd5ef34,ae8cfccd-33d3-4a87-af9b-4a8398ef3756,2971-8778-2774,1263-1286-7007,ICICI Bank,ICIC0581184,Gurgaon,Gurugram,Haryana,28.464466,77.044888,7982.19,2026-07-21T11:34:33,3,1
88724df8-8399-49c8-b60e-2fedc8886a01,e77f74e2-16fa-4c27-88e4-c8d4838b3296,3083-2445-2244,4995-1217-8514,IndusInd Bank,INDB0541800,Mumbai,Mumbai City,Maharashtra,19.031007,72.839102,100712.55,2026-08-27T00:58:10,1,0
87320915-37c1-4478-ad2e-11bc5d51f48d,e77f74e2-16fa-4c27-88e4-c8d4838b3296,3083-2445-2244,1348-6928-5661,YES Bank,YESB0715245,Jaipur,Jaipur,Rajasthan,26.873829,75.828087,20197.4,2026-08-27T00:58:51,1,0
8510130a-fa43-4552-9129-82fc655938b7,e77f74e2-16fa-4c27-88e4-c8d4838b3296,4995-1217-8514,1608-2575-1718,State Bank of India,SBIN0628397,Delhi,Central Delhi,Delhi,28.56717,77.199133,67717.57,2026-08-27T00:59:47,2,0
065d3d6f-2ab3-478f-817b-1238a46d467b,e77f74e2-16fa-4c27-88e4-c8d4838b3296,4995-1217-8514,2134-7503-3480,UCO Bank,UCBA0319084,Lucknow,Lucknow,Uttar Pradesh,26.863642,80.98067,32994.98,2026-08-27T01:00:52,2,0
336b16a8-7521-4a3f-8240-922a07db112c,e77f74e2-16fa-4c27-88e4-c8d4838b3296,1348-6928-5661,8466-4330-4615,IDBI Bank,IBKL0475554,Mumbai,Mumbai City,Maharashtra,19.0752,72.836626,856.03,2026-08-27T01:01:54,2,0
aa25c883-1016-4d4f-b554-db70f67c3b60,e77f74e2-16fa-4c27-88e4-c8d4838b3296,1348-6928-5661,6220-5735-9316,HDFC Bank,HDFC0698165,Pune,Pune,Maharashtra,18.510692,73.863713,19341.37,2026-08-27T01:02:35,2,0
8579d91e-3bd3-4ff8-a042-2f42693874bb,e77f74e2-16fa-4c27-88e4-c8d4838b3296,6220-5735-9316,5647-4933-3552,State Bank of India,SBIN0196069,Chandigarh,Chandigarh,Chandigarh,30.750996,76.797388,17407.23,2026-08-27T01:04:01,3,1
325f7462-9b18-41ab-bdd9-839b420c1108,e77f74e2-16fa-4c27-88e4-c8d4838b3296,1608-2575-1718,5647-4933-3552,State Bank of India,SBIN0245446,Chandigarh,Chandigarh,Chandigarh,30.745991,76.775707,60945.81,2026-08-27T01:06:29,3,1
2973caf0-9f8b-4cc8-b578-6b29b170f712,e77f74e2-16fa-4c27-88e4-c8d4838b3296,2134-7503-3480,5647-4933-3552,State Bank of India,SBIN0253357,Chandigarh,Chandigarh,Chandigarh,30.744447,76.765079,29695.48,2026-08-27T01:08:15,3,1
403ab33e-997d-4bfb-8444-615f397b6de7,e77f74e2-16fa-4c27-88e4-c8d4838b3296,8466-4330-4615,5647-4933-3552,State Bank of India,SBIN0664895,Chandigarh,Chandigarh,Chandigarh,30.726623,76.793732,770.43,2026-08-27T01:10:05,3,1
33dae088-a7db-4119-afd3-dd2622ca0b4f,d7e2370a-ac03-4349-bd0d-64589eb658db,9160-3105-5752,1645-1563-3314,Union Bank of India,UBIN0796328,Hyderabad,Hyderabad,Telangana,17.339963,78.467119,438747.87,2026-08-02T04:00:25,1,0
ad02d1d3-93ea-4db3-a2e2-2023e3348053,d7e2370a-ac03-4349-bd0d-64589eb658db,1645-1563-3314,7176-1286-6236,South Indian Bank,SIBL0520106,Noida,Gautam Buddh Nagar,Uttar Pradesh,28.580936,77.361292,234642.11,2026-08-02T04:01:26,2,0
67e6a1e4-9030-491c-b7bc-ded293e1fd61,d7e2370a-ac03-4349-bd0d-64589eb658db,1645-1563-3314,2409-1394-6536,South Indian Bank,SIBL0829886,Jaipur,Jaipur,Rajasthan,26.934949,75.836135,71406.58,2026-08-02T04:01:59,2,0
36e6e644-e209-42e5-9771-275c71f85c47,d7e2370a-ac03-4349-bd0d-64589eb658db,1645-1563-3314,5584-4415-3346,South Indian Bank,SIBL0986063,Hyderabad,Hyderabad,Telangana,17.400545,78.458407,132699.18,2026-08-02T04:02:49,2,0
b5974839-2d04-435c-9258-6e635b67a515,d7e2370a-ac03-4349-bd0d-64589eb658db,7176-1286-6236,1931-1617-1858,Union Bank of India,UBIN0717238,Bhopal,Bhopal,Madhya Pradesh,23.249292,77.414722,211177.9,2026-08-02T04:05:05,3,1
6294f32e-42fd-4ea9-83d1-0ae018313198,d7e2370a-ac03-4349-bd0d-64589eb658db,5584-4415-3346,1931-1617-1858,Union Bank of India,UBIN0219493,Bhopal,Bhopal,Madhya Pradesh,23.268985,77.424982,119429.26,2026-08-02T04:07:11,3,1
877f587e-629c-4bac-84ff-acba1659b5fa,d7e2370a-ac03-4349-bd0d-64589eb658db,2409-1394-6536,1931-1617-1858,Union Bank of India,UBIN0995072,Bhopal,Bhopal,Madhya Pradesh,23.272858,77.431287,64265.92,2026-08-02T04:08:50,3,1
5df1804c-b9d1-41e1-a7aa-7fa697c24a6b,c7539bbb-8fe7-476b-8e78-5a510e3d102e,9629-4778-6503,5565-2056-6490,Axis Bank,UTIB0565024,Jaipur,Jaipur,Rajasthan,26.904116,75.746152,227996.61,2026-07-26T12:17:51,1,0
9daa7891-7eb8-41b7-aff5-d0dd76daf22a,c7539bbb-8fe7-476b-8e78-5a510e3d102e,9629-4778-6503,9908-3944-1828,Canara Bank,CNRB0278670,Hyderabad,Hyderabad,Telangana,17.388379,78.50097,27376.56,2026-07-26T12:18:50,1,0
f3d7116e-f5f8-48c3-8fae-1353236973e2,c7539bbb-8fe7-476b-8e78-5a510e3d102e,9629-4778-6503,4770-1808-5300,YES Bank,YESB0186347,Patna,Patna,Bihar,25.558133,85.101311,25202.3,2026-07-26T12:19:32,1,0
3a2a7bd1-aa50-4cfb-84fd-c9f16b4ba649,c7539bbb-8fe7-476b-8e78-5a510e3d102e,5565-2056-6490,8030-9518-2094,Bank of Baroda,BARB0852675,Chandigarh,Chandigarh,Chandigarh,30.705329,76.828751,65126.62,2026-07-26T12:20:57,2,0
fb1bebc2-99fa-4935-9658-578bd7436f89,c7539bbb-8fe7-476b-8e78-5a510e3d102e,5565-2056-6490,6714-5965-8518,HDFC Bank,HDFC0465797,Delhi,Central Delhi,Delhi,28.631988,77.253688,36516.87,2026-07-26T12:22:22,2,0
d6b635a4-f2c5-40e4-960f-1d752f85623f,c7539bbb-8fe7-476b-8e78-5a510e3d102e,5565-2056-6490,5201-8503-1061,YES Bank,YESB0356384,Lucknow,Lucknow,Uttar Pradesh,26.797537,80.957487,126353.12,2026-07-26T12:23:35,2,0
71c83959-ca2b-41bd-80dc-9cf2cc715c74,c7539bbb-8fe7-476b-8e78-5a510e3d102e,9908-3944-1828,4322-8337-9254,UCO Bank,UCBA0883282,Noida,Gautam Buddh Nagar,Uttar Pradesh,28.516342,77.407727,23017.9,2026-07-26T12:24:40,2,0
040944f1-d0d7-40fb-a8b5-66ba79b87bb3,c7539bbb-8fe7-476b-8e78-5a510e3d102e,9908-3944-1828,5754-3285-2550,Axis Bank,UTIB0528020,Chennai,Chennai,Tamil Nadu,13.106045,80.256298,4358.66,2026-07-26T12:25:48,2,0
3f1a9482-8272-487c-b978-826426f5498e,c7539bbb-8fe7-476b-8e78-5a510e3d102e,4770-1808-5300,2701-7644-8959,Kotak Mahindra Bank,KKBK0203068,Lucknow,Lucknow,Uttar Pradesh,26.847609,80.944072,25202.3,2026-07-26T12:26:45,2,0
1a37d33f-a366-4eed-8666-10636af541b8,c7539bbb-8fe7-476b-8e78-5a510e3d102e,2701-7644-8959,7703-4869-8085,Union Bank of India,UBIN0797094,Kolkata,Kolkata,West Bengal,22.579271,88.344883,22682.07,2026-07-26T12:29:40,3,1
ddd7d831-6934-4216-85d2-29e0fd8e9ced,c7539bbb-8fe7-476b-8e78-5a510e3d102e,5754-3285-2550,7703-4869-8085,Union Bank of India,UBIN0786545,Kolkata,Kolkata,West Bengal,22.56846,88.374937,3922.79,2026-07-26T12:32:13,3,1
1ead1a2c-f80e-4143-b776-dd9edb2aa271,c7539bbb-8fe7-476b-8e78-5a510e3d102e,6714-5965-8518,7703-4869-8085,Union Bank of India,UBIN0269308,Kolkata,Kolkata,West Bengal,22.570996,88.359961,32865.18,2026-07-26T12:34:34,3,1
1c379b2b-01e2-42f9-9ba1-5df3436a25f8,a5198c5c-0c3a-41ca-a491-30434fd27d1f,4015-7965-8082,8272-9433-9435,Canara Bank,CNRB0514369,Noida,Gautam Buddh Nagar,Uttar Pradesh,28.584451,77.373486,73568.64,2026-07-31T12:38:46,1,0
22b7f8bf-3fe8-41b9-95ee-13dc51db97e6,a5198c5c-0c3a-41ca-a491-30434fd27d1f,4015-7965-8082,1183-4190-8332,Union Bank of India,UBIN0771952,Chandigarh,Chandigarh,Chandigarh,30.743523,76.818599,412715.03,2026-07-31T12:39:07,1,0
9c5c25ac-d266-4c8f-b389-fd86b7619125,a5198c5c-0c3a-41ca-a491-30434fd27d1f,8272-9433-9435,1011-8598-5774,UCO Bank,UCBA0603601,Chennai,Chennai,Tamil Nadu,13.079185,80.264083,9085.07,2026-07-31T12:39:58,2,0
33006431-ea96-496d-8623-8c87a351e197,a5198c5c-0c3a-41ca-a491-30434fd27d1f,8272-9433-9435,4962-6209-9772,Federal Bank,FDRL0498649,Chennai,Chennai,Tamil Nadu,13.062339,80.275604,48898.83,2026-07-31T12:41:06,2,0
a445b4cd-94db-4289-9c7f-10ea6e1da1af,a5198c5c-0c3a-41ca-a491-30434fd27d1f,8272-9433-9435,2739-3221-6299,South Indian Bank,SIBL0487299,Kolkata,Kolkata,West Bengal,22.618559,88.36712,15584.74,2026-07-31T12:41:48,2,0
77096cfa-8977-44d7-a1e7-711cb519b435,a5198c5c-0c3a-41ca-a491-30434fd27d1f,1183-4190-8332,1480-2186-5766,YES Bank,YESB0445675,Hyderabad,Hyderabad,Telangana,17.383285,78.494971,378228.62,2026-07-31T12:43:15,2,0
a20b6967-3f71-410a-9b01-c102ccfb7afc,a5198c5c-0c3a-41ca-a491-30434fd27d1f,1183-4190-8332,3044-8222-2791,HDFC Bank,HDFC0245830,Bhopal,Bhopal,Madhya Pradesh,23.268923,77.457501,34486.41,2026-07-31T12:44:21,2,0
52b5efdb-f688-4d7d-94e9-402214210306,a5198c5c-0c3a-41ca-a491-30434fd27d1f,1480-2186-5766,2315-2870-6052,Union Bank of India,UBIN0158806,Hyderabad,Hyderabad,Telangana,17.399921,78.481142,340405.76,2026-07-31T12:45:26,3,1
5fd4fb2a-bbbf-40b2-b1c8-ae7d4854f9ca,a5198c5c-0c3a-41ca-a491-30434fd27d1f,2739-3221-6299,2315-2870-6052,Union Bank of India,UBIN0104574,Hyderabad,Hyderabad,Telangana,17.393736,78.474045,14026.27,2026-07-31T12:46:31,3,1
957bac1a-1fd4-4e60-9602-6f0a05e63e98,a5198c5c-0c3a-41ca-a491-30434fd27d1f,1011-8598-5774,2315-2870-6052,Union Bank of India,UBIN0723237,Hyderabad,Hyderabad,Telangana,17.39316,78.473938,8176.56,2026-07-31T12:48:05,3,1
8ef8e3e5-2a23-4542-b895-1969066f45cc,a5198c5c-0c3a-41ca-a491-30434fd27d1f,4962-6209-9772,2315-2870-6052,Union Bank of India,UBIN0688437,Hyderabad,Hyderabad,Telangana,17.398411,78.486351,44008.95,2026-07-31T12:50:02,3,1
ade731c9-24f1-4231-ac8c-08531eaa6328,35648402-e28e-473e-bdf3-72f2f00843a1,1815-4816-1272,4214-1295-3023,IDBI Bank,IBKL0257208,Chandigarh,Chandigarh,Chandigarh,30.71729,76.730719,78862.72,2026-07-05T14:50:19,1,0
3d41369d-e7e0-4510-a361-f2ae91fee7bd,35648402-e28e-473e-bdf3-72f2f00843a1,4214-1295-3023,9309-7413-1591,ICICI Bank,ICIC0338091,Gurgaon,Gurugram,Haryana,28.494598,77.017407,31317.96,2026-07-05T14:50:58,2,0
0c3d0e3d-442d-426e-b6b5-9988b23435dc,35648402-e28e-473e-bdf3-72f2f00843a1,4214-1295-3023,9083-5509-3800,Federal Bank,FDRL0764784,Noida,Gautam Buddh Nagar,Uttar Pradesh,28.541579,77.379444,19251.39,2026-07-05T14:51:41,2,0
2849c712-32f5-4db8-9c3c-e6a643e384ce,35648402-e28e-473e-bdf3-72f2f00843a1,4214-1295-3023,1376-7578-6646,State Bank of India,SBIN0920467,Delhi,Central Delhi,Delhi,28.659123,77.222894,28293.37,2026-07-05T14:53:07,2,0
70467090-206d-4428-a1c7-7bb3c2d5f2b7,35648402-e28e-473e-bdf3-72f2f00843a1,9309-7413-1591,7306-7938-3275,Punjab National Bank,PUNB0702110,Lucknow,Lucknow,Uttar Pradesh,26.844749,80.935769,28186.16,2026-07-05T14:55:50,3,1
3d737c87-d2ee-4e21-9dfc-66a31bc656c7,35648402-e28e-473e-bdf3-72f2f00843a1,9083-5509-3800,7306-7938-3275,Punjab National Bank,PUNB0931106,Lucknow,Lucknow,Uttar Pradesh,26.856091,80.937731,17326.25,2026-07-05T14:58:50,3,1
4bc641eb-6789-4a36-9595-a1ac158a852d,35648402-e28e-473e-bdf3-72f2f00843a1,1376-7578-6646,7306-7938-3275,Punjab National Bank,PUNB0831157,Lucknow,Lucknow,Uttar Pradesh,26.859059,80.945993,25464.03,2026-07-05T14:59:53,3,1
838c5d00-b91e-44b1-ab15-93fb6641faa3,c1b56311-cfcd-468f-b032-b322a4779d7c,5539-5998-7406,7020-7684-9127,IndusInd Bank,INDB0365449,Pune,Pune,Maharashtra,18.564374,73.828587,8073.88,2026-08-06T18:22:29,1,0
3d5ca475-6368-48e9-a73e-0cccad8b7576,c1b56311-cfcd-468f-b032-b322a4779d7c,5539-5998-7406,5189-1814-7232,IDBI Bank,IBKL0394322,Noida,Gautam Buddh Nagar,Uttar Pradesh,28.523582,77.383914,58603.99,2026-08-06T18:23:00,1,0
608ec3c6-7fd1-457d-a4f3-09eb2a03a515,c1b56311-cfcd-468f-b032-b322a4779d7c,5539-5998-7406,9892-9076-4412,Union Bank of India,UBIN0962685,Jaipur,Jaipur,Rajasthan,26.904283,75.830048,87186.66,2026-08-06T18:23:45,1,0
de222756-d272-470b-9cd9-1851c12d5065,c1b56311-cfcd-468f-b032-b322a4779d7c,7020-7684-9127,4254-5385-9301,ICICI Bank,ICIC0536722,Bhopal,Bhopal,Madhya Pradesh,23.293112,77.384183,5347.74,2026-08-06T18:24:55,2,0
76784443-b9d1-4c7d-adba-bc8c340754c0,c1b56311-cfcd-468f-b032-b322a4779d7c,7020-7684-9127,4248-5860-4746,Federal Bank,FDRL0642727,Pune,Pune,Maharashtra,18.501719,73.822126,2202.45,2026-08-06T18:25:50,2,0
080c0bc7-a2ac-4c44-98b5-b1126ae8f3b3,c1b56311-cfcd-468f-b032-b322a4779d7c,7020-7684-9127,6786-9962-8028,IndusInd Bank,INDB0583103,Patna,Patna,Bihar,25.591376,85.140052,523.68,2026-08-06T18:27:15,2,0
f6122591-0738-445c-96ee-53616dbc9c16,c1b56311-cfcd-468f-b032-b322a4779d7c,5189-1814-7232,9321-5763-4992,YES Bank,YESB0782040,Chandigarh,Chandigarh,Chandigarh,30.724151,76.809818,58603.99,2026-08-06T18:27:55,2,0
3dcdd2de-eccc-481f-bc81-dd9e979ead29,c1b56311-cfcd-468f-b032-b322a4779d7c,9892-9076-4412,4578-5125-5927,YES Bank,YESB0928842,Lucknow,Lucknow,Uttar Pradesh,26.82726,80.976171,32534.93,2026-08-06T18:28:26,2,0
aad44cfe-c8f8-40a1-923b-61794e1211a8,c1b56311-cfcd-468f-b032-b322a4779d7c,9892-9076-4412,4995-8055-6524,IDBI Bank,IBKL0724826,Delhi,Central Delhi,Delhi,28.581387,77.185914,29590.48,2026-08-06T18:29:19,2,0
5fda2fe1-8963-4175-ad63-e05eea2a952d,c1b56311-cfcd-468f-b032-b322a4779d7c,9892-9076-4412,9774-1518-6833,ICICI Bank,ICIC0962696,Lucknow,Lucknow,Uttar Pradesh,26.797519,80.941989,25061.26,2026-08-06T18:30:18,2,0
785af9fe-81b7-4c96-898f-c94a3c048dbc,c1b56311-cfcd-468f-b032-b322a4779d7c,4248-5860-4746,8658-8320-4723,South Indian Bank,SIBL0248770,Lucknow,Lucknow,Uttar Pradesh,26.860481,80.949812,1982.2,2026-08-06T18:32:20,3,1
6204e679-ffd3-4082-83ed-5075d2a4ac02,c1b56311-cfcd-468f-b032-b322a4779d7c,4578-5125-5927,8658-8320-4723,South Indian Bank,SIBL0765778,Lucknow,Lucknow,Uttar Pradesh,26.858239,80.940014,29281.44,2026-08-06T18:33:54,3,1
65fc3abe-79d1-480e-bcec-ec0138db9144,c1b56311-cfcd-468f-b032-b322a4779d7c,9774-1518-6833,8658-8320-4723,South Indian Bank,SIBL0818930,Lucknow,Lucknow,Uttar Pradesh,26.826891,80.948689,22555.13,2026-08-06T18:36:14,3,1
3de4f705-65e5-48e2-868b-ddb12f29a14c,c1b56311-cfcd-468f-b032-b322a4779d7c,4254-5385-9301,8658-8320-4723,South Indian Bank,SIBL0166517,Lucknow,Lucknow,Uttar Pradesh,26.843568,80.939603,4812.97,2026-08-06T18:37:17,3,1
b885ec96-2590-4875-927e-829732833282,59620ff0-6e65-450c-b0eb-1f5cf9c93b39,2801-6805-1629,3173-1079-5913,Axis Bank,UTIB0167874,Chandigarh,Chandigarh,Chandigarh,30.697227,76.7758,44588.34,2026-06-12T02:04:40,1,0
4190bd04-7e51-4706-915d-988372a9efee,59620ff0-6e65-450c-b0eb-1f5cf9c93b39,2801-6805-1629,6627-1379-4030,YES Bank,YESB0820019,Jaipur,Jaipur,Rajasthan,26.929634,75.760554,83768.12,2026-06-12T02:05:06,1,0
d0dc8f59-3278-4c72-afc8-14d4f875be1e,59620ff0-6e65-450c-b0eb-1f5cf9c93b39,2801-6805-1629,2543-6106-4436,YES Bank,YESB0750579,Chennai,Chennai,Tamil Nadu,13.118547,80.296543,152500.49,2026-06-12T02:05:30,1,0
932a951e-b539-497b-8889-7166c081cb51,59620ff0-6e65-450c-b0eb-1f5cf9c93b39,3173-1079-5913,2288-2647-2829,Axis Bank,UTIB0469720,Jaipur,Jaipur,Rajasthan,26.92001,75.764777,44588.34,2026-06-12T02:06:09,2,0
217a92f8-5fc1-48a3-a681-5b3c4f89d122,59620ff0-6e65-450c-b0eb-1f5cf9c93b39,6627-1379-4030,7571-6864-4025,Kotak Mahindra Bank,KKBK0377025,Bhopal,Bhopal,Madhya Pradesh,23.224799,77.406013,83768.12,2026-06-12T02:07:35,2,0
7a9fbfb2-3060-40d6-9dc2-b515b56cf055,59620ff0-6e65-450c-b0eb-1f5cf9c93b39,2543-6106-4436,7230-4001-6635,Axis Bank,UTIB0849639,Kolkata,Kolkata,West Bengal,22.59029,88.348756,19990.8,2026-06-12T02:08:38,2,0
73f9e433-530e-4b41-9028-bb3af7ab44da,59620ff0-6e65-450c-b0eb-1f5cf9c93b39,2543-6106-4436,2818-1837-9578,HDFC Bank,HDFC0762616,Pune,Pune,Maharashtra,18.54606,73.90438,128239.3,2026-06-12T02:09:29,2,0
7436d4bf-8011-429b-af20-63a37abb6c23,59620ff0-6e65-450c-b0eb-1f5cf9c93b39,2543-6106-4436,6955-9124-4660,UCO Bank,UCBA0756208,Bhopal,Bhopal,Madhya Pradesh,23.217982,77.385815,4270.39,2026-06-12T02:10:50,2,0
78bec81a-9f47-46ce-9723-12cfbfc83a07,59620ff0-6e65-450c-b0eb-1f5cf9c93b39,2288-2647-2829,5987-6636-6856,Bank of Baroda,BARB0330602,Patna,Patna,Bihar,25.601646,85.145542,40129.51,2026-06-12T02:13:17,3,1
63c514d0-fdcd-4860-a12e-68c2a1dd3411,59620ff0-6e65-450c-b0eb-1f5cf9c93b39,2818-1837-9578,5987-6636-6856,Bank of Baroda,BARB0902023,Patna,Patna,Bihar,25.590815,85.136556,115415.37,2026-06-12T02:16:15,3,1
613ee180-0f93-439a-ab9b-ebaa10488136,59620ff0-6e65-450c-b0eb-1f5cf9c93b39,7230-4001-6635,5987-6636-6856,Bank of Baroda,BARB0986257,Patna,Patna,Bihar,25.578406,85.135825,17991.72,2026-06-12T02:18:24,3,1
07212de0-3d51-4ff6-8cb9-91709421cfbc,7b169a93-178b-4f71-bb1b-23fdb468e257,8246-5098-7312,3300-2423-6201,Bank of Baroda,BARB0854074,Hyderabad,Hyderabad,Telangana,17.407191,78.523649,461501.92,2026-08-20T07:34:41,1,0
d07467c1-dbd7-4da1-b75b-6b60f4746dfb,7b169a93-178b-4f71-bb1b-23fdb468e257,3300-2423-6201,7969-5216-2663,YES Bank,YESB0130143,Hyderabad,Hyderabad,Telangana,17.38637,78.489272,461501.92,2026-08-20T07:35:22,2,0
b34a325a-5576-434d-bf9d-c4ec74b7d7d4,7b169a93-178b-4f71-bb1b-23fdb468e257,7969-5216-2663,3617-1231-1970,UCO Bank,UCBA0187908,Mumbai,Mumbai City,Maharashtra,19.086351,72.870849,461501.92,2026-08-20T07:38:10,3,0
28808c6c-279f-4ee5-b8e0-65b9caed85aa,7b169a93-178b-4f71-bb1b-23fdb468e257,3617-1231-1970,1330-4848-6505,Canara Bank,CNRB0618071,Lucknow,Lucknow,Uttar Pradesh,26.890802,80.927276,461501.92,2026-08-20T07:39:28,4,1
472bc236-eb54-416e-8d93-7cc343347747,ed103dee-5af7-4a46-afe9-6b32c829958b,6405-9844-3340,7861-8220-4728,YES Bank,YESB0281658,Noida,Gautam Buddh Nagar,Uttar Pradesh,28.580727,77.362531,191698.15,2026-07-27T19:17:01,1,0
9162cfa5-f99d-4a11-a178-1ddd41fc513b,ed103dee-5af7-4a46-afe9-6b32c829958b,7861-8220-4728,9700-9693-1630,Union Bank of India,UBIN0991508,Bengaluru,Bengaluru Urban,Karnataka,13.015176,77.610357,191698.15,2026-07-27T19:17:50,2,0
288daefc-8071-4aaa-a70c-a34b182f495c,ed103dee-5af7-4a46-afe9-6b32c829958b,9700-9693-1630,3379-7050-4969,Punjab National Bank,PUNB0148442,Bengaluru,Bengaluru Urban,Karnataka,13.007502,77.559075,191698.15,2026-07-27T19:20:32,3,1
24894978-8c2f-43de-bdea-a8e2e73c00d6,9683290c-52d2-4a51-bee5-b365a5da1cfb,4891-2754-5035,3171-8723-6927,ICICI Bank,ICIC0739247,Ahmedabad,Ahmedabad,Gujarat,22.978892,72.593234,75482.33,2026-08-26T03:08:54,1,0
a2cab4b5-5def-4f51-a5b3-26be56a10589,9683290c-52d2-4a51-bee5-b365a5da1cfb,4891-2754-5035,7079-8234-7202,UCO Bank,UCBA0884845,Delhi,Central Delhi,Delhi,28.592424,77.184876,32917.77,2026-08-26T03:09:22,1,0
ade256cd-6796-4160-9a67-855f759832ca,9683290c-52d2-4a51-bee5-b365a5da1cfb,3171-8723-6927,9541-4327-5901,Canara Bank,CNRB0744913,Chandigarh,Chandigarh,Chandigarh,30.720551,76.820935,75482.33,2026-08-26T03:10:07,2,0
3ad894f7-338d-49fb-87fe-7accc11c4bd3,9683290c-52d2-4a51-bee5-b365a5da1cfb,7079-8234-7202,1624-3568-8926,HDFC Bank,HDFC0773727,Jaipur,Jaipur,Rajasthan,26.87312,75.73888,32917.77,2026-08-26T03:11:07,2,0
76d437c8-44d1-4b2b-bb80-9445377c9e22,9683290c-52d2-4a51-bee5-b365a5da1cfb,9541-4327-5901,8662-3072-7386,YES Bank,YESB0948190,Bengaluru,Bengaluru Urban,Karnataka,12.928023,77.589791,75482.33,2026-08-26T03:15:58,3,1
537dedf0-26b4-4721-9f22-de0b822c363b,9683290c-52d2-4a51-bee5-b365a5da1cfb,1624-3568-8926,8001-3314-2366,State Bank of India,SBIN0627873,Lucknow,Lucknow,Uttar Pradesh,26.845617,80.97821,32917.77,2026-08-26T03:20:08,3,1
ffeeebef-e451-433f-9fed-9e0a2acb5784,43ff23aa-c43e-437e-a4c0-f9e96b33f211,3567-2604-5033,2237-6279-8252,Kotak Mahindra Bank,KKBK0910419,Noida,Gautam Buddh Nagar,Uttar Pradesh,28.488191,77.354691,114867.05,2026-08-11T07:19:51,1,0
f94a65e2-6d99-4288-b859-fdc59df9beaa,43ff23aa-c43e-437e-a4c0-f9e96b33f211,3567-2604-5033,4568-8544-8129,IndusInd Bank,INDB0610996,Chennai,Chennai,Tamil Nadu,13.032798,80.285047,259838.17,2026-08-11T07:20:33,1,0
df4767ad-39cb-42c1-aa29-4838ec1a597c,43ff23aa-c43e-437e-a4c0-f9e96b33f211,2237-6279-8252,2326-7113-4219,State Bank of India,SBIN0948155,Delhi,Central Delhi,Delhi,28.662719,77.159588,22883.76,2026-08-11T07:21:23,2,0
682519be-0ec2-4821-84d1-6cc312f82ac7,43ff23aa-c43e-437e-a4c0-f9e96b33f211,2237-6279-8252,1925-5166-5491,IndusInd Bank,INDB0878464,Hyderabad,Hyderabad,Telangana,17.415692,78.461104,91983.29,2026-08-11T07:22:42,2,0
e591aeda-6fd6-4a36-ae07-a3f135466fb7,43ff23aa-c43e-437e-a4c0-f9e96b33f211,4568-8544-8129,1560-4490-6073,Bank of Baroda,BARB0519184,Kolkata,Kolkata,West Bengal,22.567859,88.35356,144352.93,2026-08-11T07:23:50,2,0
2ae74161-3f80-4e9f-a639-d19b94df20dc,43ff23aa-c43e-437e-a4c0-f9e96b33f211,4568-8544-8129,6672-1905-3786,IndusInd Bank,INDB0149832,Patna,Patna,Bihar,25.57132,85.148059,115485.24,2026-08-11T07:24:35,2,0
de252c89-8dc6-451b-ac84-a0ff6c55f0d0,43ff23aa-c43e-437e-a4c0-f9e96b33f211,1560-4490-6073,6701-5875-2127,Union Bank of India,UBIN0253297,Lucknow,Lucknow,Uttar Pradesh,26.836304,80.943159,129917.64,2026-08-11T07:27:07,3,1
7701874b-0a36-4406-9c14-73553966f6cc,43ff23aa-c43e-437e-a4c0-f9e96b33f211,1925-5166-5491,6701-5875-2127,Union Bank of India,UBIN0200934,Lucknow,Lucknow,Uttar Pradesh,26.828486,80.961747,82784.96,2026-08-11T07:29:11,3,1
7b366a04-74ad-49a6-a74f-b990407175b4,43ff23aa-c43e-437e-a4c0-f9e96b33f211,6672-1905-3786,6701-5875-2127,Union Bank of India,UBIN0676151,Lucknow,Lucknow,Uttar Pradesh,26.853301,80.944056,103936.72,2026-08-11T07:31:57,3,1
07b38373-ec82-42bc-89c7-6916ce2063e6,40aaf88f-5f01-4934-ad92-20b82810e3e5,1794-6137-2640,5006-5600-7148,HDFC Bank,HDFC0425587,Kolkata,Kolkata,West Bengal,22.538568,88.314192,278279.25,2026-08-13T08:40:21,1,0
09c1b287-43c4-45c1-b6ac-44f83b9ad199,40aaf88f-5f01-4934-ad92-20b82810e3e5,5006-5600-7148,9772-9960-3769,YES Bank,YESB0282255,Mumbai,Mumbai City,Maharashtra,19.029153,72.882717,278279.25,2026-08-13T08:41:14,2,0
b92cb2c9-214e-4343-8beb-f6fda6428e2c,40aaf88f-5f01-4934-ad92-20b82810e3e5,9772-9960-3769,7336-9568-2991,YES Bank,YESB0531043,Jaipur,Jaipur,Rajasthan,26.884626,75.82141,278279.25,2026-08-13T08:45:19,3,1
985bdb8f-a801-407a-9119-13de9596ddb2,10c8d84e-7863-451c-969f-f56b17814aa7,9805-2408-8846,7232-1206-8632,Union Bank of India,UBIN0840746,Ahmedabad,Ahmedabad,Gujarat,23.003126,72.570009,134473.01,2026-07-18T20:34:02,1,0
1e7a990d-4824-4d0a-80b6-ee868d5e1206,10c8d84e-7863-451c-969f-f56b17814aa7,7232-1206-8632,4017-1756-1700,Punjab National Bank,PUNB0852113,Lucknow,Lucknow,Uttar Pradesh,26.806672,80.901235,80510.91,2026-07-18T20:34:37,2,0
dc778c1a-326c-4138-8b95-cbf424006b81,10c8d84e-7863-451c-969f-f56b17814aa7,7232-1206-8632,1379-6793-3120,South Indian Bank,SIBL0578939,Delhi,Central Delhi,Delhi,28.575314,77.183144,53962.1,2026-07-18T20:35:37,2,0
7f89f28d-77ef-4b53-9936-1635b7ad7cb3,10c8d84e-7863-451c-969f-f56b17814aa7,1379-6793-3120,9734-6253-2707,Axis Bank,UTIB0106731,Chennai,Chennai,Tamil Nadu,13.085609,80.228793,53962.1,2026-07-18T20:37:23,3,1
7eff10aa-bd22-4764-8599-2a99a567ce15,3b90eee9-5e6a-430e-a08a-4487a698a00b,2318-5338-5979,5252-6953-7886,Bank of Baroda,BARB0962666,Hyderabad,Hyderabad,Telangana,17.346488,78.455306,363674.16,2026-07-05T01:24:27,1,0
6ea55ef2-d289-46ed-9fe3-bcb7ba3dc687,3b90eee9-5e6a-430e-a08a-4487a698a00b,2318-5338-5979,8743-3322-7478,Kotak Mahindra Bank,KKBK0347807,Noida,Gautam Buddh Nagar,Uttar Pradesh,28.529419,77.414436,93919.44,2026-07-05T01:25:04,1,0
5d499bd0-d780-4157-98dd-36cadb99cbd1,3b90eee9-5e6a-430e-a08a-4487a698a00b,5252-6953-7886,9208-9199-7803,ICICI Bank,ICIC0546333,Bhopal,Bhopal,Madhya Pradesh,23.233952,77.398038,363674.16,2026-07-05T01:26:22,2,0
b132ae8e-5b6a-4ba6-85a9-bcfb98cc46ff,3b90eee9-5e6a-430e-a08a-4487a698a00b,8743-3322-7478,3203-7581-7253,YES Bank,YESB0670323,Chennai,Chennai,Tamil Nadu,13.054576,80.223226,93919.44,2026-07-05T01:27:51,2,0
fe5c1e86-0991-4b6d-a0af-98edddb7c8fa,3b90eee9-5e6a-430e-a08a-4487a698a00b,9208-9199-7803,4399-8516-2612,Union Bank of India,UBIN0993462,Bhopal,Bhopal,Madhya Pradesh,23.262375,77.437344,363674.16,2026-07-05T01:29:41,3,0
24080eb2-eaf6-4c9c-b825-135a230f4fb3,3b90eee9-5e6a-430e-a08a-4487a698a00b,4399-8516-2612,1762-3717-3290,IndusInd Bank,INDB0852235,Jaipur,Jaipur,Rajasthan,26.938542,75.766169,363674.16,2026-07-05T01:31:36,4,1
f43d025f-f8ca-488c-a6f3-6913de76cdc3,3b90eee9-5e6a-430e-a08a-4487a698a00b,3203-7581-7253,5946-5868-7405,Canara Bank,CNRB0618247,Gurgaon,Gurugram,Haryana,28.451926,77.049352,93919.44,2026-07-05T01:36:22,3,1
08ea46ca-2274-4fc5-bc07-5417c8bd4e0e,18d44e98-5901-47d5-a04b-581172fa99f1,5863-2809-2173,7817-2585-5885,Punjab National Bank,PUNB0337779,Kolkata,Kolkata,West Bengal,22.533869,88.353578,5140.82,2026-07-25T18:29:04,1,0
a66fe005-818a-47fc-bd3c-bcaffcfecb24,18d44e98-5901-47d5-a04b-581172fa99f1,5863-2809-2173,3852-2675-7137,IDBI Bank,IBKL0317274,Hyderabad,Hyderabad,Telangana,17.423718,78.478266,128942.36,2026-07-25T18:29:48,1,0
234c9c12-c163-4a16-9a02-c90aa68aff53,18d44e98-5901-47d5-a04b-581172fa99f1,7817-2585-5885,1445-5100-7361,Canara Bank,CNRB0635312,Ahmedabad,Ahmedabad,Gujarat,23.062739,72.614097,1814.17,2026-07-25T18:30:54,2,0
74478f02-a339-4bb1-8f85-3faa79b23cb7,18d44e98-5901-47d5-a04b-581172fa99f1,7817-2585-5885,6131-7178-9825,Canara Bank,CNRB0685873,Kolkata,Kolkata,West Bengal,22.600541,88.337033,3326.65,2026-07-25T18:31:37,2,0
befb5c1f-eac9-4071-b346-c4828adebc62,18d44e98-5901-47d5-a04b-581172fa99f1,3852-2675-7137,5559-9868-4602,IndusInd Bank,INDB0771818,Ahmedabad,Ahmedabad,Gujarat,22.995284,72.594294,128942.36,2026-07-25T18:32:38,2,0
5cfc6a5c-3649-40a7-8c47-3daca782356e,18d44e98-5901-47d5-a04b-581172fa99f1,6131-7178-9825,2861-3747-8906,South Indian Bank,SIBL0445852,Delhi,Central Delhi,Delhi,28.617832,77.200206,2993.98,2026-07-25T18:34:27,3,1
436ac4a0-7a11-4db5-af80-ae7b2545de1e,18d44e98-5901-47d5-a04b-581172fa99f1,1445-5100-7361,2861-3747-8906,South Indian Bank,SIBL0377057,Delhi,Central Delhi,Delhi,28.595895,77.218713,1632.75,2026-07-25T18:35:32,3,1
771bca17-22bc-4afa-809c-8b70d12c01ef,18d44e98-5901-47d5-a04b-581172fa99f1,5559-9868-4602,2861-3747-8906,South Indian Bank,SIBL0252204,Delhi,Central Delhi,Delhi,28.61706,77.192278,116048.12,2026-07-25T18:37:59,3,1
2809f0a9-26fe-4f8d-b107-f04edcd344c5,4933ee31-3ea6-4746-9534-41dff64dae50,3790-3101-9414,5600-8861-3032,Axis Bank,UTIB0191755,Delhi,Central Delhi,Delhi,28.617547,77.203635,168283.32,2026-07-05T22:43:13,1,0
e4aa7296-adde-4be6-b8db-b4dab710d05e,4933ee31-3ea6-4746-9534-41dff64dae50,5600-8861-3032,7561-1875-8871,Punjab National Bank,PUNB0744140,Ahmedabad,Ahmedabad,Gujarat,23.01738,72.581427,56358.51,2026-07-05T22:44:40,2,0
dcf78718-029d-4775-bfbf-f67245334432,4933ee31-3ea6-4746-9534-41dff64dae50,5600-8861-3032,6483-8343-9615,ICICI Bank,ICIC0241370,Chandigarh,Chandigarh,Chandigarh,30.693946,76.741824,96148.27,2026-07-05T22:45:30,2,0
567d6b1a-1901-4b3e-89d2-0c34e636f3d0,4933ee31-3ea6-4746-9534-41dff64dae50,5600-8861-3032,9530-5129-8816,Union Bank of India,UBIN0529097,Bhopal,Bhopal,Madhya Pradesh,23.288953,77.461384,15776.54,2026-07-05T22:46:17,2,0
9f0ab7b2-007b-4a7a-b16e-9ef7aec7b52c,4933ee31-3ea6-4746-9534-41dff64dae50,9530-5129-8816,1154-8088-2261,Kotak Mahindra Bank,KKBK0939687,Mumbai,Mumbai City,Maharashtra,19.083388,72.896003,14198.89,2026-07-05T22:48:37,3,1
15bd5031-30ff-4912-a241-53a53edf1b18,4933ee31-3ea6-4746-9534-41dff64dae50,7561-1875-8871,1154-8088-2261,Kotak Mahindra Bank,KKBK0428605,Mumbai,Mumbai City,Maharashtra,19.072255,72.86743,50722.66,2026-07-05T22:51:07,3,1
a1c6c749-4170-4485-9004-f46ef480a7fb,4933ee31-3ea6-4746-9534-41dff64dae50,6483-8343-9615,1154-8088-2261,Kotak Mahindra Bank,KKBK0309837,Mumbai,Mumbai City,Maharashtra,19.089164,72.864427,86533.44,2026-07-05T22:52:59,3,1
82b5e0ef-c1a8-4624-8150-3e0e95b6d798,4c825586-b316-4f55-a207-616fe49153f6,7005-6773-8350,7789-2693-7857,Punjab National Bank,PUNB0530462,Ahmedabad,Ahmedabad,Gujarat,22.994292,72.612786,382863.51,2026-07-16T12:12:05,1,0
684bf966-5eb1-4271-8960-63f7dcbfbcd8,4c825586-b316-4f55-a207-616fe49153f6,7789-2693-7857,2163-2452-4461,YES Bank,YESB0774236,Mumbai,Mumbai City,Maharashtra,19.10833,72.877659,116134.6,2026-07-16T12:12:42,2,0
80197d93-fdef-4219-bf25-89cde63e9c4b,4c825586-b316-4f55-a207-616fe49153f6,7789-2693-7857,9610-1877-7421,Kotak Mahindra Bank,KKBK0297682,Bengaluru,Bengaluru Urban,Karnataka,13.001134,77.614161,11106.67,2026-07-16T12:13:39,2,0
eb340c92-ab33-4bb6-b7f5-573f7e1d409b,4c825586-b316-4f55-a207-616fe49153f6,7789-2693-7857,9690-3731-1775,Canara Bank,CNRB0941456,Mumbai,Mumbai City,Maharashtra,19.124367,72.847147,255622.24,2026-07-16T12:14:16,2,0
595156d1-21af-49a8-a61a-f00e2e1c1bab,4c825586-b316-4f55-a207-616fe49153f6,2163-2452-4461,9632-6397-5386,UCO Bank,UCBA0989071,Delhi,Central Delhi,Delhi,28.595716,77.21657,104521.14,2026-07-16T12:16:52,3,1
df8ab7cf-9712-4245-9d9e-65772d589397,4c825586-b316-4f55-a207-616fe49153f6,9690-3731-1775,9632-6397-5386,UCO Bank,UCBA0159016,Delhi,Central Delhi,Delhi,28.603607,77.215902,230060.02,2026-07-16T12:19:38,3,1
e2ae25fa-07b9-4fc0-bbc5-ea25a2921127,4c825586-b316-4f55-a207-616fe49153f6,9610-1877-7421,9632-6397-5386,UCO Bank,UCBA0474611,Delhi,Central Delhi,Delhi,28.623889,77.203863,9996.0,2026-07-16T12:21:54,3,1
57c12afe-fa55-4106-af41-053bbcf60568,5acae32b-0cc4-4048-ac45-682bdbf6905a,9249-4684-6599,7899-4840-9981,South Indian Bank,SIBL0914948,Bengaluru,Bengaluru Urban,Karnataka,13.017707,77.578803,7470.66,2026-08-08T00:04:00,1,0
8c9f32e6-1d94-4e7a-8167-8148829f9e81,5acae32b-0cc4-4048-ac45-682bdbf6905a,9249-4684-6599,3026-3509-8894,YES Bank,YESB0173127,Pune,Pune,Maharashtra,18.553763,73.876756,21793.52,2026-08-08T00:04:38,1,0
5bd855d6-a71a-4a3f-a635-817a17aec413,5acae32b-0cc4-4048-ac45-682bdbf6905a,9249-4684-6599,5562-4568-3525,Bank of Baroda,BARB0170012,Kolkata,Kolkata,West Bengal,22.585535,88.398204,59522.36,2026-08-08T00:04:59,1,0
798d72d8-113f-4316-9e30-41753600f313,5acae32b-0cc4-4048-ac45-682bdbf6905a,7899-4840-9981,9086-7897-3940,YES Bank,YESB0227416,Delhi,Central Delhi,Delhi,28.633521,77.198516,4334.65,2026-08-08T00:05:54,2,0
20d86142-b1ea-4e38-a880-c0fad19015d0,5acae32b-0cc4-4048-ac45-682bdbf6905a,7899-4840-9981,2741-3985-4078,UCO Bank,UCBA0475398,Pune,Pune,Maharashtra,18.496221,73.889181,3136.01,2026-08-08T00:07:00,2,0
213415d6-8d71-4f85-b4cf-3932fd332e7d,5acae32b-0cc4-4048-ac45-682bdbf6905a,3026-3509-8894,5123-6215-4829,South Indian Bank,SIBL0939888,Patna,Patna,Bihar,25.591129,85.127594,4487.23,2026-08-08T00:07:30,2,0
d62d978b-a5f5-4e7e-97c1-ce831a199d78,5acae32b-0cc4-4048-ac45-682bdbf6905a,3026-3509-8894,2537-6143-7383,IDBI Bank,IBKL0912824,Bengaluru,Bengaluru Urban,Karnataka,13.017393,77.549214,4635.01,2026-08-08T00:08:42,2,0
8fa9b4b8-b6ef-4327-a615-84a63f650272,5acae32b-0cc4-4048-ac45-682bdbf6905a,3026-3509-8894,4565-1863-4970,Canara Bank,CNRB0793739,Lucknow,Lucknow,Uttar Pradesh,26.827285,80.984393,12671.28,2026-08-08T00:09:49,2,0
36d61a8e-2c9e-4694-9b71-826b7f7ce086,5acae32b-0cc4-4048-ac45-682bdbf6905a,5562-4568-3525,9820-8615-3221,YES Bank,YESB0297323,Chandigarh,Chandigarh,Chandigarh,30.716162,76.823971,43455.77,2026-08-08T00:10:59,2,0
76ee5d29-fd66-490d-bf80-48192605886d,5acae32b-0cc4-4048-ac45-682bdbf6905a,5562-4568-3525,5547-1526-3880,HDFC Bank,HDFC0519912,Hyderabad,Hyderabad,Telangana,17.385822,78.443354,9167.48,2026-08-08T00:12:28,2,0
944979a7-80fd-47e1-a221-90b0ae15b01f,5acae32b-0cc4-4048-ac45-682bdbf6905a,5562-4568-3525,2763-8551-8920,Axis Bank,UTIB0593322,Ahmedabad,Ahmedabad,Gujarat,22.991711,72.564279,6899.11,2026-08-08T00:13:11,2,0
173bf9f8-3a8d-4bfa-86a7-0805ed266257,5acae32b-0cc4-4048-ac45-682bdbf6905a,2763-8551-8920,2982-8845-4708,IDBI Bank,IBKL0840658,Pune,Pune,Maharashtra,18.537195,73.848925,6209.2,2026-08-08T00:14:12,3,1
8c5677bd-30e9-4c4b-af15-03fac921ea4c,5acae32b-0cc4-4048-ac45-682bdbf6905a,9820-8615-3221,2982-8845-4708,IDBI Bank,IBKL0279988,Pune,Pune,Maharashtra,18.526254,73.866099,39110.19,2026-08-08T00:16:35,3,1
bd1eb548-e944-4641-8967-6a5a88e9ebe4,5acae32b-0cc4-4048-ac45-682bdbf6905a,2741-3985-4078,2982-8845-4708,IDBI Bank,IBKL0383506,Pune,Pune,Maharashtra,18.504162,73.861369,2822.41,2026-08-08T00:19:35,3,1
e02d2353-51c6-46c0-b61e-e8ee5a3fc72f,2c829ac1-7741-44a8-a293-b53ced002eed,2004-7746-5024,4845-8108-6122,South Indian Bank,SIBL0198717,Delhi,Central Delhi,Delhi,28.653056,77.168988,21742.76,2026-08-20T06:33:28,1,0
f5ccfb56-8843-42e5-830c-8b3a1ebcf3e7,2c829ac1-7741-44a8-a293-b53ced002eed,4845-8108-6122,5754-5398-3755,IndusInd Bank,INDB0264984,Delhi,Central Delhi,Delhi,28.633213,77.183465,14719.6,2026-08-20T06:34:40,2,0
1726c367-5442-477f-b39b-090bc0284926,2c829ac1-7741-44a8-a293-b53ced002eed,4845-8108-6122,5858-5435-3544,YES Bank,YESB0107678,Bengaluru,Bengaluru Urban,Karnataka,12.991371,77.575365,7023.16,2026-08-20T06:36:03,2,0
c65f794e-3f01-4171-ba90-da52d4168d09,2c829ac1-7741-44a8-a293-b53ced002eed,5858-5435-3544,2488-2933-9433,IndusInd Bank,INDB0452702,Noida,Gautam Buddh Nagar,Uttar Pradesh,28.527153,77.368396,7023.16,2026-08-20T06:38:52,3,0
30b5928d-8e3d-4ccb-b2ab-ad1424b7b753,2c829ac1-7741-44a8-a293-b53ced002eed,2488-2933-9433,5669-2688-6061,Bank of Baroda,BARB0751162,Mumbai,Mumbai City,Maharashtra,19.079915,72.898368,7023.16,2026-08-20T06:41:58,4,1
c88338c0-a30e-4e47-8343-53e5ccc9e392,6dde5bda-c6e0-4240-be7a-4f5e0f68d07f,8658-1637-6241,3199-5916-6321,Canara Bank,CNRB0179789,Bhopal,Bhopal,Madhya Pradesh,23.27664,77.444781,29472.88,2026-06-21T12:53:03,1,0
3eda4b65-ae96-4b18-91f7-4aebcc847e4d,6dde5bda-c6e0-4240-be7a-4f5e0f68d07f,8658-1637-6241,2529-1914-9332,State Bank of India,SBIN0309331,Jaipur,Jaipur,Rajasthan,26.894231,75.769252,392586.75,2026-06-21T12:53:17,1,0
bc94de68-85cc-4a84-a8b1-cea8e9f77b7c,6dde5bda-c6e0-4240-be7a-4f5e0f68d07f,3199-5916-6321,3969-3874-1577,IDBI Bank,IBKL0553805,Hyderabad,Hyderabad,Telangana,17.393309,78.530354,27779.18,2026-06-21T12:54:11,2,0
c942330b-df9a-4c6b-b78c-53f55e51a694,6dde5bda-c6e0-4240-be7a-4f5e0f68d07f,3199-5916-6321,3859-4962-8868,UCO Bank,UCBA0913031,Gurgaon,Gurugram,Haryana,28.426288,77.011297,1693.7,2026-06-21T12:55:08,2,0
a9177116-e968-4aff-affd-a712aa05ff69,6dde5bda-c6e0-4240-be7a-4f5e0f68d07f,2529-1914-9332,9802-7286-2528,Punjab National Bank,PUNB0975313,Noida,Gautam Buddh Nagar,Uttar Pradesh,28.492042,77.423272,392586.75,2026-06-21T12:56:14,2,0
eaa29339-865f-4255-ac93-523fa0c0b782,6dde5bda-c6e0-4240-be7a-4f5e0f68d07f,9802-7286-2528,6006-3077-5594,IndusInd Bank,INDB0256024,Jaipur,Jaipur,Rajasthan,26.904162,75.782442,353328.08,2026-06-21T12:59:03,3,1
4a641ebf-a3be-490d-af59-8a2f81916dbc,6dde5bda-c6e0-4240-be7a-4f5e0f68d07f,3969-3874-1577,6006-3077-5594,IndusInd Bank,INDB0286305,Jaipur,Jaipur,Rajasthan,26.912895,75.774813,25001.26,2026-06-21T13:01:29,3,1
340f617e-ab9f-44ad-a86e-34d17ef07a21,6dde5bda-c6e0-4240-be7a-4f5e0f68d07f,3859-4962-8868,6006-3077-5594,IndusInd Bank,INDB0300608,Jaipur,Jaipur,Rajasthan,26.900463,75.779296,1524.33,2026-06-21T13:03:21,3,1
64e42496-0800-4a7d-aa11-1bb3ed72f8a8,54fda71a-e8bc-4dbb-9648-9b6e65647377,9827-4769-4901,4419-8743-7077,South Indian Bank,SIBL0366759,Ahmedabad,Ahmedabad,Gujarat,23.045665,72.572173,193638.57,2026-06-04T22:29:30,1,0
9b4b56c1-f1a6-47da-ad64-e119c958d9c4,54fda71a-e8bc-4dbb-9648-9b6e65647377,9827-4769-4901,2679-9631-7246,YES Bank,YESB0951375,Bengaluru,Bengaluru Urban,Karnataka,12.950397,77.573028,37086.21,2026-06-04T22:30:29,1,0
1f6e49f3-9b9f-4d6e-8036-15445c366725,54fda71a-e8bc-4dbb-9648-9b6e65647377,4419-8743-7077,3893-7286-3188,Federal Bank,FDRL0122763,Bhopal,Bhopal,Madhya Pradesh,23.267662,77.39734,101259.76,2026-06-04T22:31:20,2,0
f52b6390-8fa0-4a8b-9308-c0a73753842c,54fda71a-e8bc-4dbb-9648-9b6e65647377,4419-8743-7077,6402-6628-1341,Federal Bank,FDRL0764379,Kolkata,Kolkata,West Bengal,22.612942,88.366206,13414.39,2026-06-04T22:32:38,2,0
71e83099-1574-44b5-aea2-b4891dc33ca3,54fda71a-e8bc-4dbb-9648-9b6e65647377,4419-8743-7077,8368-5407-4345,Bank of Baroda,BARB0385191,Ahmedabad,Ahmedabad,Gujarat,23.060414,72.613516,78964.42,2026-06-04T22:33:47,2,0
3744e0bc-e3d7-4bad-92da-4db8ef4c23bb,54fda71a-e8bc-4dbb-9648-9b6e65647377,2679-9631-7246,1135-5075-7994,Federal Bank,FDRL0524523,Chennai,Chennai,Tamil Nadu,13.065514,80.246561,17852.67,2026-06-04T22:35:10,2,0
56a73c48-0625-429b-8fcc-959ea7c872d4,54fda71a-e8bc-4dbb-9648-9b6e65647377,2679-9631-7246,7913-5642-6353,YES Bank,YESB0648440,Kolkata,Kolkata,West Bengal,22.542741,88.317664,5402.31,2026-06-04T22:35:47,2,0
a5c0d5cc-5e29-40d7-b135-7cd7a991c100,54fda71a-e8bc-4dbb-9648-9b6e65647377,2679-9631-7246,4432-6287-2574,YES Bank,YESB0456749,Ahmedabad,Ahmedabad,Gujarat,22.999897,72.576448,13831.23,2026-06-04T22:36:54,2,0
2e7355d7-c3e3-450b-b030-47211e7504ba,54fda71a-e8bc-4dbb-9648-9b6e65647377,6402-6628-1341,7585-7181-9459,Canara Bank,CNRB0717656,Hyderabad,Hyderabad,Telangana,17.386556,78.489876,12072.95,2026-06-04T22:38:51,3,1
3d9587ce-46f6-4cf2-b6b0-4656ad9119e2,54fda71a-e8bc-4dbb-9648-9b6e65647377,8368-5407-4345,7585-7181-9459,Canara Bank,CNRB0117197,Hyderabad,Hyderabad,Telangana,17.381343,78.47096,71067.98,2026-06-04T22:40:49,3,1
a292a407-9270-495b-9591-9770bd9e3c39,54fda71a-e8bc-4dbb-9648-9b6e65647377,7913-5642-6353,7585-7181-9459,Canara Bank,CNRB0994804,Hyderabad,Hyderabad,Telangana,17.399205,78.46759,4862.08,2026-06-04T22:43:18,3,1
3155d1bf-4057-4bf7-9330-5a5aa787ebe5,54fda71a-e8bc-4dbb-9648-9b6e65647377,1135-5075-7994,7585-7181-9459,Canara Bank,CNRB0996653,Hyderabad,Hyderabad,Telangana,17.382329,78.46876,16067.4,2026-06-04T22:46:08,3,1
b9acf6a3-e5a1-439c-89c9-d04453d5a6ef,9ed4f011-d173-423e-b83a-0d3fa8d24db1,8214-2344-2323,4520-9578-5271,IDBI Bank,IBKL0569794,Chandigarh,Chandigarh,Chandigarh,30.693563,76.768619,268445.18,2026-07-09T00:06:32,1,0
70b7e1b7-063b-41f2-bdc6-dbb14a45e249,9ed4f011-d173-423e-b83a-0d3fa8d24db1,4520-9578-5271,7862-8080-6337,IDBI Bank,IBKL0542894,Kolkata,Kolkata,West Bengal,22.616968,88.382522,101269.26,2026-07-09T00:07:36,2,0
dd606c4b-0aac-44aa-8f44-e3d46c9fb64e,9ed4f011-d173-423e-b83a-0d3fa8d24db1,4520-9578-5271,1000-6549-2254,Kotak Mahindra Bank,KKBK0406741,Jaipur,Jaipur,Rajasthan,26.888476,75.825982,167175.92,2026-07-09T00:08:30,2,0
5baa23d8-186b-47e6-bcc2-9cf410e8a015,9ed4f011-d173-423e-b83a-0d3fa8d24db1,7862-8080-6337,5654-4399-7028,South Indian Bank,SIBL0556064,Jaipur,Jaipur,Rajasthan,26.919948,75.770067,101269.26,2026-07-09T00:12:06,3,1
06286903-89a2-41f5-a3e8-fa215950c5f3,1ee1cdf5-3c39-4dfa-9525-8dc6e3744a33,6311-1272-6490,7693-4757-8937,Federal Bank,FDRL0885792,Lucknow,Lucknow,Uttar Pradesh,26.88682,80.986324,4640.61,2026-08-17T00:24:15,1,0
aeb4511e-4239-4078-bbcd-bf678d07bbd1,1ee1cdf5-3c39-4dfa-9525-8dc6e3744a33,6311-1272-6490,6622-6093-1746,Union Bank of India,UBIN0175603,Hyderabad,Hyderabad,Telangana,17.382163,78.507001,8844.98,2026-08-17T00:25:15,1,0
39c30a77-e88a-47df-bb54-8bc9e2c1f57e,1ee1cdf5-3c39-4dfa-9525-8dc6e3744a33,7693-4757-8937,3749-6425-8302,IndusInd Bank,INDB0352410,Bhopal,Bhopal,Madhya Pradesh,23.263792,77.449729,100.01,2026-08-17T00:26:40,2,0
31958cc2-224b-4e39-9552-90e09a5644f9,1ee1cdf5-3c39-4dfa-9525-8dc6e3744a33,7693-4757-8937,3037-5926-1545,Canara Bank,CNRB0280805,Lucknow,Lucknow,Uttar Pradesh,26.872257,80.983654,2957.73,2026-08-17T00:27:41,2,0
37453743-2962-4174-9ecf-1b4160abd47d,1ee1cdf5-3c39-4dfa-9525-8dc6e3744a33,7693-4757-8937,3130-6413-1912,Union Bank of India,UBIN0174810,Patna,Patna,Bihar,25.607019,85.163659,1582.87,2026-08-17T00:28:30,2,0
631de964-e769-4500-a28d-8ddef54419db,1ee1cdf5-3c39-4dfa-9525-8dc6e3744a33,6622-6093-1746,9475-5710-5005,IDBI Bank,IBKL0686455,Hyderabad,Hyderabad,Telangana,17.421817,78.503817,8844.98,2026-08-17T00:29:48,2,0
cec8425b-b976-4666-9b4e-2c5d04d54220,1ee1cdf5-3c39-4dfa-9525-8dc6e3744a33,3130-6413-1912,4616-1310-2385,State Bank of India,SBIN0991450,Patna,Patna,Bihar,25.604665,85.135171,1424.58,2026-08-17T00:30:58,3,1
0d3c53ba-ec74-4513-9987-397700faa203,1ee1cdf5-3c39-4dfa-9525-8dc6e3744a33,9475-5710-5005,4616-1310-2385,State Bank of India,SBIN0495703,Patna,Patna,Bihar,25.598143,85.120962,7960.48,2026-08-17T00:33:11,3,1
03a193df-29ff-454d-a9c0-a7f8c2f041d7,1ee1cdf5-3c39-4dfa-9525-8dc6e3744a33,3037-5926-1545,4616-1310-2385,State Bank of India,SBIN0740040,Patna,Patna,Bihar,25.600041,85.117661,2661.96,2026-08-17T00:35:54,3,1
af2305bf-7bf5-4d34-bc8d-d4ea03f0ad88,27c77457-c0fd-4642-bb08-d6349eb71d1b,9252-7043-3415,9023-8531-6738,Canara Bank,CNRB0154112,Gurgaon,Gurugram,Haryana,28.504035,77.051336,61178.09,2026-06-22T11:06:47,1,0
49eee4b4-c1ed-49cd-8d3c-c082bdea234a,27c77457-c0fd-4642-bb08-d6349eb71d1b,9252-7043-3415,9588-7161-8779,Punjab National Bank,PUNB0813034,Pune,Pune,Maharashtra,18.498526,73.869587,145403.26,2026-06-22T11:07:10,1,0
45537024-0c35-438b-82b9-889c6d91ce75,27c77457-c0fd-4642-bb08-d6349eb71d1b,9252-7043-3415,1799-4542-7345,Canara Bank,CNRB0918815,Kolkata,Kolkata,West Bengal,22.582375,88.388621,57989.42,2026-06-22T11:07:36,1,0
f2c789ca-5849-4bd1-91bd-261689259293,27c77457-c0fd-4642-bb08-d6349eb71d1b,9023-8531-6738,5007-4811-2719,IndusInd Bank,INDB0193089,Hyderabad,Hyderabad,Telangana,17.382678,78.520921,24122.11,2026-06-22T11:08:34,2,0
65503cc2-5d51-4594-91d9-88b9ebe911e6,27c77457-c0fd-4642-bb08-d6349eb71d1b,9023-8531-6738,9801-2178-3466,State Bank of India,SBIN0330519,Chennai,Chennai,Tamil Nadu,13.11652,80.309291,2304.63,2026-06-22T11:10:01,2,0
6798a375-3ac8-4ace-bbc8-400ea1841c71,27c77457-c0fd-4642-bb08-d6349eb71d1b,9023-8531-6738,4214-4642-7074,Punjab National Bank,PUNB0474685,Bhopal,Bhopal,Madhya Pradesh,23.255998,77.451214,34751.35,2026-06-22T11:10:50,2,0
4b633cf4-f242-4b62-989c-a1cd2cfc5de6,27c77457-c0fd-4642-bb08-d6349eb71d1b,9588-7161-8779,7774-3226-7359,Canara Bank,CNRB0664325,Chennai,Chennai,Tamil Nadu,13.064016,80.224814,145403.26,2026-06-22T11:11:35,2,0
8ec65d17-7ccd-4873-8722-4ce4c61727da,27c77457-c0fd-4642-bb08-d6349eb71d1b,1799-4542-7345,9001-9124-5341,Union Bank of India,UBIN0450520,Lucknow,Lucknow,Uttar Pradesh,26.810534,80.931614,2324.22,2026-06-22T11:12:58,2,0
36aa9fef-6000-4308-b70d-8426eb347294,27c77457-c0fd-4642-bb08-d6349eb71d1b,1799-4542-7345,9123-7133-5466,Kotak Mahindra Bank,KKBK0582025,Lucknow,Lucknow,Uttar Pradesh,26.875421,80.984018,29752.19,2026-06-22T11:13:40,2,0
983da7ff-5271-4413-9fa3-6902d98de8d0,27c77457-c0fd-4642-bb08-d6349eb71d1b,1799-4542-7345,5699-4922-5673,State Bank of India,SBIN0922092,Patna,Patna,Bihar,25.568103,85.126529,25913.01,2026-06-22T11:15:05,2,0
c90eb7e7-4a55-4edd-b7e6-308d1c14aa85,27c77457-c0fd-4642-bb08-d6349eb71d1b,9001-9124-5341,5344-3462-1369,Federal Bank,FDRL0589942,Chennai,Chennai,Tamil Nadu,13.076888,80.263025,2091.8,2026-06-22T11:16:58,3,1
2a6c7378-8efd-412d-8d8f-486eca2adc64,27c77457-c0fd-4642-bb08-d6349eb71d1b,7774-3226-7359,5344-3462-1369,Federal Bank,FDRL0467769,Chennai,Chennai,Tamil Nadu,13.070689,80.254231,130862.93,2026-06-22T11:18:54,3,1
029c3d90-6bb1-4949-b86b-d548202f34d6,27c77457-c0fd-4642-bb08-d6349eb71d1b,4214-4642-7074,5344-3462-1369,Federal Bank,FDRL0891025,Chennai,Chennai,Tamil Nadu,13.081547,80.259008,31276.22,2026-06-22T11:20:34,3,1
81887a63-3be3-4d17-b3ff-0443f4a3c4cf,27c77457-c0fd-4642-bb08-d6349eb71d1b,5007-4811-2719,5344-3462-1369,Federal Bank,FDRL0318062,Chennai,Chennai,Tamil Nadu,13.065076,80.274234,21709.9,2026-06-22T11:23:13,3,1
f920ca35-e298-4d8d-9932-0795ddda0993,3cd52ee1-31dc-45d0-8d9d-df34d955b995,1762-5550-1548,7104-7527-6850,Punjab National Bank,PUNB0376186,Lucknow,Lucknow,Uttar Pradesh,26.831041,80.948733,386940.56,2026-06-06T17:43:55,1,0
4f37de7a-7185-4574-8c97-539d0c2df61b,3cd52ee1-31dc-45d0-8d9d-df34d955b995,1762-5550-1548,9294-3457-4967,IndusInd Bank,INDB0543197,Jaipur,Jaipur,Rajasthan,26.898946,75.771496,11552.92,2026-06-06T17:44:26,1,0
db75b6f5-f7f7-4da8-a329-a5ab332f8e92,3cd52ee1-31dc-45d0-8d9d-df34d955b995,7104-7527-6850,4281-3132-7743,State Bank of India,SBIN0816741,Jaipur,Jaipur,Rajasthan,26.953942,75.804411,386940.56,2026-06-06T17:45:23,2,0
db43c398-8f77-46fe-8078-71e76e24d0a7,3cd52ee1-31dc-45d0-8d9d-df34d955b995,9294-3457-4967,1603-5263-8641,Federal Bank,FDRL0872656,Ahmedabad,Ahmedabad,Gujarat,22.980368,72.527393,11552.92,2026-06-06T17:45:54,2,0
f3ccc34a-515f-4737-b278-d28752d2fa96,3cd52ee1-31dc-45d0-8d9d-df34d955b995,4281-3132-7743,6925-7904-2274,UCO Bank,UCBA0902562,Lucknow,Lucknow,Uttar Pradesh,26.856485,80.95297,386940.56,2026-06-06T17:47:14,3,0
b2271187-5e66-42dc-bd03-b66c13cbddc2,3cd52ee1-31dc-45d0-8d9d-df34d955b995,6925-7904-2274,7538-6150-2316,Union Bank of India,UBIN0816017,Noida,Gautam Buddh Nagar,Uttar Pradesh,28.574173,77.391238,386940.56,2026-06-06T17:48:36,4,1
fec795ed-d5df-427d-9a7b-f3f434db3bf6,3cd52ee1-31dc-45d0-8d9d-df34d955b995,1603-5263-8641,7582-7985-2253,IDBI Bank,IBKL0593233,Pune,Pune,Maharashtra,18.515268,73.899032,11552.92,2026-06-06T17:50:55,3,0
eacba703-fd6f-4bf2-979d-acbcfcf82761,3cd52ee1-31dc-45d0-8d9d-df34d955b995,7582-7985-2253,9367-7690-9374,IndusInd Bank,INDB0394297,Delhi,Central Delhi,Delhi,28.635955,77.232308,11552.92,2026-06-06T17:53:59,4,1
c9aec908-98db-4a57-89bf-6ca472a743aa,76cb2374-43be-47df-a1f0-a2649769b913,7551-7281-9971,1259-7109-3181,Canara Bank,CNRB0729563,Bengaluru,Bengaluru Urban,Karnataka,12.980217,77.546278,343600.6,2026-08-20T09:17:51,1,0
fdb48a58-9cf9-4b61-a4d6-c95a71d6e9a1,76cb2374-43be-47df-a1f0-a2649769b913,1259-7109-3181,2110-5525-3688,South Indian Bank,SIBL0996915,Pune,Pune,Maharashtra,18.472135,73.834524,111496.49,2026-08-20T09:18:48,2,0
299b36fa-e2e4-4000-a5db-5c92e9ca47b5,76cb2374-43be-47df-a1f0-a2649769b913,1259-7109-3181,4812-4793-1059,IndusInd Bank,INDB0753411,Mumbai,Mumbai City,Maharashtra,19.079503,72.845174,94259.29,2026-08-20T09:19:48,2,0
1e29331d-e98e-4754-a4a7-851f99d805e3,76cb2374-43be-47df-a1f0-a2649769b913,1259-7109-3181,3956-4046-9132,HDFC Bank,HDFC0157456,Pune,Pune,Maharashtra,18.505855,73.828328,137844.82,2026-08-20T09:20:27,2,0
fb9a45da-5149-42ac-be1c-b1c8e32d4b89,76cb2374-43be-47df-a1f0-a2649769b913,3956-4046-9132,1528-6051-8938,Punjab National Bank,PUNB0355470,Chennai,Chennai,Tamil Nadu,13.071229,80.274331,124060.34,2026-08-20T09:23:18,3,1
7ed320b2-4c96-43db-8792-67d916397670,76cb2374-43be-47df-a1f0-a2649769b913,4812-4793-1059,1528-6051-8938,Punjab National Bank,PUNB0365636,Chennai,Chennai,Tamil Nadu,13.080851,80.280326,84833.36,2026-08-20T09:24:29,3,1
4682bca8-5634-4fbe-99aa-27faa782695c,76cb2374-43be-47df-a1f0-a2649769b913,2110-5525-3688,1528-6051-8938,Punjab National Bank,PUNB0275803,Chennai,Chennai,Tamil Nadu,13.073146,80.262669,100346.84,2026-08-20T09:26:12,3,1
2b5b8621-dada-42c7-bd28-3e725e167992,deef3c68-ea2e-40b4-bd92-38a448cfaac5,3100-1043-4079,5300-5620-2689,Union Bank of India,UBIN0776478,Chennai,Chennai,Tamil Nadu,13.055266,80.256435,6157.33,2026-07-15T06:47:46,1,0
3be47501-87c1-44d1-9059-f0075106ec35,deef3c68-ea2e-40b4-bd92-38a448cfaac5,3100-1043-4079,1273-3727-4701,Union Bank of India,UBIN0884040,Chandigarh,Chandigarh,Chandigarh,30.751496,76.804878,185541.61,2026-07-15T06:48:01,1,0
ed0919a2-cc7b-4c46-a50e-9491ea4fe05b,deef3c68-ea2e-40b4-bd92-38a448cfaac5,5300-5620-2689,7776-6080-9141,HDFC Bank,HDFC0484270,Mumbai,Mumbai City,Maharashtra,19.033635,72.895132,4241.17,2026-07-15T06:48:44,2,0
315e0f6d-b516-4a97-aa6f-3fa9a5287443,deef3c68-ea2e-40b4-bd92-38a448cfaac5,5300-5620-2689,8849-5955-2564,ICICI Bank,ICIC0639090,Bengaluru,Bengaluru Urban,Karnataka,12.958989,77.571354,1916.16,2026-07-15T06:49:14,2,0
5f9254ac-704f-41ba-b716-c1101fb04ed0,deef3c68-ea2e-40b4-bd92-38a448cfaac5,1273-3727-4701,6214-9757-2286,Union Bank of India,UBIN0768672,Bengaluru,Bengaluru Urban,Karnataka,12.938379,77.556493,85427.63,2026-07-15T06:50:33,2,0
010e2946-b0fe-4edd-914e-0e5a77e83aa3,deef3c68-ea2e-40b4-bd92-38a448cfaac5,1273-3727-4701,6722-4441-9638,UCO Bank,UCBA0460424,Bengaluru,Bengaluru Urban,Karnataka,13.009282,77.625273,100113.98,2026-07-15T06:51:38,2,0
930ca149-6ea3-424f-8bb7-ad728ef6f996,deef3c68-ea2e-40b4-bd92-38a448cfaac5,6214-9757-2286,3798-7145-6411,Bank of Baroda,BARB0980282,Patna,Patna,Bihar,25.609584,85.152214,76884.87,2026-07-15T06:53:44,3,1
632afd2f-f2a1-482e-89d9-73e86cd2faea,deef3c68-ea2e-40b4-bd92-38a448cfaac5,6722-4441-9638,3798-7145-6411,Bank of Baroda,BARB0583095,Patna,Patna,Bihar,25.587906,85.142433,90102.58,2026-07-15T06:55:32,3,1
e2704678-77f3-4b4d-9dd1-8317289d86f1,deef3c68-ea2e-40b4-bd92-38a448cfaac5,7776-6080-9141,3798-7145-6411,Bank of Baroda,BARB0664172,Patna,Patna,Bihar,25.582321,85.151753,3817.05,2026-07-15T06:56:59,3,1
a73f0968-161d-4579-b087-5ad9b76da5fb,377be5b9-ef0f-45a4-94e7-1f7de612333a,4610-6096-9724,2502-9974-1672,Punjab National Bank,PUNB0837754,Gurgaon,Gurugram,Haryana,28.47017,77.058243,93397.62,2026-07-31T16:22:35,1,0
679f9a93-db86-42b6-884a-25cc684e870e,377be5b9-ef0f-45a4-94e7-1f7de612333a,4610-6096-9724,1909-4212-9730,South Indian Bank,SIBL0207789,Gurgaon,Gurugram,Haryana,28.478414,77.06423,73780.45,2026-07-31T16:23:04,1,0
325bdd2c-a277-49be-bcf0-f8e75dae1847,377be5b9-ef0f-45a4-94e7-1f7de612333a,4610-6096-9724,2065-5230-7310,Kotak Mahindra Bank,KKBK0982045,Lucknow,Lucknow,Uttar Pradesh,26.820916,80.972513,256260.18,2026-07-31T16:23:50,1,0
f0a7034c-3979-4680-be4a-22deedd91d2e,377be5b9-ef0f-45a4-94e7-1f7de612333a,2502-9974-1672,2664-3840-2037,Bank of Baroda,BARB0595118,Gurgaon,Gurugram,Haryana,28.49996,77.006119,93397.62,2026-07-31T16:24:52,2,0
be2f9ab6-ffe6-4d34-8e40-8665fd82061a,377be5b9-ef0f-45a4-94e7-1f7de612333a,1909-4212-9730,5845-7579-2443,Axis Bank,UTIB0448483,Noida,Gautam Buddh Nagar,Uttar Pradesh,28.573765,77.376636,73780.45,2026-07-31T16:25:34,2,0
b0b9fdd3-811e-4647-8104-bc50b64b938e,377be5b9-ef0f-45a4-94e7-1f7de612333a,2065-5230-7310,1884-2028-6254,State Bank of India,SBIN0161746,Mumbai,Mumbai City,Maharashtra,19.106847,72.857383,256260.18,2026-07-31T16:26:18,2,0
707ede1a-cb8c-4337-887c-6afa05c0014f,377be5b9-ef0f-45a4-94e7-1f7de612333a,5845-7579-2443,1777-7672-6907,UCO Bank,UCBA0795880,Kolkata,Kolkata,West Bengal,22.583322,88.356691,66402.4,2026-07-31T16:27:56,3,1
be797177-3162-48c8-bd1d-0b2d7ef361d1,377be5b9-ef0f-45a4-94e7-1f7de612333a,2664-3840-2037,1777-7672-6907,UCO Bank,UCBA0877437,Kolkata,Kolkata,West Bengal,22.586176,88.361186,84057.86,2026-07-31T16:29:48,3,1
a57056e7-2cb5-431e-ad7f-93a1f321145f,377be5b9-ef0f-45a4-94e7-1f7de612333a,1884-2028-6254,1777-7672-6907,UCO Bank,UCBA0939091,Kolkata,Kolkata,West Bengal,22.564817,88.383418,230634.16,2026-07-31T16:32:23,3,1
847aeee6-cdd2-4f69-a995-75044b594e8e,b7ecbd01-f0b7-4809-ad77-53dd2104ea79,2960-4010-2610,7661-5372-6590,State Bank of India,SBIN0421688,Hyderabad,Hyderabad,Telangana,17.403444,78.530194,109651.44,2026-08-22T08:28:17,1,0
4020ea96-45b4-4ddf-934c-b34e0f33469f,b7ecbd01-f0b7-4809-ad77-53dd2104ea79,7661-5372-6590,2687-1375-7870,YES Bank,YESB0981015,Chandigarh,Chandigarh,Chandigarh,30.768282,76.802071,10123.69,2026-08-22T08:29:44,2,0
ef25ee92-856d-4369-8397-298c2082a511,b7ecbd01-f0b7-4809-ad77-53dd2104ea79,7661-5372-6590,2714-7265-7234,ICICI Bank,ICIC0796415,Gurgaon,Gurugram,Haryana,28.434506,77.056606,71434.77,2026-08-22T08:30:54,2,0
3fa8c605-5b73-4f8f-b1b2-0503b77cdb3e,b7ecbd01-f0b7-4809-ad77-53dd2104ea79,7661-5372-6590,2528-1282-1964,Canara Bank,CNRB0248263,Kolkata,Kolkata,West Bengal,22.56434,88.364246,28092.98,2026-08-22T08:31:31,2,0
f587e16b-7202-4d9e-9d81-045d7e8ee658,b7ecbd01-f0b7-4809-ad77-53dd2104ea79,2687-1375-7870,6830-7588-3793,IndusInd Bank,INDB0976251,Patna,Patna,Bihar,25.598831,85.148764,9111.32,2026-08-22T08:33:19,3,1
8890410b-ea4b-457e-bf73-5a46cefe0035,b7ecbd01-f0b7-4809-ad77-53dd2104ea79,2528-1282-1964,6830-7588-3793,IndusInd Bank,INDB0131957,Patna,Patna,Bihar,25.595263,85.142857,25283.68,2026-08-22T08:34:37,3,1
eff750ad-65a4-4080-a16c-4a8fed649514,b7ecbd01-f0b7-4809-ad77-53dd2104ea79,2714-7265-7234,6830-7588-3793,IndusInd Bank,INDB0700766,Patna,Patna,Bihar,25.606085,85.145937,64291.29,2026-08-22T08:36:40,3,1
ed29872e-3b86-435a-ba57-30e050eef100,56cd4f67-ff58-4996-979b-c3286a739ca9,1182-6656-4774,6762-9065-3121,ICICI Bank,ICIC0757768,Kolkata,Kolkata,West Bengal,22.568187,88.384246,343792.23,2026-06-26T06:55:06,1,0
5c4010a0-419f-42e4-a805-e5c75a49cd29,56cd4f67-ff58-4996-979b-c3286a739ca9,6762-9065-3121,3388-1499-1763,IndusInd Bank,INDB0986345,Chennai,Chennai,Tamil Nadu,13.059433,80.25466,343792.23,2026-06-26T06:56:17,2,0
970097c8-b908-44ae-83e2-5398a3e7d2d6,56cd4f67-ff58-4996-979b-c3286a739ca9,3388-1499-1763,5162-4135-8587,HDFC Bank,HDFC0739694,Gurgaon,Gurugram,Haryana,28.444465,77.006124,343792.23,2026-06-26T07:01:17,3,1
913ecd77-3944-45c5-8172-0d1782928a6b,e9fb1342-de94-4001-8415-a4df570c546e,1732-6426-9384,1377-3415-9454,YES Bank,YESB0972156,Chandigarh,Chandigarh,Chandigarh,30.701493,76.730679,37172.35,2026-07-26T01:29:52,1,0
f52f76ad-a0f1-4098-8038-757620c55296,e9fb1342-de94-4001-8415-a4df570c546e,1732-6426-9384,7544-1261-7227,Bank of Baroda,BARB0415029,Bhopal,Bhopal,Madhya Pradesh,23.298541,77.388949,424088.81,2026-07-26T01:30:52,1,0
ac71546e-e779-45c2-86bb-3aef863172f6,e9fb1342-de94-4001-8415-a4df570c546e,1732-6426-9384,1719-5719-1469,IDBI Bank,IBKL0457632,Ahmedabad,Ahmedabad,Gujarat,22.976666,72.579357,19666.1,2026-07-26T01:31:27,1,0
feac4cb7-959e-4afc-88c9-72a85e3aaae2,e9fb1342-de94-4001-8415-a4df570c546e,1377-3415-9454,2366-9235-9274,Punjab National Bank,PUNB0136990,Mumbai,Mumbai City,Maharashtra,19.035377,72.866593,29003.1,2026-07-26T01:32:41,2,0
268f2388-3e07-45c4-8dd8-a9844ba3c5aa,e9fb1342-de94-4001-8415-a4df570c546e,1377-3415-9454,6414-8137-7424,Federal Bank,FDRL0552371,Bengaluru,Bengaluru Urban,Karnataka,13.002126,77.566656,8169.25,2026-07-26T01:33:51,2,0
51c83f37-145f-49db-8fd1-7c4223467d24,e9fb1342-de94-4001-8415-a4df570c546e,7544-1261-7227,9063-9697-9333,Axis Bank,UTIB0791013,Hyderabad,Hyderabad,Telangana,17.430898,78.478369,154649.11,2026-07-26T01:34:25,2,0
e0b2be02-8294-4a50-8ab3-2ebe722dfb60,e9fb1342-de94-4001-8415-a4df570c546e,7544-1261-7227,9363-8254-7240,South Indian Bank,SIBL0244758,Chandigarh,Chandigarh,Chandigarh,30.767635,76.731703,148904.26,2026-07-26T01:35:03,2,0
3f032737-1e63-4d07-bd5d-021407164a32,e9fb1342-de94-4001-8415-a4df570c546e,7544-1261-7227,6694-7972-4893,HDFC Bank,HDFC0862226,Patna,Patna,Bihar,25.630914,85.143201,120535.44,2026-07-26T01:35:38,2,0
8912ab71-ff44-49c6-b7fd-bf706394fe7f,e9fb1342-de94-4001-8415-a4df570c546e,1719-5719-1469,5578-8896-5539,YES Bank,YESB0183510,Chennai,Chennai,Tamil Nadu,13.108067,80.28224,19666.1,2026-07-26T01:36:50,2,0
2476772c-9404-447c-990f-e16856866b6f,e9fb1342-de94-4001-8415-a4df570c546e,6694-7972-4893,6394-2986-5200,Federal Bank,FDRL0936385,Kolkata,Kolkata,West Bengal,22.592213,88.356806,108481.9,2026-07-26T01:39:05,3,1
ef7cef45-a3af-4475-ba1b-9c4f07e1dbde,e9fb1342-de94-4001-8415-a4df570c546e,2366-9235-9274,6394-2986-5200,Federal Bank,FDRL0687327,Kolkata,Kolkata,West Bengal,22.55934,88.37263,26102.79,2026-07-26T01:40:36,3,1
c272a62c-5717-4518-982e-81c1605512c3,e9fb1342-de94-4001-8415-a4df570c546e,6414-8137-7424,6394-2986-5200,Federal Bank,FDRL0423003,Kolkata,Kolkata,West Bengal,22.555537,88.372352,7352.32,2026-07-26T01:42:13,3,1
cc416287-bd84-4d3c-8a0b-df31816254ff,1b565190-d373-453b-9636-ee89891ea4a7,5253-8530-1782,4823-6040-8217,IDBI Bank,IBKL0597268,Hyderabad,Hyderabad,Telangana,17.356505,78.44233,230495.6,2026-07-24T02:05:44,1,0
c53baf15-685b-43cf-bd96-76cbfd77275c,1b565190-d373-453b-9636-ee89891ea4a7,5253-8530-1782,3099-4921-6872,Bank of Baroda,BARB0331801,Lucknow,Lucknow,Uttar Pradesh,26.809309,80.969215,53663.71,2026-07-24T02:06:30,1,0
d561bd69-6e3c-45fc-bb41-a309fa981e97,1b565190-d373-453b-9636-ee89891ea4a7,4823-6040-8217,1128-5191-9364,YES Bank,YESB0975260,Hyderabad,Hyderabad,Telangana,17.414967,78.4747,32405.81,2026-07-24T02:07:47,2,0
187b435b-4715-4d42-a22b-3c0c29689be2,1b565190-d373-453b-9636-ee89891ea4a7,4823-6040-8217,9471-7619-9662,ICICI Bank,ICIC0274901,Ahmedabad,Ahmedabad,Gujarat,23.009256,72.587753,198089.79,2026-07-24T02:08:59,2,0
66f6cc15-3b39-4eb1-8cd3-634a908ed4f2,1b565190-d373-453b-9636-ee89891ea4a7,3099-4921-6872,9762-4040-3602,ICICI Bank,ICIC0491660,Mumbai,Mumbai City,Maharashtra,19.046967,72.871379,5673.53,2026-07-24T02:09:42,2,0
8f090ab5-5796-424b-a98d-bb69b8b080ed,1b565190-d373-453b-9636-ee89891ea4a7,3099-4921-6872,9610-3699-9790,Union Bank of India,UBIN0547840,Bengaluru,Bengaluru Urban,Karnataka,12.975118,77.574403,35344.28,2026-07-24T02:10:44,2,0
aaca4a88-c48b-45a6-924b-80d242f140b1,1b565190-d373-453b-9636-ee89891ea4a7,3099-4921-6872,1026-2815-9633,Federal Bank,FDRL0608515,Hyderabad,Hyderabad,Telangana,17.425665,78.500614,12645.9,2026-07-24T02:12:14,2,0
601ab811-8779-4e98-8bdc-45394dc1e8ff,1b565190-d373-453b-9636-ee89891ea4a7,1128-5191-9364,8858-5404-5599,UCO Bank,UCBA0702764,Bengaluru,Bengaluru Urban,Karnataka,12.970598,77.580462,29165.23,2026-07-24T02:15:00,3,1
8e2e0459-dc78-45af-ac2d-e6b22eb25466,1b565190-d373-453b-9636-ee89891ea4a7,9610-3699-9790,8858-5404-5599,UCO Bank,UCBA0474775,Bengaluru,Bengaluru Urban,Karnataka,12.977047,77.577846,31809.85,2026-07-24T02:16:29,3,1
5fa7d2fd-104b-4760-9147-66e3bae83c87,1b565190-d373-453b-9636-ee89891ea4a7,9471-7619-9662,8858-5404-5599,UCO Bank,UCBA0438037,Bengaluru,Bengaluru Urban,Karnataka,12.987489,77.601947,178280.81,2026-07-24T02:18:30,3,1
f551551a-d5c3-42b6-9b9e-346f92419a50,1b565190-d373-453b-9636-ee89891ea4a7,9762-4040-3602,8858-5404-5599,UCO Bank,UCBA0445771,Bengaluru,Bengaluru Urban,Karnataka,12.975588,77.580946,5106.18,2026-07-24T02:21:00,3,1
bcde28cf-5fa7-4a42-b955-e75ce9374cd2,1b565190-d373-453b-9636-ee89891ea4a7,1026-2815-9633,8858-5404-5599,UCO Bank,UCBA0834024,Bengaluru,Bengaluru Urban,Karnataka,12.976506,77.585582,11381.31,2026-07-24T02:23:04,3,1
abd58d38-d2e3-4fd3-a333-8ac486e85d0d,6a08d0af-ba9c-4c5d-b578-253b016cb9fb,5529-2425-2054,5769-9627-7320,UCO Bank,UCBA0616968,Ahmedabad,Ahmedabad,Gujarat,23.01494,72.554865,217663.84,2026-06-12T15:44:36,1,0
91593e6e-2e24-4eb1-99c7-645c6fc43df3,6a08d0af-ba9c-4c5d-b578-253b016cb9fb,5529-2425-2054,3563-8021-8270,UCO Bank,UCBA0472865,Hyderabad,Hyderabad,Telangana,17.413713,78.443894,60040.3,2026-06-12T15:45:03,1,0
0bab7f9f-33fa-4216-bb5e-60b6fa16f375,6a08d0af-ba9c-4c5d-b578-253b016cb9fb,5529-2425-2054,6295-2971-2930,YES Bank,YESB0557001,Jaipur,Jaipur,Rajasthan,26.893468,75.748459,101322.45,2026-06-12T15:45:35,1,0
d0c79d75-ab9a-4e95-bfff-db87f2170988,6a08d0af-ba9c-4c5d-b578-253b016cb9fb,5769-9627-7320,8218-9673-7992,Axis Bank,UTIB0872169,Bengaluru,Bengaluru Urban,Karnataka,12.972032,77.562969,14577.56,2026-06-12T15:46:41,2,0
37b51434-337d-4bb7-a900-9509d759c0c0,6a08d0af-ba9c-4c5d-b578-253b016cb9fb,5769-9627-7320,4892-1130-1816,HDFC Bank,HDFC0922380,Hyderabad,Hyderabad,Telangana,17.354167,78.440464,203086.28,2026-06-12T15:48:04,2,0
8824327b-40d0-48ef-bee1-63908afb4e88,6a08d0af-ba9c-4c5d-b578-253b016cb9fb,3563-8021-8270,6362-8788-3543,Union Bank of India,UBIN0881301,Patna,Patna,Bihar,25.565597,85.164829,36955.46,2026-06-12T15:49:22,2,0
fd26ae1b-6b00-4558-ac7e-17d90c85affc,6a08d0af-ba9c-4c5d-b578-253b016cb9fb,3563-8021-8270,3827-5600-3368,ICICI Bank,ICIC0500105,Chennai,Chennai,Tamil Nadu,13.073721,80.225582,9634.28,2026-06-12T15:50:30,2,0
23f0c44d-7485-4677-bc32-09ffd504b4cf,6a08d0af-ba9c-4c5d-b578-253b016cb9fb,3563-8021-8270,3068-9590-5600,Union Bank of India,UBIN0366380,Patna,Patna,Bihar,25.587689,85.157016,13450.56,2026-06-12T15:51:40,2,0
31ada3d2-933b-4762-89a2-82d801c88a6e,6a08d0af-ba9c-4c5d-b578-253b016cb9fb,6295-2971-2930,9292-1550-5498,YES Bank,YESB0306081,Mumbai,Mumbai City,Maharashtra,19.116999,72.883055,101322.45,2026-06-12T15:52:10,2,0
84b9107d-f961-426a-8c85-f5e4b270ca85,6a08d0af-ba9c-4c5d-b578-253b016cb9fb,6362-8788-3543,4965-7139-9634,Canara Bank,CNRB0609576,Hyderabad,Hyderabad,Telangana,17.369173,78.480537,33259.91,2026-06-12T15:54:45,3,1
770b6805-cd48-4d36-919c-0601e6c44efe,6a08d0af-ba9c-4c5d-b578-253b016cb9fb,4892-1130-1816,4965-7139-9634,Canara Bank,CNRB0385805,Hyderabad,Hyderabad,Telangana,17.381673,78.467331,182777.65,2026-06-12T15:56:18,3,1
768cdb47-10f6-4b6f-80a4-5483c9d75f67,6a08d0af-ba9c-4c5d-b578-253b016cb9fb,3827-5600-3368,4965-7139-9634,Canara Bank,CNRB0714224,Hyderabad,Hyderabad,Telangana,17.37117,78.482418,8670.85,2026-06-12T15:57:49,3,1
b0fa5921-bc89-4acf-a075-019b27edb5dd,3b778ad7-f14f-463e-a71b-2dfcd26bb28e,8938-5379-7601,3257-9122-3228,UCO Bank,UCBA0260596,Lucknow,Lucknow,Uttar Pradesh,26.86776,80.978301,33031.98,2026-06-21T14:33:21,1,0
5aef1985-a1fa-4820-90ee-1f975120a751,3b778ad7-f14f-463e-a71b-2dfcd26bb28e,8938-5379-7601,1787-6451-4378,Canara Bank,CNRB0874777,Chennai,Chennai,Tamil Nadu,13.095354,80.28898,4385.89,2026-06-21T14:33:53,1,0
ea65aeb4-d96b-47d2-898c-7b1dc1b2151b,3b778ad7-f14f-463e-a71b-2dfcd26bb28e,8938-5379-7601,7473-5897-2031,Bank of Baroda,BARB0144641,Lucknow,Lucknow,Uttar Pradesh,26.813771,80.904749,15936.59,2026-06-21T14:34:35,1,0
b7c1c531-8fb8-4964-8910-d95670e3ed8e,3b778ad7-f14f-463e-a71b-2dfcd26bb28e,3257-9122-3228,6258-4563-5028,Federal Bank,FDRL0675691,Bengaluru,Bengaluru Urban,Karnataka,12.935476,77.636019,25192.71,2026-06-21T14:35:26,2,0
04c3471a-631d-45b6-be4c-ca705fb20843,3b778ad7-f14f-463e-a71b-2dfcd26bb28e,3257-9122-3228,1321-9144-8438,ICICI Bank,ICIC0372442,Hyderabad,Hyderabad,Telangana,17.356754,78.497434,7839.27,2026-06-21T14:36:20,2,0
0b74e9fb-ebbe-407c-85b6-e664455931bd,3b778ad7-f14f-463e-a71b-2dfcd26bb28e,1787-6451-4378,8826-9388-5374,Union Bank of India,UBIN0914493,Ahmedabad,Ahmedabad,Gujarat,23.05572,72.604519,3800.2,2026-06-21T14:37:18,2,0
36b98cea-93bb-42b1-a30b-25134c0c938d,3b778ad7-f14f-463e-a71b-2dfcd26bb28e,1787-6451-4378,5727-7478-1041,Bank of Baroda,BARB0798670,Noida,Gautam Buddh Nagar,Uttar Pradesh,28.563628,77.397258,585.69,2026-06-21T14:38:41,2,0
bbe32eaa-2f01-43ef-ae58-80ae1008d03c,3b778ad7-f14f-463e-a71b-2dfcd26bb28e,7473-5897-2031,2639-9271-2059,IndusInd Bank,INDB0390808,Lucknow,Lucknow,Uttar Pradesh,26.826594,80.975547,120.06,2026-06-21T14:39:47,2,0
d036f43d-4923-4a63-9cb4-234ea7849eed,3b778ad7-f14f-463e-a71b-2dfcd26bb28e,7473-5897-2031,8472-8917-7138,YES Bank,YESB0455523,Gurgaon,Gurugram,Haryana,28.430101,76.986631,666.69,2026-06-21T14:40:55,2,0
9f23d110-4e96-4a1e-9ecd-4b16f137bd1e,3b778ad7-f14f-463e-a71b-2dfcd26bb28e,7473-5897-2031,7067-2122-3509,Punjab National Bank,PUNB0667801,Ahmedabad,Ahmedabad,Gujarat,22.990284,72.597334,15149.85,2026-06-21T14:42:23,2,0
f0cac1d4-aa9c-45f0-be28-8498877994cd,3b778ad7-f14f-463e-a71b-2dfcd26bb28e,2639-9271-2059,8796-5458-8208,Kotak Mahindra Bank,KKBK0497657,Hyderabad,Hyderabad,Telangana,17.396205,78.489994,108.05,2026-06-21T14:44:07,3,1
c1d8a177-c857-4202-94e0-0c4da7b4c771,3b778ad7-f14f-463e-a71b-2dfcd26bb28e,8472-8917-7138,8796-5458-8208,Kotak Mahindra Bank,KKBK0604793,Hyderabad,Hyderabad,Telangana,17.36575,78.479746,600.02,2026-06-21T14:45:11,3,1
a668c6c2-1c9c-4d2e-ad63-98a9d7e6e6d0,3b778ad7-f14f-463e-a71b-2dfcd26bb28e,8826-9388-5374,8796-5458-8208,Kotak Mahindra Bank,KKBK0742522,Hyderabad,Hyderabad,Telangana,17.375533,78.498452,3420.18,2026-06-21T14:47:43,3,1
4c310da7-e950-44bc-9150-d7d88de06a74,61de4ff4-4ca7-4054-ad73-5ebec4e8267f,6012-4647-8076,8712-9071-2668,UCO Bank,UCBA0156380,Bhopal,Bhopal,Madhya Pradesh,23.258588,77.457261,53648.83,2026-08-14T03:24:59,1,0
61bd1482-732b-4488-84b0-bdf5865560ad,61de4ff4-4ca7-4054-ad73-5ebec4e8267f,6012-4647-8076,6509-7726-3862,Axis Bank,UTIB0218020,Pune,Pune,Maharashtra,18.504977,73.842694,227130.35,2026-08-14T03:25:53,1,0
6e535dad-c15a-4730-958f-1552ec2a89e5,61de4ff4-4ca7-4054-ad73-5ebec4e8267f,6012-4647-8076,3307-1043-5352,Kotak Mahindra Bank,KKBK0153428,Noida,Gautam Buddh Nagar,Uttar Pradesh,28.551899,77.351979,38111.68,2026-08-14T03:26:32,1,0
e030a5da-f473-44c5-a90d-c0739a172af0,61de4ff4-4ca7-4054-ad73-5ebec4e8267f,8712-9071-2668,5133-8575-8452,IndusInd Bank,INDB0958413,Noida,Gautam Buddh Nagar,Uttar Pradesh,28.574943,77.367241,18577.1,2026-08-14T03:27:17,2,0
c542cbf5-709e-4934-ab55-c1948a4fffce,61de4ff4-4ca7-4054-ad73-5ebec4e8267f,8712-9071-2668,4747-5714-5306,Kotak Mahindra Bank,KKBK0281349,Gurgaon,Gurugram,Haryana,28.44474,77.013128,35071.73,2026-08-14T03:28:21,2,0
9d5bd94b-7fd6-4645-a44b-a0448d0478d3,61de4ff4-4ca7-4054-ad73-5ebec4e8267f,6509-7726-3862,6517-7574-5170,Canara Bank,CNRB0444770,Kolkata,Kolkata,West Bengal,22.610154,88.351309,76693.49,2026-08-14T03:28:57,2,0
4c45c108-8443-4deb-9be8-048e3304f088,61de4ff4-4ca7-4054-ad73-5ebec4e8267f,6509-7726-3862,2701-4657-6613,UCO Bank,UCBA0429330,Jaipur,Jaipur,Rajasthan,26.877565,75.82337,14793.6,2026-08-14T03:29:40,2,0
34e5dcce-6fca-410f-8009-4480e1c988ab,61de4ff4-4ca7-4054-ad73-5ebec4e8267f,6509-7726-3862,5429-8992-6062,Bank of Baroda,BARB0466496,Bengaluru,Bengaluru Urban,Karnataka,12.976869,77.627999,135643.26,2026-08-14T03:30:44,2,0
0de1d1b4-75f6-4c1b-aae0-aa2659a7b9da,61de4ff4-4ca7-4054-ad73-5ebec4e8267f,3307-1043-5352,6636-8962-5938,ICICI Bank,ICIC0656692,Patna,Patna,Bihar,25.621441,85.113849,4103.98,2026-08-14T03:31:16,2,0
b2e608ac-b911-4b37-b969-44655109e786,61de4ff4-4ca7-4054-ad73-5ebec4e8267f,3307-1043-5352,8992-6933-9217,HDFC Bank,HDFC0302812,Patna,Patna,Bihar,25.585154,85.111434,16296.54,2026-08-14T03:32:26,2,0
936eeda3-6f54-409a-b0df-b3b4c7c87f58,61de4ff4-4ca7-4054-ad73-5ebec4e8267f,3307-1043-5352,2601-7697-7593,IDBI Bank,IBKL0925332,Jaipur,Jaipur,Rajasthan,26.958633,75.767495,17711.16,2026-08-14T03:33:43,2,0
cc5b5ea7-d409-4867-8160-8e3e8c24e6ca,61de4ff4-4ca7-4054-ad73-5ebec4e8267f,5429-8992-6062,2667-5122-7560,YES Bank,YESB0764376,Ahmedabad,Ahmedabad,Gujarat,23.031153,72.561579,122078.93,2026-08-14T03:35:39,3,1
98cc60f2-bd7d-4cd0-80a6-10ca65377ddc,61de4ff4-4ca7-4054-ad73-5ebec4e8267f,5133-8575-8452,2667-5122-7560,YES Bank,YESB0801959,Ahmedabad,Ahmedabad,Gujarat,23.026095,72.580215,16719.39,2026-08-14T03:37:42,3,1
46429a54-3899-4384-afb0-60658308eea2,61de4ff4-4ca7-4054-ad73-5ebec4e8267f,2701-4657-6613,2667-5122-7560,YES Bank,YESB0960372,Ahmedabad,Ahmedabad,Gujarat,23.030241,72.590368,13314.24,2026-08-14T03:40:25,3,1
17c87374-6105-4a0b-a9f7-e75a08e4b510,5cd9858a-a7b1-447a-bb9d-5bea1fb9f996,6722-6232-6571,9490-4551-9180,Bank of Baroda,BARB0903820,Lucknow,Lucknow,Uttar Pradesh,26.836942,80.908466,96940.23,2026-07-25T22:47:24,1,0
10e056ba-b2ef-4470-8a3d-38c3b0da9c12,5cd9858a-a7b1-447a-bb9d-5bea1fb9f996,9490-4551-9180,4128-7361-2651,HDFC Bank,HDFC0464835,Chennai,Chennai,Tamil Nadu,13.094277,80.223824,96940.23,2026-07-25T22:47:55,2,0
a1dc0685-0abb-4276-a292-9c1f4ed9944a,5cd9858a-a7b1-447a-bb9d-5bea1fb9f996,4128-7361-2651,8181-1577-7278,UCO Bank,UCBA0777595,Patna,Patna,Bihar,25.571071,85.090944,96940.23,2026-07-25T22:50:52,3,1
0d1d34e7-ed94-4758-9f3d-ceeea5245aa4,ffdd8ddb-60e8-43db-89db-6ab09c27d7f2,8085-3917-9667,6141-2603-7518,YES Bank,YESB0347831,Patna,Patna,Bihar,25.610558,85.164665,32955.92,2026-06-14T00:59:54,1,0
f559f775-d35d-401c-ab99-9bf44b4a7ab2,ffdd8ddb-60e8-43db-89db-6ab09c27d7f2,8085-3917-9667,3557-2799-6982,Canara Bank,CNRB0521322,Chennai,Chennai,Tamil Nadu,13.100386,80.255994,12652.89,2026-06-14T01:00:41,1,0
1beb2c2e-0587-48b0-ac29-da98860b64c1,ffdd8ddb-60e8-43db-89db-6ab09c27d7f2,6141-2603-7518,8019-8975-4934,South Indian Bank,SIBL0934229,Jaipur,Jaipur,Rajasthan,26.898005,75.790019,32955.92,2026-06-14T01:01:34,2,0
dea5f0af-b9a3-4eae-8be3-bf386ec78e3f,ffdd8ddb-60e8-43db-89db-6ab09c27d7f2,3557-2799-6982,1745-9012-1946,Union Bank of India,UBIN0383210,Mumbai,Mumbai City,Maharashtra,19.103909,72.924404,9000.59,2026-06-14T01:02:38,2,0
ef264d41-42b9-44be-baa0-2a9fed3b8b2e,ffdd8ddb-60e8-43db-89db-6ab09c27d7f2,3557-2799-6982,8445-3098-3176,YES Bank,YESB0960118,Bengaluru,Bengaluru Urban,Karnataka,12.932247,77.563985,3652.3,2026-06-14T01:03:22,2,0
bc6b9f3b-bd2a-4afb-9d93-214d57c78f1d,ffdd8ddb-60e8-43db-89db-6ab09c27d7f2,8019-8975-4934,1772-8669-6077,ICICI Bank,ICIC0424802,Chennai,Chennai,Tamil Nadu,13.101723,80.259768,29660.33,2026-06-14T01:05:43,3,1
ef44913b-1b75-4fdb-a40f-b3315a45c6fb,ffdd8ddb-60e8-43db-89db-6ab09c27d7f2,1745-9012-1946,1772-8669-6077,ICICI Bank,ICIC0992407,Chennai,Chennai,Tamil Nadu,13.089595,80.259701,8100.53,2026-06-14T01:07:34,3,1
d6b12c50-ac49-4163-ab6a-d8cea2937b8f,ffdd8ddb-60e8-43db-89db-6ab09c27d7f2,8445-3098-3176,1772-8669-6077,ICICI Bank,ICIC0846866,Chennai,Chennai,Tamil Nadu,13.093576,80.273411,3287.07,2026-06-14T01:09:35,3,1
92ea7a0d-305e-4178-959e-e623c5ab4ec6,6d052846-0984-4fcd-b5f3-cb2e5fb4a6ee,2024-5391-9522,4211-1180-1844,IndusInd Bank,INDB0339418,Lucknow,Lucknow,Uttar Pradesh,26.877159,80.973618,57742.7,2026-05-30T13:44:01,1,0
cdadbacf-434b-45d3-8a8e-5d17a9a7d5dd,6d052846-0984-4fcd-b5f3-cb2e5fb4a6ee,4211-1180-1844,6976-3512-7387,Bank of Baroda,BARB0801904,Gurgaon,Gurugram,Haryana,28.451008,77.066293,648.96,2026-05-30T13:45:25,2,0
b3c7f745-3b55-4e4c-a0c1-65efbdead46f,6d052846-0984-4fcd-b5f3-cb2e5fb4a6ee,4211-1180-1844,1412-9415-3852,YES Bank,YESB0377260,Ahmedabad,Ahmedabad,Gujarat,23.043254,72.601392,57093.74,2026-05-30T13:46:25,2,0
d0d570e8-8eff-48bd-8865-79d23e0228b5,6d052846-0984-4fcd-b5f3-cb2e5fb4a6ee,6976-3512-7387,8031-2698-2449,ICICI Bank,ICIC0234660,Jaipur,Jaipur,Rajasthan,26.958091,75.816976,648.96,2026-05-30T13:50:52,3,0
dab6eb60-7d00-46b6-82f3-873de2ca0469,6d052846-0984-4fcd-b5f3-cb2e5fb4a6ee,8031-2698-2449,3723-2237-5322,IndusInd Bank,INDB0437925,Gurgaon,Gurugram,Haryana,28.496174,77.05711,648.96,2026-05-30T13:54:32,4,1
733065fe-518a-47ca-a7df-bc1e8b5a2f62,57912dd4-bbcd-477a-b95d-940176308a0f,2772-9015-9954,3404-6458-6015,IDBI Bank,IBKL0289649,Mumbai,Mumbai City,Maharashtra,19.063478,72.909597,535.11,2026-07-10T21:51:21,1,0
0777217a-0cb3-4a5c-8826-b53388179e2e,57912dd4-bbcd-477a-b95d-940176308a0f,2772-9015-9954,7460-6217-8397,Punjab National Bank,PUNB0180122,Chandigarh,Chandigarh,Chandigarh,30.694238,76.739156,10677.13,2026-07-10T21:51:48,1,0
ce4d1f51-f719-4148-a956-6e6ae28da498,57912dd4-bbcd-477a-b95d-940176308a0f,2772-9015-9954,5327-5470-7185,IDBI Bank,IBKL0798071,Kolkata,Kolkata,West Bengal,22.6076,88.404409,36999.9,2026-07-10T21:52:47,1,0
f4a08efb-7e12-4652-a9ea-617627bb2562,57912dd4-bbcd-477a-b95d-940176308a0f,3404-6458-6015,2398-4503-7259,IndusInd Bank,INDB0251398,Bengaluru,Bengaluru Urban,Karnataka,12.927394,77.599862,342.73,2026-07-10T21:53:18,2,0
d144acd7-d93e-4977-886a-fbf306239eb0,57912dd4-bbcd-477a-b95d-940176308a0f,3404-6458-6015,8375-4073-9375,IndusInd Bank,INDB0205137,Kolkata,Kolkata,West Bengal,22.591602,88.335539,192.38,2026-07-10T21:54:29,2,0
af2defa8-b502-4db9-93e8-86e5201b59e6,57912dd4-bbcd-477a-b95d-940176308a0f,7460-6217-8397,8026-9404-5930,IndusInd Bank,INDB0273867,Gurgaon,Gurugram,Haryana,28.41229,76.98405,2313.27,2026-07-10T21:55:23,2,0
ac20d2ec-17ed-4bd6-a8d9-d0cecd4ea017,57912dd4-bbcd-477a-b95d-940176308a0f,7460-6217-8397,2633-9799-5578,Union Bank of India,UBIN0307960,Mumbai,Mumbai City,Maharashtra,19.050293,72.854396,6459.67,2026-07-10T21:56:35,2,0
208f3129-362e-4ad0-b92f-791649260abf,57912dd4-bbcd-477a-b95d-940176308a0f,7460-6217-8397,9137-2315-5262,South Indian Bank,SIBL0216698,Noida,Gautam Buddh Nagar,Uttar Pradesh,28.503958,77.357898,1904.18,2026-07-10T21:57:08,2,0
39bac6de-1599-4a6d-b8ea-f580ba8ed602,57912dd4-bbcd-477a-b95d-940176308a0f,5327-5470-7185,7376-1187-4204,Union Bank of India,UBIN0915488,Chennai,Chennai,Tamil Nadu,13.072189,80.249808,36999.9,2026-07-10T21:57:38,2,0
b521d3bb-0ef5-4699-8ae4-17b311176d36,57912dd4-bbcd-477a-b95d-940176308a0f,2398-4503-7259,8916-8135-2776,Union Bank of India,UBIN0587621,Mumbai,Mumbai City,Maharashtra,19.071089,72.887319,308.46,2026-07-10T22:00:17,3,1
7c5044f2-20c4-48e4-80b7-9ae487568cbf,57912dd4-bbcd-477a-b95d-940176308a0f,9137-2315-5262,8916-8135-2776,Union Bank of India,UBIN0102709,Mumbai,Mumbai City,Maharashtra,19.075327,72.883868,1713.76,2026-07-10T22:02:04,3,1
f2404d40-e07b-411c-a829-f553520888b4,57912dd4-bbcd-477a-b95d-940176308a0f,7376-1187-4204,8916-8135-2776,Union Bank of India,UBIN0979060,Mumbai,Mumbai City,Maharashtra,19.058627,72.874341,33299.91,2026-07-10T22:04:32,3,1
423e06bd-8abc-4fb9-977d-6a4c188f512e,57912dd4-bbcd-477a-b95d-940176308a0f,8375-4073-9375,8916-8135-2776,Union Bank of India,UBIN0623226,Mumbai,Mumbai City,Maharashtra,19.061891,72.868978,173.14,2026-07-10T22:05:44,3,1
b75e3b52-b6ef-4f79-bf05-08aa6244f362,ccc527d5-3ccf-4a7c-86bc-358b945eef42,9456-7467-1808,5911-2687-9208,IndusInd Bank,INDB0934504,Bengaluru,Bengaluru Urban,Karnataka,12.961661,77.606076,29752.64,2026-07-22T21:03:24,1,0
e1e76fc7-b0d9-48ec-b936-c5a20bdd2342,ccc527d5-3ccf-4a7c-86bc-358b945eef42,9456-7467-1808,7388-4643-1732,Punjab National Bank,PUNB0717424,Noida,Gautam Buddh Nagar,Uttar Pradesh,28.546787,77.381128,1624.19,2026-07-22T21:04:03,1,0
e4866fb0-da1d-43aa-9cc0-71c691ab8719,ccc527d5-3ccf-4a7c-86bc-358b945eef42,9456-7467-1808,4705-3651-7342,IDBI Bank,IBKL0817945,Chandigarh,Chandigarh,Chandigarh,30.758573,76.790323,17984.5,2026-07-22T21:04:33,1,0
1b81536d-2ae6-4a0a-b052-576e7ee5210b,ccc527d5-3ccf-4a7c-86bc-358b945eef42,5911-2687-9208,7339-5098-1543,IDBI Bank,IBKL0887154,Lucknow,Lucknow,Uttar Pradesh,26.845354,80.897747,29752.64,2026-07-22T21:05:39,2,0
c3fddf95-d8ad-467f-986b-0220eecf02c1,ccc527d5-3ccf-4a7c-86bc-358b945eef42,7388-4643-1732,3141-6509-2875,HDFC Bank,HDFC0491919,Lucknow,Lucknow,Uttar Pradesh,26.852565,80.906184,1254.79,2026-07-22T21:06:44,2,0
13c2fe61-5655-48fc-9021-f3df6e2ce220,ccc527d5-3ccf-4a7c-86bc-358b945eef42,7388-4643-1732,8383-1869-3021,Union Bank of India,UBIN0707730,Gurgaon,Gurugram,Haryana,28.448626,77.072048,369.4,2026-07-22T21:07:39,2,0
7df61ca8-4255-4521-a796-e8a10213249b,ccc527d5-3ccf-4a7c-86bc-358b945eef42,4705-3651-7342,5542-3869-2931,Axis Bank,UTIB0517305,Jaipur,Jaipur,Rajasthan,26.935263,75.815396,13005.43,2026-07-22T21:08:47,2,0
f97bd727-998f-4004-acda-9537b13465d7,ccc527d5-3ccf-4a7c-86bc-358b945eef42,4705-3651-7342,6441-5040-2097,ICICI Bank,ICIC0934551,Hyderabad,Hyderabad,Telangana,17.335345,78.454123,4979.07,2026-07-22T21:09:38,2,0
9dfbff94-aaf9-4c62-9e34-3bee098072f1,ccc527d5-3ccf-4a7c-86bc-358b945eef42,6441-5040-2097,7010-5527-9427,State Bank of India,SBIN0983993,Gurgaon,Gurugram,Haryana,28.476622,77.015876,4481.16,2026-07-22T21:12:28,3,1
439616eb-9374-4e40-bf0d-9856bdaeeac2,ccc527d5-3ccf-4a7c-86bc-358b945eef42,7339-5098-1543,7010-5527-9427,State Bank of India,SBIN0485935,Gurgaon,Gurugram,Haryana,28.461309,77.03684,26777.38,2026-07-22T21:15:06,3,1
cea3be16-1169-4d4a-868f-56c59ef8911f,ccc527d5-3ccf-4a7c-86bc-358b945eef42,8383-1869-3021,7010-5527-9427,State Bank of India,SBIN0412520,Gurgaon,Gurugram,Haryana,28.447185,77.040168,332.46,2026-07-22T21:17:51,3,1
5de77fcd-0c3c-4ba0-b591-9e396c61ee1f,ccc527d5-3ccf-4a7c-86bc-358b945eef42,3141-6509-2875,7010-5527-9427,State Bank of India,SBIN0186699,Gurgaon,Gurugram,Haryana,28.43967,77.021084,1129.31,2026-07-22T21:20:12,3,1
6a530750-e277-4a05-aeb6-61a94b8be8f4,6307142b-ca04-493c-b600-5ae1eb653be0,6345-2383-8864,6538-5156-7183,South Indian Bank,SIBL0870079,Gurgaon,Gurugram,Haryana,28.417649,76.981308,118841.63,2026-08-13T17:12:05,1,0
f6795d79-a5e3-4d41-b52b-a71be4d575c9,6307142b-ca04-493c-b600-5ae1eb653be0,6345-2383-8864,4566-6655-3000,HDFC Bank,HDFC0669460,Gurgaon,Gurugram,Haryana,28.433954,76.985278,90994.35,2026-08-13T17:13:03,1,0
a9fbefd3-5c96-4905-aadc-87eed324615a,6307142b-ca04-493c-b600-5ae1eb653be0,6538-5156-7183,7023-9408-8900,YES Bank,YESB0732184,Bhopal,Bhopal,Madhya Pradesh,23.25528,77.411878,94900.87,2026-08-13T17:14:24,2,0
002c80dd-3be8-4c9f-bb8f-82b7b3a5be20,6307142b-ca04-493c-b600-5ae1eb653be0,6538-5156-7183,1195-4613-6552,HDFC Bank,HDFC0609537,Bhopal,Bhopal,Madhya Pradesh,23.279826,77.381825,23940.76,2026-08-13T17:15:25,2,0
6e58a841-314b-440e-bfd2-d09ed565bd4b,6307142b-ca04-493c-b600-5ae1eb653be0,4566-6655-3000,7730-9197-8403,Punjab National Bank,PUNB0832584,Chandigarh,Chandigarh,Chandigarh,30.721499,76.762396,71398.83,2026-08-13T17:16:03,2,0
9326bc1b-6a4a-4bd0-b18d-df0c9da33820,6307142b-ca04-493c-b600-5ae1eb653be0,4566-6655-3000,1933-5971-2207,Punjab National Bank,PUNB0948456,Kolkata,Kolkata,West Bengal,22.545786,88.377359,19595.52,2026-08-13T17:16:58,2,0
8f45e4af-0f0d-4bb8-88a2-297c3d831b49,6307142b-ca04-493c-b600-5ae1eb653be0,1195-4613-6552,5241-2889-8430,YES Bank,YESB0579728,Bhopal,Bhopal,Madhya Pradesh,23.258492,77.419289,21546.68,2026-08-13T17:18:49,3,1
9540c8ef-2dc2-4a57-a2e9-fd7913a7769a,6307142b-ca04-493c-b600-5ae1eb653be0,7023-9408-8900,5241-2889-8430,YES Bank,YESB0163586,Bhopal,Bhopal,Madhya Pradesh,23.240276,77.403793,85410.78,2026-08-13T17:21:38,3,1
2a9a9a62-6bd1-40a0-98c6-bdc70b784fdd,6307142b-ca04-493c-b600-5ae1eb653be0,1933-5971-2207,5241-2889-8430,YES Bank,YESB0440365,Bhopal,Bhopal,Madhya Pradesh,23.27757,77.418842,17635.97,2026-08-13T17:23:17,3,1
73f6c4e0-0465-481e-bd93-ec491b478b46,6307142b-ca04-493c-b600-5ae1eb653be0,7730-9197-8403,5241-2889-8430,YES Bank,YESB0715642,Bhopal,Bhopal,Madhya Pradesh,23.271862,77.410802,64258.95,2026-08-13T17:25:48,3,1
0ad93eb3-05e7-4d0d-a43e-3b7a4f6f2cd8,26456601-36f5-46a2-b864-9ce14c4c720e,2311-8740-4872,4729-4699-3900,UCO Bank,UCBA0540610,Patna,Patna,Bihar,25.618942,85.159856,88903.36,2026-06-25T04:14:09,1,0
d8381e52-8d55-45a4-8695-74559e79a3d7,26456601-36f5-46a2-b864-9ce14c4c720e,4729-4699-3900,6461-9189-5325,Union Bank of India,UBIN0659236,Pune,Pune,Maharashtra,18.556279,73.865365,28510.56,2026-06-25T04:14:58,2,0
cd9d1ff8-863b-4ba1-8366-fd3c2f432e94,26456601-36f5-46a2-b864-9ce14c4c720e,4729-4699-3900,6575-2905-1005,Federal Bank,FDRL0860596,Chennai,Chennai,Tamil Nadu,13.112899,80.30507,60392.8,2026-06-25T04:16:12,2,0
78bbd11e-c4c4-49c3-85f8-83aed891829c,26456601-36f5-46a2-b864-9ce14c4c720e,6461-9189-5325,7340-1320-6585,Punjab National Bank,PUNB0607142,Gurgaon,Gurugram,Haryana,28.414646,77.036035,28510.56,2026-06-25T04:20:48,3,0
ff2431d3-9db7-4387-be2a-6d9ba2a51130,26456601-36f5-46a2-b864-9ce14c4c720e,7340-1320-6585,6896-5897-8820,Federal Bank,FDRL0210295,Noida,Gautam Buddh Nagar,Uttar Pradesh,28.49625,77.389412,28510.56,2026-06-25T04:23:33,4,1
22a8193f-1e70-4eaa-81f5-5feee9b65a2d,09f45539-1704-46fa-b642-aa775a7755d0,8744-7425-6024,6931-5750-6752,Union Bank of India,UBIN0928635,Ahmedabad,Ahmedabad,Gujarat,23.018092,72.538042,51352.77,2026-07-09T22:52:17,1,0
17bd5f39-eed1-4513-a52e-c46c01b2c25c,09f45539-1704-46fa-b642-aa775a7755d0,8744-7425-6024,7853-6593-8558,UCO Bank,UCBA0410423,Mumbai,Mumbai City,Maharashtra,19.076691,72.854536,168811.98,2026-07-09T22:53:10,1,0
5afdd2ab-d615-4d1b-84a2-47e70b555040,09f45539-1704-46fa-b642-aa775a7755d0,6931-5750-6752,1405-4329-1170,Federal Bank,FDRL0497364,Hyderabad,Hyderabad,Telangana,17.407356,78.509591,24255.84,2026-07-09T22:53:40,2,0
a988f2a0-a97d-4b59-9e8b-23e28e0f883d,09f45539-1704-46fa-b642-aa775a7755d0,6931-5750-6752,9314-5224-7229,South Indian Bank,SIBL0781526,Bhopal,Bhopal,Madhya Pradesh,23.281683,77.403372,26893.53,2026-07-09T22:54:21,2,0
d67ebe3f-f855-4dfd-a376-267118d76a13,09f45539-1704-46fa-b642-aa775a7755d0,6931-5750-6752,9657-6715-7829,Union Bank of India,UBIN0529671,Gurgaon,Gurugram,Haryana,28.487679,77.024236,203.4,2026-07-09T22:55:04,2,0
d4d469ff-5d90-4313-9fd8-ff07bd70047e,09f45539-1704-46fa-b642-aa775a7755d0,7853-6593-8558,8255-8220-8474,Canara Bank,CNRB0621144,Mumbai,Mumbai City,Maharashtra,19.072844,72.846074,74826.94,2026-07-09T22:55:43,2,0
ee837c02-3099-4837-bee0-62f9e1ff3188,09f45539-1704-46fa-b642-aa775a7755d0,7853-6593-8558,8193-7137-8674,YES Bank,YESB0565608,Patna,Patna,Bihar,25.551076,85.166132,91290.36,2026-07-09T22:57:00,2,0
e9feae56-95fe-4cb9-90da-978814a7b204,09f45539-1704-46fa-b642-aa775a7755d0,7853-6593-8558,1669-4360-7656,Kotak Mahindra Bank,KKBK0349941,Patna,Patna,Bihar,25.642936,85.09992,2694.69,2026-07-09T22:57:33,2,0
d88fcd4e-9d9d-4b77-bc6b-79b95c5a9c42,09f45539-1704-46fa-b642-aa775a7755d0,8193-7137-8674,7666-9841-3751,Punjab National Bank,PUNB0343089,Mumbai,Mumbai City,Maharashtra,19.063704,72.895366,82161.32,2026-07-09T22:58:53,3,1
f6b0602a-4f94-42ed-96fd-5979fed1f033,09f45539-1704-46fa-b642-aa775a7755d0,8255-8220-8474,7666-9841-3751,Punjab National Bank,PUNB0154406,Mumbai,Mumbai City,Maharashtra,19.087512,72.866327,67344.25,2026-07-09T23:00:23,3,1
411dbf1f-e223-4506-9df8-d6e8d9a5c9a7,09f45539-1704-46fa-b642-aa775a7755d0,9314-5224-7229,7666-9841-3751,Punjab National Bank,PUNB0340947,Mumbai,Mumbai City,Maharashtra,19.066089,72.872863,24204.18,2026-07-09T23:02:38,3,1
07206de7-d9da-4c5e-8ffc-94f4d772dd4e,09f45539-1704-46fa-b642-aa775a7755d0,1405-4329-1170,7666-9841-3751,Punjab National Bank,PUNB0520621,Mumbai,Mumbai City,Maharashtra,19.088576,72.893284,21830.26,2026-07-09T23:05:18,3,1
b026d429-4998-455f-af7d-dd6c6fa68a38,09f45539-1704-46fa-b642-aa775a7755d0,9657-6715-7829,7666-9841-3751,Punjab National Bank,PUNB0989364,Mumbai,Mumbai City,Maharashtra,19.094077,72.872814,183.06,2026-07-09T23:08:04,3,1
d54a212e-79d8-4e6e-af9f-59351886ff6f,a711e2ec-825a-4fac-9a8f-1f2ce6402e74,4712-1037-7534,6632-3138-4124,Punjab National Bank,PUNB0243172,Noida,Gautam Buddh Nagar,Uttar Pradesh,28.536085,77.365244,58008.9,2026-07-17T04:55:15,1,0
d940b17c-aa2d-42f6-ac85-87633a319e6b,a711e2ec-825a-4fac-9a8f-1f2ce6402e74,4712-1037-7534,6587-8170-9809,Federal Bank,FDRL0134609,Delhi,Central Delhi,Delhi,28.642447,77.245149,275402.35,2026-07-17T04:56:10,1,0
b9fb88e5-c0ba-4b69-8948-6dc733b0c626,a711e2ec-825a-4fac-9a8f-1f2ce6402e74,4712-1037-7534,7419-6293-3303,Punjab National Bank,PUNB0968250,Kolkata,Kolkata,West Bengal,22.578169,88.342627,28433.98,2026-07-17T04:56:36,1,0
dab535b4-d0ae-4eb6-8105-bb6c03a8b2bd,a711e2ec-825a-4fac-9a8f-1f2ce6402e74,6632-3138-4124,6581-5020-2747,ICICI Bank,ICIC0467067,Bengaluru,Bengaluru Urban,Karnataka,13.017909,77.635051,44073.11,2026-07-17T04:57:22,2,0
d68ecd40-c646-4cf7-8b0d-9689022675b2,a711e2ec-825a-4fac-9a8f-1f2ce6402e74,6632-3138-4124,2907-9524-1160,YES Bank,YESB0439721,Delhi,Central Delhi,Delhi,28.588658,77.203407,13935.79,2026-07-17T04:58:25,2,0
57a52251-28fa-40f8-be30-c6df65db256d,a711e2ec-825a-4fac-9a8f-1f2ce6402e74,6587-8170-9809,3162-6982-6456,Union Bank of India,UBIN0568325,Jaipur,Jaipur,Rajasthan,26.916836,75.740041,11652.76,2026-07-17T04:59:30,2,0
df0b907f-5e20-465e-bf09-621022287352,a711e2ec-825a-4fac-9a8f-1f2ce6402e74,6587-8170-9809,1489-8858-7951,State Bank of India,SBIN0857183,Mumbai,Mumbai City,Maharashtra,19.085009,72.840706,263749.59,2026-07-17T05:00:11,2,0
09284385-0eb6-45a7-aad9-80dd16d40d70,a711e2ec-825a-4fac-9a8f-1f2ce6402e74,7419-6293-3303,5081-2231-8873,South Indian Bank,SIBL0197549,Chandigarh,Chandigarh,Chandigarh,30.745443,76.801108,28433.98,2026-07-17T05:00:43,2,0
5f61c6b0-66c6-4814-b8af-c45a736889a2,a711e2ec-825a-4fac-9a8f-1f2ce6402e74,5081-2231-8873,3158-9846-8732,UCO Bank,UCBA0607548,Kolkata,Kolkata,West Bengal,22.558979,88.379322,25590.58,2026-07-17T05:03:22,3,1
62342df5-153e-4910-ae09-1f6c733bada1,a711e2ec-825a-4fac-9a8f-1f2ce6402e74,1489-8858-7951,3158-9846-8732,UCO Bank,UCBA0312842,Kolkata,Kolkata,West Bengal,22.585655,88.371887,237374.63,2026-07-17T05:05:25,3,1
33ba8476-4c48-410f-82b6-554c81a32ecd,a711e2ec-825a-4fac-9a8f-1f2ce6402e74,2907-9524-1160,3158-9846-8732,UCO Bank,UCBA0940369,Kolkata,Kolkata,West Bengal,22.5589,88.356289,12542.21,2026-07-17T05:06:57,3,1
589897fc-2312-4c40-9d64-74dfc9dccdbb,a711e2ec-825a-4fac-9a8f-1f2ce6402e74,6581-5020-2747,3158-9846-8732,UCO Bank,UCBA0935928,Kolkata,Kolkata,West Bengal,22.568948,88.366951,39665.8,2026-07-17T05:08:43,3,1
f3d74054-d4bc-493a-a0f6-828fbd556ebb,4b38f234-aade-413e-8c33-b1b586ebcbc1,8764-7427-6074,2881-7997-1136,Union Bank of India,UBIN0106951,Kolkata,Kolkata,West Bengal,22.569701,88.315839,108636.08,2026-07-07T11:38:05,1,0
3da847b0-f777-48c2-a599-a8204dcad16a,4b38f234-aade-413e-8c33-b1b586ebcbc1,8764-7427-6074,4841-4189-3994,IDBI Bank,IBKL0287482,Delhi,Central Delhi,Delhi,28.616607,77.190222,47169.63,2026-07-07T11:38:20,1,0
326bd509-18f6-4c28-86df-a15a821cf482,4b38f234-aade-413e-8c33-b1b586ebcbc1,2881-7997-1136,2299-3458-1347,Bank of Baroda,BARB0170069,Pune,Pune,Maharashtra,18.510235,73.859683,87272.36,2026-07-07T11:39:09,2,0
5c93b460-c606-4acd-8fe0-bb840c282ace,4b38f234-aade-413e-8c33-b1b586ebcbc1,2881-7997-1136,3410-3608-1059,ICICI Bank,ICIC0829993,Jaipur,Jaipur,Rajasthan,26.869215,75.824144,18201.87,2026-07-07T11:40:18,2,0
ceecdb1f-2e89-4ea0-b16a-ecf0cd03cc8c,4b38f234-aade-413e-8c33-b1b586ebcbc1,2881-7997-1136,2347-9013-6912,Canara Bank,CNRB0238001,Hyderabad,Hyderabad,Telangana,17.422445,78.468654,3161.85,2026-07-07T11:41:05,2,0
02660bb9-e7c0-45b6-9b70-5af2a69a4675,4b38f234-aade-413e-8c33-b1b586ebcbc1,4841-4189-3994,1293-2600-6824,State Bank of India,SBIN0856348,Mumbai,Mumbai City,Maharashtra,19.065824,72.875828,11488.31,2026-07-07T11:42:27,2,0
04a05d92-03de-42d9-858b-37ccf5a2b51b,4b38f234-aade-413e-8c33-b1b586ebcbc1,4841-4189-3994,3803-7647-8328,YES Bank,YESB0406556,Bengaluru,Bengaluru Urban,Karnataka,12.995094,77.6378,8765.84,2026-07-07T11:43:55,2,0
431c2d52-1ca5-4326-a56a-f771536693b6,4b38f234-aade-413e-8c33-b1b586ebcbc1,4841-4189-3994,5142-5518-3798,Axis Bank,UTIB0114047,Mumbai,Mumbai City,Maharashtra,19.083286,72.864946,26915.48,2026-07-07T11:45:16,2,0
dbb5c32e-874d-4718-8693-70ee1497cf94,4b38f234-aade-413e-8c33-b1b586ebcbc1,3410-3608-1059,9763-1171-7983,State Bank of India,SBIN0372226,Patna,Patna,Bihar,25.587523,85.156713,16381.68,2026-07-07T11:46:27,3,1
c4794123-9be9-4c2e-a71c-d578be53d3b7,4b38f234-aade-413e-8c33-b1b586ebcbc1,5142-5518-3798,9763-1171-7983,State Bank of India,SBIN0340249,Patna,Patna,Bihar,25.579483,85.137017,24223.93,2026-07-07T11:47:46,3,1
86b15b94-f7cd-49a1-8f44-044f8e27fe27,4b38f234-aade-413e-8c33-b1b586ebcbc1,3803-7647-8328,9763-1171-7983,State Bank of India,SBIN0877547,Patna,Patna,Bihar,25.600646,85.13129,7889.26,2026-07-07T11:49:20,3,1
62307be9-7a2b-4ade-8d3b-5c7392667f2c,4b38f234-aade-413e-8c33-b1b586ebcbc1,1293-2600-6824,9763-1171-7983,State Bank of India,SBIN0204567,Patna,Patna,Bihar,25.598938,85.136012,10339.48,2026-07-07T11:51:50,3,1
893a5d08-90bf-4f84-beb7-1b147acca1a7,ee1d217d-98a8-47c2-b922-755d80c82bd7,6979-1725-2750,8082-9132-8919,HDFC Bank,HDFC0689667,Bhopal,Bhopal,Madhya Pradesh,23.225374,77.434982,24067.97,2026-08-18T00:34:19,1,0
e2fe9950-5676-4d43-9cf6-23867567bcf3,ee1d217d-98a8-47c2-b922-755d80c82bd7,6979-1725-2750,3166-1453-3115,ICICI Bank,ICIC0337863,Mumbai,Mumbai City,Maharashtra,19.096503,72.924653,156183.43,2026-08-18T00:34:51,1,0
464aaf2f-b4bd-44df-9be6-6c98809ed9ce,ee1d217d-98a8-47c2-b922-755d80c82bd7,6979-1725-2750,6740-2206-3141,Federal Bank,FDRL0971723,Delhi,Central Delhi,Delhi,28.590765,77.223745,37903.63,2026-08-18T00:35:29,1,0
6345f714-d886-4872-9404-01484de2d883,ee1d217d-98a8-47c2-b922-755d80c82bd7,8082-9132-8919,8808-6578-9282,UCO Bank,UCBA0208150,Chandigarh,Chandigarh,Chandigarh,30.717667,76.825867,24067.97,2026-08-18T00:36:09,2,0
a05e28f1-58e9-4e69-b4fb-84a927039cf7,ee1d217d-98a8-47c2-b922-755d80c82bd7,3166-1453-3115,7094-6287-3046,ICICI Bank,ICIC0925814,Delhi,Central Delhi,Delhi,28.610565,77.242049,25806.57,2026-08-18T00:37:17,2,0
2cd4d28f-4114-4178-869a-ab6bd08158fd,ee1d217d-98a8-47c2-b922-755d80c82bd7,3166-1453-3115,2266-8034-4457,Punjab National Bank,PUNB0216076,Lucknow,Lucknow,Uttar Pradesh,26.896192,80.992517,87890.04,2026-08-18T00:38:16,2,0
cf7c45b5-a17d-44dd-9bf0-db5ba04cf85e,ee1d217d-98a8-47c2-b922-755d80c82bd7,3166-1453-3115,8268-2364-5627,ICICI Bank,ICIC0688553,Pune,Pune,Maharashtra,18.55147,73.889373,42486.82,2026-08-18T00:39:44,2,0
b6b0515c-2642-47fb-9490-48ddbb03fa1c,ee1d217d-98a8-47c2-b922-755d80c82bd7,6740-2206-3141,7750-3596-7315,HDFC Bank,HDFC0414970,Gurgaon,Gurugram,Haryana,28.474814,77.071847,11250.59,2026-08-18T00:40:58,2,0
2a863af1-91e9-4266-80e3-0868215f4e7d,ee1d217d-98a8-47c2-b922-755d80c82bd7,6740-2206-3141,3134-6666-2306,South Indian Bank,SIBL0862961,Chennai,Chennai,Tamil Nadu,13.077653,80.296672,11972.17,2026-08-18T00:42:18,2,0
92c0b14b-ce7b-4682-bec7-9c70ac6b0fcd,ee1d217d-98a8-47c2-b922-755d80c82bd7,6740-2206-3141,9472-9936-4895,Canara Bank,CNRB0927749,Lucknow,Lucknow,Uttar Pradesh,26.842809,80.913385,14680.87,2026-08-18T00:43:29,2,0
08282262-06c6-405b-ba64-43e572967728,ee1d217d-98a8-47c2-b922-755d80c82bd7,2266-8034-4457,6613-5985-8576,Union Bank of India,UBIN0732921,Chennai,Chennai,Tamil Nadu,13.101679,80.265756,79101.04,2026-08-18T00:44:50,3,1
faa45512-cf81-4cc0-b4bc-6ce8fe8df190,ee1d217d-98a8-47c2-b922-755d80c82bd7,7094-6287-3046,6613-5985-8576,Union Bank of India,UBIN0215676,Chennai,Chennai,Tamil Nadu,13.076202,80.266944,23225.91,2026-08-18T00:46:50,3,1
8c1a0456-5b0f-46ac-8c57-83761913d655,ee1d217d-98a8-47c2-b922-755d80c82bd7,9472-9936-4895,6613-5985-8576,Union Bank of India,UBIN0992767,Chennai,Chennai,Tamil Nadu,13.074995,80.286473,13212.78,2026-08-18T00:49:21,3,1
832753eb-ade2-48ed-8b15-a0c5fbf30a17,ee1d217d-98a8-47c2-b922-755d80c82bd7,3134-6666-2306,6613-5985-8576,Union Bank of India,UBIN0809203,Chennai,Chennai,Tamil Nadu,13.088604,80.284097,10774.95,2026-08-18T00:52:11,3,1
83a6105a-0bcd-4c75-8ea9-835cc7121393,c85f8dc2-f850-4f16-bdec-7184e9c39c98,1768-4709-5427,1307-5863-3053,Punjab National Bank,PUNB0730621,Delhi,Central Delhi,Delhi,28.570482,77.2289,106004.66,2026-06-18T13:39:25,1,0
eb596987-d35f-4d8b-86b2-59be61eac53a,c85f8dc2-f850-4f16-bdec-7184e9c39c98,1768-4709-5427,5800-8715-7860,Axis Bank,UTIB0535368,Chennai,Chennai,Tamil Nadu,13.045444,80.308598,153532.76,2026-06-18T13:40:05,1,0
176d9fd0-4279-48aa-9743-830a1e274323,c85f8dc2-f850-4f16-bdec-7184e9c39c98,1768-4709-5427,1828-1500-1816,Canara Bank,CNRB0917056,Lucknow,Lucknow,Uttar Pradesh,26.893601,80.979529,214365.65,2026-06-18T13:40:40,1,0
0045be3e-6f7d-48b4-912e-4159cde8c142,c85f8dc2-f850-4f16-bdec-7184e9c39c98,1307-5863-3053,6996-5287-3519,State Bank of India,SBIN0532633,Mumbai,Mumbai City,Maharashtra,19.104189,72.850793,106004.66,2026-06-18T13:42:09,2,0
88c481c9-a0ce-45b3-93ce-5bbecc57c4af,c85f8dc2-f850-4f16-bdec-7184e9c39c98,5800-8715-7860,2384-5397-1960,IDBI Bank,IBKL0888678,Noida,Gautam Buddh Nagar,Uttar Pradesh,28.531511,77.422959,76813.46,2026-06-18T13:43:39,2,0
156d9019-6d72-4bca-901f-a1b107cb4354,c85f8dc2-f850-4f16-bdec-7184e9c39c98,5800-8715-7860,2642-6440-3429,Punjab National Bank,PUNB0169031,Chandigarh,Chandigarh,Chandigarh,30.709162,76.8254,18827.16,2026-06-18T13:44:34,2,0
2160c079-2368-4546-9aed-bb2c9beef551,c85f8dc2-f850-4f16-bdec-7184e9c39c98,5800-8715-7860,8647-4960-2781,Canara Bank,CNRB0926235,Ahmedabad,Ahmedabad,Gujarat,22.973775,72.522553,57892.14,2026-06-18T13:45:25,2,0
fae77cd4-111c-424b-ab94-c22eea5db5f3,c85f8dc2-f850-4f16-bdec-7184e9c39c98,1828-1500-1816,9547-5356-3062,UCO Bank,UCBA0333595,Patna,Patna,Bihar,25.565843,85.120596,214365.65,2026-06-18T13:46:53,2,0
b701b4b5-7064-4248-b817-118bc6934574,c85f8dc2-f850-4f16-bdec-7184e9c39c98,2642-6440-3429,9826-4970-6292,UCO Bank,UCBA0535618,Hyderabad,Hyderabad,Telangana,17.401464,78.485952,16944.44,2026-06-18T13:49:20,3,1
2c37ba8c-e7d4-45f0-8830-f77966cc346c,c85f8dc2-f850-4f16-bdec-7184e9c39c98,8647-4960-2781,9826-4970-6292,UCO Bank,UCBA0935977,Hyderabad,Hyderabad,Telangana,17.40237,78.506018,52102.93,2026-06-18T13:51:21,3,1
2eb32318-6d7e-423a-b5ee-4244ce50b6e5,c85f8dc2-f850-4f16-bdec-7184e9c39c98,2384-5397-1960,9826-4970-6292,UCO Bank,UCBA0724037,Hyderabad,Hyderabad,Telangana,17.365795,78.473452,69132.11,2026-06-18T13:52:52,3,1
9993a1d9-d385-422b-b790-c16065ebfae8,c85f8dc2-f850-4f16-bdec-7184e9c39c98,6996-5287-3519,9826-4970-6292,UCO Bank,UCBA0906510,Hyderabad,Hyderabad,Telangana,17.401511,78.49637,95404.19,2026-06-18T13:54:47,3,1
d415ad39-1d30-4de5-bfb8-af79633769b9,c85f8dc2-f850-4f16-bdec-7184e9c39c98,9547-5356-3062,9826-4970-6292,UCO Bank,UCBA0863986,Hyderabad,Hyderabad,Telangana,17.396175,78.482807,192929.08,2026-06-18T13:56:46,3,1
d1b5f3ad-254b-46de-b6cc-7edc57066861,47eef3e7-a82f-4810-b6be-f59ad4d5553f,1699-4322-3347,1260-1621-1910,ICICI Bank,ICIC0627683,Chennai,Chennai,Tamil Nadu,13.081589,80.304903,78389.26,2026-07-30T12:21:50,1,0
edc574d5-1c9c-4c7a-9a80-18c5e9d626c7,47eef3e7-a82f-4810-b6be-f59ad4d5553f,1699-4322-3347,8083-5925-8426,Bank of Baroda,BARB0372428,Bengaluru,Bengaluru Urban,Karnataka,12.987466,77.54985,40032.98,2026-07-30T12:22:45,1,0
823afae4-70c9-47bf-ae6c-2cdf708e8cd1,47eef3e7-a82f-4810-b6be-f59ad4d5553f,1699-4322-3347,7661-2106-6107,ICICI Bank,ICIC0360659,Jaipur,Jaipur,Rajasthan,26.874894,75.799224,250340.57,2026-07-30T12:23:13,1,0
cdb293d1-3a7e-4405-9bb9-0a16e97ceafe,47eef3e7-a82f-4810-b6be-f59ad4d5553f,1260-1621-1910,3352-2002-8092,IndusInd Bank,INDB0519687,Ahmedabad,Ahmedabad,Gujarat,23.031248,72.549118,1031.27,2026-07-30T12:23:57,2,0
66a2a11e-7a6f-4de4-8f28-9085409069ac,47eef3e7-a82f-4810-b6be-f59ad4d5553f,1260-1621-1910,8256-6958-5385,Axis Bank,UTIB0915658,Lucknow,Lucknow,Uttar Pradesh,26.863887,80.982713,61068.72,2026-07-30T12:25:21,2,0
6b012b83-b501-4942-8c30-4a26b311bfd8,47eef3e7-a82f-4810-b6be-f59ad4d5553f,1260-1621-1910,4680-4218-6009,IDBI Bank,IBKL0282994,Bengaluru,Bengaluru Urban,Karnataka,12.972938,77.600394,16289.27,2026-07-30T12:26:41,2,0
014eec7d-b67e-4f3a-868a-bc51a4cb01df,47eef3e7-a82f-4810-b6be-f59ad4d5553f,8083-5925-8426,6478-8482-4246,Federal Bank,FDRL0966118,Patna,Patna,Bihar,25.595194,85.176794,40032.98,2026-07-30T12:27:26,2,0
4c4d8fca-5510-4349-92cf-3b4a4a25a125,47eef3e7-a82f-4810-b6be-f59ad4d5553f,7661-2106-6107,1322-8887-4808,Bank of Baroda,BARB0759629,Mumbai,Mumbai City,Maharashtra,19.115815,72.895621,250340.57,2026-07-30T12:28:13,2,0
6d70e993-c94d-4d71-9418-4ec8f40718cb,47eef3e7-a82f-4810-b6be-f59ad4d5553f,8256-6958-5385,6082-2662-3928,ICICI Bank,ICIC0598758,Pune,Pune,Maharashtra,18.537736,73.837566,54961.85,2026-07-30T12:30:50,3,1
3d260852-c04a-4224-9209-039a6003c977,47eef3e7-a82f-4810-b6be-f59ad4d5553f,1322-8887-4808,6082-2662-3928,ICICI Bank,ICIC0664903,Pune,Pune,Maharashtra,18.515372,73.865283,225306.51,2026-07-30T12:33:02,3,1
d9041972-f4dd-4440-ade6-dd9045e610a8,47eef3e7-a82f-4810-b6be-f59ad4d5553f,6478-8482-4246,6082-2662-3928,ICICI Bank,ICIC0264922,Pune,Pune,Maharashtra,18.502599,73.845906,36029.68,2026-07-30T12:35:00,3,1
a2e90d89-3d4e-4248-8561-24a265a7ca30,8ffbb0c6-2ed5-4cbb-ba44-2168edec9a71,6311-2189-7549,3056-5072-3163,HDFC Bank,HDFC0129713,Bhopal,Bhopal,Madhya Pradesh,23.258647,77.371577,409164.79,2026-07-07T05:12:08,1,0
50c1ea42-027c-499f-900b-a2d01fa7d5ea,8ffbb0c6-2ed5-4cbb-ba44-2168edec9a71,3056-5072-3163,6312-9754-9169,ICICI Bank,ICIC0779089,Gurgaon,Gurugram,Haryana,28.491282,77.04411,198417.62,2026-07-07T05:12:55,2,0
2f236ce6-e9ab-46dd-b40c-04b0cdc1b75a,8ffbb0c6-2ed5-4cbb-ba44-2168edec9a71,3056-5072-3163,1887-5370-1857,Bank of Baroda,BARB0420390,Hyderabad,Hyderabad,Telangana,17.342121,78.496073,210747.17,2026-07-07T05:14:25,2,0
17724942-dc49-4fe0-b491-b90fb30cd034,8ffbb0c6-2ed5-4cbb-ba44-2168edec9a71,6312-9754-9169,7099-2435-3156,Axis Bank,UTIB0939683,Kolkata,Kolkata,West Bengal,22.603866,88.408038,198417.62,2026-07-07T05:16:47,3,0
5c086933-59cc-4e92-bf5a-cae19fa706ca,8ffbb0c6-2ed5-4cbb-ba44-2168edec9a71,7099-2435-3156,9468-2234-2493,Axis Bank,UTIB0868354,Bhopal,Bhopal,Madhya Pradesh,23.307272,77.397126,198417.62,2026-07-07T05:21:23,4,1
6dd19579-0425-4b58-9432-2d22417a5659,ac96f59a-f3b3-4b96-8c84-31d29a6bc098,6722-4657-6080,5160-2120-8707,South Indian Bank,SIBL0511389,Chandigarh,Chandigarh,Chandigarh,30.726524,76.752461,9793.05,2026-08-08T16:07:18,1,0
cce0567f-6ea3-4817-b0f8-9ca5b32223a7,ac96f59a-f3b3-4b96-8c84-31d29a6bc098,6722-4657-6080,2803-6458-9146,IndusInd Bank,INDB0237846,Jaipur,Jaipur,Rajasthan,26.960466,75.778258,4397.01,2026-08-08T16:08:00,1,0
0e449f5d-523e-4783-9c58-239973a3efb0,ac96f59a-f3b3-4b96-8c84-31d29a6bc098,6722-4657-6080,6145-6864-9129,Federal Bank,FDRL0551499,Patna,Patna,Bihar,25.556132,85.128652,4133.41,2026-08-08T16:08:11,1,0
eb1fd478-4f71-46d1-b5bc-8ed320a9515b,ac96f59a-f3b3-4b96-8c84-31d29a6bc098,5160-2120-8707,9789-6974-8087,Bank of Baroda,BARB0109707,Gurgaon,Gurugram,Haryana,28.4969,76.976678,9793.05,2026-08-08T16:08:56,2,0
9035ee3c-0617-4d16-ba98-292a773f2db9,ac96f59a-f3b3-4b96-8c84-31d29a6bc098,2803-6458-9146,2198-6122-1680,UCO Bank,UCBA0791567,Kolkata,Kolkata,West Bengal,22.561141,88.394768,379.29,2026-08-08T16:09:46,2,0
3a391645-4bcb-4f06-acad-ac07a3d4f680,ac96f59a-f3b3-4b96-8c84-31d29a6bc098,2803-6458-9146,5737-3520-1896,IndusInd Bank,INDB0724580,Hyderabad,Hyderabad,Telangana,17.379539,78.524426,4017.72,2026-08-08T16:10:58,2,0
ffeb3ba2-651d-429b-8e63-32b79bd7e740,ac96f59a-f3b3-4b96-8c84-31d29a6bc098,6145-6864-9129,4110-4535-7921,YES Bank,YESB0139785,Ahmedabad,Ahmedabad,Gujarat,22.98343,72.529265,448.4,2026-08-08T16:12:15,2,0
1e6f46c0-9637-439b-b1f2-2b96409da7d7,ac96f59a-f3b3-4b96-8c84-31d29a6bc098,6145-6864-9129,1392-9276-1688,YES Bank,YESB0537883,Patna,Patna,Bihar,25.617373,85.172558,3685.01,2026-08-08T16:13:03,2,0
9e11eff9-a130-4366-a918-d9d0e71a506f,ac96f59a-f3b3-4b96-8c84-31d29a6bc098,2198-6122-1680,1626-5604-7401,IndusInd Bank,INDB0354880,Noida,Gautam Buddh Nagar,Uttar Pradesh,28.537695,77.375555,341.36,2026-08-08T16:14:52,3,1
a22ac5b1-2e47-48d9-a198-a0d2f0d38bbe,ac96f59a-f3b3-4b96-8c84-31d29a6bc098,1392-9276-1688,1626-5604-7401,IndusInd Bank,INDB0596115,Noida,Gautam Buddh Nagar,Uttar Pradesh,28.543809,77.400354,3316.51,2026-08-08T16:16:57,3,1
b21ef17f-c92a-4d85-885f-053bdb503874,ac96f59a-f3b3-4b96-8c84-31d29a6bc098,4110-4535-7921,1626-5604-7401,IndusInd Bank,INDB0653063,Noida,Gautam Buddh Nagar,Uttar Pradesh,28.548192,77.385129,403.56,2026-08-08T16:18:08,3,1
4d81cf0a-c110-4102-a251-73a22863fb25,ac96f59a-f3b3-4b96-8c84-31d29a6bc098,9789-6974-8087,1626-5604-7401,IndusInd Bank,INDB0724830,Noida,Gautam Buddh Nagar,Uttar Pradesh,28.51733,77.385021,8813.74,2026-08-08T16:20:01,3,1
c9fa12c5-5fab-4bbf-803b-97fb754ed22c,ac96f59a-f3b3-4b96-8c84-31d29a6bc098,5737-3520-1896,1626-5604-7401,IndusInd Bank,INDB0792939,Noida,Gautam Buddh Nagar,Uttar Pradesh,28.539148,77.384363,3615.95,2026-08-08T16:21:05,3,1
13663818-0887-4d54-9ee8-25a18b7efe72,66da1001-0292-4ebb-9fd5-2be7dda82fc0,9786-3626-7229,3885-9585-1561,Kotak Mahindra Bank,KKBK0964154,Gurgaon,Gurugram,Haryana,28.409678,77.040432,158562.35,2026-08-15T07:38:39,1,0
807b4723-cdf5-4401-b92b-6eb6df43a744,66da1001-0292-4ebb-9fd5-2be7dda82fc0,9786-3626-7229,1197-8850-3557,HDFC Bank,HDFC0801250,Jaipur,Jaipur,Rajasthan,26.956764,75.766338,251825.61,2026-08-15T07:39:24,1,0
d7e82c22-a102-4097-a240-7e7f3cbf8740,66da1001-0292-4ebb-9fd5-2be7dda82fc0,3885-9585-1561,4164-8505-4453,Canara Bank,CNRB0118604,Pune,Pune,Maharashtra,18.517011,73.829028,158562.35,2026-08-15T07:40:16,2,0
c536e38f-1f6f-4d9d-8af1-22c761af7ef4,66da1001-0292-4ebb-9fd5-2be7dda82fc0,1197-8850-3557,1471-9740-4636,Punjab National Bank,PUNB0397853,Bengaluru,Bengaluru Urban,Karnataka,12.982356,77.565042,7705.64,2026-08-15T07:41:27,2,0
adb21b2b-3f4c-4c0e-b326-e1585c7711a6,66da1001-0292-4ebb-9fd5-2be7dda82fc0,1197-8850-3557,1814-7559-8265,South Indian Bank,SIBL0372852,Noida,Gautam Buddh Nagar,Uttar Pradesh,28.524253,77.367344,16039.75,2026-08-15T07:42:26,2,0
bec57f9f-15d7-49f2-b6b0-3a7557ff0a92,66da1001-0292-4ebb-9fd5-2be7dda82fc0,1197-8850-3557,9526-7082-2691,Canara Bank,CNRB0652447,Hyderabad,Hyderabad,Telangana,17.38651,78.478486,228080.22,2026-08-15T07:42:58,2,0
e3409eca-b55c-4886-9ce0-1a708207f4f2,66da1001-0292-4ebb-9fd5-2be7dda82fc0,4164-8505-4453,2654-2376-7962,Punjab National Bank,PUNB0147640,Bengaluru,Bengaluru Urban,Karnataka,12.965644,77.598905,142706.12,2026-08-15T07:44:53,3,1
4ad6f394-02de-4476-bd35-9643096bf900,66da1001-0292-4ebb-9fd5-2be7dda82fc0,1814-7559-8265,2654-2376-7962,Punjab National Bank,PUNB0960909,Bengaluru,Bengaluru Urban,Karnataka,12.967687,77.614476,14435.78,2026-08-15T07:46:39,3,1
429374b5-f662-4371-bea1-303fc9dfc315,66da1001-0292-4ebb-9fd5-2be7dda82fc0,1471-9740-4636,2654-2376-7962,Punjab National Bank,PUNB0886950,Bengaluru,Bengaluru Urban,Karnataka,12.955176,77.576553,6935.08,2026-08-15T07:48:10,3,1
4a100b13-adc9-464c-8fb8-6297e52ea93d,66da1001-0292-4ebb-9fd5-2be7dda82fc0,9526-7082-2691,2654-2376-7962,Punjab National Bank,PUNB0787678,Bengaluru,Bengaluru Urban,Karnataka,12.969156,77.598143,205272.2,2026-08-15T07:50:30,3,1
56634ae2-1fb9-43ec-950b-54a47fd44ff7,bf02e6b9-5e62-4398-add6-3c5c60670aac,1266-1530-3206,9671-6670-8020,Kotak Mahindra Bank,KKBK0599979,Lucknow,Lucknow,Uttar Pradesh,26.844911,80.920395,65428.54,2026-06-14T00:47:32,1,0
4e0e7487-b735-48f7-bdcd-0ce112f5d65b,bf02e6b9-5e62-4398-add6-3c5c60670aac,1266-1530-3206,6427-4504-4935,Axis Bank,UTIB0496915,Noida,Gautam Buddh Nagar,Uttar Pradesh,28.535013,77.396721,64648.89,2026-06-14T00:48:25,1,0
9cdf157a-6b67-47ba-ad1f-814d72243c77,bf02e6b9-5e62-4398-add6-3c5c60670aac,9671-6670-8020,3635-7810-2765,Punjab National Bank,PUNB0603826,Kolkata,Kolkata,West Bengal,22.58993,88.315162,65428.54,2026-06-14T00:49:18,2,0
1fd7fc61-cb80-468e-ae7c-74dba7bd1e67,bf02e6b9-5e62-4398-add6-3c5c60670aac,6427-4504-4935,3352-5302-1943,Bank of Baroda,BARB0404162,Bhopal,Bhopal,Madhya Pradesh,23.243602,77.364978,64648.89,2026-06-14T00:49:56,2,0
0b496f3c-0c20-4f95-809d-92ce0e97412e,bf02e6b9-5e62-4398-add6-3c5c60670aac,3635-7810-2765,5846-1513-9311,IDBI Bank,IBKL0798150,Delhi,Central Delhi,Delhi,28.620259,77.25084,65428.54,2026-06-14T00:54:06,3,0
b433050b-486a-4448-84bb-6bb62fa2243a,bf02e6b9-5e62-4398-add6-3c5c60670aac,5846-1513-9311,4420-9126-7577,Kotak Mahindra Bank,KKBK0645708,Mumbai,Mumbai City,Maharashtra,19.077,72.84121,65428.54,2026-06-14T00:57:47,4,1
eba62879-a0ab-4d9a-a9e2-95833386aaed,bf02e6b9-5e62-4398-add6-3c5c60670aac,3352-5302-1943,7418-4515-1216,YES Bank,YESB0909436,Patna,Patna,Bihar,25.57231,85.140215,64648.89,2026-06-14T00:59:38,3,1
76bf61ec-75da-441d-b383-75c742b2ed3a,e07e6816-af47-443c-918a-c2f91d1478f8,1450-1490-2302,4660-6126-3578,IDBI Bank,IBKL0391482,Lucknow,Lucknow,Uttar Pradesh,26.807336,80.995359,937.6,2026-07-07T23:32:41,1,0
78049450-e744-46a6-a362-8905eea615f2,e07e6816-af47-443c-918a-c2f91d1478f8,1450-1490-2302,6033-4703-1290,IndusInd Bank,INDB0429349,Hyderabad,Hyderabad,Telangana,17.434037,78.478031,241283.58,2026-07-07T23:33:27,1,0
fdc5c275-283d-4d25-90c1-930d7d46727e,e07e6816-af47-443c-918a-c2f91d1478f8,4660-6126-3578,3500-9388-9135,UCO Bank,UCBA0495934,Patna,Patna,Bihar,25.559776,85.121282,707.18,2026-07-07T23:34:30,2,0
b6fc3aeb-ca90-432d-98f3-5561136d38d7,e07e6816-af47-443c-918a-c2f91d1478f8,4660-6126-3578,4189-6885-2634,YES Bank,YESB0762528,Bengaluru,Bengaluru Urban,Karnataka,12.962022,77.545018,230.42,2026-07-07T23:35:28,2,0
48615d21-1cfd-4abe-bce1-7a83dab4ed6b,e07e6816-af47-443c-918a-c2f91d1478f8,6033-4703-1290,5092-1612-3124,South Indian Bank,SIBL0140845,Pune,Pune,Maharashtra,18.507628,73.881056,241283.58,2026-07-07T23:36:12,2,0
009f8322-03fd-43bb-acdf-93b546a2f2dd,e07e6816-af47-443c-918a-c2f91d1478f8,3500-9388-9135,2291-7045-9497,UCO Bank,UCBA0966192,Lucknow,Lucknow,Uttar Pradesh,26.837196,80.963121,636.46,2026-07-07T23:37:17,3,1
ef309dc8-da09-4430-a26c-d715ac8d02ab,e07e6816-af47-443c-918a-c2f91d1478f8,5092-1612-3124,2291-7045-9497,UCO Bank,UCBA0759589,Lucknow,Lucknow,Uttar Pradesh,26.83334,80.960682,217155.22,2026-07-07T23:40:05,3,1
ee408d22-bbe0-48a0-b150-b297c5b5967e,e07e6816-af47-443c-918a-c2f91d1478f8,4189-6885-2634,2291-7045-9497,UCO Bank,UCBA0112553,Lucknow,Lucknow,Uttar Pradesh,26.840173,80.942713,207.38,2026-07-07T23:42:57,3,1
f2f73864-9544-46d7-8d40-ee90a4446b42,358b3c54-cb64-4bb3-acd4-4c6f6e24ba34,1711-9884-2880,4563-3082-8992,Union Bank of India,UBIN0908791,Pune,Pune,Maharashtra,18.497941,73.870189,352308.97,2026-08-16T22:25:02,1,0
2bd20576-b801-427b-a93d-698813cb6a8b,358b3c54-cb64-4bb3-acd4-4c6f6e24ba34,4563-3082-8992,7252-4173-7820,Bank of Baroda,BARB0596642,Gurgaon,Gurugram,Haryana,28.448591,77.008896,352308.97,2026-08-16T22:25:37,2,0
ab5938c9-f3b3-4f45-a24f-c556d42ae7b8,358b3c54-cb64-4bb3-acd4-4c6f6e24ba34,7252-4173-7820,5963-3544-1242,ICICI Bank,ICIC0372128,Patna,Patna,Bihar,25.613508,85.102518,352308.97,2026-08-16T22:27:14,3,0
27afa72a-f637-4963-a7fa-3211a603ac7b,358b3c54-cb64-4bb3-acd4-4c6f6e24ba34,5963-3544-1242,9793-9916-7437,IDBI Bank,IBKL0356184,Noida,Gautam Buddh Nagar,Uttar Pradesh,28.572331,77.364471,352308.97,2026-08-16T22:29:02,4,1
825bf85a-0850-42c4-8d47-2a59c868250d,76e1fc56-5dcd-4ffa-8971-71a188a05ff4,5918-7012-1680,2207-2800-9732,IDBI Bank,IBKL0498730,Gurgaon,Gurugram,Haryana,28.477404,77.03973,87337.55,2026-07-28T13:14:14,1,0
a91e8611-2bd2-4cdc-9ff4-7c1b5d7ce1e0,76e1fc56-5dcd-4ffa-8971-71a188a05ff4,2207-2800-9732,5318-2991-5072,UCO Bank,UCBA0106712,Hyderabad,Hyderabad,Telangana,17.373323,78.439151,87337.55,2026-07-28T13:15:26,2,0
d32b9ff0-f352-4146-a4a7-acfd924ac717,76e1fc56-5dcd-4ffa-8971-71a188a05ff4,5318-2991-5072,9214-3033-2670,UCO Bank,UCBA0938435,Patna,Patna,Bihar,25.605664,85.160964,87337.55,2026-07-28T13:19:54,3,1
b8f8579b-534d-49a6-a0b8-fe683bbb665b,deb7b715-641d-48cd-8560-840f3ad3a2e1,3343-5977-8965,4463-5742-2038,Punjab National Bank,PUNB0307622,Noida,Gautam Buddh Nagar,Uttar Pradesh,28.561062,77.392567,4597.02,2026-06-24T04:31:14,1,0
b114e940-9a20-416c-86cd-a88dc703bd27,deb7b715-641d-48cd-8560-840f3ad3a2e1,3343-5977-8965,1741-4611-5289,Federal Bank,FDRL0689680,Bhopal,Bhopal,Madhya Pradesh,23.273249,77.393805,5624.13,2026-06-24T04:31:31,1,0
d92a05da-b33a-4eb7-97d1-e2ecc5f60b9d,deb7b715-641d-48cd-8560-840f3ad3a2e1,4463-5742-2038,2407-4792-3565,UCO Bank,UCBA0102334,Jaipur,Jaipur,Rajasthan,26.893372,75.782344,2662.33,2026-06-24T04:32:56,2,0
c862d287-2a60-4b5c-8096-5ee759a158dd,deb7b715-641d-48cd-8560-840f3ad3a2e1,4463-5742-2038,6158-2897-8289,Bank of Baroda,BARB0101429,Hyderabad,Hyderabad,Telangana,17.392252,78.464189,1934.69,2026-06-24T04:33:58,2,0
51fb21df-c5a2-4c92-b698-37b260fe44bf,deb7b715-641d-48cd-8560-840f3ad3a2e1,1741-4611-5289,7330-8425-2639,IndusInd Bank,INDB0627778,Bhopal,Bhopal,Madhya Pradesh,23.255777,77.383868,5624.13,2026-06-24T04:34:46,2,0
9c58faef-c786-4951-975a-a87a139057f6,deb7b715-641d-48cd-8560-840f3ad3a2e1,2407-4792-3565,6794-7385-5452,Bank of Baroda,BARB0901710,Chennai,Chennai,Tamil Nadu,13.068799,80.263825,2396.1,2026-06-24T04:36:02,3,1
d6ec3c48-aaa7-4d06-9a9b-2cf67702afec,deb7b715-641d-48cd-8560-840f3ad3a2e1,7330-8425-2639,6794-7385-5452,Bank of Baroda,BARB0728771,Chennai,Chennai,Tamil Nadu,13.073452,80.252886,5061.72,2026-06-24T04:38:02,3,1
abbf1fca-ddfe-4abb-ae59-dd078ec0ca90,deb7b715-641d-48cd-8560-840f3ad3a2e1,6158-2897-8289,6794-7385-5452,Bank of Baroda,BARB0380734,Chennai,Chennai,Tamil Nadu,13.063793,80.259292,1741.22,2026-06-24T04:40:34,3,1
58a94e15-1915-471f-8898-bc9d858534ff,9aeffa1d-8dbc-49ff-a469-882a6f536335,5350-5231-9605,1060-4762-5045,UCO Bank,UCBA0193282,Pune,Pune,Maharashtra,18.488982,73.869707,102693.85,2026-08-13T01:19:17,1,0
e3f7b46d-2c11-4878-8e0f-1a62cffd4df9,9aeffa1d-8dbc-49ff-a469-882a6f536335,5350-5231-9605,2745-4747-7441,HDFC Bank,HDFC0973941,Delhi,Central Delhi,Delhi,28.602431,77.181415,95917.56,2026-08-13T01:19:46,1,0
484f1a7d-bb39-4f05-9dd8-3faecedf3779,9aeffa1d-8dbc-49ff-a469-882a6f536335,1060-4762-5045,8387-6744-4829,South Indian Bank,SIBL0353163,Hyderabad,Hyderabad,Telangana,17.343759,78.520352,8989.4,2026-08-13T01:20:47,2,0
b03a3b08-d720-4639-9a4e-6c69b5f4369a,9aeffa1d-8dbc-49ff-a469-882a6f536335,1060-4762-5045,2070-1745-6696,State Bank of India,SBIN0731830,Kolkata,Kolkata,West Bengal,22.563205,88.347129,93704.45,2026-08-13T01:21:22,2,0
9a1b08dd-584d-40cb-bbf9-41d34cd49b7d,9aeffa1d-8dbc-49ff-a469-882a6f536335,2745-4747-7441,2550-3715-6277,South Indian Bank,SIBL0122353,Pune,Pune,Maharashtra,18.476543,73.850781,79072.15,2026-08-13T01:22:16,2,0
55de9695-1c49-40c8-aa0b-55b4296882a6,9aeffa1d-8dbc-49ff-a469-882a6f536335,2745-4747-7441,4700-7490-1613,Union Bank of India,UBIN0586412,Hyderabad,Hyderabad,Telangana,17.394945,78.524381,16845.41,2026-08-13T01:23:46,2,0
36811fe3-1ec6-4c4c-aec1-d16bcc5cba94,9aeffa1d-8dbc-49ff-a469-882a6f536335,2550-3715-6277,8656-1198-5037,Canara Bank,CNRB0126584,Patna,Patna,Bihar,25.613629,85.154454,71164.94,2026-08-13T01:24:59,3,1
a70de125-74f2-43fe-b3fe-3abcdf2eeccb,9aeffa1d-8dbc-49ff-a469-882a6f536335,4700-7490-1613,8656-1198-5037,Canara Bank,CNRB0936692,Patna,Patna,Bihar,25.592841,85.14774,15160.87,2026-08-13T01:26:57,3,1
12a48d65-fd71-468a-9449-05ddf201fe57,9aeffa1d-8dbc-49ff-a469-882a6f536335,2070-1745-6696,8656-1198-5037,Canara Bank,CNRB0609908,Patna,Patna,Bihar,25.612087,85.148209,84334.0,2026-08-13T01:28:53,3,1
9ff18845-ff10-48f9-a711-684725834005,9aeffa1d-8dbc-49ff-a469-882a6f536335,8387-6744-4829,8656-1198-5037,Canara Bank,CNRB0785603,Patna,Patna,Bihar,25.593319,85.140565,8090.46,2026-08-13T01:30:21,3,1
d399eb44-ea66-4c2a-9914-81582e96aaeb,77ed4381-62bb-4cc5-9970-3b58331335cf,4232-4309-1605,9647-2691-2812,IDBI Bank,IBKL0543677,Patna,Patna,Bihar,25.627315,85.18687,48303.61,2026-06-27T18:01:39,1,0
0925b4d5-3137-440a-863f-b1b73ed97994,77ed4381-62bb-4cc5-9970-3b58331335cf,4232-4309-1605,2210-8247-2746,UCO Bank,UCBA0278489,Delhi,Central Delhi,Delhi,28.656091,77.185805,195668.08,2026-06-27T18:02:06,1,0
15f78ef0-5eb2-4a9d-a6f5-37a77bc5bc0b,77ed4381-62bb-4cc5-9970-3b58331335cf,9647-2691-2812,2411-6843-6475,Axis Bank,UTIB0797914,Mumbai,Mumbai City,Maharashtra,19.092198,72.858004,43837.91,2026-06-27T18:02:50,2,0
e81c9347-1d91-4a4e-b8ef-d46f4b670562,77ed4381-62bb-4cc5-9970-3b58331335cf,9647-2691-2812,7928-8335-5576,IDBI Bank,IBKL0835397,Hyderabad,Hyderabad,Telangana,17.427562,78.474103,4465.7,2026-06-27T18:03:56,2,0
0f984a2d-7279-4df2-8f29-ff5ea0ec5c0a,77ed4381-62bb-4cc5-9970-3b58331335cf,2210-8247-2746,4748-2784-8865,IndusInd Bank,INDB0958305,Delhi,Central Delhi,Delhi,28.585012,77.182414,195668.08,2026-06-27T18:05:15,2,0
70dafcb8-ace6-4080-86ac-8c70dea35cf3,77ed4381-62bb-4cc5-9970-3b58331335cf,2411-6843-6475,3950-7303-7622,Bank of Baroda,BARB0504663,Mumbai,Mumbai City,Maharashtra,19.084705,72.89599,39454.12,2026-06-27T18:07:47,3,1
d0cf52d6-dfce-4eec-9faa-633ade398230,77ed4381-62bb-4cc5-9970-3b58331335cf,4748-2784-8865,3950-7303-7622,Bank of Baroda,BARB0600823,Mumbai,Mumbai City,Maharashtra,19.081904,72.875954,176101.27,2026-06-27T18:10:05,3,1
4a47c970-b981-487c-8c6a-0c2634e2bef9,77ed4381-62bb-4cc5-9970-3b58331335cf,7928-8335-5576,3950-7303-7622,Bank of Baroda,BARB0576504,Mumbai,Mumbai City,Maharashtra,19.064658,72.880417,4019.13,2026-06-27T18:11:18,3,1
7ded4c8f-f2a5-4090-b0c4-bc3319331ead,25265630-bdf8-40de-8354-8e8bce7971e6,8005-3535-5473,9115-3494-4212,IndusInd Bank,INDB0506868,Patna,Patna,Bihar,25.599441,85.153978,79834.48,2026-07-13T06:37:12,1,0
86a697f8-c0b1-4bfb-a266-a7a4106c536a,25265630-bdf8-40de-8354-8e8bce7971e6,8005-3535-5473,6717-9618-7162,IDBI Bank,IBKL0353153,Noida,Gautam Buddh Nagar,Uttar Pradesh,28.512848,77.361076,53353.47,2026-07-13T06:37:38,1,0
6ae0c308-c562-4418-b66d-3184f19258f1,25265630-bdf8-40de-8354-8e8bce7971e6,8005-3535-5473,6399-4991-3513,South Indian Bank,SIBL0604999,Patna,Patna,Bihar,25.635841,85.126652,26197.77,2026-07-13T06:37:55,1,0
157589b5-6e09-4aa7-bd3a-b394afd4d1cf,25265630-bdf8-40de-8354-8e8bce7971e6,9115-3494-4212,8052-1096-6984,Union Bank of India,UBIN0206187,Jaipur,Jaipur,Rajasthan,26.910169,75.7602,79834.48,2026-07-13T06:38:48,2,0
be07c74f-e574-4dbb-8778-a28302a09303,25265630-bdf8-40de-8354-8e8bce7971e6,6717-9618-7162,8577-3052-2940,State Bank of India,SBIN0831367,Hyderabad,Hyderabad,Telangana,17.416147,78.492429,34157.74,2026-07-13T06:39:39,2,0
5909b46b-539d-4d51-9265-4f0164fa95ea,25265630-bdf8-40de-8354-8e8bce7971e6,6717-9618-7162,2989-7366-3232,South Indian Bank,SIBL0489015,Chandigarh,Chandigarh,Chandigarh,30.758312,76.768714,19195.73,2026-07-13T06:40:21,2,0
5d2d2bf2-993a-4bb6-bb32-ad35eeec9c7a,25265630-bdf8-40de-8354-8e8bce7971e6,6399-4991-3513,4418-9767-8337,IndusInd Bank,INDB0443573,Jaipur,Jaipur,Rajasthan,26.898462,75.73779,10229.58,2026-07-13T06:41:33,2,0
0383467c-19c9-4bf4-ab3c-2bfd88f4540e,25265630-bdf8-40de-8354-8e8bce7971e6,6399-4991-3513,1255-2665-5849,Axis Bank,UTIB0852193,Ahmedabad,Ahmedabad,Gujarat,22.996234,72.587541,15968.19,2026-07-13T06:42:58,2,0
ad8f0ece-95b0-4485-a6c2-7413a0f51157,25265630-bdf8-40de-8354-8e8bce7971e6,8052-1096-6984,6932-6278-3066,UCO Bank,UCBA0779946,Bhopal,Bhopal,Madhya Pradesh,23.24209,77.393554,71851.03,2026-07-13T06:45:47,3,1
1fa2f192-d283-4eac-8a97-e6123cc3dcb0,25265630-bdf8-40de-8354-8e8bce7971e6,4418-9767-8337,6932-6278-3066,UCO Bank,UCBA0282069,Bhopal,Bhopal,Madhya Pradesh,23.255477,77.394744,9206.62,2026-07-13T06:48:45,3,1
1aba2f81-6b08-409c-aea1-a66518e9862d,25265630-bdf8-40de-8354-8e8bce7971e6,8577-3052-2940,6932-6278-3066,UCO Bank,UCBA0799200,Bhopal,Bhopal,Madhya Pradesh,23.243108,77.430937,30741.97,2026-07-13T06:49:51,3,1
84b4daf8-8fb3-4e76-9c16-c3d191c5d3f3,25265630-bdf8-40de-8354-8e8bce7971e6,1255-2665-5849,6932-6278-3066,UCO Bank,UCBA0216482,Bhopal,Bhopal,Madhya Pradesh,23.266589,77.422594,14371.37,2026-07-13T06:52:35,3,1
63a6114f-d72f-4d37-ac09-bb5e208194c6,030bebb4-12e6-415e-8e81-3e8ad267ee25,6352-7948-2209,2153-8531-4154,ICICI Bank,ICIC0996968,Noida,Gautam Buddh Nagar,Uttar Pradesh,28.508599,77.345688,30790.02,2026-08-08T03:57:49,1,0
64d215be-9e55-4b3c-a8c9-711ecbefb8cc,030bebb4-12e6-415e-8e81-3e8ad267ee25,6352-7948-2209,5225-5134-9425,Union Bank of India,UBIN0246728,Kolkata,Kolkata,West Bengal,22.588115,88.333222,22533.38,2026-08-08T03:58:46,1,0
6bf0c291-0083-41f3-876a-bb627e4495c5,030bebb4-12e6-415e-8e81-3e8ad267ee25,2153-8531-4154,7151-1839-7633,South Indian Bank,SIBL0177150,Mumbai,Mumbai City,Maharashtra,19.032136,72.894231,376.99,2026-08-08T03:59:59,2,0
eec30d82-7390-49a8-8484-9a2eb99eea49,030bebb4-12e6-415e-8e81-3e8ad267ee25,2153-8531-4154,8832-3094-4221,HDFC Bank,HDFC0809119,Chennai,Chennai,Tamil Nadu,13.121597,80.318602,30413.03,2026-08-08T04:01:02,2,0
d167a176-8713-4ea0-8432-f99756870b7b,030bebb4-12e6-415e-8e81-3e8ad267ee25,5225-5134-9425,5014-7761-6944,Union Bank of India,UBIN0242829,Kolkata,Kolkata,West Bengal,22.610479,88.315999,6164.06,2026-08-08T04:02:21,2,0
c6ff1700-2149-4f23-908b-7724bd3b9b2e,030bebb4-12e6-415e-8e81-3e8ad267ee25,5225-5134-9425,6193-7864-2150,YES Bank,YESB0651833,Noida,Gautam Buddh Nagar,Uttar Pradesh,28.558224,77.380764,1332.28,2026-08-08T04:03:04,2,0
1cfd177d-9fc8-4ab4-a238-a53ff8d670d3,030bebb4-12e6-415e-8e81-3e8ad267ee25,5225-5134-9425,3269-3071-2176,HDFC Bank,HDFC0503079,Chennai,Chennai,Tamil Nadu,13.039013,80.283669,15037.04,2026-08-08T04:03:52,2,0
a7aa9e6b-ca82-40ab-b39b-118d4b9cd5f1,030bebb4-12e6-415e-8e81-3e8ad267ee25,8832-3094-4221,5289-2906-8149,UCO Bank,UCBA0631358,Mumbai,Mumbai City,Maharashtra,19.063571,72.894222,27371.73,2026-08-08T04:05:46,3,1
46b65059-87fe-4a40-90b0-a1d7a1364390,030bebb4-12e6-415e-8e81-3e8ad267ee25,7151-1839-7633,5289-2906-8149,UCO Bank,UCBA0719766,Mumbai,Mumbai City,Maharashtra,19.058645,72.891605,339.29,2026-08-08T04:08:04,3,1
e2aee1e6-5546-401c-b2ea-20e263afff21,030bebb4-12e6-415e-8e81-3e8ad267ee25,6193-7864-2150,5289-2906-8149,UCO Bank,UCBA0387220,Mumbai,Mumbai City,Maharashtra,19.056598,72.867453,1199.05,2026-08-08T04:09:59,3,1
ffaf1313-5664-4e99-8ac9-d13322db61e2,030bebb4-12e6-415e-8e81-3e8ad267ee25,5014-7761-6944,5289-2906-8149,UCO Bank,UCBA0919517,Mumbai,Mumbai City,Maharashtra,19.079096,72.860409,5547.65,2026-08-08T04:11:27,3,1
068c0c43-c0b2-4022-8f62-51d6d890aaf7,030bebb4-12e6-415e-8e81-3e8ad267ee25,3269-3071-2176,5289-2906-8149,UCO Bank,UCBA0869835,Mumbai,Mumbai City,Maharashtra,19.065125,72.864887,13533.34,2026-08-08T04:13:40,3,1
4f2bba6e-b71e-43c7-bbd7-7ba6371c06b4,ada0416d-d0e2-4efa-89f5-8a654b8e8570,3292-9743-3444,7591-8441-2666,South Indian Bank,SIBL0428226,Gurgaon,Gurugram,Haryana,28.428001,77.03809,117862.57,2026-06-10T05:47:01,1,0
ea67932b-e76c-4151-baf8-e0339c02586b,ada0416d-d0e2-4efa-89f5-8a654b8e8570,3292-9743-3444,3864-7234-4938,Punjab National Bank,PUNB0415919,Pune,Pune,Maharashtra,18.538779,73.834542,111755.73,2026-06-10T05:47:59,1,0
b9d2adb6-65ca-4ca3-9942-9ec24c0a483c,ada0416d-d0e2-4efa-89f5-8a654b8e8570,3292-9743-3444,8554-5260-6257,YES Bank,YESB0883278,Chandigarh,Chandigarh,Chandigarh,30.746279,76.806074,176423.75,2026-06-10T05:48:24,1,0
02b52025-0a36-458f-9b0d-4593747c5186,ada0416d-d0e2-4efa-89f5-8a654b8e8570,7591-8441-2666,9882-8127-9311,Canara Bank,CNRB0125488,Pune,Pune,Maharashtra,18.5309,73.858674,68450.47,2026-06-10T05:48:56,2,0
4770d5f9-1248-4107-ba67-1c55e8f95ddb,ada0416d-d0e2-4efa-89f5-8a654b8e8570,7591-8441-2666,2850-2902-2218,Union Bank of India,UBIN0602165,Chennai,Chennai,Tamil Nadu,13.041217,80.254094,43793.9,2026-06-10T05:49:46,2,0
d97af229-eac1-4305-af1e-32f57c7483a3,ada0416d-d0e2-4efa-89f5-8a654b8e8570,7591-8441-2666,6064-4646-4617,Bank of Baroda,BARB0807594,Ahmedabad,Ahmedabad,Gujarat,23.038493,72.590825,5618.2,2026-06-10T05:51:00,2,0
a84ac2d3-8521-4c11-b834-a4fe7c660863,ada0416d-d0e2-4efa-89f5-8a654b8e8570,3864-7234-4938,7367-3734-8888,ICICI Bank,ICIC0847885,Delhi,Central Delhi,Delhi,28.636874,77.254453,13984.75,2026-06-10T05:52:14,2,0
827b28bb-e58f-44c4-a8f3-cfe4dd196649,ada0416d-d0e2-4efa-89f5-8a654b8e8570,3864-7234-4938,9694-8846-1854,Kotak Mahindra Bank,KKBK0221875,Gurgaon,Gurugram,Haryana,28.450746,77.065232,89154.56,2026-06-10T05:52:59,2,0
267e2a3c-f26e-4cb6-a192-a523f35b32d4,ada0416d-d0e2-4efa-89f5-8a654b8e8570,3864-7234-4938,3813-6838-2605,Canara Bank,CNRB0123579,Lucknow,Lucknow,Uttar Pradesh,26.818336,80.915226,8616.42,2026-06-10T05:53:54,2,0
88a28b04-3262-47b2-87d0-60c242b5eba3,ada0416d-d0e2-4efa-89f5-8a654b8e8570,8554-5260-6257,5865-2187-9768,Axis Bank,UTIB0577493,Lucknow,Lucknow,Uttar Pradesh,26.893717,80.975866,51007.19,2026-06-10T05:55:13,2,0
f28e8c56-f3f9-4adc-ace0-fe22762dd559,ada0416d-d0e2-4efa-89f5-8a654b8e8570,8554-5260-6257,1109-3870-6234,UCO Bank,UCBA0476441,Bhopal,Bhopal,Madhya Pradesh,23.307575,77.447871,61996.71,2026-06-10T05:55:55,2,0
b2b4dfae-8463-4421-877b-f745699abea9,ada0416d-d0e2-4efa-89f5-8a654b8e8570,8554-5260-6257,6647-9023-8674,YES Bank,YESB0170724,Bengaluru,Bengaluru Urban,Karnataka,12.978033,77.60895,63419.85,2026-06-10T05:56:45,2,0
3aa0df93-ab65-4cc0-9ac8-8eb0e120f7d8,ada0416d-d0e2-4efa-89f5-8a654b8e8570,9694-8846-1854,2398-2204-2054,Kotak Mahindra Bank,KKBK0510531,Jaipur,Jaipur,Rajasthan,26.930927,75.785542,80239.1,2026-06-10T05:58:12,3,1
b62918b0-c5bb-44e6-b79e-71dc58f448fe,ada0416d-d0e2-4efa-89f5-8a654b8e8570,1109-3870-6234,2398-2204-2054,Kotak Mahindra Bank,KKBK0844996,Jaipur,Jaipur,Rajasthan,26.913508,75.773237,55797.04,2026-06-10T05:59:39,3,1
0cbfdce0-f69d-4d64-beb0-4bc74dedbf88,ada0416d-d0e2-4efa-89f5-8a654b8e8570,6064-4646-4617,2398-2204-2054,Kotak Mahindra Bank,KKBK0512032,Jaipur,Jaipur,Rajasthan,26.930714,75.785821,5056.38,2026-06-10T06:01:24,3,1
7b286ea7-852f-47d1-b9a0-f9c43192bd86,a909f1eb-be29-4604-a510-ae003ec2cce1,2705-2694-3626,5778-3627-4363,State Bank of India,SBIN0517252,Bengaluru,Bengaluru Urban,Karnataka,13.017224,77.547807,64788.35,2026-07-22T15:40:22,1,0
adcb376f-801e-4367-b8c5-68c2385cfa5b,a909f1eb-be29-4604-a510-ae003ec2cce1,2705-2694-3626,4407-1501-1236,IDBI Bank,IBKL0706115,Gurgaon,Gurugram,Haryana,28.505901,77.039428,195628.63,2026-07-22T15:41:04,1,0
8adf0355-65e8-419c-a26a-0aacb52c5818,a909f1eb-be29-4604-a510-ae003ec2cce1,5778-3627-4363,3282-9376-8640,Axis Bank,UTIB0280108,Noida,Gautam Buddh Nagar,Uttar Pradesh,28.549168,77.363953,28548.67,2026-07-22T15:42:07,2,0
187f67d3-cce9-4dda-ab36-e68f550f24f1,a909f1eb-be29-4604-a510-ae003ec2cce1,5778-3627-4363,4656-3806-2812,Bank of Baroda,BARB0404724,Patna,Patna,Bihar,25.598577,85.102535,13431.05,2026-07-22T15:43:04,2,0
e9d1e0c3-a4c0-4278-90d8-01e9bad088d0,a909f1eb-be29-4604-a510-ae003ec2cce1,5778-3627-4363,1644-8728-9547,Kotak Mahindra Bank,KKBK0106903,Gurgaon,Gurugram,Haryana,28.415905,77.021519,22808.63,2026-07-22T15:43:34,2,0
a891503a-e5f4-4aa3-9e54-c474950f59b1,a909f1eb-be29-4604-a510-ae003ec2cce1,4407-1501-1236,5832-3256-9925,Punjab National Bank,PUNB0806129,Bhopal,Bhopal,Madhya Pradesh,23.216835,77.430788,195628.63,2026-07-22T15:44:34,2,0
a6899a97-07e0-4224-9153-a3ff425fb999,a909f1eb-be29-4604-a510-ae003ec2cce1,5832-3256-9925,4429-7480-6345,HDFC Bank,HDFC0866895,Gurgaon,Gurugram,Haryana,28.468726,77.020739,176065.77,2026-07-22T15:46:53,3,1
49e1c0ca-9e3c-475d-974b-7c0e8ae6cae1,a909f1eb-be29-4604-a510-ae003ec2cce1,1644-8728-9547,4429-7480-6345,HDFC Bank,HDFC0817678,Gurgaon,Gurugram,Haryana,28.467875,77.007333,20527.77,2026-07-22T15:48:04,3,1
ac802063-0e0f-47d8-8e9b-be72e53bec94,a909f1eb-be29-4604-a510-ae003ec2cce1,4656-3806-2812,4429-7480-6345,HDFC Bank,HDFC0184687,Gurgaon,Gurugram,Haryana,28.440794,77.011193,12087.94,2026-07-22T15:49:50,3,1
015c555b-2b2c-4f26-bc2b-6d505225f286,1fd5d497-269e-44d7-b79f-465f9d5ce81c,9810-5193-3111,8033-3833-4407,State Bank of India,SBIN0319995,Delhi,Central Delhi,Delhi,28.605734,77.258603,316731.36,2026-06-17T03:56:06,1,0
613a94d6-ef85-4a41-af4f-bd4b67783d94,1fd5d497-269e-44d7-b79f-465f9d5ce81c,8033-3833-4407,3113-4942-6279,ICICI Bank,ICIC0785971,Lucknow,Lucknow,Uttar Pradesh,26.849595,80.896482,316731.36,2026-06-17T03:56:38,2,0
758b6d9e-12bd-4825-89c0-d3cff084b00f,1fd5d497-269e-44d7-b79f-465f9d5ce81c,3113-4942-6279,3332-5499-4235,Bank of Baroda,BARB0314655,Patna,Patna,Bihar,25.601532,85.185661,316731.36,2026-06-17T03:59:34,3,0
fcd62547-dc61-43cd-87e6-477b94379be2,1fd5d497-269e-44d7-b79f-465f9d5ce81c,3332-5499-4235,3319-1493-2832,Canara Bank,CNRB0515650,Lucknow,Lucknow,Uttar Pradesh,26.818811,80.938403,316731.36,2026-06-17T04:04:17,4,1
95fd8f20-90b8-466b-a93e-5656ab43e47f,c1361e05-361a-432c-871d-28c8030e5e58,7316-8720-6006,5075-4380-1023,Bank of Baroda,BARB0364997,Pune,Pune,Maharashtra,18.476828,73.808586,442133.2,2026-07-12T17:12:32,1,0
d4e0ac76-8f08-4cba-b948-b503c1b9b8bb,c1361e05-361a-432c-871d-28c8030e5e58,5075-4380-1023,8141-7405-5323,Kotak Mahindra Bank,KKBK0132115,Delhi,Central Delhi,Delhi,28.632477,77.187739,442133.2,2026-07-12T17:13:39,2,0
10982aa4-475b-4ad1-8707-f3a97ddc8d15,c1361e05-361a-432c-871d-28c8030e5e58,8141-7405-5323,2635-6393-2556,Canara Bank,CNRB0249633,Pune,Pune,Maharashtra,18.528411,73.847987,442133.2,2026-07-12T17:16:44,3,1
1be8bdd8-e632-4a5a-b8e7-b0d86533cf84,8ffc7aad-a590-4685-82a0-deb89fc69613,9449-1058-3123,2571-2949-6876,UCO Bank,UCBA0527761,Patna,Patna,Bihar,25.605627,85.185422,96723.3,2026-08-06T09:29:27,1,0
15ec30cc-0f02-4ce6-8dd3-b84b1ae648a7,8ffc7aad-a590-4685-82a0-deb89fc69613,9449-1058-3123,1099-6207-1297,HDFC Bank,HDFC0853755,Lucknow,Lucknow,Uttar Pradesh,26.873984,80.908417,46057.39,2026-08-06T09:30:03,1,0
a18a3500-6e0a-4435-8bb7-6d3aa99411dd,8ffc7aad-a590-4685-82a0-deb89fc69613,2571-2949-6876,6429-7102-3618,Axis Bank,UTIB0270545,Lucknow,Lucknow,Uttar Pradesh,26.810016,80.975518,96723.3,2026-08-06T09:31:17,2,0
b6bce3a9-490e-4b5e-b907-4a81a94e8bf2,8ffc7aad-a590-4685-82a0-deb89fc69613,1099-6207-1297,1786-6314-9244,South Indian Bank,SIBL0876124,Pune,Pune,Maharashtra,18.476127,73.876644,3872.31,2026-08-06T09:32:09,2,0
9c3cade6-90e0-4217-8315-dd18b125166f,8ffc7aad-a590-4685-82a0-deb89fc69613,1099-6207-1297,9982-4163-8471,Punjab National Bank,PUNB0524245,Chennai,Chennai,Tamil Nadu,13.050136,80.254686,19462.99,2026-08-06T09:33:24,2,0
e739e6a8-0c9d-441e-a921-57ddc9c3f14d,8ffc7aad-a590-4685-82a0-deb89fc69613,1099-6207-1297,8291-5983-4850,IndusInd Bank,INDB0724756,Mumbai,Mumbai City,Maharashtra,19.062413,72.904859,22722.09,2026-08-06T09:34:49,2,0
9b8aecd8-b5d4-4bdd-ab6f-b29bd5547573,8ffc7aad-a590-4685-82a0-deb89fc69613,6429-7102-3618,6318-6232-9299,IndusInd Bank,INDB0290397,Hyderabad,Hyderabad,Telangana,17.38352,78.494865,87050.97,2026-08-06T09:37:35,3,1
32fa7ecc-66bc-470b-91aa-beffea40aae4,8ffc7aad-a590-4685-82a0-deb89fc69613,1786-6314-9244,6318-6232-9299,IndusInd Bank,INDB0664451,Hyderabad,Hyderabad,Telangana,17.372087,78.468315,3485.08,2026-08-06T09:39:45,3,1
d6056d30-79f4-468f-9b5a-c30187e6dcc4,8ffc7aad-a590-4685-82a0-deb89fc69613,8291-5983-4850,6318-6232-9299,IndusInd Bank,INDB0566765,Hyderabad,Hyderabad,Telangana,17.376054,78.490202,20449.88,2026-08-06T09:40:55,3,1
ed3f54b1-18aa-46d3-bb27-2611adcee622,bfd5a5c0-4f4c-4e38-b8b5-00d9c77764d6,1325-5173-6877,9314-1114-8715,UCO Bank,UCBA0330881,Chandigarh,Chandigarh,Chandigarh,30.720098,76.799652,74556.68,2026-06-18T04:49:28,1,0
d2716e4c-4957-4d79-94cf-e38c62faf184,bfd5a5c0-4f4c-4e38-b8b5-00d9c77764d6,1325-5173-6877,2928-9905-8074,YES Bank,YESB0792847,Pune,Pune,Maharashtra,18.543484,73.866326,99947.36,2026-06-18T04:50:22,1,0
1dff3f31-317d-48da-8c40-a75022427e5e,bfd5a5c0-4f4c-4e38-b8b5-00d9c77764d6,1325-5173-6877,2104-6070-3150,State Bank of India,SBIN0872226,Bengaluru,Bengaluru Urban,Karnataka,13.000945,77.600953,11563.51,2026-06-18T04:50:43,1,0
2b3be52c-135a-4472-80ff-69f07c2c027e,bfd5a5c0-4f4c-4e38-b8b5-00d9c77764d6,9314-1114-8715,6262-8289-9125,Kotak Mahindra Bank,KKBK0936219,Ahmedabad,Ahmedabad,Gujarat,23.027325,72.523232,51820.2,2026-06-18T04:52:03,2,0
732b4221-7955-4e44-90c8-a5be120f3ee6,bfd5a5c0-4f4c-4e38-b8b5-00d9c77764d6,9314-1114-8715,2446-2752-4086,YES Bank,YESB0590456,Bengaluru,Bengaluru Urban,Karnataka,12.962768,77.55888,22736.48,2026-06-18T04:52:52,2,0
cb4468eb-5e80-437e-a010-94880dd5be49,bfd5a5c0-4f4c-4e38-b8b5-00d9c77764d6,2928-9905-8074,6327-2705-2437,UCO Bank,UCBA0140869,Chennai,Chennai,Tamil Nadu,13.112499,80.231603,58565.66,2026-06-18T04:53:55,2,0
dc22aa34-b1d1-4f8e-adef-2372a8801d94,bfd5a5c0-4f4c-4e38-b8b5-00d9c77764d6,2928-9905-8074,7374-1009-6843,IndusInd Bank,INDB0276042,Chandigarh,Chandigarh,Chandigarh,30.701453,76.807059,41381.7,2026-06-18T04:54:47,2,0
21341c9f-45dd-480a-a7a6-4c29c155d0d4,bfd5a5c0-4f4c-4e38-b8b5-00d9c77764d6,2104-6070-3150,7208-9547-7159,State Bank of India,SBIN0638986,Chandigarh,Chandigarh,Chandigarh,30.702876,76.775251,11563.51,2026-06-18T04:55:20,2,0
d4e6a706-5424-435e-8385-305e3d45ff6c,bfd5a5c0-4f4c-4e38-b8b5-00d9c77764d6,6262-8289-9125,9123-5600-7396,South Indian Bank,SIBL0222507,Noida,Gautam Buddh Nagar,Uttar Pradesh,28.545408,77.400221,46638.18,2026-06-18T04:57:54,3,1
61b6bbfa-57bb-4464-8d2b-9bcf675431bc,bfd5a5c0-4f4c-4e38-b8b5-00d9c77764d6,2446-2752-4086,9123-5600-7396,South Indian Bank,SIBL0733652,Noida,Gautam Buddh Nagar,Uttar Pradesh,28.545704,77.390167,20462.83,2026-06-18T05:00:07,3,1
112325d7-99b4-47ee-9ed5-3f7434305303,bfd5a5c0-4f4c-4e38-b8b5-00d9c77764d6,6327-2705-2437,9123-5600-7396,South Indian Bank,SIBL0986718,Noida,Gautam Buddh Nagar,Uttar Pradesh,28.539276,77.389662,52709.09,2026-06-18T05:03:00,3,1
4aa9eff3-9629-4ad5-b47a-2b7927fadb58,bfd5a5c0-4f4c-4e38-b8b5-00d9c77764d6,7208-9547-7159,9123-5600-7396,South Indian Bank,SIBL0444310,Noida,Gautam Buddh Nagar,Uttar Pradesh,28.543337,77.408402,10407.16,2026-06-18T05:05:21,3,1
3678c677-5b6e-4dde-b41f-b55ce4a42ca4,bfd5a5c0-4f4c-4e38-b8b5-00d9c77764d6,7374-1009-6843,9123-5600-7396,South Indian Bank,SIBL0921187,Noida,Gautam Buddh Nagar,Uttar Pradesh,28.549752,77.379813,37243.53,2026-06-18T05:08:17,3,1
f55ef112-6aa5-4214-9fb5-d8b12b180df5,9723f722-713c-46a6-93d5-b3cc4bf7b213,8958-9863-9504,6779-3384-9410,YES Bank,YESB0913634,Pune,Pune,Maharashtra,18.493885,73.864238,163049.76,2026-07-28T10:05:27,1,0
314e2ab2-8d3e-429e-8847-228faef7540c,9723f722-713c-46a6-93d5-b3cc4bf7b213,8958-9863-9504,6988-9390-7497,IDBI Bank,IBKL0153634,Mumbai,Mumbai City,Maharashtra,19.097176,72.917355,116192.73,2026-07-28T10:06:02,1,0
76402802-ba6d-4b5a-97be-51aa2c6891bf,9723f722-713c-46a6-93d5-b3cc4bf7b213,8958-9863-9504,9397-2718-9947,IndusInd Bank,INDB0593107,Delhi,Central Delhi,Delhi,28.587621,77.217739,21258.08,2026-07-28T10:06:12,1,0
b0ef56b9-1867-492d-9629-e2bb1ece336b,9723f722-713c-46a6-93d5-b3cc4bf7b213,6779-3384-9410,5869-5533-6122,Canara Bank,CNRB0968576,Ahmedabad,Ahmedabad,Gujarat,22.989536,72.564004,16597.78,2026-07-28T10:07:10,2,0
317d6981-7514-4b6a-83e8-a6b51c66acb9,9723f722-713c-46a6-93d5-b3cc4bf7b213,6779-3384-9410,8578-5139-6074,IndusInd Bank,INDB0460038,Patna,Patna,Bihar,25.572581,85.110826,88054.36,2026-07-28T10:08:04,2,0
f043ae6f-037a-4585-9584-dbf2572fe7e8,9723f722-713c-46a6-93d5-b3cc4bf7b213,6779-3384-9410,5540-2807-1708,Kotak Mahindra Bank,KKBK0471884,Bhopal,Bhopal,Madhya Pradesh,23.309251,77.373513,58397.62,2026-07-28T10:09:23,2,0
545336ec-ade9-42ea-9e80-e33614599753,9723f722-713c-46a6-93d5-b3cc4bf7b213,6988-9390-7497,1507-5245-5087,UCO Bank,UCBA0445390,Kolkata,Kolkata,West Bengal,22.61808,88.377583,22868.78,2026-07-28T10:10:51,2,0
7e233aec-4aa5-45aa-8f1a-c56705fa5921,9723f722-713c-46a6-93d5-b3cc4bf7b213,6988-9390-7497,6585-9444-4429,UCO Bank,UCBA0156822,Lucknow,Lucknow,Uttar Pradesh,26.842906,80.956797,93323.95,2026-07-28T10:12:16,2,0
5b499a21-1e13-4e05-a28c-199f77954691,9723f722-713c-46a6-93d5-b3cc4bf7b213,9397-2718-9947,8031-6961-9294,IndusInd Bank,INDB0678985,Patna,Patna,Bihar,25.551304,85.135295,956.78,2026-07-28T10:13:12,2,0
8f67ab26-35e9-4746-87e4-bd1b532c1a45,9723f722-713c-46a6-93d5-b3cc4bf7b213,9397-2718-9947,6148-8380-9312,Federal Bank,FDRL0421475,Mumbai,Mumbai City,Maharashtra,19.093719,72.876581,8768.78,2026-07-28T10:14:01,2,0
234dcebb-e611-40f2-977e-d775cdcebbec,9723f722-713c-46a6-93d5-b3cc4bf7b213,9397-2718-9947,4653-9140-6404,Axis Bank,UTIB0564368,Delhi,Central Delhi,Delhi,28.629115,77.168786,11532.52,2026-07-28T10:15:15,2,0
da833004-600a-4c91-8008-1759f930a977,9723f722-713c-46a6-93d5-b3cc4bf7b213,4653-9140-6404,6182-1418-1042,Kotak Mahindra Bank,KKBK0328497,Kolkata,Kolkata,West Bengal,22.568116,88.350169,10379.27,2026-07-28T10:17:23,3,1
495998ad-eab2-4fdb-8ed6-488c2e652282,9723f722-713c-46a6-93d5-b3cc4bf7b213,1507-5245-5087,6182-1418-1042,Kotak Mahindra Bank,KKBK0306958,Kolkata,Kolkata,West Bengal,22.58122,88.363942,20581.9,2026-07-28T10:18:47,3,1
cda17248-63e9-4033-b93c-beb78d4c0643,9723f722-713c-46a6-93d5-b3cc4bf7b213,6148-8380-9312,6182-1418-1042,Kotak Mahindra Bank,KKBK0114317,Kolkata,Kolkata,West Bengal,22.562052,88.351464,7891.9,2026-07-28T10:20:23,3,1
10aed0fb-11a1-440c-8a63-90bc207b6530,9723f722-713c-46a6-93d5-b3cc4bf7b213,5869-5533-6122,6182-1418-1042,Kotak Mahindra Bank,KKBK0716424,Kolkata,Kolkata,West Bengal,22.576761,88.349096,14938.0,2026-07-28T10:22:37,3,1
9c743935-7141-44c8-8f51-12aedb780c7a,9723f722-713c-46a6-93d5-b3cc4bf7b213,8578-5139-6074,6182-1418-1042,Kotak Mahindra Bank,KKBK0449207,Kolkata,Kolkata,West Bengal,22.579885,88.345629,79248.92,2026-07-28T10:24:47,3,1
d423cb91-4ed1-437e-88ec-6c9b25f5915c,2dbeb66c-739b-41af-8eb8-71b40fd5e3de,4673-2425-3264,7432-6161-4204,UCO Bank,UCBA0263446,Chennai,Chennai,Tamil Nadu,13.058948,80.289697,26813.59,2026-08-17T01:45:15,1,0
ffd12049-83f5-477e-b05b-c1b40f0f9c28,2dbeb66c-739b-41af-8eb8-71b40fd5e3de,4673-2425-3264,3598-8513-4897,ICICI Bank,ICIC0357600,Gurgaon,Gurugram,Haryana,28.436284,77.02533,78698.13,2026-08-17T01:45:37,1,0
08fe04c2-5861-4f67-8a86-ed80a591b942,2dbeb66c-739b-41af-8eb8-71b40fd5e3de,4673-2425-3264,6137-6423-2947,Canara Bank,CNRB0742120,Patna,Patna,Bihar,25.577074,85.090938,205082.8,2026-08-17T01:46:05,1,0
1889192d-3114-418e-9dac-2993a1e06ad8,2dbeb66c-739b-41af-8eb8-71b40fd5e3de,7432-6161-4204,6848-6143-7031,IDBI Bank,IBKL0143937,Chennai,Chennai,Tamil Nadu,13.124025,80.23558,26813.59,2026-08-17T01:46:57,2,0
afda98f3-5214-460e-bc74-b9fdd4a776c7,2dbeb66c-739b-41af-8eb8-71b40fd5e3de,3598-8513-4897,7735-2860-8704,HDFC Bank,HDFC0538406,Mumbai,Mumbai City,Maharashtra,19.123438,72.854247,78698.13,2026-08-17T01:47:43,2,0
4a30b248-4728-495d-9b10-7939bb1a1447,2dbeb66c-739b-41af-8eb8-71b40fd5e3de,6137-6423-2947,5490-8702-7416,UCO Bank,UCBA0794861,Mumbai,Mumbai City,Maharashtra,19.085707,72.923355,128814.47,2026-08-17T01:48:48,2,0
bd1e201b-80ac-49e6-bfb6-200d732dd452,2dbeb66c-739b-41af-8eb8-71b40fd5e3de,6137-6423-2947,2821-3623-2765,Kotak Mahindra Bank,KKBK0867997,Jaipur,Jaipur,Rajasthan,26.937982,75.738727,76268.33,2026-08-17T01:49:27,2,0
76bb525f-f5f9-4840-bcb5-7493fa293e23,2dbeb66c-739b-41af-8eb8-71b40fd5e3de,5490-8702-7416,2693-3520-3766,Federal Bank,FDRL0667300,Gurgaon,Gurugram,Haryana,28.465464,77.032849,115933.02,2026-08-17T01:52:23,3,1
78578a4d-9286-42bf-a4ce-fa694f879f39,2dbeb66c-739b-41af-8eb8-71b40fd5e3de,6848-6143-7031,2693-3520-3766,Federal Bank,FDRL0127697,Gurgaon,Gurugram,Haryana,28.454087,77.018442,24132.23,2026-08-17T01:54:43,3,1
122be3bc-b57d-4f78-a83d-8eaf5d6a6704,2dbeb66c-739b-41af-8eb8-71b40fd5e3de,7735-2860-8704,2693-3520-3766,Federal Bank,FDRL0684536,Gurgaon,Gurugram,Haryana,28.467299,77.016533,70828.32,2026-08-17T01:56:36,3,1
22b35fdd-1263-4f48-9a44-f63d52268977,2dbeb66c-739b-41af-8eb8-71b40fd5e3de,2821-3623-2765,2693-3520-3766,Federal Bank,FDRL0369137,Gurgaon,Gurugram,Haryana,28.454339,77.019554,68641.5,2026-08-17T01:57:36,3,1
8c64cfd3-1d81-48ad-bce2-7348e8471e85,38c95410-7b1b-45e9-91cf-db59d317b5d9,6455-1836-3065,4477-6453-8023,YES Bank,YESB0735138,Kolkata,Kolkata,West Bengal,22.602801,88.345061,35276.42,2026-06-28T17:12:30,1,0
246f4713-49b2-4bc4-b5a5-6451b97c245b,38c95410-7b1b-45e9-91cf-db59d317b5d9,6455-1836-3065,1108-9187-9166,Axis Bank,UTIB0777554,Mumbai,Mumbai City,Maharashtra,19.03969,72.868694,28065.1,2026-06-28T17:13:30,1,0
d5d477a7-ead7-4df7-aab7-8a3573b9f9b0,38c95410-7b1b-45e9-91cf-db59d317b5d9,4477-6453-8023,2011-5306-7734,State Bank of India,SBIN0286586,Kolkata,Kolkata,West Bengal,22.592028,88.396381,35276.42,2026-06-28T17:14:02,2,0
567a6da4-cb9f-49f0-8644-8122eb9e3779,38c95410-7b1b-45e9-91cf-db59d317b5d9,1108-9187-9166,7177-3328-7948,State Bank of India,SBIN0565696,Ahmedabad,Ahmedabad,Gujarat,23.009952,72.555116,8360.05,2026-06-28T17:14:41,2,0
51fc70ff-65ba-46f9-b882-c8ac882dbd94,38c95410-7b1b-45e9-91cf-db59d317b5d9,1108-9187-9166,1284-4010-4010,Canara Bank,CNRB0580155,Noida,Gautam Buddh Nagar,Uttar Pradesh,28.562826,77.344713,19705.05,2026-06-28T17:15:12,2,0
c58a43e6-90f8-4754-a19d-b472079c83c8,38c95410-7b1b-45e9-91cf-db59d317b5d9,2011-5306-7734,2766-3828-1633,State Bank of India,SBIN0989552,Mumbai,Mumbai City,Maharashtra,19.064351,72.870074,31748.78,2026-06-28T17:17:26,3,1
11632fc7-edb5-4310-a9a7-0ef2588696b7,38c95410-7b1b-45e9-91cf-db59d317b5d9,1284-4010-4010,2766-3828-1633,State Bank of India,SBIN0579299,Mumbai,Mumbai City,Maharashtra,19.073457,72.876725,17734.54,2026-06-28T17:18:30,3,1
07093a53-a3bd-4fe8-b3bf-5a46776419e5,38c95410-7b1b-45e9-91cf-db59d317b5d9,7177-3328-7948,2766-3828-1633,State Bank of India,SBIN0220067,Mumbai,Mumbai City,Maharashtra,19.071296,72.886825,7524.04,2026-06-28T17:19:50,3,1
c6905d6f-f516-4d6d-9017-5e286876ac6c,1bae5e0e-2204-42db-b390-0e00c7f808c0,4172-4893-4788,2188-3581-7191,HDFC Bank,HDFC0281756,Gurgaon,Gurugram,Haryana,28.501464,76.980812,58317.21,2026-06-12T10:53:24,1,0
c74cac36-60b0-41f4-8223-f733fba3bebc,1bae5e0e-2204-42db-b390-0e00c7f808c0,4172-4893-4788,3403-2842-1040,South Indian Bank,SIBL0232040,Kolkata,Kolkata,West Bengal,22.611046,88.364991,103195.16,2026-06-12T10:53:37,1,0
69817d49-af48-45aa-8ed9-8db81c1c9472,1bae5e0e-2204-42db-b390-0e00c7f808c0,4172-4893-4788,6524-4675-1407,Kotak Mahindra Bank,KKBK0884961,Chennai,Chennai,Tamil Nadu,13.060673,80.266103,50515.99,2026-06-12T10:54:28,1,0
9cbb48b1-d9e2-4c32-b337-547daa026379,1bae5e0e-2204-42db-b390-0e00c7f808c0,2188-3581-7191,6170-5687-6310,IDBI Bank,IBKL0661457,Kolkata,Kolkata,West Bengal,22.611514,88.392829,58317.21,2026-06-12T10:55:29,2,0
97ffae03-4226-4aec-ab4d-4913bc95a289,1bae5e0e-2204-42db-b390-0e00c7f808c0,3403-2842-1040,3380-2018-7557,Canara Bank,CNRB0680288,Ahmedabad,Ahmedabad,Gujarat,22.977802,72.550514,66397.33,2026-06-12T10:56:09,2,0
858a9c11-4457-4252-a1b7-16d9f819038a,1bae5e0e-2204-42db-b390-0e00c7f808c0,3403-2842-1040,4170-3469-3601,IDBI Bank,IBKL0483437,Hyderabad,Hyderabad,Telangana,17.385327,78.469104,8089.3,2026-06-12T10:57:05,2,0
d348bb17-a1e4-45da-9fe4-8c66015ccba7,1bae5e0e-2204-42db-b390-0e00c7f808c0,3403-2842-1040,9495-1422-2296,South Indian Bank,SIBL0614923,Pune,Pune,Maharashtra,18.511235,73.891164,28708.54,2026-06-12T10:58:22,2,0
9af3314f-5765-4dac-bf36-9abc27e7db8e,1bae5e0e-2204-42db-b390-0e00c7f808c0,6524-4675-1407,1318-7989-5346,Federal Bank,FDRL0285476,Bengaluru,Bengaluru Urban,Karnataka,12.957779,77.566352,1618.41,2026-06-12T10:59:50,2,0
75be9c52-4cee-4613-8e6f-819ef4e7bb2b,1bae5e0e-2204-42db-b390-0e00c7f808c0,6524-4675-1407,8208-3549-5211,Kotak Mahindra Bank,KKBK0362781,Lucknow,Lucknow,Uttar Pradesh,26.843627,80.950945,48897.58,2026-06-12T11:00:55,2,0
b4480a5f-ba71-4600-8937-2b4e5b61b643,1bae5e0e-2204-42db-b390-0e00c7f808c0,4170-3469-3601,7825-6211-8840,Kotak Mahindra Bank,KKBK0155425,Chennai,Chennai,Tamil Nadu,13.10246,80.254156,7280.37,2026-06-12T11:03:34,3,1
d4701dcd-1be5-4481-9876-4bd2fe3bf008,1bae5e0e-2204-42db-b390-0e00c7f808c0,6170-5687-6310,7825-6211-8840,Kotak Mahindra Bank,KKBK0744687,Chennai,Chennai,Tamil Nadu,13.083258,80.274967,52485.49,2026-06-12T11:06:29,3,1
9cae649d-2d2b-4e9c-9c90-3882c1f90697,1bae5e0e-2204-42db-b390-0e00c7f808c0,9495-1422-2296,7825-6211-8840,Kotak Mahindra Bank,KKBK0260592,Chennai,Chennai,Tamil Nadu,13.08453,80.256903,25837.69,2026-06-12T11:09:26,3,1
365efaf0-95ed-4c1a-b5c6-734b3d9b173b,1bae5e0e-2204-42db-b390-0e00c7f808c0,1318-7989-5346,7825-6211-8840,Kotak Mahindra Bank,KKBK0164274,Chennai,Chennai,Tamil Nadu,13.094523,80.256153,1456.57,2026-06-12T11:11:32,3,1
926baae7-9612-4bd9-bd08-bd3f0a56e230,1bae5e0e-2204-42db-b390-0e00c7f808c0,3380-2018-7557,7825-6211-8840,Kotak Mahindra Bank,KKBK0253750,Chennai,Chennai,Tamil Nadu,13.098443,80.278181,59757.6,2026-06-12T11:14:13,3,1
eea3207a-fc31-4a91-a3ac-fc82a4a69fb7,8d101e9b-39d7-40e6-989e-41527f260d5f,7187-5213-2958,1439-1021-6596,Union Bank of India,UBIN0134891,Hyderabad,Hyderabad,Telangana,17.368469,78.509564,73992.67,2026-07-31T17:10:11,1,0
73dcc110-2de0-4148-a6e3-efb674656390,8d101e9b-39d7-40e6-989e-41527f260d5f,7187-5213-2958,4209-9072-2221,Union Bank of India,UBIN0111088,Kolkata,Kolkata,West Bengal,22.60209,88.321327,274256.63,2026-07-31T17:10:46,1,0
0614007b-96c7-4eb8-b47b-327d4dede254,8d101e9b-39d7-40e6-989e-41527f260d5f,1439-1021-6596,7576-7193-6007,South Indian Bank,SIBL0282662,Noida,Gautam Buddh Nagar,Uttar Pradesh,28.561597,77.440671,3469.43,2026-07-31T17:11:28,2,0
8f66392c-a859-4199-8ab5-b8189fbdbfe8,8d101e9b-39d7-40e6-989e-41527f260d5f,1439-1021-6596,8732-7024-2050,Union Bank of India,UBIN0478497,Jaipur,Jaipur,Rajasthan,26.886222,75.774608,17050.88,2026-07-31T17:12:06,2,0
f65a1dee-19df-4b4b-8181-455250fffdfc,8d101e9b-39d7-40e6-989e-41527f260d5f,1439-1021-6596,3364-8638-9580,Punjab National Bank,PUNB0979183,Noida,Gautam Buddh Nagar,Uttar Pradesh,28.525391,77.342801,53472.36,2026-07-31T17:13:19,2,0
1b41dc2b-c411-4529-bffc-fb1ebf0ff26a,8d101e9b-39d7-40e6-989e-41527f260d5f,4209-9072-2221,2402-5287-1323,Union Bank of India,UBIN0859096,Patna,Patna,Bihar,25.612615,85.13619,26532.29,2026-07-31T17:14:33,2,0
6658dfa3-bd04-46a6-9f1b-5d243056bd3d,8d101e9b-39d7-40e6-989e-41527f260d5f,4209-9072-2221,9557-8208-1045,HDFC Bank,HDFC0278834,Bengaluru,Bengaluru Urban,Karnataka,12.925541,77.591334,94161.59,2026-07-31T17:16:00,2,0
761139ca-e037-4118-bb07-9db4b416205b,8d101e9b-39d7-40e6-989e-41527f260d5f,4209-9072-2221,2941-8721-1019,IDBI Bank,IBKL0594189,Delhi,Central Delhi,Delhi,28.646601,77.164822,153562.75,2026-07-31T17:16:36,2,0
9d16af8c-75e8-4975-85e1-c5699dda031e,8d101e9b-39d7-40e6-989e-41527f260d5f,8732-7024-2050,8252-7214-8422,IDBI Bank,IBKL0407936,Gurgaon,Gurugram,Haryana,28.455991,77.033388,15345.79,2026-07-31T17:18:58,3,1
cc31e3e7-33f3-4238-bba1-95fd2367e53e,8d101e9b-39d7-40e6-989e-41527f260d5f,2402-5287-1323,8252-7214-8422,IDBI Bank,IBKL0170646,Gurgaon,Gurugram,Haryana,28.443164,77.043655,23879.06,2026-07-31T17:20:39,3,1
eee71c50-601b-4a4b-97de-780b69533f98,8d101e9b-39d7-40e6-989e-41527f260d5f,3364-8638-9580,8252-7214-8422,IDBI Bank,IBKL0100528,Gurgaon,Gurugram,Haryana,28.44155,77.025359,48125.12,2026-07-31T17:22:52,3,1
a5357213-eb42-4295-bcdf-c6fea97d6160,7244bcb5-baf9-44f4-9fd7-c86766c5fa8f,9132-6932-1460,3893-1193-7098,YES Bank,YESB0757161,Chandigarh,Chandigarh,Chandigarh,30.706264,76.797668,58227.45,2026-08-19T19:34:32,1,0
f620a0a4-5096-4604-9cb3-0757ce9bc175,7244bcb5-baf9-44f4-9fd7-c86766c5fa8f,9132-6932-1460,1787-3434-6701,State Bank of India,SBIN0112535,Noida,Gautam Buddh Nagar,Uttar Pradesh,28.584476,77.358215,12671.87,2026-08-19T19:34:53,1,0
03614aa2-3050-4a17-9274-137c0d01fa19,7244bcb5-baf9-44f4-9fd7-c86766c5fa8f,9132-6932-1460,5735-8758-3678,Bank of Baroda,BARB0754699,Chandigarh,Chandigarh,Chandigarh,30.762356,76.776737,26714.48,2026-08-19T19:35:33,1,0
66566a90-8e45-4354-80b3-ae0c6b3c8b74,7244bcb5-baf9-44f4-9fd7-c86766c5fa8f,3893-1193-7098,8548-6468-4769,ICICI Bank,ICIC0795317,Hyderabad,Hyderabad,Telangana,17.40282,78.498253,38033.04,2026-08-19T19:36:25,2,0
e2f9c8e5-d9f6-43dd-b2e2-0d3a12bd769b,7244bcb5-baf9-44f4-9fd7-c86766c5fa8f,3893-1193-7098,7918-6264-8394,Punjab National Bank,PUNB0779945,Jaipur,Jaipur,Rajasthan,26.878976,75.765428,20064.19,2026-08-19T19:37:42,2,0
20810f79-c29e-46fe-b0a0-af862dceddd1,7244bcb5-baf9-44f4-9fd7-c86766c5fa8f,3893-1193-7098,6066-5168-3736,Punjab National Bank,PUNB0466185,Noida,Gautam Buddh Nagar,Uttar Pradesh,28.563356,77.362119,130.21,2026-08-19T19:38:37,2,0
c121e184-87e8-4a10-a70d-a35c068a4343,7244bcb5-baf9-44f4-9fd7-c86766c5fa8f,1787-3434-6701,1644-7002-2522,YES Bank,YESB0904625,Ahmedabad,Ahmedabad,Gujarat,22.995477,72.565814,12361.38,2026-08-19T19:40:06,2,0
ae27f66d-0e1a-42d3-b7e5-4c3001ac2148,7244bcb5-baf9-44f4-9fd7-c86766c5fa8f,1787-3434-6701,4074-4905-8513,YES Bank,YESB0514680,Patna,Patna,Bihar,25.618256,85.164745,310.49,2026-08-19T19:41:03,2,0
c7303ad0-1a7a-4901-8466-ccd7606c30f6,7244bcb5-baf9-44f4-9fd7-c86766c5fa8f,5735-8758-3678,8328-7214-9742,YES Bank,YESB0947600,Noida,Gautam Buddh Nagar,Uttar Pradesh,28.565072,77.371118,7673.29,2026-08-19T19:42:04,2,0
e8c09554-7675-47fa-bed6-ee149a914a32,7244bcb5-baf9-44f4-9fd7-c86766c5fa8f,5735-8758-3678,2887-7172-1078,State Bank of India,SBIN0480811,Patna,Patna,Bihar,25.596196,85.149138,1267.79,2026-08-19T19:43:16,2,0
aa5d4a2d-c3f6-4ca8-bd1d-544fc532c782,7244bcb5-baf9-44f4-9fd7-c86766c5fa8f,5735-8758-3678,9686-6246-6627,Union Bank of India,UBIN0182670,Kolkata,Kolkata,West Bengal,22.550103,88.372723,17773.4,2026-08-19T19:44:11,2,0
af0c1bdc-966b-433b-81da-8c3e1998730d,7244bcb5-baf9-44f4-9fd7-c86766c5fa8f,8548-6468-4769,9246-7566-3800,Punjab National Bank,PUNB0806572,Lucknow,Lucknow,Uttar Pradesh,26.840919,80.93642,34229.74,2026-08-19T19:45:16,3,1
3ce3865b-a71b-4b1a-8d05-75481d885c25,7244bcb5-baf9-44f4-9fd7-c86766c5fa8f,7918-6264-8394,9246-7566-3800,Punjab National Bank,PUNB0128111,Lucknow,Lucknow,Uttar Pradesh,26.849297,80.949302,18057.77,2026-08-19T19:46:58,3,1
c2994c04-c54a-4058-8e5f-1547577c25e6,7244bcb5-baf9-44f4-9fd7-c86766c5fa8f,6066-5168-3736,9246-7566-3800,Punjab National Bank,PUNB0319256,Lucknow,Lucknow,Uttar Pradesh,26.834006,80.941155,117.19,2026-08-19T19:48:53,3,1
55dbfdd4-eba4-4c83-933f-3340ece0bcea,6181655f-decb-4f93-a2b2-185bae398e55,6199-3381-8231,2790-2592-2909,Canara Bank,CNRB0544901,Jaipur,Jaipur,Rajasthan,26.952107,75.798269,32778.9,2026-08-17T05:12:03,1,0
55ef79ed-7f8d-4b20-b9a8-1f999ee66f12,6181655f-decb-4f93-a2b2-185bae398e55,6199-3381-8231,2483-1929-9488,IDBI Bank,IBKL0725427,Bengaluru,Bengaluru Urban,Karnataka,12.943837,77.561194,28287.34,2026-08-17T05:12:55,1,0
d12765be-fee8-4bf3-b461-01245b7f8bc5,6181655f-decb-4f93-a2b2-185bae398e55,6199-3381-8231,7093-2160-9752,Bank of Baroda,BARB0704897,Bhopal,Bhopal,Madhya Pradesh,23.251105,77.412608,11518.44,2026-08-17T05:13:20,1,0
60100e2d-9b24-4286-b1ad-f5cc4550a343,6181655f-decb-4f93-a2b2-185bae398e55,2790-2592-2909,1857-8437-4253,Punjab National Bank,PUNB0992780,Lucknow,Lucknow,Uttar Pradesh,26.849887,80.983958,32778.9,2026-08-17T05:14:31,2,0
db5a0f7a-050f-47c0-bc3c-1c5f8191bcec,6181655f-decb-4f93-a2b2-185bae398e55,2483-1929-9488,3559-3421-7858,ICICI Bank,ICIC0746132,Bengaluru,Bengaluru Urban,Karnataka,13.018381,77.594134,28287.34,2026-08-17T05:15:17,2,0
e56f3ad3-3378-4ddd-8203-b542848d8c96,6181655f-decb-4f93-a2b2-185bae398e55,7093-2160-9752,1141-6487-6437,Union Bank of India,UBIN0271930,Bhopal,Bhopal,Madhya Pradesh,23.292164,77.414304,11518.44,2026-08-17T05:16:05,2,0
d0ce4fe2-b88b-4f91-8c47-10aa6293f08b,6181655f-decb-4f93-a2b2-185bae398e55,1141-6487-6437,2052-5618-8708,IndusInd Bank,INDB0864248,Pune,Pune,Maharashtra,18.521993,73.854574,10366.6,2026-08-17T05:18:22,3,1
2352be7e-679e-4ea4-a4a2-6acb810680ee,6181655f-decb-4f93-a2b2-185bae398e55,1857-8437-4253,2052-5618-8708,IndusInd Bank,INDB0105158,Pune,Pune,Maharashtra,18.512187,73.860055,29501.01,2026-08-17T05:20:11,3,1
87c99baf-0e75-4643-973a-a0422d9366d9,6181655f-decb-4f93-a2b2-185bae398e55,3559-3421-7858,2052-5618-8708,IndusInd Bank,INDB0577801,Pune,Pune,Maharashtra,18.538736,73.855971,25458.61,2026-08-17T05:23:10,3,1
49a70c76-02e6-4e77-80ac-6e7d0843e171,51d007c9-0552-4176-9e1a-c24cca0683e9,5129-8773-3953,5296-8041-2286,ICICI Bank,ICIC0452268,Chennai,Chennai,Tamil Nadu,13.086234,80.301567,210737.07,2026-08-19T14:43:31,1,0
76027b3e-1c2b-4232-9bf1-0d8657733493,51d007c9-0552-4176-9e1a-c24cca0683e9,5296-8041-2286,3360-3964-7943,IndusInd Bank,INDB0577097,Ahmedabad,Ahmedabad,Gujarat,23.031468,72.575576,31275.76,2026-08-19T14:44:34,2,0
32dd5b5e-4a76-4c2f-8d59-4a7bc2886c07,51d007c9-0552-4176-9e1a-c24cca0683e9,5296-8041-2286,8307-8010-9248,Kotak Mahindra Bank,KKBK0407436,Bengaluru,Bengaluru Urban,Karnataka,12.949478,77.595872,179461.31,2026-08-19T14:45:33,2,0
c3ebbc17-b6d3-499e-b05c-44805388145d,51d007c9-0552-4176-9e1a-c24cca0683e9,8307-8010-9248,2134-4860-5548,HDFC Bank,HDFC0740026,Chandigarh,Chandigarh,Chandigarh,30.77592,76.743019,179461.31,2026-08-19T14:46:34,3,0
1986ebc3-f708-4305-ab42-4229b18d8c4e,51d007c9-0552-4176-9e1a-c24cca0683e9,2134-4860-5548,4490-7814-1053,Bank of Baroda,BARB0556093,Ahmedabad,Ahmedabad,Gujarat,22.9907,72.566768,179461.31,2026-08-19T14:50:30,4,1
74571db9-acc1-4f07-94c9-c93c21e1a44f,854dc1a1-9bc8-4a1c-a4ea-6036c9dc517f,4420-5115-7174,9453-1445-2816,Federal Bank,FDRL0982365,Pune,Pune,Maharashtra,18.568145,73.835334,149584.51,2026-06-25T18:02:57,1,0
1e8b30c0-e5e3-4d46-bb5d-26e99e98267c,854dc1a1-9bc8-4a1c-a4ea-6036c9dc517f,9453-1445-2816,8840-4971-7912,South Indian Bank,SIBL0477635,Noida,Gautam Buddh Nagar,Uttar Pradesh,28.526459,77.421332,138260.95,2026-06-25T18:04:25,2,0
58b327a9-bf76-4286-be5d-2dbb0aa2051b,854dc1a1-9bc8-4a1c-a4ea-6036c9dc517f,9453-1445-2816,6725-7670-2946,IDBI Bank,IBKL0835293,Gurgaon,Gurugram,Haryana,28.50166,77.063381,11323.56,2026-06-25T18:05:03,2,0
43e292c4-c616-48e3-9107-0a26479b0476,854dc1a1-9bc8-4a1c-a4ea-6036c9dc517f,8840-4971-7912,1462-7863-6493,Punjab National Bank,PUNB0131725,Kolkata,Kolkata,West Bengal,22.609239,88.41068,138260.95,2026-06-25T18:08:40,3,0
e623ead7-af15-43f9-81ef-1630b1b862e0,854dc1a1-9bc8-4a1c-a4ea-6036c9dc517f,1462-7863-6493,2673-7205-1575,IDBI Bank,IBKL0571346,Gurgaon,Gurugram,Haryana,28.473067,77.006551,138260.95,2026-06-25T18:10:13,4,1
7b34ebf0-eee2-49b5-a4d2-fe7891a6a4b5,5c9fa241-4156-448f-b8d1-8683e9323c1a,1866-4492-8208,3887-9061-2104,Canara Bank,CNRB0165669,Mumbai,Mumbai City,Maharashtra,19.10598,72.838214,54774.84,2026-08-12T10:20:02,1,0
e327163a-d242-4961-af42-d4d11d01a329,5c9fa241-4156-448f-b8d1-8683e9323c1a,1866-4492-8208,9796-7780-3653,HDFC Bank,HDFC0670012,Mumbai,Mumbai City,Maharashtra,19.095853,72.876854,117808.61,2026-08-12T10:20:52,1,0
24c04527-7fd1-4172-8918-26d35a0ad8dc,5c9fa241-4156-448f-b8d1-8683e9323c1a,1866-4492-8208,5657-5886-8480,Union Bank of India,UBIN0611988,Chandigarh,Chandigarh,Chandigarh,30.737259,76.809195,199963.07,2026-08-12T10:21:13,1,0
7b13c5a2-1a42-45d2-aa72-1ecd8b005422,5c9fa241-4156-448f-b8d1-8683e9323c1a,3887-9061-2104,7818-2270-6225,Union Bank of India,UBIN0495007,Hyderabad,Hyderabad,Telangana,17.358165,78.480001,35279.81,2026-08-12T10:22:04,2,0
d3792a17-a4b2-4441-8eea-4bd8aa8c3636,5c9fa241-4156-448f-b8d1-8683e9323c1a,3887-9061-2104,5895-6680-9366,Federal Bank,FDRL0183786,Pune,Pune,Maharashtra,18.522689,73.809572,19495.03,2026-08-12T10:23:19,2,0
59627efd-69b2-471c-a80d-97d66d60856c,5c9fa241-4156-448f-b8d1-8683e9323c1a,9796-7780-3653,9556-3883-6547,UCO Bank,UCBA0431453,Delhi,Central Delhi,Delhi,28.647318,77.220345,36343.35,2026-08-12T10:24:16,2,0
b76f8253-af56-42a9-bbd2-8dbcfb5baba2,5c9fa241-4156-448f-b8d1-8683e9323c1a,9796-7780-3653,3285-2245-3807,UCO Bank,UCBA0849471,Chandigarh,Chandigarh,Chandigarh,30.743872,76.805518,81245.09,2026-08-12T10:25:10,2,0
cdb499a7-9ade-44b9-afa5-8e2aa244d536,5c9fa241-4156-448f-b8d1-8683e9323c1a,9796-7780-3653,9573-9852-7246,Union Bank of India,UBIN0263912,Kolkata,Kolkata,West Bengal,22.621954,88.39797,220.17,2026-08-12T10:25:51,2,0
720e5d3b-d7da-482a-8dc9-4dff814d05c3,5c9fa241-4156-448f-b8d1-8683e9323c1a,5657-5886-8480,8356-1589-6379,IndusInd Bank,INDB0980526,Mumbai,Mumbai City,Maharashtra,19.093451,72.909149,137479.53,2026-08-12T10:26:26,2,0
287292b2-5691-4136-9f06-4757927dce41,5c9fa241-4156-448f-b8d1-8683e9323c1a,5657-5886-8480,3525-1728-4973,Union Bank of India,UBIN0582629,Bhopal,Bhopal,Madhya Pradesh,23.219017,77.435959,62483.54,2026-08-12T10:27:30,2,0
55800658-7e33-4b8a-afe4-975ef38a78b5,5c9fa241-4156-448f-b8d1-8683e9323c1a,5895-6680-9366,1274-4407-8087,Canara Bank,CNRB0407211,Kolkata,Kolkata,West Bengal,22.557671,88.361601,17545.53,2026-08-12T10:29:25,3,1
c2720ed7-f53e-4b0d-a410-b640dcee2893,5c9fa241-4156-448f-b8d1-8683e9323c1a,8356-1589-6379,1274-4407-8087,Canara Bank,CNRB0885354,Kolkata,Kolkata,West Bengal,22.571821,88.359468,123731.58,2026-08-12T10:32:16,3,1
0a8eeceb-1895-4808-8572-e28db1b6c045,5c9fa241-4156-448f-b8d1-8683e9323c1a,3525-1728-4973,1274-4407-8087,Canara Bank,CNRB0667886,Kolkata,Kolkata,West Bengal,22.580697,88.375012,56235.19,2026-08-12T10:34:10,3,1
2f2d34df-9ff8-4bae-8b55-ba4c65138cfe,e92cee4e-2b33-435f-a8e8-3140337652f4,8720-3359-9670,7204-1476-4984,Kotak Mahindra Bank,KKBK0337498,Kolkata,Kolkata,West Bengal,22.605716,88.357663,366078.87,2026-08-17T23:59:52,1,0
ca2df33f-2d7e-46e9-ad59-002688517f1e,e92cee4e-2b33-435f-a8e8-3140337652f4,8720-3359-9670,3450-1103-9287,IDBI Bank,IBKL0526455,Delhi,Central Delhi,Delhi,28.5821,77.212694,22602.08,2026-08-18T00:00:07,1,0
b042c61d-0f9a-4097-8a58-c36172746f7c,e92cee4e-2b33-435f-a8e8-3140337652f4,7204-1476-4984,5357-6684-7033,Axis Bank,UTIB0545941,Bengaluru,Bengaluru Urban,Karnataka,12.938948,77.640004,366078.87,2026-08-18T00:01:07,2,0
6cd93f30-1d78-4a4b-b9fd-7c68b778d6ab,e92cee4e-2b33-435f-a8e8-3140337652f4,3450-1103-9287,8420-9187-1598,Punjab National Bank,PUNB0323310,Bengaluru,Bengaluru Urban,Karnataka,12.955566,77.580245,22602.08,2026-08-18T00:01:40,2,0
f203ab4d-0299-44c4-bfab-a4eedd417b99,e92cee4e-2b33-435f-a8e8-3140337652f4,5357-6684-7033,1997-3061-8574,IDBI Bank,IBKL0801700,Jaipur,Jaipur,Rajasthan,26.944891,75.754322,366078.87,2026-08-18T00:03:36,3,1
13473452-3cec-4801-875f-eed5f4cc4a07,e92cee4e-2b33-435f-a8e8-3140337652f4,8420-9187-1598,1371-6114-3674,Punjab National Bank,PUNB0900380,Delhi,Central Delhi,Delhi,28.636582,77.174239,22602.08,2026-08-18T00:07:57,3,0
a94817b9-7760-49d4-acbe-8df6f80d3abf,e92cee4e-2b33-435f-a8e8-3140337652f4,1371-6114-3674,6606-6533-5757,Canara Bank,CNRB0732953,Kolkata,Kolkata,West Bengal,22.595245,88.383936,22602.08,2026-08-18T00:12:49,4,1
165abe96-31fa-41bc-863c-d0bc4e38147a,95236e78-0877-46ba-9768-30eef7fc6571,8370-8506-1633,2708-2703-7808,YES Bank,YESB0541792,Ahmedabad,Ahmedabad,Gujarat,23.036263,72.607823,284585.19,2026-06-09T00:15:30,1,0
238c9583-8633-4570-b8dc-d0cddf659552,95236e78-0877-46ba-9768-30eef7fc6571,8370-8506-1633,8809-9805-2132,Federal Bank,FDRL0582591,Jaipur,Jaipur,Rajasthan,26.885685,75.776397,210353.8,2026-06-09T00:16:05,1,0
a967ddab-ad5e-4a17-a473-ed7e3203b558,95236e78-0877-46ba-9768-30eef7fc6571,2708-2703-7808,7227-1166-5866,IndusInd Bank,INDB0623722,Hyderabad,Hyderabad,Telangana,17.409611,78.457423,267161.58,2026-06-09T00:17:22,2,0
1d094738-41d3-4436-96ec-1a7cfe6c7e13,95236e78-0877-46ba-9768-30eef7fc6571,2708-2703-7808,5563-9436-5334,ICICI Bank,ICIC0989340,Ahmedabad,Ahmedabad,Gujarat,22.979555,72.590378,17423.61,2026-06-09T00:18:37,2,0
7fc4ea33-662c-4cf6-8b3b-e2ff0bd191e6,95236e78-0877-46ba-9768-30eef7fc6571,8809-9805-2132,9918-6411-6771,State Bank of India,SBIN0990256,Jaipur,Jaipur,Rajasthan,26.904724,75.753468,107856.44,2026-06-09T00:19:08,2,0
55d8936b-c60b-4373-9d57-52e7e2ced650,95236e78-0877-46ba-9768-30eef7fc6571,8809-9805-2132,9759-8622-8171,UCO Bank,UCBA0427979,Pune,Pune,Maharashtra,18.528668,73.865982,102497.36,2026-06-09T00:20:21,2,0
c9568fe9-8605-4118-be6f-30a66186dd17,95236e78-0877-46ba-9768-30eef7fc6571,5563-9436-5334,8998-7759-1393,IndusInd Bank,INDB0438722,Kolkata,Kolkata,West Bengal,22.560853,88.347306,15681.25,2026-06-09T00:22:37,3,1
10f5156e-63ba-4a61-ab7f-ccea43f64713,95236e78-0877-46ba-9768-30eef7fc6571,9759-8622-8171,8998-7759-1393,IndusInd Bank,INDB0853308,Kolkata,Kolkata,West Bengal,22.554488,88.378278,92247.62,2026-06-09T00:25:37,3,1
634cfb51-a251-4352-be80-d094860074e1,95236e78-0877-46ba-9768-30eef7fc6571,9918-6411-6771,8998-7759-1393,IndusInd Bank,INDB0703896,Kolkata,Kolkata,West Bengal,22.573066,88.371652,97070.8,2026-06-09T00:27:08,3,1
1bcd1c84-6018-4dd7-8a9b-3c76037b9da5,95236e78-0877-46ba-9768-30eef7fc6571,7227-1166-5866,8998-7759-1393,IndusInd Bank,INDB0856380,Kolkata,Kolkata,West Bengal,22.590413,88.363852,240445.42,2026-06-09T00:28:38,3,1
4ef0271f-29c8-4f02-b303-8185cd59aabd,c9b27031-87c9-43ee-b334-ed735406cee8,3355-9917-4667,6830-7951-1873,South Indian Bank,SIBL0674739,Chandigarh,Chandigarh,Chandigarh,30.760806,76.73697,135093.54,2026-08-21T18:41:29,1,0
237be3cc-333e-40ab-866e-24515fa6811c,c9b27031-87c9-43ee-b334-ed735406cee8,6830-7951-1873,1277-2916-6996,Kotak Mahindra Bank,KKBK0235581,Delhi,Central Delhi,Delhi,28.627489,77.203985,38634.38,2026-08-21T18:42:24,2,0
1245f6cf-ebbd-49bf-a425-38e699c3a601,c9b27031-87c9-43ee-b334-ed735406cee8,6830-7951-1873,4579-4386-8488,Union Bank of India,UBIN0583191,Patna,Patna,Bihar,25.551188,85.119477,43452.22,2026-08-21T18:43:04,2,0
55896ee7-c660-42b1-9391-5c215d3d5d26,c9b27031-87c9-43ee-b334-ed735406cee8,6830-7951-1873,5590-4239-6342,Bank of Baroda,BARB0552453,Ahmedabad,Ahmedabad,Gujarat,23.038505,72.558209,53006.93,2026-08-21T18:43:58,2,0
6992df67-c37c-4acb-b79c-6e2b483061b6,c9b27031-87c9-43ee-b334-ed735406cee8,4579-4386-8488,6623-7076-7026,State Bank of India,SBIN0439958,Chandigarh,Chandigarh,Chandigarh,30.749162,76.769,39107.0,2026-08-21T18:45:41,3,1
afde1cac-786f-4e3f-9fb2-2f0637544ee3,c9b27031-87c9-43ee-b334-ed735406cee8,5590-4239-6342,6623-7076-7026,State Bank of India,SBIN0505508,Chandigarh,Chandigarh,Chandigarh,30.71866,76.787803,47706.24,2026-08-21T18:48:01,3,1
f2375609-401e-4093-bacd-d78cb2c6f3e9,c9b27031-87c9-43ee-b334-ed735406cee8,1277-2916-6996,6623-7076-7026,State Bank of India,SBIN0564634,Chandigarh,Chandigarh,Chandigarh,30.717889,76.779958,34770.94,2026-08-21T18:49:11,3,1
68d1f770-5ec9-4b24-bb67-f9dddbe64be6,2f6ceec7-dffd-4f29-b94d-c73f4a538c0f,2217-4674-6652,6127-3146-7012,YES Bank,YESB0164700,Chandigarh,Chandigarh,Chandigarh,30.77754,76.818822,406297.84,2026-07-26T03:34:24,1,0
5c43fdea-4cdd-46bf-b9dd-effc18d5ab26,2f6ceec7-dffd-4f29-b94d-c73f4a538c0f,6127-3146-7012,9202-3687-2217,Federal Bank,FDRL0492440,Chandigarh,Chandigarh,Chandigarh,30.732443,76.800453,179875.39,2026-07-26T03:35:13,2,0
60dffefa-2d41-47ff-9ecb-0ae6db36ea0e,2f6ceec7-dffd-4f29-b94d-c73f4a538c0f,6127-3146-7012,7461-6133-2577,ICICI Bank,ICIC0942877,Delhi,Central Delhi,Delhi,28.584351,77.237949,34602.42,2026-07-26T03:36:03,2,0
271539b7-aab4-4eaf-8ee3-12bd31643bf1,2f6ceec7-dffd-4f29-b94d-c73f4a538c0f,6127-3146-7012,2099-4030-2516,ICICI Bank,ICIC0761310,Chennai,Chennai,Tamil Nadu,13.071272,80.282996,191820.03,2026-07-26T03:37:15,2,0
d5085377-3d16-4356-9c8b-0dd92969654e,2f6ceec7-dffd-4f29-b94d-c73f4a538c0f,7461-6133-2577,9403-9960-3318,Punjab National Bank,PUNB0962489,Delhi,Central Delhi,Delhi,28.623051,77.216328,31142.18,2026-07-26T03:38:39,3,1
ea57dd3d-7c36-4aee-9991-285b0d2fca87,2f6ceec7-dffd-4f29-b94d-c73f4a538c0f,9202-3687-2217,9403-9960-3318,Punjab National Bank,PUNB0280672,Delhi,Central Delhi,Delhi,28.62284,77.192662,161887.85,2026-07-26T03:40:09,3,1
da33e09f-6aae-42e0-9b93-8ee3caece3c5,2f6ceec7-dffd-4f29-b94d-c73f4a538c0f,2099-4030-2516,9403-9960-3318,Punjab National Bank,PUNB0873667,Delhi,Central Delhi,Delhi,28.633581,77.224122,172638.03,2026-07-26T03:41:30,3,1
a00ec741-cc91-4aec-9854-615ab404ce24,4bf9b82f-7448-4b82-8bf7-0a11bce5f265,1157-3832-4281,4826-5744-1361,HDFC Bank,HDFC0678475,Bhopal,Bhopal,Madhya Pradesh,23.300018,77.39877,365230.89,2026-08-16T06:26:01,1,0
85458430-8347-4e8c-b956-107b2bea15e3,4bf9b82f-7448-4b82-8bf7-0a11bce5f265,1157-3832-4281,5104-2478-3884,ICICI Bank,ICIC0601424,Bengaluru,Bengaluru Urban,Karnataka,12.978767,77.602899,42466.39,2026-08-16T06:26:53,1,0
99b70f36-01f6-4d14-815b-02119aa8a13f,4bf9b82f-7448-4b82-8bf7-0a11bce5f265,4826-5744-1361,1440-5625-8838,South Indian Bank,SIBL0192841,Pune,Pune,Maharashtra,18.48403,73.89779,365230.89,2026-08-16T06:28:01,2,0
5eee731f-68db-43d3-a8b0-72384a0eb317,4bf9b82f-7448-4b82-8bf7-0a11bce5f265,5104-2478-3884,3520-6323-5955,State Bank of India,SBIN0680584,Noida,Gautam Buddh Nagar,Uttar Pradesh,28.575504,77.349696,42466.39,2026-08-16T06:28:57,2,0
af479761-68dd-4f40-b71d-bc09e1d9cfea,4bf9b82f-7448-4b82-8bf7-0a11bce5f265,1440-5625-8838,5957-4821-5292,Union Bank of India,UBIN0484711,Lucknow,Lucknow,Uttar Pradesh,26.843999,80.916413,365230.89,2026-08-16T06:33:22,3,1
a0ec914a-8c86-494b-805c-a696a934d1b5,4bf9b82f-7448-4b82-8bf7-0a11bce5f265,3520-6323-5955,8564-8004-9959,HDFC Bank,HDFC0617544,Gurgaon,Gurugram,Haryana,28.433422,77.058539,42466.39,2026-08-16T06:36:08,3,1
c6245c66-3dfc-47ea-904d-59681e951475,f961a4d3-4538-43f7-aa86-94ff74e28e9a,2908-3469-1424,2414-4339-9232,Axis Bank,UTIB0196748,Delhi,Central Delhi,Delhi,28.5929,77.24493,271690.43,2026-06-30T11:45:56,1,0
9378533e-400a-47e0-8ca3-ef32cccc35b9,f961a4d3-4538-43f7-aa86-94ff74e28e9a,2414-4339-9232,1563-3666-9612,YES Bank,YESB0265447,Bengaluru,Bengaluru Urban,Karnataka,12.940426,77.62705,8180.69,2026-06-30T11:46:45,2,0
238a06e9-23c0-484b-97fb-2832b9233419,f961a4d3-4538-43f7-aa86-94ff74e28e9a,2414-4339-9232,1831-9929-9655,IndusInd Bank,INDB0718753,Ahmedabad,Ahmedabad,Gujarat,22.97611,72.536808,55160.31,2026-06-30T11:47:21,2,0
90d16a0d-913b-4698-a9c0-78521372e233,f961a4d3-4538-43f7-aa86-94ff74e28e9a,2414-4339-9232,2150-7223-7752,Axis Bank,UTIB0436523,Mumbai,Mumbai City,Maharashtra,19.065256,72.883859,208349.42,2026-06-30T11:48:33,2,0
52380f6b-4af0-4015-b921-f00182265f85,f961a4d3-4538-43f7-aa86-94ff74e28e9a,1563-3666-9612,4825-8062-7532,Kotak Mahindra Bank,KKBK0846087,Delhi,Central Delhi,Delhi,28.6291,77.22862,7362.62,2026-06-30T11:50:11,3,1
403a5a05-c767-4e07-9fcb-06fd127e4ba4,f961a4d3-4538-43f7-aa86-94ff74e28e9a,1831-9929-9655,4825-8062-7532,Kotak Mahindra Bank,KKBK0607776,Delhi,Central Delhi,Delhi,28.597303,77.22333,49644.28,2026-06-30T11:53:07,3,1
ac5611ed-8949-447e-8faf-7c37121ce44f,f961a4d3-4538-43f7-aa86-94ff74e28e9a,2150-7223-7752,4825-8062-7532,Kotak Mahindra Bank,KKBK0824337,Delhi,Central Delhi,Delhi,28.615814,77.211527,187514.48,2026-06-30T11:54:34,3,1
12ede7f9-1fdb-4d00-ae9c-0ea17b3160de,b7381eb2-8201-49d1-a651-d023423f2ea4,9293-8850-5760,6260-1494-2835,IDBI Bank,IBKL0919694,Mumbai,Mumbai City,Maharashtra,19.041889,72.904044,72116.51,2026-08-10T21:26:48,1,0
17f51411-82c9-4a0d-9e8a-65858cdeaa47,b7381eb2-8201-49d1-a651-d023423f2ea4,6260-1494-2835,5463-5317-7027,State Bank of India,SBIN0180334,Chennai,Chennai,Tamil Nadu,13.05831,80.272624,72116.51,2026-08-10T21:27:45,2,0
41771546-2f7f-4510-8ebd-5f9c620463d5,b7381eb2-8201-49d1-a651-d023423f2ea4,5463-5317-7027,1950-9125-8434,YES Bank,YESB0260952,Lucknow,Lucknow,Uttar Pradesh,26.832511,80.982166,72116.51,2026-08-10T21:30:13,3,0
27f0b6b1-1402-4ae6-bd6d-1f52212dc9ec,b7381eb2-8201-49d1-a651-d023423f2ea4,1950-9125-8434,8524-3490-4704,Federal Bank,FDRL0892621,Hyderabad,Hyderabad,Telangana,17.409639,78.448467,72116.51,2026-08-10T21:31:32,4,1
f07b72d9-84bd-414a-99c3-7c33c2b35ad4,c1d9c0cf-6ad4-4142-8eed-e1d81d810373,4208-9150-9254,2258-2520-1898,Canara Bank,CNRB0584082,Hyderabad,Hyderabad,Telangana,17.337271,78.471237,45028.97,2026-08-07T03:15:40,1,0
a02e7e6f-1639-465f-8bc4-0c2aea249c97,c1d9c0cf-6ad4-4142-8eed-e1d81d810373,4208-9150-9254,6168-8200-1507,Punjab National Bank,PUNB0726205,Hyderabad,Hyderabad,Telangana,17.421266,78.533485,56897.17,2026-08-07T03:16:28,1,0
de87b6a8-1075-42f2-8e78-01324056ee53,c1d9c0cf-6ad4-4142-8eed-e1d81d810373,4208-9150-9254,4079-7211-4371,IndusInd Bank,INDB0357492,Ahmedabad,Ahmedabad,Gujarat,23.05863,72.535092,26664.09,2026-08-07T03:17:03,1,0
1359ecff-2961-4cb0-9590-5843fe5817de,c1d9c0cf-6ad4-4142-8eed-e1d81d810373,2258-2520-1898,4574-8556-1971,Kotak Mahindra Bank,KKBK0878242,Noida,Gautam Buddh Nagar,Uttar Pradesh,28.553619,77.393291,45028.97,2026-08-07T03:17:34,2,0
e3cea0a1-ef32-429d-a271-5a80ca212439,c1d9c0cf-6ad4-4142-8eed-e1d81d810373,6168-8200-1507,1432-9117-2076,IndusInd Bank,INDB0686608,Delhi,Central Delhi,Delhi,28.605986,77.183965,56897.17,2026-08-07T03:18:21,2,0
4138d556-2025-4d23-a206-a375d4db9d65,c1d9c0cf-6ad4-4142-8eed-e1d81d810373,4079-7211-4371,5886-4530-1501,YES Bank,YESB0454046,Hyderabad,Hyderabad,Telangana,17.423955,78.514532,26664.09,2026-08-07T03:19:42,2,0
ee80713e-d259-47cc-b1d6-1adb4d265f39,c1d9c0cf-6ad4-4142-8eed-e1d81d810373,1432-9117-2076,4987-8669-6489,UCO Bank,UCBA0981568,Lucknow,Lucknow,Uttar Pradesh,26.849811,80.93366,51207.45,2026-08-07T03:20:42,3,1
02badc04-5ef1-4e4f-a31f-cefc1a01996b,c1d9c0cf-6ad4-4142-8eed-e1d81d810373,4574-8556-1971,4987-8669-6489,UCO Bank,UCBA0992252,Lucknow,Lucknow,Uttar Pradesh,26.862274,80.962733,40526.07,2026-08-07T03:22:49,3,1
2a432457-38de-465c-b771-b07df5f40bb2,c1d9c0cf-6ad4-4142-8eed-e1d81d810373,5886-4530-1501,4987-8669-6489,UCO Bank,UCBA0826088,Lucknow,Lucknow,Uttar Pradesh,26.832355,80.941153,23997.68,2026-08-07T03:25:36,3,1
c3cb4ff7-aa7e-488f-a7ca-e667b30afb52,cafb5bf2-3b2d-4f1d-a72c-4fec330e165b,5494-6833-6183,4466-2873-7894,State Bank of India,SBIN0425912,Mumbai,Mumbai City,Maharashtra,19.077938,72.844209,290825.64,2026-06-25T03:46:57,1,0
84202d07-74f7-4775-af95-29822477cc08,cafb5bf2-3b2d-4f1d-a72c-4fec330e165b,4466-2873-7894,8018-9120-9890,South Indian Bank,SIBL0674414,Mumbai,Mumbai City,Maharashtra,19.097043,72.847245,290825.64,2026-06-25T03:48:02,2,0
5b33e827-644f-42ad-a29d-a6bd7de4a733,cafb5bf2-3b2d-4f1d-a72c-4fec330e165b,8018-9120-9890,4940-9714-1278,Punjab National Bank,PUNB0346819,Lucknow,Lucknow,Uttar Pradesh,26.837819,80.940098,290825.64,2026-06-25T03:49:10,3,1
2989861a-1c74-4bc0-85e8-30dca89e11ad,7b286648-4af7-4349-9bc9-7ba5d9c20e92,6098-7771-7899,9474-8057-8857,Kotak Mahindra Bank,KKBK0192627,Patna,Patna,Bihar,25.557127,85.127632,160327.1,2026-08-10T20:47:43,1,0
b4af545f-2d50-452a-b4a5-ec3d0dc85207,7b286648-4af7-4349-9bc9-7ba5d9c20e92,6098-7771-7899,5354-2609-7437,Kotak Mahindra Bank,KKBK0461975,Bengaluru,Bengaluru Urban,Karnataka,13.010626,77.602109,44084.03,2026-08-10T20:47:59,1,0
8973380b-557c-488d-82b9-10e8ddcb62da,7b286648-4af7-4349-9bc9-7ba5d9c20e92,9474-8057-8857,7547-1611-2996,State Bank of India,SBIN0208463,Kolkata,Kolkata,West Bengal,22.533691,88.391525,65953.36,2026-08-10T20:48:48,2,0
f5486553-b6ea-4bd8-8870-aa0a4cdd397f,7b286648-4af7-4349-9bc9-7ba5d9c20e92,9474-8057-8857,5262-6871-9411,YES Bank,YESB0487838,Noida,Gautam Buddh Nagar,Uttar Pradesh,28.529441,77.395405,94373.74,2026-08-10T20:49:34,2,0
38f088af-591f-450d-aca2-7c3044542757,7b286648-4af7-4349-9bc9-7ba5d9c20e92,5354-2609-7437,6105-4509-7213,Punjab National Bank,PUNB0132555,Hyderabad,Hyderabad,Telangana,17.420975,78.524445,3261.74,2026-08-10T20:50:10,2,0
62b43e02-3305-4fa2-97f9-d8e40ab47cb8,7b286648-4af7-4349-9bc9-7ba5d9c20e92,5354-2609-7437,2121-2190-7784,HDFC Bank,HDFC0737085,Kolkata,Kolkata,West Bengal,22.539239,88.388752,8762.99,2026-08-10T20:50:44,2,0
056ad096-e040-4b71-8744-5075fe498316,7b286648-4af7-4349-9bc9-7ba5d9c20e92,5354-2609-7437,9831-7245-2937,YES Bank,YESB0458293,Bengaluru,Bengaluru Urban,Karnataka,12.955579,77.607659,32059.29,2026-08-10T20:51:15,2,0
2ec38fe1-8b4b-41cb-8b69-82a4c3d80534,7b286648-4af7-4349-9bc9-7ba5d9c20e92,6105-4509-7213,9204-5043-7222,Union Bank of India,UBIN0990548,Patna,Patna,Bihar,25.611823,85.156438,2935.57,2026-08-10T20:52:47,3,1
a82346ca-c5cd-452b-866b-0721951638ae,7b286648-4af7-4349-9bc9-7ba5d9c20e92,9831-7245-2937,9204-5043-7222,Union Bank of India,UBIN0624111,Patna,Patna,Bihar,25.592183,85.157146,28853.36,2026-08-10T20:54:16,3,1
883e82c4-b772-4317-9fdb-652da7c39b21,7b286648-4af7-4349-9bc9-7ba5d9c20e92,7547-1611-2996,9204-5043-7222,Union Bank of India,UBIN0128628,Patna,Patna,Bihar,25.582036,85.152691,59358.02,2026-08-10T20:56:59,3,1
d8e4919b-c3e2-4bec-8494-d5b9faf5ffcf,7b286648-4af7-4349-9bc9-7ba5d9c20e92,5262-6871-9411,9204-5043-7222,Union Bank of India,UBIN0385937,Patna,Patna,Bihar,25.599375,85.13019,84936.37,2026-08-10T20:59:25,3,1
c051fd91-2523-47d0-a254-4bcc763c476c,9b27257d-b232-4a29-8d73-879a0d2ec34b,6802-7721-7946,1145-4782-1113,HDFC Bank,HDFC0533756,Ahmedabad,Ahmedabad,Gujarat,23.036853,72.535167,293067.99,2026-08-22T10:18:56,1,0
1550e1ea-21c6-4d25-ba53-2bde6ee0e6e1,9b27257d-b232-4a29-8d73-879a0d2ec34b,1145-4782-1113,3454-4613-9563,ICICI Bank,ICIC0203792,Lucknow,Lucknow,Uttar Pradesh,26.861863,80.968878,50405.36,2026-08-22T10:20:09,2,0
f22d137e-847b-4c89-849c-6952184e0cef,9b27257d-b232-4a29-8d73-879a0d2ec34b,1145-4782-1113,7167-8726-5375,Kotak Mahindra Bank,KKBK0941924,Lucknow,Lucknow,Uttar Pradesh,26.817466,80.975984,242662.63,2026-08-22T10:21:28,2,0
e4dccd9c-d001-4acb-9516-a06c2a74e724,9b27257d-b232-4a29-8d73-879a0d2ec34b,3454-4613-9563,1906-6322-8388,YES Bank,YESB0303086,Ahmedabad,Ahmedabad,Gujarat,22.998364,72.599489,50405.36,2026-08-22T10:22:33,3,0
52dbd3cd-f705-40f5-adec-8970c17f6689,9b27257d-b232-4a29-8d73-879a0d2ec34b,1906-6322-8388,2393-7658-6909,Union Bank of India,UBIN0173015,Noida,Gautam Buddh Nagar,Uttar Pradesh,28.504398,77.421353,50405.36,2026-08-22T10:23:41,4,1
e9eaea9c-bf66-4b44-9884-e380d0e6ce4a,4fc1180b-0fc6-4533-9599-2643c236a166,1315-4941-5507,5126-5456-4093,South Indian Bank,SIBL0446784,Ahmedabad,Ahmedabad,Gujarat,23.043753,72.57904,252034.97,2026-07-07T16:21:38,1,0
fa5cd820-5bf8-4f2e-88f2-de64937df37e,4fc1180b-0fc6-4533-9599-2643c236a166,1315-4941-5507,8763-8592-1555,HDFC Bank,HDFC0950710,Pune,Pune,Maharashtra,18.488524,73.902166,95866.02,2026-07-07T16:22:33,1,0
3a4a1e04-3c8e-4bb0-8cff-24b9ffe8df04,4fc1180b-0fc6-4533-9599-2643c236a166,1315-4941-5507,1255-7880-3829,Punjab National Bank,PUNB0885222,Ahmedabad,Ahmedabad,Gujarat,23.01122,72.579008,50959.58,2026-07-07T16:22:59,1,0
e6866ec2-1be1-40e3-b2e4-11d1a242bcab,4fc1180b-0fc6-4533-9599-2643c236a166,5126-5456-4093,3264-2385-8798,Bank of Baroda,BARB0624801,Gurgaon,Gurugram,Haryana,28.410275,76.977798,99884.6,2026-07-07T16:23:59,2,0
993d6231-2ce7-44ba-9a1f-53c157c19de3,4fc1180b-0fc6-4533-9599-2643c236a166,5126-5456-4093,6795-8129-3136,South Indian Bank,SIBL0853349,Lucknow,Lucknow,Uttar Pradesh,26.883134,80.961036,152150.37,2026-07-07T16:24:55,2,0
73504361-910d-4362-9e46-13b8ddb5cea6,4fc1180b-0fc6-4533-9599-2643c236a166,8763-8592-1555,4353-5438-6014,ICICI Bank,ICIC0428250,Mumbai,Mumbai City,Maharashtra,19.093416,72.909311,18477.96,2026-07-07T16:26:02,2,0
d9db5d58-665c-44cc-a418-67e94a616d89,4fc1180b-0fc6-4533-9599-2643c236a166,8763-8592-1555,8552-5662-6225,Axis Bank,UTIB0339026,Kolkata,Kolkata,West Bengal,22.604931,88.356156,77388.06,2026-07-07T16:27:17,2,0
50703385-6236-48aa-a93a-01ab09be522d,4fc1180b-0fc6-4533-9599-2643c236a166,1255-7880-3829,9427-8969-2492,HDFC Bank,HDFC0816269,Gurgaon,Gurugram,Haryana,28.48071,77.004987,29496.55,2026-07-07T16:28:22,2,0
ee4a7daa-415e-42db-b973-d4d05f51571c,4fc1180b-0fc6-4533-9599-2643c236a166,1255-7880-3829,1756-1868-2482,Bank of Baroda,BARB0524710,Chennai,Chennai,Tamil Nadu,13.127904,80.294467,7799.36,2026-07-07T16:29:33,2,0
d1857f14-cdcc-48e9-b044-71ddc11fef92,4fc1180b-0fc6-4533-9599-2643c236a166,1255-7880-3829,8290-1209-8620,State Bank of India,SBIN0383727,Bhopal,Bhopal,Madhya Pradesh,23.297296,77.440419,13663.67,2026-07-07T16:30:18,2,0
63de67a8-59bf-4377-b234-e54634ede935,4fc1180b-0fc6-4533-9599-2643c236a166,4353-5438-6014,5725-3846-5017,Bank of Baroda,BARB0911459,Lucknow,Lucknow,Uttar Pradesh,26.83269,80.966058,16630.16,2026-07-07T16:32:02,3,1
5efeec04-8a06-41cf-a8f8-1f321649e6db,4fc1180b-0fc6-4533-9599-2643c236a166,9427-8969-2492,5725-3846-5017,Bank of Baroda,BARB0668141,Lucknow,Lucknow,Uttar Pradesh,26.83478,80.934731,26546.9,2026-07-07T16:34:46,3,1
e6c59cfa-4d37-40d3-80c4-a036ec8bda0e,4fc1180b-0fc6-4533-9599-2643c236a166,8290-1209-8620,5725-3846-5017,Bank of Baroda,BARB0807267,Lucknow,Lucknow,Uttar Pradesh,26.848095,80.945075,12297.3,2026-07-07T16:36:07,3,1
02a23c0a-31c1-44f9-8aa2-085a0ba788af,4fc1180b-0fc6-4533-9599-2643c236a166,3264-2385-8798,5725-3846-5017,Bank of Baroda,BARB0525075,Lucknow,Lucknow,Uttar Pradesh,26.853037,80.949151,89896.14,2026-07-07T16:37:52,3,1
d30e2d63-4d37-4e87-9c06-4fee080dd361,4fc1180b-0fc6-4533-9599-2643c236a166,1756-1868-2482,5725-3846-5017,Bank of Baroda,BARB0230751,Lucknow,Lucknow,Uttar Pradesh,26.853082,80.928131,7019.42,2026-07-07T16:40:03,3,1
fea49d33-1e27-4476-86bd-05cf46ee8ede,4723fc9f-65fb-4aca-bbe5-cbf4d93cc7d0,7792-6336-7199,8476-8739-2570,ICICI Bank,ICIC0864160,Chandigarh,Chandigarh,Chandigarh,30.756195,76.735875,337390.3,2026-07-01T20:38:04,1,0
1eb6e0fd-38b0-45e3-a956-3f8cfcbe1b4d,4723fc9f-65fb-4aca-bbe5-cbf4d93cc7d0,7792-6336-7199,2356-6597-9481,Federal Bank,FDRL0139341,Chennai,Chennai,Tamil Nadu,13.100214,80.272874,77639.79,2026-07-01T20:38:47,1,0
aa211b3c-2029-4832-9e3f-ae6edc9e8fda,4723fc9f-65fb-4aca-bbe5-cbf4d93cc7d0,8476-8739-2570,5548-2195-1033,South Indian Bank,SIBL0370317,Hyderabad,Hyderabad,Telangana,17.360458,78.507956,171751.2,2026-07-01T20:39:36,2,0
6cd7ba8f-9d0e-4f03-b3b0-1f43fa264700,4723fc9f-65fb-4aca-bbe5-cbf4d93cc7d0,8476-8739-2570,8989-2979-2900,HDFC Bank,HDFC0997852,Ahmedabad,Ahmedabad,Gujarat,23.022984,72.527435,155502.5,2026-07-01T20:40:11,2,0
ab29c7ac-2d3f-4560-8308-bc2282ad2fd7,4723fc9f-65fb-4aca-bbe5-cbf4d93cc7d0,8476-8739-2570,7824-2953-2246,Kotak Mahindra Bank,KKBK0939117,Bengaluru,Bengaluru Urban,Karnataka,12.951943,77.617745,10136.6,2026-07-01T20:41:17,2,0
7b6da710-cacc-4e7c-b678-1703512b7314,4723fc9f-65fb-4aca-bbe5-cbf4d93cc7d0,2356-6597-9481,9019-4487-9457,Kotak Mahindra Bank,KKBK0801607,Lucknow,Lucknow,Uttar Pradesh,26.844985,80.925439,1052.51,2026-07-01T20:42:02,2,0
a7dc5c4e-89d7-406c-b20d-19e549c446e0,4723fc9f-65fb-4aca-bbe5-cbf4d93cc7d0,2356-6597-9481,9955-6512-4026,Federal Bank,FDRL0619650,Lucknow,Lucknow,Uttar Pradesh,26.842549,80.901851,76587.28,2026-07-01T20:43:15,2,0
01a7eb41-4c52-4c7f-9f1f-f009a0cfb10c,4723fc9f-65fb-4aca-bbe5-cbf4d93cc7d0,9955-6512-4026,4969-3827-6477,South Indian Bank,SIBL0190750,Noida,Gautam Buddh Nagar,Uttar Pradesh,28.545539,77.400083,68928.55,2026-07-01T20:44:35,3,1
a6371adf-d8f8-458c-af07-e405f3ff4cff,4723fc9f-65fb-4aca-bbe5-cbf4d93cc7d0,5548-2195-1033,4969-3827-6477,South Indian Bank,SIBL0968548,Noida,Gautam Buddh Nagar,Uttar Pradesh,28.516732,77.409756,154576.08,2026-07-01T20:46:46,3,1
9cc8b260-097a-479a-957c-1f8818c34d2f,4723fc9f-65fb-4aca-bbe5-cbf4d93cc7d0,7824-2953-2246,4969-3827-6477,South Indian Bank,SIBL0274060,Noida,Gautam Buddh Nagar,Uttar Pradesh,28.531747,77.39387,9122.94,2026-07-01T20:49:22,3,1
d71f72e6-34bd-49bf-bff9-6fff6a95ad4f,4723fc9f-65fb-4aca-bbe5-cbf4d93cc7d0,9019-4487-9457,4969-3827-6477,South Indian Bank,SIBL0163336,Noida,Gautam Buddh Nagar,Uttar Pradesh,28.54008,77.397634,947.26,2026-07-01T20:51:36,3,1
a4122c93-472d-427f-be3a-900d1af6a775,4723fc9f-65fb-4aca-bbe5-cbf4d93cc7d0,8989-2979-2900,4969-3827-6477,South Indian Bank,SIBL0863376,Noida,Gautam Buddh Nagar,Uttar Pradesh,28.516281,77.392646,139952.25,2026-07-01T20:53:28,3,1
dd63ac1f-1796-4487-b210-41058d54e88c,2179d28d-8f25-4ffb-8a8d-02b8d5f38701,4330-9999-4522,6914-8526-2035,IDBI Bank,IBKL0969383,Delhi,Central Delhi,Delhi,28.565287,77.227287,6302.78,2026-07-29T20:43:54,1,0
49a30769-f503-4d14-a8ea-11da4cf470d2,2179d28d-8f25-4ffb-8a8d-02b8d5f38701,4330-9999-4522,7715-6037-7594,Kotak Mahindra Bank,KKBK0972380,Delhi,Central Delhi,Delhi,28.639601,77.218373,14426.13,2026-07-29T20:44:51,1,0
cc0ef619-0d61-4d25-ad43-9b06561292b0,2179d28d-8f25-4ffb-8a8d-02b8d5f38701,4330-9999-4522,9677-3188-2776,Kotak Mahindra Bank,KKBK0950125,Delhi,Central Delhi,Delhi,28.588497,77.211019,7012.84,2026-07-29T20:45:02,1,0
681508b5-4f68-45d8-be42-d76aa6107018,2179d28d-8f25-4ffb-8a8d-02b8d5f38701,6914-8526-2035,9646-9390-7830,IDBI Bank,IBKL0900811,Lucknow,Lucknow,Uttar Pradesh,26.840164,80.976958,6302.78,2026-07-29T20:46:30,2,0
03562ae2-dfb3-4c50-b395-2e15735a1d80,2179d28d-8f25-4ffb-8a8d-02b8d5f38701,7715-6037-7594,4683-3690-1599,UCO Bank,UCBA0805048,Gurgaon,Gurugram,Haryana,28.479024,77.020119,11054.18,2026-07-29T20:47:17,2,0
7f9eebaf-078b-4679-a9ea-63dd9b6e3342,2179d28d-8f25-4ffb-8a8d-02b8d5f38701,7715-6037-7594,9170-1575-9435,Punjab National Bank,PUNB0561644,Kolkata,Kolkata,West Bengal,22.609123,88.407287,1174.59,2026-07-29T20:48:33,2,0
375e075b-3265-444a-a167-fca1c77922e0,2179d28d-8f25-4ffb-8a8d-02b8d5f38701,7715-6037-7594,4843-5472-9267,UCO Bank,UCBA0464498,Hyderabad,Hyderabad,Telangana,17.340927,78.484177,2197.37,2026-07-29T20:49:14,2,0
c3989f42-06f2-42c9-8e3c-00502b6820e6,2179d28d-8f25-4ffb-8a8d-02b8d5f38701,9677-3188-2776,5407-6575-7471,Kotak Mahindra Bank,KKBK0477959,Hyderabad,Hyderabad,Telangana,17.402698,78.445681,3700.95,2026-07-29T20:50:11,2,0
061943b1-b051-4d24-992f-5e0fb5b5c5c3,2179d28d-8f25-4ffb-8a8d-02b8d5f38701,9677-3188-2776,6188-8235-3182,Union Bank of India,UBIN0626537,Gurgaon,Gurugram,Haryana,28.419796,77.076394,3311.89,2026-07-29T20:51:19,2,0
0500b63d-2994-4759-8120-f8d8e23e6315,2179d28d-8f25-4ffb-8a8d-02b8d5f38701,4843-5472-9267,1661-4175-6035,Bank of Baroda,BARB0891461,Patna,Patna,Bihar,25.580067,85.125036,1977.63,2026-07-29T20:52:35,3,1
52ca2742-9d8a-4753-bc4f-f7f07bf06d10,2179d28d-8f25-4ffb-8a8d-02b8d5f38701,6188-8235-3182,1661-4175-6035,Bank of Baroda,BARB0516496,Patna,Patna,Bihar,25.598558,85.156668,2980.7,2026-07-29T20:53:57,3,1
f90e60f2-459c-464b-bb44-d49f224cae65,2179d28d-8f25-4ffb-8a8d-02b8d5f38701,9170-1575-9435,1661-4175-6035,Bank of Baroda,BARB0327233,Patna,Patna,Bihar,25.5791,85.147328,1057.13,2026-07-29T20:55:04,3,1
06ac9d6b-ade7-42bb-9a71-fb6eedc58beb,2179d28d-8f25-4ffb-8a8d-02b8d5f38701,9646-9390-7830,1661-4175-6035,Bank of Baroda,BARB0368109,Patna,Patna,Bihar,25.587913,85.155721,5672.5,2026-07-29T20:57:28,3,1
9741c8e2-cfa3-4268-bfdd-3df3983e7f3c,2089e4fe-acf5-4007-986a-f220d1402c80,8263-4648-4957,1540-8560-5225,YES Bank,YESB0868019,Delhi,Central Delhi,Delhi,28.60201,77.192501,223436.54,2026-05-30T03:12:13,1,0
f139f248-c165-4169-b0e4-58b1451a3c6b,2089e4fe-acf5-4007-986a-f220d1402c80,1540-8560-5225,9436-6616-3402,IDBI Bank,IBKL0485976,Chennai,Chennai,Tamil Nadu,13.044917,80.25496,25160.44,2026-05-30T03:13:08,2,0
5fbd2a90-3ec6-47b8-95b4-28996e8d52e7,2089e4fe-acf5-4007-986a-f220d1402c80,1540-8560-5225,3432-5452-8618,Axis Bank,UTIB0896976,Chennai,Chennai,Tamil Nadu,13.095988,80.280055,198276.1,2026-05-30T03:14:13,2,0
08dd92ec-f831-44f2-9ba7-1352331a8a09,2089e4fe-acf5-4007-986a-f220d1402c80,9436-6616-3402,6868-4439-7544,South Indian Bank,SIBL0528023,Patna,Patna,Bihar,25.604148,85.108487,25160.44,2026-05-30T03:18:18,3,1
872626db-1650-4b5f-a992-411ea1dc75eb,be5aebb6-5d7a-498f-af63-010bd1a70e70,9070-8118-4777,5224-3122-3448,Bank of Baroda,BARB0519689,Lucknow,Lucknow,Uttar Pradesh,26.812634,80.990847,51203.29,2026-07-04T01:28:58,1,0
c9ccefff-eb4c-4318-b757-1e972697a3c5,be5aebb6-5d7a-498f-af63-010bd1a70e70,5224-3122-3448,4782-8624-3290,State Bank of India,SBIN0949255,Mumbai,Mumbai City,Maharashtra,19.048943,72.874854,22164.21,2026-07-04T01:29:34,2,0
6549b01f-91ef-43a3-b635-9e71bf3a2b5e,be5aebb6-5d7a-498f-af63-010bd1a70e70,5224-3122-3448,4589-9147-3895,IDBI Bank,IBKL0849082,Lucknow,Lucknow,Uttar Pradesh,26.885235,80.896891,23857.47,2026-07-04T01:30:53,2,0
4612da15-f4b4-4115-88c5-791bd4a4b2a8,be5aebb6-5d7a-498f-af63-010bd1a70e70,5224-3122-3448,4051-6521-4406,UCO Bank,UCBA0249500,Pune,Pune,Maharashtra,18.535898,73.831798,5181.61,2026-07-04T01:32:07,2,0
13d5306d-b82b-408d-8688-f1b904895c87,be5aebb6-5d7a-498f-af63-010bd1a70e70,4782-8624-3290,5376-4236-4130,Axis Bank,UTIB0306205,Chandigarh,Chandigarh,Chandigarh,30.740612,76.78469,19947.79,2026-07-04T01:34:44,3,1
031986d6-d322-4789-92e9-c95eeaa60f55,be5aebb6-5d7a-498f-af63-010bd1a70e70,4589-9147-3895,5376-4236-4130,Axis Bank,UTIB0950078,Chandigarh,Chandigarh,Chandigarh,30.733886,76.780735,21471.72,2026-07-04T01:36:52,3,1
c6981eb5-61b4-4558-9226-7a765f8b3546,be5aebb6-5d7a-498f-af63-010bd1a70e70,4051-6521-4406,5376-4236-4130,Axis Bank,UTIB0517987,Chandigarh,Chandigarh,Chandigarh,30.738685,76.798131,4663.45,2026-07-04T01:38:38,3,1
f10dcbf9-b3e2-4a0e-8e8b-e74e586aba98,378e11bd-c600-46b0-b02c-ef4a8b213780,6899-8976-9969,1207-5413-8614,Canara Bank,CNRB0790723,Ahmedabad,Ahmedabad,Gujarat,23.011064,72.523056,12763.33,2026-08-08T13:16:52,1,0
fe18f744-4482-4900-9180-66110ff1c350,378e11bd-c600-46b0-b02c-ef4a8b213780,6899-8976-9969,4590-8207-2655,IndusInd Bank,INDB0410160,Hyderabad,Hyderabad,Telangana,17.371953,78.507302,197706.77,2026-08-08T13:17:43,1,0
925157a2-ad20-48df-841e-32a1bd441218,378e11bd-c600-46b0-b02c-ef4a8b213780,6899-8976-9969,9581-7089-2862,Punjab National Bank,PUNB0972413,Lucknow,Lucknow,Uttar Pradesh,26.865816,80.905786,104204.02,2026-08-08T13:18:12,1,0
54ac4e2c-390b-4e21-9ffe-42f7982c0387,378e11bd-c600-46b0-b02c-ef4a8b213780,1207-5413-8614,9837-4644-8595,Bank of Baroda,BARB0847937,Mumbai,Mumbai City,Maharashtra,19.040547,72.910091,3894.75,2026-08-08T13:18:43,2,0
68abee63-9069-4295-b8ef-9135026b5f4d,378e11bd-c600-46b0-b02c-ef4a8b213780,1207-5413-8614,3577-8128-5740,IndusInd Bank,INDB0549499,Ahmedabad,Ahmedabad,Gujarat,23.024739,72.557666,8868.58,2026-08-08T13:19:25,2,0
a2af276b-3dd0-48c7-bb1f-ed473dbfc4c9,378e11bd-c600-46b0-b02c-ef4a8b213780,4590-8207-2655,5310-3175-9620,Axis Bank,UTIB0941785,Jaipur,Jaipur,Rajasthan,26.919617,75.759395,197706.77,2026-08-08T13:20:30,2,0
0a386116-e66c-4cbc-846a-15460b876c2e,378e11bd-c600-46b0-b02c-ef4a8b213780,9581-7089-2862,8679-9484-4566,Axis Bank,UTIB0199198,Gurgaon,Gurugram,Haryana,28.468886,77.014013,93095.93,2026-08-08T13:21:01,2,0
842ca74f-b926-4325-8720-4526d80ed78a,378e11bd-c600-46b0-b02c-ef4a8b213780,9581-7089-2862,4460-2315-7099,Federal Bank,FDRL0541037,Jaipur,Jaipur,Rajasthan,26.958795,75.817087,11108.09,2026-08-08T13:22:08,2,0
38d9e572-7531-4a32-9fb4-b99b1ca8e891,378e11bd-c600-46b0-b02c-ef4a8b213780,9837-4644-8595,1191-7490-8141,Canara Bank,CNRB0872214,Chandigarh,Chandigarh,Chandigarh,30.739274,76.775591,3505.28,2026-08-08T13:25:04,3,1
c68784f2-096a-4aac-acfe-96419c60f7dc,378e11bd-c600-46b0-b02c-ef4a8b213780,3577-8128-5740,1191-7490-8141,Canara Bank,CNRB0904691,Chandigarh,Chandigarh,Chandigarh,30.714773,76.785249,7981.72,2026-08-08T13:27:29,3,1
52a5c333-021b-4265-b039-0dd24ebebf0e,378e11bd-c600-46b0-b02c-ef4a8b213780,8679-9484-4566,1191-7490-8141,Canara Bank,CNRB0412123,Chandigarh,Chandigarh,Chandigarh,30.733068,76.778241,83786.34,2026-08-08T13:28:57,3,1
3312d382-6946-423e-b55f-bc97057d109a,474bc986-e6a6-4035-9274-fbb3716969ba,9714-8021-5040,6871-2458-1015,Union Bank of India,UBIN0294194,Bengaluru,Bengaluru Urban,Karnataka,12.952642,77.630252,5537.72,2026-07-15T08:39:13,1,0
04ff1450-e33d-4667-91ef-424fb8841bee,474bc986-e6a6-4035-9274-fbb3716969ba,6871-2458-1015,3767-3501-2690,South Indian Bank,SIBL0563225,Jaipur,Jaipur,Rajasthan,26.891896,75.794576,4797.22,2026-07-15T08:39:58,2,0
a565dc16-03da-49d7-9383-d8d16a5ccf6b,474bc986-e6a6-4035-9274-fbb3716969ba,6871-2458-1015,6328-6774-7560,Axis Bank,UTIB0733043,Ahmedabad,Ahmedabad,Gujarat,22.998217,72.555082,740.5,2026-07-15T08:40:54,2,0
9a8c37d5-aece-487b-a6f1-bc9418bc5dd5,474bc986-e6a6-4035-9274-fbb3716969ba,6328-6774-7560,4294-6699-6249,IDBI Bank,IBKL0534905,Pune,Pune,Maharashtra,18.506629,73.88457,740.5,2026-07-15T08:45:15,3,1
c88480b9-d47d-4aca-851f-09e4e8485205,9a49b728-56a7-4118-9879-3f6c09a7ae0c,4250-2220-8699,9413-9037-4558,State Bank of India,SBIN0874195,Gurgaon,Gurugram,Haryana,28.494717,76.97817,8990.97,2026-07-02T10:12:03,1,0
28daefe8-6a04-45be-97fe-4a35da8496c2,9a49b728-56a7-4118-9879-3f6c09a7ae0c,9413-9037-4558,8663-4342-7228,Canara Bank,CNRB0816068,Mumbai,Mumbai City,Maharashtra,19.100291,72.844474,8990.97,2026-07-02T10:13:15,2,0
bb5d2f04-c5ae-4827-bb39-555f586931df,9a49b728-56a7-4118-9879-3f6c09a7ae0c,8663-4342-7228,4356-4045-3785,Axis Bank,UTIB0629522,Pune,Pune,Maharashtra,18.515602,73.863128,8990.97,2026-07-02T10:17:21,3,0
d0699f34-f62c-4997-a37a-6aac6387f639,9a49b728-56a7-4118-9879-3f6c09a7ae0c,4356-4045-3785,2070-7980-7413,YES Bank,YESB0708447,Noida,Gautam Buddh Nagar,Uttar Pradesh,28.497884,77.401321,8990.97,2026-07-02T10:18:22,4,1
0321c913-a7bb-46c1-ade9-d0b77218a679,2584a998-d471-4f99-b155-58e5bf053894,9990-9509-8058,1375-8247-4405,South Indian Bank,SIBL0569000,Patna,Patna,Bihar,25.621455,85.143362,66901.24,2026-06-07T17:46:18,1,0
7cfbc47e-2741-4bef-b2cd-00f427a3fb0a,2584a998-d471-4f99-b155-58e5bf053894,9990-9509-8058,3527-7772-6071,IndusInd Bank,INDB0307305,Lucknow,Lucknow,Uttar Pradesh,26.863147,80.94761,51427.46,2026-06-07T17:47:04,1,0
9f034e21-91e1-466f-a24a-d29b6c00f727,2584a998-d471-4f99-b155-58e5bf053894,1375-8247-4405,6948-5577-2496,South Indian Bank,SIBL0406850,Hyderabad,Hyderabad,Telangana,17.426529,78.513816,64235.74,2026-06-07T17:47:40,2,0
c0fc6bf7-c48e-4a81-a6c4-f7a9b257d34d,2584a998-d471-4f99-b155-58e5bf053894,1375-8247-4405,8935-8057-1954,IndusInd Bank,INDB0769516,Bengaluru,Bengaluru Urban,Karnataka,13.016559,77.555344,1462.79,2026-06-07T17:48:52,2,0
999c2453-9a18-4f15-a85a-2442abfe39f1,2584a998-d471-4f99-b155-58e5bf053894,1375-8247-4405,1380-4241-9120,Bank of Baroda,BARB0614685,Patna,Patna,Bihar,25.625561,85.159177,1202.71,2026-06-07T17:49:40,2,0
b8618e77-0c02-442e-b767-4ca373997b22,2584a998-d471-4f99-b155-58e5bf053894,3527-7772-6071,8132-5917-5176,Kotak Mahindra Bank,KKBK0675775,Patna,Patna,Bihar,25.632318,85.16202,26853.05,2026-06-07T17:50:44,2,0
4b5e7a8b-8ef9-4386-84a9-87f777fc3c27,2584a998-d471-4f99-b155-58e5bf053894,3527-7772-6071,9089-4496-4830,South Indian Bank,SIBL0441397,Lucknow,Lucknow,Uttar Pradesh,26.809777,80.990538,24574.41,2026-06-07T17:52:04,2,0
0b649231-2679-46fa-8c0c-3cdfdcdc9879,2584a998-d471-4f99-b155-58e5bf053894,1380-4241-9120,6648-2439-4135,Kotak Mahindra Bank,KKBK0417658,Kolkata,Kolkata,West Bengal,22.582206,88.361602,1082.44,2026-06-07T17:54:46,3,1
f5b04e44-55d5-4acb-96f0-a9c8f430d9ab,2584a998-d471-4f99-b155-58e5bf053894,8132-5917-5176,6648-2439-4135,Kotak Mahindra Bank,KKBK0654345,Kolkata,Kolkata,West Bengal,22.589495,88.36549,24167.74,2026-06-07T17:57:01,3,1
6123af5d-9bf6-4da2-baaa-57c0c95cf1da,2584a998-d471-4f99-b155-58e5bf053894,8935-8057-1954,6648-2439-4135,Kotak Mahindra Bank,KKBK0566679,Kolkata,Kolkata,West Bengal,22.563538,88.376512,1316.51,2026-06-07T17:58:31,3,1
7f9f9fd2-8db1-4f3f-ae05-5123a504bd28,e0650768-6ebd-4721-b317-99ac1b79ac8b,1711-7607-9324,4511-9247-1664,ICICI Bank,ICIC0147268,Mumbai,Mumbai City,Maharashtra,19.07715,72.884765,47200.35,2026-06-12T09:08:55,1,0
a3f639fc-fd90-4975-ae7c-5fc7146fc6b3,e0650768-6ebd-4721-b317-99ac1b79ac8b,1711-7607-9324,7472-3584-6298,Federal Bank,FDRL0508875,Jaipur,Jaipur,Rajasthan,26.890442,75.817522,393889.2,2026-06-12T09:09:42,1,0
02f3db74-05ac-405c-89ce-18714678de11,e0650768-6ebd-4721-b317-99ac1b79ac8b,4511-9247-1664,3709-5345-4642,Bank of Baroda,BARB0217543,Gurgaon,Gurugram,Haryana,28.428166,76.986812,6677.99,2026-06-12T09:10:50,2,0
763f31e6-e437-4275-9236-d440b6a66c7f,e0650768-6ebd-4721-b317-99ac1b79ac8b,4511-9247-1664,5885-4804-6870,Canara Bank,CNRB0962500,Delhi,Central Delhi,Delhi,28.587413,77.204187,7383.02,2026-06-12T09:11:42,2,0
784df002-aeeb-4183-903d-be5353c49c34,e0650768-6ebd-4721-b317-99ac1b79ac8b,4511-9247-1664,5114-9657-7646,Union Bank of India,UBIN0147193,Kolkata,Kolkata,West Bengal,22.543558,88.400678,33139.34,2026-06-12T09:12:12,2,0
4f543465-f644-4ec3-84b5-161a99cec7d9,e0650768-6ebd-4721-b317-99ac1b79ac8b,7472-3584-6298,5763-7254-7998,Kotak Mahindra Bank,KKBK0372165,Hyderabad,Hyderabad,Telangana,17.37913,78.482656,112224.36,2026-06-12T09:12:55,2,0
58f0efe4-e33d-4e28-89a4-3ec3d1de5881,e0650768-6ebd-4721-b317-99ac1b79ac8b,7472-3584-6298,1011-5909-1960,South Indian Bank,SIBL0228477,Ahmedabad,Ahmedabad,Gujarat,23.038207,72.609534,281664.84,2026-06-12T09:14:12,2,0
9c7a255f-d95e-4216-8524-8d2ef76507d0,e0650768-6ebd-4721-b317-99ac1b79ac8b,3709-5345-4642,6538-1725-4895,IDBI Bank,IBKL0813639,Ahmedabad,Ahmedabad,Gujarat,23.018702,72.56392,6010.19,2026-06-12T09:16:56,3,1
d6fb1db6-c9fc-4b17-8604-4ad6ded947a0,e0650768-6ebd-4721-b317-99ac1b79ac8b,5885-4804-6870,6538-1725-4895,IDBI Bank,IBKL0678026,Ahmedabad,Ahmedabad,Gujarat,23.034046,72.579806,6644.72,2026-06-12T09:18:40,3,1
341782b5-cb3b-4517-94e8-76af19e86da2,e0650768-6ebd-4721-b317-99ac1b79ac8b,1011-5909-1960,6538-1725-4895,IDBI Bank,IBKL0836005,Ahmedabad,Ahmedabad,Gujarat,23.005305,72.573921,253498.36,2026-06-12T09:21:11,3,1
231f141b-1d32-45e9-a851-7eb31701fd64,e0650768-6ebd-4721-b317-99ac1b79ac8b,5114-9657-7646,6538-1725-4895,IDBI Bank,IBKL0146571,Ahmedabad,Ahmedabad,Gujarat,23.004196,72.584542,29825.41,2026-06-12T09:23:32,3,1
62ac4546-1c0f-421f-ae9c-4556c060ebd9,1ffa2ff5-c956-4815-9357-7a16a3ca0fdd,6142-9538-4630,4550-7108-3146,Canara Bank,CNRB0849860,Lucknow,Lucknow,Uttar Pradesh,26.862851,80.896327,283829.15,2026-07-28T07:45:12,1,0
df15a47d-09f8-4e6c-a550-abcaaceb744f,1ffa2ff5-c956-4815-9357-7a16a3ca0fdd,4550-7108-3146,9447-6141-6171,State Bank of India,SBIN0127170,Patna,Patna,Bihar,25.560835,85.121474,283829.15,2026-07-28T07:46:29,2,0
53f95bb6-b899-4e2a-9a84-4605a8cb50c7,1ffa2ff5-c956-4815-9357-7a16a3ca0fdd,9447-6141-6171,9497-1189-2735,South Indian Bank,SIBL0171911,Delhi,Central Delhi,Delhi,28.582336,77.18843,283829.15,2026-07-28T07:51:13,3,1
7ad851d8-4de0-46a9-8c03-1d6ef1d1519a,7940f529-3bbb-427b-b1e1-c7f8d91232d3,8629-2551-9879,7140-1897-7304,South Indian Bank,SIBL0947689,Jaipur,Jaipur,Rajasthan,26.871462,75.76682,460347.59,2026-07-28T21:11:16,1,0
5b678256-2956-48ea-90b5-f02c7dce3360,7940f529-3bbb-427b-b1e1-c7f8d91232d3,7140-1897-7304,2899-4107-7572,Federal Bank,FDRL0949933,Lucknow,Lucknow,Uttar Pradesh,26.856012,80.979531,40394.97,2026-07-28T21:12:28,2,0
87f7fcba-fa3f-46ce-9a7a-0e7e394be086,7940f529-3bbb-427b-b1e1-c7f8d91232d3,7140-1897-7304,7122-1592-6836,Canara Bank,CNRB0559299,Kolkata,Kolkata,West Bengal,22.530748,88.35721,399521.31,2026-07-28T21:13:34,2,0
9585536d-dab6-4691-abd0-a5b73a20a92c,7940f529-3bbb-427b-b1e1-c7f8d91232d3,7140-1897-7304,6505-2979-2554,Kotak Mahindra Bank,KKBK0606490,Noida,Gautam Buddh Nagar,Uttar Pradesh,28.486279,77.342147,20431.31,2026-07-28T21:14:46,2,0
695eec5d-c972-40b3-babb-256f3cb86b6c,7940f529-3bbb-427b-b1e1-c7f8d91232d3,6505-2979-2554,3669-6990-1282,Kotak Mahindra Bank,KKBK0836094,Chandigarh,Chandigarh,Chandigarh,30.717357,76.776303,18388.18,2026-07-28T21:17:42,3,1
8a9c4af7-5a5e-418b-adfe-f7945e688d4d,7940f529-3bbb-427b-b1e1-c7f8d91232d3,2899-4107-7572,3669-6990-1282,Kotak Mahindra Bank,KKBK0719699,Chandigarh,Chandigarh,Chandigarh,30.7221,76.791911,36355.47,2026-07-28T21:19:01,3,1
fd0e2e7a-6114-4c03-b4b2-0b8596cdd852,7940f529-3bbb-427b-b1e1-c7f8d91232d3,7122-1592-6836,3669-6990-1282,Kotak Mahindra Bank,KKBK0899440,Chandigarh,Chandigarh,Chandigarh,30.721089,76.782459,359569.18,2026-07-28T21:20:10,3,1
3d54276b-8899-4ab2-b4f2-c416f0a94fee,d47c357d-857c-479a-8e5a-d32631378ead,3208-1689-5344,1854-4493-8831,HDFC Bank,HDFC0594072,Chandigarh,Chandigarh,Chandigarh,30.732903,76.781615,377460.6,2026-07-26T07:25:07,1,0
848112c6-6115-4eb8-94da-8e509691ecf2,d47c357d-857c-479a-8e5a-d32631378ead,1854-4493-8831,7313-3531-8355,Canara Bank,CNRB0171610,Noida,Gautam Buddh Nagar,Uttar Pradesh,28.554551,77.43063,10034.58,2026-07-26T07:26:01,2,0
906c7d46-1f8f-4ac7-8005-a917df00c081,d47c357d-857c-479a-8e5a-d32631378ead,1854-4493-8831,5176-9862-1113,South Indian Bank,SIBL0927319,Hyderabad,Hyderabad,Telangana,17.432634,78.449831,367426.02,2026-07-26T07:26:42,2,0
f9ec0376-64c3-4c54-8cb2-b5d5399eb4af,d47c357d-857c-479a-8e5a-d32631378ead,7313-3531-8355,1975-7362-7071,Canara Bank,CNRB0614207,Bengaluru,Bengaluru Urban,Karnataka,12.988977,77.561402,10034.58,2026-07-26T07:28:00,3,1
f4a18a6e-9387-444d-a552-aeb01bb0229e,a1a88e97-7712-43ed-a77e-f00b4d3d13d5,8071-1787-2039,2341-2989-3158,UCO Bank,UCBA0881755,Bhopal,Bhopal,Madhya Pradesh,23.260697,77.412132,13295.99,2026-07-31T15:40:40,1,0
52a738e0-e71a-4bc9-9264-67143e62efd0,a1a88e97-7712-43ed-a77e-f00b4d3d13d5,8071-1787-2039,4768-4631-4205,South Indian Bank,SIBL0162461,Gurgaon,Gurugram,Haryana,28.452419,76.991664,67407.22,2026-07-31T15:41:36,1,0
7151f247-0d4c-4d0a-845b-8ea63b622708,a1a88e97-7712-43ed-a77e-f00b4d3d13d5,8071-1787-2039,1971-3983-6317,YES Bank,YESB0955631,Pune,Pune,Maharashtra,18.536675,73.866703,46951.05,2026-07-31T15:41:53,1,0
23672beb-ea43-4910-8c1c-59407fcf3af2,a1a88e97-7712-43ed-a77e-f00b4d3d13d5,2341-2989-3158,9272-2727-1330,State Bank of India,SBIN0271208,Bengaluru,Bengaluru Urban,Karnataka,12.930505,77.558698,2063.31,2026-07-31T15:42:45,2,0
69fed729-7657-44b2-8535-581e0661d007,a1a88e97-7712-43ed-a77e-f00b4d3d13d5,2341-2989-3158,7339-2765-7628,Federal Bank,FDRL0931108,Mumbai,Mumbai City,Maharashtra,19.068219,72.879587,11125.99,2026-07-31T15:43:18,2,0
5fb867f8-e9c4-445a-bfef-0951f7359874,a1a88e97-7712-43ed-a77e-f00b4d3d13d5,2341-2989-3158,9971-1793-5721,YES Bank,YESB0913667,Pune,Pune,Maharashtra,18.480722,73.875604,106.69,2026-07-31T15:44:13,2,0
7bffb19d-7641-4397-84ee-e781d3a7c130,a1a88e97-7712-43ed-a77e-f00b4d3d13d5,4768-4631-4205,1218-5147-5179,State Bank of India,SBIN0912038,Patna,Patna,Bihar,25.599281,85.111209,14078.56,2026-07-31T15:44:59,2,0
6dbae246-48f8-4dfd-b8d3-3492c6303f54,a1a88e97-7712-43ed-a77e-f00b4d3d13d5,4768-4631-4205,7669-1696-9865,UCO Bank,UCBA0376417,Bengaluru,Bengaluru Urban,Karnataka,12.949649,77.632128,42720.03,2026-07-31T15:45:56,2,0
d5ba975a-709f-4316-beb2-1c00756b3074,a1a88e97-7712-43ed-a77e-f00b4d3d13d5,4768-4631-4205,2234-9184-2674,Federal Bank,FDRL0112116,Hyderabad,Hyderabad,Telangana,17.394062,78.517856,10608.63,2026-07-31T15:46:27,2,0
8e56c884-7579-4576-a80f-7a2950222c12,a1a88e97-7712-43ed-a77e-f00b4d3d13d5,1971-3983-6317,6446-9216-1569,UCO Bank,UCBA0331146,Kolkata,Kolkata,West Bengal,22.591026,88.377668,38613.69,2026-07-31T15:47:24,2,0
d947bf6b-4227-4b41-8e4e-e810482a9680,a1a88e97-7712-43ed-a77e-f00b4d3d13d5,1971-3983-6317,7782-3157-8483,Federal Bank,FDRL0699259,Bengaluru,Bengaluru Urban,Karnataka,12.986986,77.593311,750.42,2026-07-31T15:48:52,2,0
384852a0-2c73-4864-98c6-adbe6a0d3cf9,a1a88e97-7712-43ed-a77e-f00b4d3d13d5,1971-3983-6317,5297-6578-7526,UCO Bank,UCBA0181971,Pune,Pune,Maharashtra,18.500905,73.873216,7586.94,2026-07-31T15:49:31,2,0
86b350c3-f02c-4c8c-9734-b4a2a04fb334,a1a88e97-7712-43ed-a77e-f00b4d3d13d5,9272-2727-1330,8259-8062-3935,Bank of Baroda,BARB0807246,Bhopal,Bhopal,Madhya Pradesh,23.270344,77.413946,1856.98,2026-07-31T15:50:55,3,1
544414bc-6b67-4d00-899e-b05cd6dc9e19,a1a88e97-7712-43ed-a77e-f00b4d3d13d5,7669-1696-9865,8259-8062-3935,Bank of Baroda,BARB0525969,Bhopal,Bhopal,Madhya Pradesh,23.27001,77.416793,38448.03,2026-07-31T15:52:53,3,1
9fb242d6-f575-48eb-ab7e-c3596491275b,a1a88e97-7712-43ed-a77e-f00b4d3d13d5,7782-3157-8483,8259-8062-3935,Bank of Baroda,BARB0729743,Bhopal,Bhopal,Madhya Pradesh,23.272157,77.40041,675.38,2026-07-31T15:55:45,3,1
387517d9-975d-49a4-9945-487032af747d,a1a88e97-7712-43ed-a77e-f00b4d3d13d5,9971-1793-5721,8259-8062-3935,Bank of Baroda,BARB0509726,Bhopal,Bhopal,Madhya Pradesh,23.277426,77.431288,96.02,2026-07-31T15:56:57,3,1
29f523b7-441c-429a-8a74-d972349c4e2d,a1a88e97-7712-43ed-a77e-f00b4d3d13d5,1218-5147-5179,8259-8062-3935,Bank of Baroda,BARB0245735,Bhopal,Bhopal,Madhya Pradesh,23.260877,77.417801,12670.7,2026-07-31T15:59:00,3,1
714fb930-3418-4b9b-ba91-7b1dd4a3a65b,a4b94a34-111f-4d0c-b119-a836e3a4b37c,8690-5808-7149,6245-1234-3207,Canara Bank,CNRB0243765,Hyderabad,Hyderabad,Telangana,17.411873,78.490714,14077.13,2026-07-18T12:53:03,1,0
2821d204-5f12-481d-bd99-fa8fd706cbe4,a4b94a34-111f-4d0c-b119-a836e3a4b37c,8690-5808-7149,7347-3121-8307,State Bank of India,SBIN0298852,Patna,Patna,Bihar,25.574944,85.139809,61312.32,2026-07-18T12:53:40,1,0
ee81d438-73f5-4563-b985-baf2a5b936c0,a4b94a34-111f-4d0c-b119-a836e3a4b37c,8690-5808-7149,7358-2389-2981,YES Bank,YESB0675030,Hyderabad,Hyderabad,Telangana,17.39445,78.499833,185896.36,2026-07-18T12:54:07,1,0
3715c477-aaca-486b-b965-6c21daadaadb,a4b94a34-111f-4d0c-b119-a836e3a4b37c,6245-1234-3207,7767-8915-1753,Kotak Mahindra Bank,KKBK0817032,Bhopal,Bhopal,Madhya Pradesh,23.239435,77.378414,2642.68,2026-07-18T12:55:24,2,0
7663c4b0-f8af-4e5b-a8bd-0a370f63aabb,a4b94a34-111f-4d0c-b119-a836e3a4b37c,6245-1234-3207,3046-7485-7055,Bank of Baroda,BARB0621394,Bhopal,Bhopal,Madhya Pradesh,23.305085,77.383228,9466.27,2026-07-18T12:56:51,2,0
1bb8ca5c-aa8e-45f0-8d57-bf2bfb9e1788,a4b94a34-111f-4d0c-b119-a836e3a4b37c,6245-1234-3207,7200-3578-9153,ICICI Bank,ICIC0255146,Bengaluru,Bengaluru Urban,Karnataka,12.948952,77.640702,1968.18,2026-07-18T12:58:06,2,0
11173470-65ed-4448-ba58-a09ae8218ed8,a4b94a34-111f-4d0c-b119-a836e3a4b37c,7347-3121-8307,3480-6596-7394,IDBI Bank,IBKL0647860,Bhopal,Bhopal,Madhya Pradesh,23.293669,77.39349,35068.84,2026-07-18T12:58:56,2,0
6b659f82-3b50-49dd-8be3-c927764c302e,a4b94a34-111f-4d0c-b119-a836e3a4b37c,7347-3121-8307,1554-1011-9536,South Indian Bank,SIBL0574602,Noida,Gautam Buddh Nagar,Uttar Pradesh,28.503475,77.377197,26243.48,2026-07-18T12:59:50,2,0
51472c95-8dc9-4250-add6-d999a243d210,a4b94a34-111f-4d0c-b119-a836e3a4b37c,7358-2389-2981,6562-3460-1135,Bank of Baroda,BARB0867715,Chandigarh,Chandigarh,Chandigarh,30.773009,76.762446,185896.36,2026-07-18T13:01:00,2,0
f3ecd403-0499-49c8-845e-f6e7ad88f7a5,a4b94a34-111f-4d0c-b119-a836e3a4b37c,3046-7485-7055,7086-7778-1272,Bank of Baroda,BARB0753971,Ahmedabad,Ahmedabad,Gujarat,23.011697,72.577955,8519.64,2026-07-18T13:03:46,3,1
90932a20-9138-4368-9772-6c99923c3200,a4b94a34-111f-4d0c-b119-a836e3a4b37c,7767-8915-1753,7086-7778-1272,Bank of Baroda,BARB0256681,Ahmedabad,Ahmedabad,Gujarat,23.007575,72.580113,2378.41,2026-07-18T13:05:17,3,1
c2dbb6bf-f445-4ace-9e9b-ce45e188a359,a4b94a34-111f-4d0c-b119-a836e3a4b37c,7200-3578-9153,7086-7778-1272,Bank of Baroda,BARB0106950,Ahmedabad,Ahmedabad,Gujarat,23.026681,72.586728,1771.36,2026-07-18T13:06:32,3,1
f57da51b-c311-4cf5-8808-c1d95ce8e352,ea553d23-5fca-4ccb-a00f-fc2930b835f4,5437-5229-4706,2785-5541-2230,IDBI Bank,IBKL0939236,Chandigarh,Chandigarh,Chandigarh,30.769112,76.797491,180804.51,2026-06-10T00:20:45,1,0
38151018-64e2-42b0-bb09-a71a118e9ca8,ea553d23-5fca-4ccb-a00f-fc2930b835f4,5437-5229-4706,5604-1507-9818,Kotak Mahindra Bank,KKBK0975008,Chandigarh,Chandigarh,Chandigarh,30.731471,76.805606,47421.1,2026-06-10T00:21:35,1,0
8b89701c-4db4-451b-b1cc-08f577b2f7d9,ea553d23-5fca-4ccb-a00f-fc2930b835f4,5437-5229-4706,8954-9388-4644,IDBI Bank,IBKL0418491,Bhopal,Bhopal,Madhya Pradesh,23.214413,77.377459,21743.81,2026-06-10T00:21:54,1,0
292c9370-504e-402c-8a8c-8c47107e3d6e,ea553d23-5fca-4ccb-a00f-fc2930b835f4,2785-5541-2230,7997-9698-3412,HDFC Bank,HDFC0615989,Mumbai,Mumbai City,Maharashtra,19.088271,72.884285,180804.51,2026-06-10T00:22:38,2,0
8eb9129d-2a75-4f0c-94e0-70e7189490d7,ea553d23-5fca-4ccb-a00f-fc2930b835f4,5604-1507-9818,9471-2323-9228,Canara Bank,CNRB0585662,Bengaluru,Bengaluru Urban,Karnataka,12.973532,77.606255,10630.14,2026-06-10T00:23:18,2,0
b9bc2992-22db-4e81-9af6-95cbadc5c72d,ea553d23-5fca-4ccb-a00f-fc2930b835f4,5604-1507-9818,2786-1253-1698,Canara Bank,CNRB0327587,Patna,Patna,Bihar,25.612028,85.123762,14389.23,2026-06-10T00:24:39,2,0
438a08ef-8e91-41a5-9c55-6390c6de8e74,ea553d23-5fca-4ccb-a00f-fc2930b835f4,5604-1507-9818,7272-3467-6091,Kotak Mahindra Bank,KKBK0914011,Pune,Pune,Maharashtra,18.564816,73.841383,22401.73,2026-06-10T00:25:39,2,0
b50493d0-7690-4e67-95f5-c89d321b1fb5,ea553d23-5fca-4ccb-a00f-fc2930b835f4,8954-9388-4644,7832-4493-5923,Union Bank of India,UBIN0250686,Kolkata,Kolkata,West Bengal,22.542142,88.38962,21743.81,2026-06-10T00:26:41,2,0
fa639962-b177-4a35-88e3-44d3caf748ee,ea553d23-5fca-4ccb-a00f-fc2930b835f4,9471-2323-9228,4042-3101-6274,Axis Bank,UTIB0170892,Bengaluru,Bengaluru Urban,Karnataka,12.987561,77.6134,9567.13,2026-06-10T00:27:55,3,1
91bc75a0-3f23-4e01-b1a7-c3ec7bc7ca57,ea553d23-5fca-4ccb-a00f-fc2930b835f4,2786-1253-1698,4042-3101-6274,Axis Bank,UTIB0684160,Bengaluru,Bengaluru Urban,Karnataka,12.981889,77.596742,12950.31,2026-06-10T00:30:21,3,1
001cb9af-86b5-4049-bb55-a3fad5b2cbf1,ea553d23-5fca-4ccb-a00f-fc2930b835f4,7832-4493-5923,4042-3101-6274,Axis Bank,UTIB0148299,Bengaluru,Bengaluru Urban,Karnataka,12.990996,77.584671,19569.43,2026-06-10T00:32:03,3,1
1f2aa182-f4af-4bf7-99d0-cdb1302eee88,ea553d23-5fca-4ccb-a00f-fc2930b835f4,7272-3467-6091,4042-3101-6274,Axis Bank,UTIB0341593,Bengaluru,Bengaluru Urban,Karnataka,12.973761,77.595691,20161.56,2026-06-10T00:33:49,3,1
0c837c6b-e391-4746-a4d9-46b6c97e3efa,266fb73f-2fe0-4209-98a3-fccf0d556277,8728-3602-1116,8231-7499-8746,State Bank of India,SBIN0234746,Kolkata,Kolkata,West Bengal,22.576634,88.410887,61653.69,2026-06-11T21:10:46,1,0
f10c8f1f-5cf9-41bc-b785-246b5d956643,266fb73f-2fe0-4209-98a3-fccf0d556277,8728-3602-1116,8129-7220-7207,Bank of Baroda,BARB0830120,Lucknow,Lucknow,Uttar Pradesh,26.87948,80.940875,405638.89,2026-06-11T21:11:15,1,0
4d2380f0-1f08-481d-b307-bcaa4db002dd,266fb73f-2fe0-4209-98a3-fccf0d556277,8231-7499-8746,3119-1911-8743,Axis Bank,UTIB0489459,Noida,Gautam Buddh Nagar,Uttar Pradesh,28.563214,77.411935,30110.39,2026-06-11T21:12:23,2,0
9ef3fca6-4939-4eb5-95e4-33f0d7fd3368,266fb73f-2fe0-4209-98a3-fccf0d556277,8231-7499-8746,6134-4401-2183,ICICI Bank,ICIC0788565,Noida,Gautam Buddh Nagar,Uttar Pradesh,28.550984,77.389076,27087.34,2026-06-11T21:13:18,2,0
7e0a5442-b027-4331-af33-8be0b9c1d5af,266fb73f-2fe0-4209-98a3-fccf0d556277,8231-7499-8746,4524-7390-6896,IDBI Bank,IBKL0186192,Chandigarh,Chandigarh,Chandigarh,30.708992,76.82487,4455.95,2026-06-11T21:14:06,2,0
0cc57fe8-ac68-4f9d-af75-a9bc70268ad3,266fb73f-2fe0-4209-98a3-fccf0d556277,8129-7220-7207,1062-2995-1249,Canara Bank,CNRB0390836,Noida,Gautam Buddh Nagar,Uttar Pradesh,28.577698,77.376547,405638.89,2026-06-11T21:15:27,2,0
1600709d-d2ac-4e42-89d2-5c8c46aea27d,266fb73f-2fe0-4209-98a3-fccf0d556277,4524-7390-6896,5443-4354-4498,HDFC Bank,HDFC0742074,Ahmedabad,Ahmedabad,Gujarat,23.036508,72.555267,4010.36,2026-06-11T21:18:08,3,1
c3b0ddc6-df8d-4885-b6d2-b05cb63d22a9,266fb73f-2fe0-4209-98a3-fccf0d556277,6134-4401-2183,5443-4354-4498,HDFC Bank,HDFC0816728,Ahmedabad,Ahmedabad,Gujarat,23.036552,72.560471,24378.61,2026-06-11T21:19:23,3,1
27766610-c8e2-4f53-9f96-6a138f2ac20c,266fb73f-2fe0-4209-98a3-fccf0d556277,1062-2995-1249,5443-4354-4498,HDFC Bank,HDFC0354844,Ahmedabad,Ahmedabad,Gujarat,23.037987,72.58282,365075.0,2026-06-11T21:22:07,3,1
d9be607c-f06a-4d7b-862b-4f7d69554444,266fb73f-2fe0-4209-98a3-fccf0d556277,3119-1911-8743,5443-4354-4498,HDFC Bank,HDFC0572827,Ahmedabad,Ahmedabad,Gujarat,23.009085,72.568685,27099.35,2026-06-11T21:25:06,3,1
a23a468b-e8eb-49b0-b35d-fb7075b1ffaa,c48663cd-7715-4d5b-94a6-52b7b934d103,1466-2511-1412,4375-5956-4707,Punjab National Bank,PUNB0728778,Ahmedabad,Ahmedabad,Gujarat,23.022133,72.595289,382549.34,2026-08-12T20:42:43,1,0
be1c0b39-25ff-4597-96fd-938c6741f939,c48663cd-7715-4d5b-94a6-52b7b934d103,4375-5956-4707,6831-7772-2127,State Bank of India,SBIN0948295,Lucknow,Lucknow,Uttar Pradesh,26.884965,80.90776,226645.01,2026-08-12T20:43:38,2,0
eeecde3d-a2a6-4003-9ed9-9725cdd72c65,c48663cd-7715-4d5b-94a6-52b7b934d103,4375-5956-4707,9694-9576-9299,UCO Bank,UCBA0623387,Gurgaon,Gurugram,Haryana,28.4702,76.998335,147831.44,2026-08-12T20:44:44,2,0
64124913-0927-461a-9327-6b55221fb5ef,c48663cd-7715-4d5b-94a6-52b7b934d103,4375-5956-4707,2512-8801-9384,South Indian Bank,SIBL0639984,Mumbai,Mumbai City,Maharashtra,19.038756,72.918002,8072.89,2026-08-12T20:45:41,2,0
18374aff-54d6-4190-b2d2-29c2306aedff,c48663cd-7715-4d5b-94a6-52b7b934d103,6831-7772-2127,3624-3742-4050,Axis Bank,UTIB0437109,Bhopal,Bhopal,Madhya Pradesh,23.250462,77.394238,203980.51,2026-08-12T20:47:58,3,1
e5fa106d-962b-436d-8a3d-9353adc7334f,c48663cd-7715-4d5b-94a6-52b7b934d103,2512-8801-9384,3624-3742-4050,Axis Bank,UTIB0560295,Bhopal,Bhopal,Madhya Pradesh,23.240451,77.410619,7265.6,2026-08-12T20:50:50,3,1
bdd750cb-78ae-4a6c-a98e-0bc2150ef0ec,c48663cd-7715-4d5b-94a6-52b7b934d103,9694-9576-9299,3624-3742-4050,Axis Bank,UTIB0223374,Bhopal,Bhopal,Madhya Pradesh,23.279122,77.421873,133048.3,2026-08-12T20:53:17,3,1
5d6b7b5d-0dd7-4b15-8d58-bd2d3bd10e88,eb3b5bc4-d3eb-4313-ab34-e9de5d5b3889,4577-7493-8591,8533-8726-9132,Axis Bank,UTIB0503697,Hyderabad,Hyderabad,Telangana,17.376113,78.536502,15093.85,2026-06-04T22:31:43,1,0
c86e152e-74e2-4a14-8c1b-c45ff7b531fb,eb3b5bc4-d3eb-4313-ab34-e9de5d5b3889,4577-7493-8591,5191-1104-8520,Bank of Baroda,BARB0113129,Hyderabad,Hyderabad,Telangana,17.335373,78.533398,9620.45,2026-06-04T22:32:41,1,0
f4d16d45-5207-45ba-9223-a05bd7d70a15,eb3b5bc4-d3eb-4313-ab34-e9de5d5b3889,8533-8726-9132,3281-3655-3533,HDFC Bank,HDFC0969262,Ahmedabad,Ahmedabad,Gujarat,23.065293,72.607272,1842.87,2026-06-04T22:33:19,2,0
421d3f9b-7683-45f3-82a2-91752faa4a78,eb3b5bc4-d3eb-4313-ab34-e9de5d5b3889,8533-8726-9132,2968-3965-9827,Canara Bank,CNRB0663279,Bhopal,Bhopal,Madhya Pradesh,23.226403,77.41816,13250.98,2026-06-04T22:34:21,2,0
63a4e88d-42a8-45a4-a0dc-ae4b7fa1643f,eb3b5bc4-d3eb-4313-ab34-e9de5d5b3889,5191-1104-8520,8214-3189-7990,Federal Bank,FDRL0413906,Delhi,Central Delhi,Delhi,28.636092,77.195015,7555.04,2026-06-04T22:35:03,2,0
0e5a40f4-5d0f-4c37-aa29-ae58108a5688,eb3b5bc4-d3eb-4313-ab34-e9de5d5b3889,5191-1104-8520,5283-4530-4374,Federal Bank,FDRL0697604,Hyderabad,Hyderabad,Telangana,17.35161,78.512749,2065.41,2026-06-04T22:36:10,2,0
369482aa-9760-4617-8450-1197b17df814,eb3b5bc4-d3eb-4313-ab34-e9de5d5b3889,5283-4530-4374,5475-9897-6772,Axis Bank,UTIB0312215,Noida,Gautam Buddh Nagar,Uttar Pradesh,28.525595,77.407566,1858.87,2026-06-04T22:37:33,3,1
67a650dd-21ea-4fe5-b331-f6284c38c88c,eb3b5bc4-d3eb-4313-ab34-e9de5d5b3889,8214-3189-7990,5475-9897-6772,Axis Bank,UTIB0456570,Noida,Gautam Buddh Nagar,Uttar Pradesh,28.536342,77.40008,6799.54,2026-06-04T22:38:59,3,1
c300c0c8-da51-47b0-9a46-09d332705f5d,eb3b5bc4-d3eb-4313-ab34-e9de5d5b3889,2968-3965-9827,5475-9897-6772,Axis Bank,UTIB0689741,Noida,Gautam Buddh Nagar,Uttar Pradesh,28.519163,77.409663,11925.88,2026-06-04T22:41:13,3,1
78e0d62d-c57e-4490-9030-fc81211659f9,eb3b5bc4-d3eb-4313-ab34-e9de5d5b3889,3281-3655-3533,5475-9897-6772,Axis Bank,UTIB0424310,Noida,Gautam Buddh Nagar,Uttar Pradesh,28.554758,77.402934,1658.58,2026-06-04T22:43:37,3,1
d78a6781-0fa9-44f6-a2c5-f80f31d8eaec,beb92b47-50b0-4f61-9959-31615da88f5d,2606-3523-5282,2939-1476-7370,Axis Bank,UTIB0684403,Chennai,Chennai,Tamil Nadu,13.100921,80.268084,214669.74,2026-07-08T03:00:02,1,0
72e329da-4501-4c7c-8464-3aae3570fe5f,beb92b47-50b0-4f61-9959-31615da88f5d,2939-1476-7370,1310-6028-4694,Bank of Baroda,BARB0466595,Ahmedabad,Ahmedabad,Gujarat,23.065072,72.595211,105711.69,2026-07-08T03:01:18,2,0
c064a691-df8c-404e-b990-7ea64152b398,beb92b47-50b0-4f61-9959-31615da88f5d,2939-1476-7370,7164-5135-9667,Union Bank of India,UBIN0755804,Patna,Patna,Bihar,25.615075,85.144872,68835.17,2026-07-08T03:02:40,2,0
eae58a22-fb5a-49da-83c2-007083fc634c,beb92b47-50b0-4f61-9959-31615da88f5d,2939-1476-7370,2553-2362-7730,ICICI Bank,ICIC0752911,Noida,Gautam Buddh Nagar,Uttar Pradesh,28.510174,77.398381,40122.89,2026-07-08T03:03:26,2,0
4daa2705-c0c5-4ef2-a799-31ac8827c63e,beb92b47-50b0-4f61-9959-31615da88f5d,1310-6028-4694,4169-7453-6512,UCO Bank,UCBA0612608,Chennai,Chennai,Tamil Nadu,13.07869,80.267807,95140.52,2026-07-08T03:04:48,3,1
1eac714d-a138-4f99-bb52-a539ad2ad08b,beb92b47-50b0-4f61-9959-31615da88f5d,2553-2362-7730,4169-7453-6512,UCO Bank,UCBA0599374,Chennai,Chennai,Tamil Nadu,13.082225,80.273418,36110.6,2026-07-08T03:06:51,3,1
ae5f971f-a1fa-4768-b04b-612dc02694b1,beb92b47-50b0-4f61-9959-31615da88f5d,7164-5135-9667,4169-7453-6512,UCO Bank,UCBA0926606,Chennai,Chennai,Tamil Nadu,13.08506,80.253576,61951.65,2026-07-08T03:08:37,3,1
44ceea21-2ab0-49ea-af2b-90ff366ab3fe,0b977432-9e26-438c-9cd9-ac19b9a48c49,2463-8954-5208,2195-6669-4605,Kotak Mahindra Bank,KKBK0236605,Bhopal,Bhopal,Madhya Pradesh,23.229099,77.423381,13058.43,2026-06-06T17:45:28,1,0
5227bb45-73d8-4a70-a551-302dc5c9f714,0b977432-9e26-438c-9cd9-ac19b9a48c49,2463-8954-5208,1384-9973-9919,IndusInd Bank,INDB0613811,Patna,Patna,Bihar,25.629052,85.099098,11168.07,2026-06-06T17:45:38,1,0
88f9f25f-8af7-4fec-9022-c2669883a411,0b977432-9e26-438c-9cd9-ac19b9a48c49,2463-8954-5208,5878-3935-8083,State Bank of India,SBIN0178638,Noida,Gautam Buddh Nagar,Uttar Pradesh,28.4937,77.401979,22154.05,2026-06-06T17:45:49,1,0
9ff0f630-eace-4a59-9278-2e38076b971f,0b977432-9e26-438c-9cd9-ac19b9a48c49,2195-6669-4605,6045-9612-1003,Axis Bank,UTIB0363312,Hyderabad,Hyderabad,Telangana,17.384939,78.452328,12073.78,2026-06-06T17:47:06,2,0
988017a1-306d-4d06-94df-1fc92fc54a03,0b977432-9e26-438c-9cd9-ac19b9a48c49,2195-6669-4605,6043-5637-4005,Punjab National Bank,PUNB0733034,Ahmedabad,Ahmedabad,Gujarat,22.973777,72.521654,984.65,2026-06-06T17:47:40,2,0
aae1c46e-ad6e-492c-9cc5-4c6999203d10,0b977432-9e26-438c-9cd9-ac19b9a48c49,1384-9973-9919,9594-7451-2593,South Indian Bank,SIBL0335061,Chennai,Chennai,Tamil Nadu,13.085732,80.312914,2696.91,2026-06-06T17:48:31,2,0
80ccf5e7-3430-4155-9734-ec06a09d5529,0b977432-9e26-438c-9cd9-ac19b9a48c49,1384-9973-9919,7299-5097-8541,Kotak Mahindra Bank,KKBK0700095,Ahmedabad,Ahmedabad,Gujarat,23.010589,72.588031,6163.47,2026-06-06T17:49:25,2,0
b80df284-b3e7-4ae3-9abe-d2fc5ee2d6b0,0b977432-9e26-438c-9cd9-ac19b9a48c49,1384-9973-9919,1303-6109-2467,Kotak Mahindra Bank,KKBK0138345,Gurgaon,Gurugram,Haryana,28.467903,77.01604,2307.69,2026-06-06T17:50:19,2,0
2357a025-19ed-4666-8fbd-850b1ec86110,0b977432-9e26-438c-9cd9-ac19b9a48c49,5878-3935-8083,3969-4173-8505,Canara Bank,CNRB0334588,Pune,Pune,Maharashtra,18.537863,73.812413,22154.05,2026-06-06T17:51:00,2,0
e451adae-8b99-4244-8be5-a9bf17384120,0b977432-9e26-438c-9cd9-ac19b9a48c49,7299-5097-8541,6948-8683-2696,IndusInd Bank,INDB0776965,Bhopal,Bhopal,Madhya Pradesh,23.254461,77.4292,5547.12,2026-06-06T17:53:36,3,1
26bc10be-0b4d-4e7c-8a66-335e4807d595,0b977432-9e26-438c-9cd9-ac19b9a48c49,1303-6109-2467,6948-8683-2696,IndusInd Bank,INDB0748085,Bhopal,Bhopal,Madhya Pradesh,23.247719,77.423329,2076.92,2026-06-06T17:55:32,3,1
9af8f4d3-2ef7-4477-9f16-dfddcb8d05a3,0b977432-9e26-438c-9cd9-ac19b9a48c49,3969-4173-8505,6948-8683-2696,IndusInd Bank,INDB0589585,Bhopal,Bhopal,Madhya Pradesh,23.240185,77.397225,19938.64,2026-06-06T17:57:34,3,1
9ee2a5d4-dcc8-4ced-a2dd-2a99e77354e5,0b977432-9e26-438c-9cd9-ac19b9a48c49,6045-9612-1003,6948-8683-2696,IndusInd Bank,INDB0423228,Bhopal,Bhopal,Madhya Pradesh,23.267013,77.396435,10866.4,2026-06-06T17:59:16,3,1
9a23d570-2ad1-4e7c-9a7e-f67ec33d34ad,0b977432-9e26-438c-9cd9-ac19b9a48c49,6043-5637-4005,6948-8683-2696,IndusInd Bank,INDB0808761,Bhopal,Bhopal,Madhya Pradesh,23.259865,77.417614,886.18,2026-06-06T18:01:15,3,1
22b95039-c83e-45b6-ad23-2741b5e22f20,ff3f6164-6910-4b35-94be-3781a8da4faf,7778-1075-7946,6575-7656-9329,UCO Bank,UCBA0310204,Chennai,Chennai,Tamil Nadu,13.126876,80.270795,5812.53,2026-07-30T15:37:33,1,0
dd5e52e0-7174-456b-9807-17bd1a614fac,ff3f6164-6910-4b35-94be-3781a8da4faf,7778-1075-7946,9782-7882-2029,Federal Bank,FDRL0957586,Bhopal,Bhopal,Madhya Pradesh,23.301943,77.421716,168104.27,2026-07-30T15:38:13,1,0
7ea511a4-f55b-460b-9248-f05789bd9259,ff3f6164-6910-4b35-94be-3781a8da4faf,7778-1075-7946,1572-9581-6620,IDBI Bank,IBKL0303997,Chandigarh,Chandigarh,Chandigarh,30.782586,76.770472,24495.29,2026-07-30T15:38:36,1,0
8dc32c30-942a-43b0-888b-88b09633236b,ff3f6164-6910-4b35-94be-3781a8da4faf,6575-7656-9329,9129-1836-3756,Canara Bank,CNRB0616732,Bhopal,Bhopal,Madhya Pradesh,23.275685,77.451102,3629.6,2026-07-30T15:39:37,2,0
0b887b12-324c-4907-8947-dad0bd701916,ff3f6164-6910-4b35-94be-3781a8da4faf,6575-7656-9329,7269-4289-3463,Federal Bank,FDRL0723407,Bengaluru,Bengaluru Urban,Karnataka,12.960971,77.631788,2182.93,2026-07-30T15:40:55,2,0
a8c232b8-2c18-4e26-b4b4-ca1402ec12ed,ff3f6164-6910-4b35-94be-3781a8da4faf,9782-7882-2029,6485-9490-8281,UCO Bank,UCBA0377954,Jaipur,Jaipur,Rajasthan,26.959645,75.811758,37132.58,2026-07-30T15:42:17,2,0
e612e75c-590e-4920-a334-b659f96fecdd,ff3f6164-6910-4b35-94be-3781a8da4faf,9782-7882-2029,7344-7308-5248,Bank of Baroda,BARB0758880,Bhopal,Bhopal,Madhya Pradesh,23.290815,77.386461,130971.69,2026-07-30T15:43:09,2,0
cb1b2991-9b5f-4a00-88b9-2c25e60388cc,ff3f6164-6910-4b35-94be-3781a8da4faf,1572-9581-6620,5140-6238-1591,Bank of Baroda,BARB0564187,Mumbai,Mumbai City,Maharashtra,19.075515,72.887752,18657.3,2026-07-30T15:44:28,2,0
c1c6b8aa-7ca2-43b8-943e-51d3ec87c682,ff3f6164-6910-4b35-94be-3781a8da4faf,1572-9581-6620,3125-5148-1385,Union Bank of India,UBIN0386149,Lucknow,Lucknow,Uttar Pradesh,26.864623,80.971004,5837.99,2026-07-30T15:44:58,2,0
2b4d0955-f4ed-4dec-927d-3cad7f177f05,ff3f6164-6910-4b35-94be-3781a8da4faf,7344-7308-5248,6452-1442-4883,Kotak Mahindra Bank,KKBK0466369,Patna,Patna,Bihar,25.585286,85.152276,117874.52,2026-07-30T15:47:42,3,1
f8101b3f-cd30-4a33-bac4-a1d3a5a5a2ae,ff3f6164-6910-4b35-94be-3781a8da4faf,6485-9490-8281,6452-1442-4883,Kotak Mahindra Bank,KKBK0910394,Patna,Patna,Bihar,25.612813,85.138599,33419.32,2026-07-30T15:48:46,3,1
aa280a84-111d-4f49-ac73-ee8b76ea701a,ff3f6164-6910-4b35-94be-3781a8da4faf,7269-4289-3463,6452-1442-4883,Kotak Mahindra Bank,KKBK0340723,Patna,Patna,Bihar,25.595384,85.125549,1964.64,2026-07-30T15:50:33,3,1
760d5f27-4937-416b-902d-cb44edc49b9d,ff3f6164-6910-4b35-94be-3781a8da4faf,5140-6238-1591,6452-1442-4883,Kotak Mahindra Bank,KKBK0489937,Patna,Patna,Bihar,25.611097,85.140814,16791.57,2026-07-30T15:52:41,3,1
88d3e011-ca0f-4e78-a6d1-3b514e568600,ff3f6164-6910-4b35-94be-3781a8da4faf,3125-5148-1385,6452-1442-4883,Kotak Mahindra Bank,KKBK0856668,Patna,Patna,Bihar,25.598387,85.127507,5254.19,2026-07-30T15:54:04,3,1
7b32fd83-6dea-4dab-a547-134409046d67,89434425-9077-4538-a027-c0b6126a7e1a,5963-9599-1702,5533-1478-8777,State Bank of India,SBIN0505089,Lucknow,Lucknow,Uttar Pradesh,26.818542,80.97728,11298.57,2026-06-07T10:30:43,1,0
6e7aff42-5041-40f8-992a-c1dd3b221863,89434425-9077-4538-a027-c0b6126a7e1a,5963-9599-1702,4627-8513-4424,Punjab National Bank,PUNB0130738,Bhopal,Bhopal,Madhya Pradesh,23.241323,77.367189,11376.19,2026-06-07T10:31:38,1,0
b738fa91-82e0-4b57-b5eb-75ef16a12bf8,89434425-9077-4538-a027-c0b6126a7e1a,5963-9599-1702,1907-5502-2431,South Indian Bank,SIBL0527411,Gurgaon,Gurugram,Haryana,28.445596,76.999646,10988.68,2026-06-07T10:32:35,1,0
840ffcaf-03eb-4d36-b0a9-4638e0beb2c9,89434425-9077-4538-a027-c0b6126a7e1a,5533-1478-8777,8404-8075-4374,IDBI Bank,IBKL0513239,Patna,Patna,Bihar,25.630477,85.162157,607.82,2026-06-07T10:33:22,2,0
0334508f-286d-476a-88ed-bdc367a9016b,89434425-9077-4538-a027-c0b6126a7e1a,5533-1478-8777,4311-5773-7464,Axis Bank,UTIB0998746,Bhopal,Bhopal,Madhya Pradesh,23.305064,77.452943,1336.8,2026-06-07T10:34:07,2,0
4e5e7230-c2f5-467b-9393-040af50989b4,89434425-9077-4538-a027-c0b6126a7e1a,5533-1478-8777,8655-5606-7996,Federal Bank,FDRL0698082,Patna,Patna,Bihar,25.606033,85.114046,9353.95,2026-06-07T10:34:49,2,0
d0128a46-89b1-4765-95e8-d29e5cc74521,89434425-9077-4538-a027-c0b6126a7e1a,4627-8513-4424,3402-1879-5647,ICICI Bank,ICIC0612998,Jaipur,Jaipur,Rajasthan,26.906021,75.785594,11168.13,2026-06-07T10:35:20,2,0
2ef4c4d6-fd23-41fa-b346-a42b997062d6,89434425-9077-4538-a027-c0b6126a7e1a,4627-8513-4424,2143-1874-2454,HDFC Bank,HDFC0725291,Jaipur,Jaipur,Rajasthan,26.89519,75.776474,208.06,2026-06-07T10:36:24,2,0
8417a8a3-5caa-40d6-a559-d47df3ab16a2,89434425-9077-4538-a027-c0b6126a7e1a,1907-5502-2431,5298-8560-8795,HDFC Bank,HDFC0363833,Pune,Pune,Maharashtra,18.491896,73.838843,239.77,2026-06-07T10:37:21,2,0
bb3a40b5-5bdc-4c6c-9d8a-5128b6a4ebc0,89434425-9077-4538-a027-c0b6126a7e1a,1907-5502-2431,8689-4312-9492,IndusInd Bank,INDB0382687,Bengaluru,Bengaluru Urban,Karnataka,12.992181,77.591906,2217.1,2026-06-07T10:38:46,2,0
45bc8a24-de54-4f7e-8a6a-331af4e0e593,89434425-9077-4538-a027-c0b6126a7e1a,1907-5502-2431,4216-4867-1355,Axis Bank,UTIB0457977,Bhopal,Bhopal,Madhya Pradesh,23.212193,77.443456,8531.81,2026-06-07T10:39:53,2,0
9b61c240-2a38-4f2e-8f2f-c7c2766a1274,89434425-9077-4538-a027-c0b6126a7e1a,8655-5606-7996,8656-1475-7610,Federal Bank,FDRL0450350,Kolkata,Kolkata,West Bengal,22.569909,88.362718,8418.56,2026-06-07T10:41:53,3,1
bbea4fe6-1901-49f4-a2a8-d9d3010beba8,89434425-9077-4538-a027-c0b6126a7e1a,3402-1879-5647,8656-1475-7610,Federal Bank,FDRL0189334,Kolkata,Kolkata,West Bengal,22.57806,88.380472,10051.32,2026-06-07T10:43:54,3,1
6e2c6541-1aae-4c3f-bdd7-825d1cce5fa7,89434425-9077-4538-a027-c0b6126a7e1a,8404-8075-4374,8656-1475-7610,Federal Bank,FDRL0813241,Kolkata,Kolkata,West Bengal,22.590293,88.381558,547.04,2026-06-07T10:46:03,3,1
c4f7caed-132b-4889-9300-207e1abba0c1,89434425-9077-4538-a027-c0b6126a7e1a,4311-5773-7464,8656-1475-7610,Federal Bank,FDRL0291190,Kolkata,Kolkata,West Bengal,22.562166,88.372651,1203.12,2026-06-07T10:48:19,3,1
ca392b0e-8fd0-4afd-8489-4e95e983e8a9,40917b0b-ab3a-4d67-a675-d78046cf2ef3,4578-2798-3086,9060-8564-5154,UCO Bank,UCBA0716824,Jaipur,Jaipur,Rajasthan,26.914492,75.76706,334709.39,2026-08-01T22:58:29,1,0
c0493900-c719-4283-8e9a-591c60267c5a,40917b0b-ab3a-4d67-a675-d78046cf2ef3,9060-8564-5154,2678-4393-5070,IDBI Bank,IBKL0916317,Kolkata,Kolkata,West Bengal,22.620521,88.362828,164533.6,2026-08-01T22:59:57,2,0
945ea2a8-8a01-41c1-840f-654359ab2f56,40917b0b-ab3a-4d67-a675-d78046cf2ef3,9060-8564-5154,9162-7737-9200,YES Bank,YESB0758472,Delhi,Central Delhi,Delhi,28.644164,77.199446,146473.03,2026-08-01T23:00:31,2,0
e7d3658d-e7a2-473b-96f5-cea31c5af2dc,40917b0b-ab3a-4d67-a675-d78046cf2ef3,9060-8564-5154,8305-1147-6479,Bank of Baroda,BARB0131417,Noida,Gautam Buddh Nagar,Uttar Pradesh,28.567367,77.367733,23702.76,2026-08-01T23:01:42,2,0
77bda284-448f-4966-a24d-18963f37d075,40917b0b-ab3a-4d67-a675-d78046cf2ef3,2678-4393-5070,9812-5937-8231,Union Bank of India,UBIN0637175,Lucknow,Lucknow,Uttar Pradesh,26.865459,80.958421,148080.24,2026-08-01T23:03:16,3,1
cd995047-9162-461e-bfa5-5bf25d4428bd,40917b0b-ab3a-4d67-a675-d78046cf2ef3,9162-7737-9200,9812-5937-8231,Union Bank of India,UBIN0366658,Lucknow,Lucknow,Uttar Pradesh,26.847402,80.956951,131825.73,2026-08-01T23:04:45,3,1
13b3d817-c18b-40dd-9350-e08f5e3dd7b4,40917b0b-ab3a-4d67-a675-d78046cf2ef3,8305-1147-6479,9812-5937-8231,Union Bank of India,UBIN0323416,Lucknow,Lucknow,Uttar Pradesh,26.844014,80.960843,21332.48,2026-08-01T23:06:44,3,1
a72caf8c-307d-4eea-9c2a-75f042347cec,675cc7e4-7947-4296-b157-a5121e34193d,1118-5768-5297,3118-8851-4026,Federal Bank,FDRL0630631,Bhopal,Bhopal,Madhya Pradesh,23.234386,77.428922,28116.27,2026-07-02T17:29:59,1,0
35b4f186-b47c-4a24-9dcf-e6832b3b8dc4,675cc7e4-7947-4296-b157-a5121e34193d,1118-5768-5297,9422-1946-1162,YES Bank,YESB0357639,Pune,Pune,Maharashtra,18.544336,73.814971,45394.53,2026-07-02T17:30:33,1,0
98fc9d72-a53e-49e2-a678-244845313b07,675cc7e4-7947-4296-b157-a5121e34193d,1118-5768-5297,4098-2928-8400,IDBI Bank,IBKL0441439,Kolkata,Kolkata,West Bengal,22.597211,88.364158,12586.35,2026-07-02T17:31:14,1,0
a0b3b82f-2e7b-49ec-94db-d5f2f1012121,675cc7e4-7947-4296-b157-a5121e34193d,3118-8851-4026,5277-5377-1682,ICICI Bank,ICIC0135310,Jaipur,Jaipur,Rajasthan,26.908517,75.826046,8695.54,2026-07-02T17:31:56,2,0
da62e16f-15f5-4db7-bc9b-641680ef74af,675cc7e4-7947-4296-b157-a5121e34193d,3118-8851-4026,6168-4532-1392,State Bank of India,SBIN0847892,Bhopal,Bhopal,Madhya Pradesh,23.292385,77.378052,19420.73,2026-07-02T17:32:53,2,0
d5b7b096-bf3a-41db-bee3-7450ce52abcf,675cc7e4-7947-4296-b157-a5121e34193d,9422-1946-1162,1886-3034-6924,Axis Bank,UTIB0729562,Delhi,Central Delhi,Delhi,28.646152,77.175513,7912.52,2026-07-02T17:33:35,2,0
e87be0a0-2574-4370-a42e-1dd55b0642e2,675cc7e4-7947-4296-b157-a5121e34193d,9422-1946-1162,3604-4386-1618,Bank of Baroda,BARB0518959,Bhopal,Bhopal,Madhya Pradesh,23.245162,77.459505,25728.75,2026-07-02T17:34:20,2,0
baa86ebd-6808-4084-90e1-be491a0f76f2,675cc7e4-7947-4296-b157-a5121e34193d,9422-1946-1162,3135-7589-7243,State Bank of India,SBIN0726253,Chennai,Chennai,Tamil Nadu,13.096967,80.232434,11753.26,2026-07-02T17:35:05,2,0
483fbf61-ab46-48ef-9760-bb9fe2401385,675cc7e4-7947-4296-b157-a5121e34193d,4098-2928-8400,5508-1985-3949,HDFC Bank,HDFC0758459,Gurgaon,Gurugram,Haryana,28.470426,76.9981,8133.88,2026-07-02T17:35:36,2,0
311b356b-c7fe-46ae-b02a-5343e8926f21,675cc7e4-7947-4296-b157-a5121e34193d,4098-2928-8400,8584-4415-3676,South Indian Bank,SIBL0104591,Bengaluru,Bengaluru Urban,Karnataka,12.923799,77.557402,4452.47,2026-07-02T17:36:41,2,0
4c611469-b2f1-459a-ad2d-ae92c2b55604,675cc7e4-7947-4296-b157-a5121e34193d,5508-1985-3949,1638-7299-9473,ICICI Bank,ICIC0158160,Patna,Patna,Bihar,25.586138,85.152579,7320.49,2026-07-02T17:39:37,3,1
37ac287e-b283-4a94-9c91-ded3c0e837d5,675cc7e4-7947-4296-b157-a5121e34193d,3135-7589-7243,1638-7299-9473,ICICI Bank,ICIC0826787,Patna,Patna,Bihar,25.575401,85.127101,10577.93,2026-07-02T17:42:17,3,1
87d0b628-89d0-4fef-a19a-ba38c2291515,675cc7e4-7947-4296-b157-a5121e34193d,6168-4532-1392,1638-7299-9473,ICICI Bank,ICIC0463426,Patna,Patna,Bihar,25.585993,85.129115,17478.66,2026-07-02T17:43:24,3,1
fbded31c-0166-4db9-8ce6-48e08c664b35,d4ef4c46-0e0e-4287-86de-6f25e2db4f04,4563-9457-6880,8953-8324-4351,Bank of Baroda,BARB0812936,Jaipur,Jaipur,Rajasthan,26.895142,75.789927,145317.45,2026-08-22T20:56:32,1,0
a16ee366-2b2b-4617-b813-720e2c2a1164,d4ef4c46-0e0e-4287-86de-6f25e2db4f04,4563-9457-6880,9608-3463-5438,Bank of Baroda,BARB0188757,Bhopal,Bhopal,Madhya Pradesh,23.263478,77.411202,230821.86,2026-08-22T20:56:48,1,0
cd758c5a-f2ac-413e-87aa-fd0eb3c3a792,d4ef4c46-0e0e-4287-86de-6f25e2db4f04,8953-8324-4351,4076-9441-3262,ICICI Bank,ICIC0479937,Bhopal,Bhopal,Madhya Pradesh,23.246413,77.409304,19631.15,2026-08-22T20:57:39,2,0
fabbc0f5-9f20-418c-af3d-75fc789dc2a2,d4ef4c46-0e0e-4287-86de-6f25e2db4f04,8953-8324-4351,8153-5497-3154,YES Bank,YESB0921498,Kolkata,Kolkata,West Bengal,22.575195,88.386282,96033.61,2026-08-22T20:58:35,2,0
b5ccad58-fbca-4b5c-8082-a7398f2f7811,d4ef4c46-0e0e-4287-86de-6f25e2db4f04,8953-8324-4351,6816-2613-9264,South Indian Bank,SIBL0720493,Bengaluru,Bengaluru Urban,Karnataka,12.925702,77.549964,29652.7,2026-08-22T20:59:26,2,0
e49e0598-27b8-4fad-9cb1-84a663d1c21c,d4ef4c46-0e0e-4287-86de-6f25e2db4f04,9608-3463-5438,3030-7934-6379,YES Bank,YESB0115616,Bengaluru,Bengaluru Urban,Karnataka,13.004056,77.620821,13504.06,2026-08-22T21:00:39,2,0
2f9cd88a-c092-4266-82ed-a578bbfd51d9,d4ef4c46-0e0e-4287-86de-6f25e2db4f04,9608-3463-5438,5969-5289-9221,Union Bank of India,UBIN0713630,Pune,Pune,Maharashtra,18.544345,73.895178,93502.95,2026-08-22T21:01:41,2,0
d3c6d8a9-b85b-416c-9185-2338ba4acb75,d4ef4c46-0e0e-4287-86de-6f25e2db4f04,9608-3463-5438,8429-7351-2692,Bank of Baroda,BARB0131928,Lucknow,Lucknow,Uttar Pradesh,26.847742,80.909823,123814.85,2026-08-22T21:03:05,2,0
258e8681-c973-488c-af10-f60566aca721,d4ef4c46-0e0e-4287-86de-6f25e2db4f04,6816-2613-9264,4888-6446-1438,Kotak Mahindra Bank,KKBK0533033,Chandigarh,Chandigarh,Chandigarh,30.737126,76.773844,26687.43,2026-08-22T21:05:53,3,1
6beb698a-76d8-47ea-8f40-155c93e0159e,d4ef4c46-0e0e-4287-86de-6f25e2db4f04,3030-7934-6379,4888-6446-1438,Kotak Mahindra Bank,KKBK0469409,Chandigarh,Chandigarh,Chandigarh,30.737353,76.791397,12153.65,2026-08-22T21:08:33,3,1
1111090a-3cd1-4ca3-9e91-43d34cee4198,d4ef4c46-0e0e-4287-86de-6f25e2db4f04,8429-7351-2692,4888-6446-1438,Kotak Mahindra Bank,KKBK0320547,Chandigarh,Chandigarh,Chandigarh,30.728031,76.772706,111433.36,2026-08-22T21:11:32,3,1
d1c5a287-7f4c-4f4e-8026-bd9ca4993c31,d4ef4c46-0e0e-4287-86de-6f25e2db4f04,4076-9441-3262,4888-6446-1438,Kotak Mahindra Bank,KKBK0181582,Chandigarh,Chandigarh,Chandigarh,30.747652,76.779712,17668.04,2026-08-22T21:13:37,3,1
5d66aa9b-6833-422d-a1e0-81a8d9e8d858,99ede115-1937-45cf-ab79-22c9f828e18e,3499-8317-8186,5915-8324-8405,UCO Bank,UCBA0288659,Bhopal,Bhopal,Madhya Pradesh,23.246894,77.450538,22855.64,2026-06-05T06:26:13,1,0
2568b923-d4bd-49c3-b92a-295e01302003,99ede115-1937-45cf-ab79-22c9f828e18e,3499-8317-8186,9137-9079-5448,ICICI Bank,ICIC0639297,Mumbai,Mumbai City,Maharashtra,19.070738,72.912853,116774.75,2026-06-05T06:26:30,1,0
157dcf71-1aa1-4b0f-8579-cf0cfc3e3512,99ede115-1937-45cf-ab79-22c9f828e18e,5915-8324-8405,5068-8905-8699,Bank of Baroda,BARB0398014,Ahmedabad,Ahmedabad,Gujarat,23.027242,72.552454,7957.17,2026-06-05T06:27:57,2,0
aba965ee-63a9-4512-ac38-b613b9fa796a,99ede115-1937-45cf-ab79-22c9f828e18e,5915-8324-8405,1631-1278-9084,IDBI Bank,IBKL0584279,Hyderabad,Hyderabad,Telangana,17.424639,78.528902,1090.38,2026-06-05T06:29:11,2,0
f03873cc-784f-473c-a768-d404ee1b5d62,99ede115-1937-45cf-ab79-22c9f828e18e,5915-8324-8405,2017-5669-6422,South Indian Bank,SIBL0557574,Noida,Gautam Buddh Nagar,Uttar Pradesh,28.528137,77.360748,13808.09,2026-06-05T06:30:35,2,0
75ec3f93-6de9-41bc-8aa3-2e5d1f14cc1a,99ede115-1937-45cf-ab79-22c9f828e18e,9137-9079-5448,6585-7910-9004,State Bank of India,SBIN0276953,Chandigarh,Chandigarh,Chandigarh,30.760952,76.772493,30483.63,2026-06-05T06:32:02,2,0
b746e5be-39ee-4c5b-8c8d-7dc1d935ba07,99ede115-1937-45cf-ab79-22c9f828e18e,9137-9079-5448,2923-3523-6404,UCO Bank,UCBA0929669,Lucknow,Lucknow,Uttar Pradesh,26.798782,80.926313,45361.7,2026-06-05T06:32:48,2,0
35fa2680-ae60-4888-ad51-a1998bebe26a,99ede115-1937-45cf-ab79-22c9f828e18e,9137-9079-5448,6964-4620-6628,ICICI Bank,ICIC0913493,Chandigarh,Chandigarh,Chandigarh,30.781873,76.778482,40929.42,2026-06-05T06:34:08,2,0
4a2dbb30-df48-415f-b94d-49d9a368f72f,99ede115-1937-45cf-ab79-22c9f828e18e,6585-7910-9004,5637-7026-2854,IDBI Bank,IBKL0389726,Jaipur,Jaipur,Rajasthan,26.896529,75.803556,27435.27,2026-06-05T06:35:33,3,1
f9324bdd-aa3a-4b12-81f0-7af9e2e10dc0,99ede115-1937-45cf-ab79-22c9f828e18e,6964-4620-6628,5637-7026-2854,IDBI Bank,IBKL0958913,Jaipur,Jaipur,Rajasthan,26.894377,75.780859,36836.48,2026-06-05T06:37:54,3,1
f9b505f1-ed32-4b7a-a70d-b7e81e55519d,99ede115-1937-45cf-ab79-22c9f828e18e,2017-5669-6422,5637-7026-2854,IDBI Bank,IBKL0452730,Jaipur,Jaipur,Rajasthan,26.914627,75.798912,12427.28,2026-06-05T06:39:40,3,1
e14a2fd5-d40d-4a6e-abc0-2dc8b5d421ee,99ede115-1937-45cf-ab79-22c9f828e18e,5068-8905-8699,5637-7026-2854,IDBI Bank,IBKL0472922,Jaipur,Jaipur,Rajasthan,26.917299,75.780748,7161.45,2026-06-05T06:41:25,3,1
6a877820-8f8d-4f11-a34c-032bf601c306,99ede115-1937-45cf-ab79-22c9f828e18e,2923-3523-6404,5637-7026-2854,IDBI Bank,IBKL0481189,Jaipur,Jaipur,Rajasthan,26.929345,75.799357,40825.53,2026-06-05T06:44:11,3,1
9f59e8fe-bc1d-4692-a25c-cf80cc3e7b13,9f738994-2c2b-473d-9c07-e8cc25468338,7946-4517-4334,8924-7793-7795,State Bank of India,SBIN0942565,Pune,Pune,Maharashtra,18.544782,73.815866,124389.33,2026-07-17T13:47:10,1,0
c52569dc-5e20-4cea-b141-7dfbfd93c3e6,9f738994-2c2b-473d-9c07-e8cc25468338,7946-4517-4334,9339-1884-6834,Canara Bank,CNRB0852394,Patna,Patna,Bihar,25.549182,85.107692,58872.0,2026-07-17T13:47:52,1,0
e2d9b773-6d4f-4bfb-99d2-6926b4daadf9,9f738994-2c2b-473d-9c07-e8cc25468338,8924-7793-7795,2454-7071-6400,IndusInd Bank,INDB0707214,Lucknow,Lucknow,Uttar Pradesh,26.842379,80.919351,27534.36,2026-07-17T13:48:27,2,0
4ec8c847-a41d-4e11-80b0-b2f90e425c6f,9f738994-2c2b-473d-9c07-e8cc25468338,8924-7793-7795,8725-6260-3599,Union Bank of India,UBIN0148471,Hyderabad,Hyderabad,Telangana,17.412844,78.498306,96854.97,2026-07-17T13:49:22,2,0
6d1d49eb-38fb-480d-86c6-d9fbbbc342a7,9f738994-2c2b-473d-9c07-e8cc25468338,9339-1884-6834,2123-7885-1590,UCO Bank,UCBA0642798,Chandigarh,Chandigarh,Chandigarh,30.781632,76.784032,58872.0,2026-07-17T13:50:25,2,0
fad963a5-311f-4dd2-a6d5-49cb6e31b0e6,9f738994-2c2b-473d-9c07-e8cc25468338,2454-7071-6400,7091-4226-2282,HDFC Bank,HDFC0982082,Noida,Gautam Buddh Nagar,Uttar Pradesh,28.523684,77.372748,24780.92,2026-07-17T13:52:12,3,1
23299c55-05e0-45a5-8d79-19674f24e7d5,9f738994-2c2b-473d-9c07-e8cc25468338,2123-7885-1590,7091-4226-2282,HDFC Bank,HDFC0398881,Noida,Gautam Buddh Nagar,Uttar Pradesh,28.51744,77.395444,52984.8,2026-07-17T13:54:03,3,1
05f66e51-f227-4705-ada3-f33f1ab9cbd6,9f738994-2c2b-473d-9c07-e8cc25468338,8725-6260-3599,7091-4226-2282,HDFC Bank,HDFC0819294,Noida,Gautam Buddh Nagar,Uttar Pradesh,28.542615,77.380495,87169.47,2026-07-17T13:55:27,3,1
c951da92-c403-4b36-8b91-faa62befc24e,347c8f45-59a9-46a1-afe9-11b6d0d68266,8101-4981-9188,1697-4030-1039,Union Bank of India,UBIN0321516,Ahmedabad,Ahmedabad,Gujarat,23.025321,72.549733,116384.74,2026-08-24T21:24:36,1,0
0dee8851-c97e-4bc6-853b-e16de9e9ca66,347c8f45-59a9-46a1-afe9-11b6d0d68266,8101-4981-9188,4869-9902-8332,Union Bank of India,UBIN0889253,Noida,Gautam Buddh Nagar,Uttar Pradesh,28.561092,77.418292,10618.18,2026-08-24T21:25:14,1,0
a128acd5-f6b3-4bd9-b3b6-01b4fc84ebef,347c8f45-59a9-46a1-afe9-11b6d0d68266,8101-4981-9188,9499-3778-2028,Canara Bank,CNRB0884052,Mumbai,Mumbai City,Maharashtra,19.114197,72.915768,260794.91,2026-08-24T21:25:51,1,0
7be3ba80-e5fb-481a-a685-f4587173be90,347c8f45-59a9-46a1-afe9-11b6d0d68266,1697-4030-1039,1129-9907-4810,Union Bank of India,UBIN0197208,Lucknow,Lucknow,Uttar Pradesh,26.815259,80.914835,116384.74,2026-08-24T21:26:40,2,0
ae1eaf1a-abf9-4364-9fa0-0c8c98f42c55,347c8f45-59a9-46a1-afe9-11b6d0d68266,4869-9902-8332,8126-5785-8876,Punjab National Bank,PUNB0131442,Bhopal,Bhopal,Madhya Pradesh,23.235666,77.427424,7413.39,2026-08-24T21:27:29,2,0
c062edb7-2a06-4735-95f9-e576de661052,347c8f45-59a9-46a1-afe9-11b6d0d68266,4869-9902-8332,5556-3439-7767,YES Bank,YESB0902143,Jaipur,Jaipur,Rajasthan,26.879045,75.78679,3204.79,2026-08-24T21:28:11,2,0
98f24dc7-5268-4cd7-8f20-7fbb686ed6a9,347c8f45-59a9-46a1-afe9-11b6d0d68266,9499-3778-2028,7659-4925-8247,IDBI Bank,IBKL0597414,Kolkata,Kolkata,West Bengal,22.566963,88.399374,225138.07,2026-08-24T21:29:24,2,0
16ff3919-93a4-49f7-98c2-e123fce1a0cc,347c8f45-59a9-46a1-afe9-11b6d0d68266,9499-3778-2028,6361-9491-2522,UCO Bank,UCBA0276962,Ahmedabad,Ahmedabad,Gujarat,23.00361,72.574047,35656.84,2026-08-24T21:30:11,2,0
925d418e-3ff9-4e6f-bcb8-7347f9f62f6d,347c8f45-59a9-46a1-afe9-11b6d0d68266,1129-9907-4810,6487-5084-2504,YES Bank,YESB0947339,Bengaluru,Bengaluru Urban,Karnataka,12.969086,77.587038,104746.27,2026-08-24T21:31:53,3,1
2b6f6806-c91f-4554-a04c-b25ab1701b81,347c8f45-59a9-46a1-afe9-11b6d0d68266,5556-3439-7767,6487-5084-2504,YES Bank,YESB0305504,Bengaluru,Bengaluru Urban,Karnataka,12.976202,77.575009,2884.31,2026-08-24T21:33:11,3,1
58346790-50b1-4b6b-8010-e5697bf409da,347c8f45-59a9-46a1-afe9-11b6d0d68266,8126-5785-8876,6487-5084-2504,YES Bank,YESB0757043,Bengaluru,Bengaluru Urban,Karnataka,12.966754,77.606357,6672.05,2026-08-24T21:34:30,3,1
cc17d57b-0cbb-4987-8987-0ef9cf0cc3d1,347c8f45-59a9-46a1-afe9-11b6d0d68266,7659-4925-8247,6487-5084-2504,YES Bank,YESB0111648,Bengaluru,Bengaluru Urban,Karnataka,12.985476,77.61215,202624.26,2026-08-24T21:37:07,3,1
712667ea-98ef-4342-b6fc-f4e52a96c1aa,347c8f45-59a9-46a1-afe9-11b6d0d68266,6361-9491-2522,6487-5084-2504,YES Bank,YESB0493248,Bengaluru,Bengaluru Urban,Karnataka,12.962331,77.612806,32091.16,2026-08-24T21:39:50,3,1
6918aca5-3216-44d6-94d3-72685cf23d22,d4697b49-d8a4-4469-853f-0f7592ae64ef,7397-7853-9509,2994-9810-3982,UCO Bank,UCBA0929078,Patna,Patna,Bihar,25.558689,85.154099,26798.76,2026-08-21T20:23:14,1,0
0ebd6dd0-7fed-44f3-87d5-9bfe79c1b119,d4697b49-d8a4-4469-853f-0f7592ae64ef,2994-9810-3982,3234-5362-7286,Axis Bank,UTIB0841345,Chennai,Chennai,Tamil Nadu,13.0885,80.247684,17756.4,2026-08-21T20:23:57,2,0
ed6eb1f7-768e-43bf-b901-3461a216669c,d4697b49-d8a4-4469-853f-0f7592ae64ef,2994-9810-3982,9038-3250-4043,IndusInd Bank,INDB0167446,Lucknow,Lucknow,Uttar Pradesh,26.817075,80.937567,4725.71,2026-08-21T20:24:51,2,0
e88f895a-048a-4431-a3eb-e359f042bcfc,d4697b49-d8a4-4469-853f-0f7592ae64ef,2994-9810-3982,1859-4711-8662,Punjab National Bank,PUNB0646126,Lucknow,Lucknow,Uttar Pradesh,26.893066,80.945777,4316.65,2026-08-21T20:26:19,2,0
611b6db5-6f94-49a1-a51f-f53c5a8eb4d2,d4697b49-d8a4-4469-853f-0f7592ae64ef,3234-5362-7286,6371-7308-6333,IndusInd Bank,INDB0794778,Patna,Patna,Bihar,25.590076,85.150378,15980.76,2026-08-21T20:28:16,3,1
15187e1a-6a78-42de-9aa3-c5758c4407e1,d4697b49-d8a4-4469-853f-0f7592ae64ef,9038-3250-4043,6371-7308-6333,IndusInd Bank,INDB0929218,Patna,Patna,Bihar,25.613336,85.150627,4253.14,2026-08-21T20:31:13,3,1
486a1fd4-ecd4-41ff-9609-8db19b221145,d4697b49-d8a4-4469-853f-0f7592ae64ef,1859-4711-8662,6371-7308-6333,IndusInd Bank,INDB0626821,Patna,Patna,Bihar,25.589515,85.14468,3884.98,2026-08-21T20:33:11,3,1
68b15c08-8d4a-4aae-a940-9ff4ae8f4cf6,0c3b1cf2-be5b-4798-a0ba-92e2beefd670,6776-6526-2099,3158-7481-8847,ICICI Bank,ICIC0138190,Chennai,Chennai,Tamil Nadu,13.069465,80.231437,29060.59,2026-06-16T10:36:19,1,0
74676ff3-3228-4760-9473-13ec9bf1d685,0c3b1cf2-be5b-4798-a0ba-92e2beefd670,6776-6526-2099,7952-5278-5185,Bank of Baroda,BARB0363518,Mumbai,Mumbai City,Maharashtra,19.105964,72.845457,342136.49,2026-06-16T10:36:56,1,0
cb307094-2d23-4295-b7e5-3bc4e675f64a,0c3b1cf2-be5b-4798-a0ba-92e2beefd670,6776-6526-2099,5324-4519-7786,Punjab National Bank,PUNB0192044,Gurgaon,Gurugram,Haryana,28.507569,77.02761,89315.05,2026-06-16T10:37:09,1,0
f2203bfc-eefb-4143-9c5e-fa92ed57abea,0c3b1cf2-be5b-4798-a0ba-92e2beefd670,3158-7481-8847,5096-8469-2634,Bank of Baroda,BARB0762251,Noida,Gautam Buddh Nagar,Uttar Pradesh,28.542944,77.398165,27116.97,2026-06-16T10:37:54,2,0
8d44fad9-60df-4840-830d-8ecc04254472,0c3b1cf2-be5b-4798-a0ba-92e2beefd670,3158-7481-8847,7040-3249-1830,Bank of Baroda,BARB0789330,Jaipur,Jaipur,Rajasthan,26.86457,75.771333,1943.62,2026-06-16T10:38:57,2,0
72193b3a-55f1-4701-8e4a-c815f9c1988e,0c3b1cf2-be5b-4798-a0ba-92e2beefd670,7952-5278-5185,2659-4857-4666,Union Bank of India,UBIN0756312,Noida,Gautam Buddh Nagar,Uttar Pradesh,28.511811,77.359754,178796.11,2026-06-16T10:39:30,2,0
feb61111-3162-4ce6-90eb-43517712c9fd,0c3b1cf2-be5b-4798-a0ba-92e2beefd670,7952-5278-5185,6187-9967-6234,Federal Bank,FDRL0844040,Gurgaon,Gurugram,Haryana,28.465765,77.063403,163340.38,2026-06-16T10:40:11,2,0
40b233fd-bf40-4b05-8643-19c8265bcd44,0c3b1cf2-be5b-4798-a0ba-92e2beefd670,5324-4519-7786,7935-7729-4355,Punjab National Bank,PUNB0317272,Gurgaon,Gurugram,Haryana,28.429946,76.986179,32609.14,2026-06-16T10:41:30,2,0
3a4e5f8f-f2e8-4990-ad0d-c50765073d5a,0c3b1cf2-be5b-4798-a0ba-92e2beefd670,5324-4519-7786,4050-9027-1780,State Bank of India,SBIN0880124,Chandigarh,Chandigarh,Chandigarh,30.76334,76.79096,56705.91,2026-06-16T10:42:25,2,0
b4e96d80-09d7-4bef-b191-49f61170bf05,0c3b1cf2-be5b-4798-a0ba-92e2beefd670,4050-9027-1780,1625-6957-3475,ICICI Bank,ICIC0654429,Ahmedabad,Ahmedabad,Gujarat,23.013191,72.569765,51035.32,2026-06-16T10:43:35,3,1
346f862b-77b0-4ae3-9e6a-9f7019434c37,0c3b1cf2-be5b-4798-a0ba-92e2beefd670,6187-9967-6234,1625-6957-3475,ICICI Bank,ICIC0786097,Ahmedabad,Ahmedabad,Gujarat,23.03364,72.588132,147006.34,2026-06-16T10:46:22,3,1
4d3f23e0-ba58-4e01-9c75-5d040c9a74ce,0c3b1cf2-be5b-4798-a0ba-92e2beefd670,5096-8469-2634,1625-6957-3475,ICICI Bank,ICIC0972292,Ahmedabad,Ahmedabad,Gujarat,23.033165,72.565874,24405.27,2026-06-16T10:48:36,3,1
8a889db8-df00-4f3c-b5b5-501d97512ca4,f8f9913a-30f7-4528-967b-35733e9e9fd1,6468-3174-8750,3952-6756-8032,HDFC Bank,HDFC0404015,Patna,Patna,Bihar,25.565657,85.177957,127890.28,2026-08-26T23:41:16,1,0
4d40c70b-ee3f-44e0-90e4-85a1892b9473,f8f9913a-30f7-4528-967b-35733e9e9fd1,3952-6756-8032,4174-1733-6113,Canara Bank,CNRB0111366,Noida,Gautam Buddh Nagar,Uttar Pradesh,28.545034,77.356314,6592.01,2026-08-26T23:41:48,2,0
a0d696c4-09d4-42ce-b9bf-91ebed38f1f8,f8f9913a-30f7-4528-967b-35733e9e9fd1,3952-6756-8032,1102-8929-8850,ICICI Bank,ICIC0520954,Noida,Gautam Buddh Nagar,Uttar Pradesh,28.540476,77.386577,104763.33,2026-08-26T23:43:14,2,0
666e27ad-a40a-4830-a7c8-de8cddcae0e8,f8f9913a-30f7-4528-967b-35733e9e9fd1,3952-6756-8032,7001-3023-4618,YES Bank,YESB0310938,Chandigarh,Chandigarh,Chandigarh,30.765611,76.740423,16534.93,2026-08-26T23:44:05,2,0
6ff3ca98-647a-4940-a163-885fb22a5040,f8f9913a-30f7-4528-967b-35733e9e9fd1,4174-1733-6113,5643-5027-2354,UCO Bank,UCBA0395702,Gurgaon,Gurugram,Haryana,28.449456,77.01008,5932.81,2026-08-26T23:46:01,3,1
9e5abfde-aae9-4152-8185-36c71fa815a0,f8f9913a-30f7-4528-967b-35733e9e9fd1,7001-3023-4618,5643-5027-2354,UCO Bank,UCBA0545629,Gurgaon,Gurugram,Haryana,28.455949,77.022526,14881.44,2026-08-26T23:47:53,3,1
27376c4c-e003-4c1f-8242-34d46f2f62e2,f8f9913a-30f7-4528-967b-35733e9e9fd1,1102-8929-8850,5643-5027-2354,UCO Bank,UCBA0284060,Gurgaon,Gurugram,Haryana,28.448367,77.022668,94287.0,2026-08-26T23:48:58,3,1
fa72cb40-0258-4498-8598-341cfa9544f2,0838cd0a-ec45-444b-965a-f7f06528efbd,6829-6566-9358,7857-3384-5104,Bank of Baroda,BARB0454808,Bengaluru,Bengaluru Urban,Karnataka,12.936579,77.59029,253510.27,2026-08-25T15:18:02,1,0
13ee1d39-32cd-4931-b5b4-c9728f0cea62,0838cd0a-ec45-444b-965a-f7f06528efbd,7857-3384-5104,1887-4964-7638,South Indian Bank,SIBL0883694,Chennai,Chennai,Tamil Nadu,13.038444,80.266169,253510.27,2026-08-25T15:19:12,2,0
0ee1f671-d764-48de-9cc6-b80bfe91b101,0838cd0a-ec45-444b-965a-f7f06528efbd,1887-4964-7638,1126-1126-6836,IDBI Bank,IBKL0982879,Bhopal,Bhopal,Madhya Pradesh,23.30165,77.45493,253510.27,2026-08-25T15:24:03,3,1
a5ffef74-9b9c-448d-82e3-3cf6156fcef5,8c98ca26-d80c-4146-9e04-c09256634a49,8986-1682-7983,1044-6229-8575,Kotak Mahindra Bank,KKBK0821583,Bhopal,Bhopal,Madhya Pradesh,23.269783,77.443619,17204.41,2026-07-14T05:22:55,1,0
7ed875b3-769d-466a-89e1-c4e7b8bfb1d5,8c98ca26-d80c-4146-9e04-c09256634a49,8986-1682-7983,2245-2163-3913,Bank of Baroda,BARB0934394,Patna,Patna,Bihar,25.562862,85.167946,15058.97,2026-07-14T05:23:20,1,0
00cf3914-45f7-4175-9677-88c7225d9320,8c98ca26-d80c-4146-9e04-c09256634a49,8986-1682-7983,2363-9561-2496,IDBI Bank,IBKL0342584,Chandigarh,Chandigarh,Chandigarh,30.68497,76.815904,6855.21,2026-07-14T05:24:18,1,0
1b9c979e-c98a-4d69-9a01-a41a21acb6cb,8c98ca26-d80c-4146-9e04-c09256634a49,1044-6229-8575,9679-5618-6237,Federal Bank,FDRL0563849,Delhi,Central Delhi,Delhi,28.622068,77.177835,13186.87,2026-07-14T05:25:18,2,0
a9385316-81ba-4fb9-b5cb-28e42cf6feb6,8c98ca26-d80c-4146-9e04-c09256634a49,1044-6229-8575,2341-7858-6420,HDFC Bank,HDFC0653661,Lucknow,Lucknow,Uttar Pradesh,26.81942,80.910991,4017.54,2026-07-14T05:26:43,2,0
9c26d482-f09d-4cdf-b72d-83591eb70256,8c98ca26-d80c-4146-9e04-c09256634a49,2245-2163-3913,7487-5342-7754,Union Bank of India,UBIN0450568,Patna,Patna,Bihar,25.606908,85.156011,15058.97,2026-07-14T05:28:00,2,0
3ced5b1b-b41a-47f9-8750-af653fc9c184,8c98ca26-d80c-4146-9e04-c09256634a49,2363-9561-2496,2808-1402-3337,Union Bank of India,UBIN0916901,Delhi,Central Delhi,Delhi,28.595506,77.16399,1467.6,2026-07-14T05:29:04,2,0
da3b3f5c-2b68-4df4-9f12-a625f976df44,8c98ca26-d80c-4146-9e04-c09256634a49,2363-9561-2496,1565-5990-2127,Axis Bank,UTIB0510360,Pune,Pune,Maharashtra,18.547869,73.87904,3971.29,2026-07-14T05:29:48,2,0
d73b0061-6fd3-4aee-9da6-57fdc40989cf,8c98ca26-d80c-4146-9e04-c09256634a49,2363-9561-2496,2061-6291-5993,Canara Bank,CNRB0901062,Mumbai,Mumbai City,Maharashtra,19.049812,72.859271,1416.33,2026-07-14T05:30:32,2,0
bc61a8df-eac0-4076-a2ad-a1c440593a38,8c98ca26-d80c-4146-9e04-c09256634a49,7487-5342-7754,1047-9851-5617,HDFC Bank,HDFC0376348,Hyderabad,Hyderabad,Telangana,17.374331,78.503863,13553.07,2026-07-14T05:33:10,3,1
167597f8-51a6-4a32-a18e-fd1a96e631d8,8c98ca26-d80c-4146-9e04-c09256634a49,2061-6291-5993,1047-9851-5617,HDFC Bank,HDFC0770865,Hyderabad,Hyderabad,Telangana,17.39087,78.470536,1274.7,2026-07-14T05:34:14,3,1
80cca7e8-59f9-483f-a8af-ab568b73a23f,8c98ca26-d80c-4146-9e04-c09256634a49,2341-7858-6420,1047-9851-5617,HDFC Bank,HDFC0111244,Hyderabad,Hyderabad,Telangana,17.398138,78.496568,3615.79,2026-07-14T05:36:13,3,1
3df5450a-5a99-49e6-a150-506fbc5c8341,8c98ca26-d80c-4146-9e04-c09256634a49,2808-1402-3337,1047-9851-5617,HDFC Bank,HDFC0164474,Hyderabad,Hyderabad,Telangana,17.369453,78.474057,1320.84,2026-07-14T05:38:09,3,1
29fef4b1-0c66-4362-b7be-7bd6c9e79374,8c98ca26-d80c-4146-9e04-c09256634a49,9679-5618-6237,1047-9851-5617,HDFC Bank,HDFC0834077,Hyderabad,Hyderabad,Telangana,17.399953,78.473485,11868.18,2026-07-14T05:40:39,3,1
92ff7c5a-a478-4201-9abf-f8115b4e2f36,3d46f062-c155-43c2-bdfb-ae1e033dc6c6,4476-8711-2516,9832-7129-7237,UCO Bank,UCBA0493190,Chennai,Chennai,Tamil Nadu,13.036381,80.281131,91008.77,2026-07-04T21:15:19,1,0
93724a82-6a4f-490c-9713-75083ce0c996,3d46f062-c155-43c2-bdfb-ae1e033dc6c6,4476-8711-2516,9670-2776-8438,IDBI Bank,IBKL0822911,Mumbai,Mumbai City,Maharashtra,19.103423,72.851598,140080.59,2026-07-04T21:16:00,1,0
a23233e8-afbf-4a58-b6f1-cfca06d86251,3d46f062-c155-43c2-bdfb-ae1e033dc6c6,9832-7129-7237,2133-1937-6687,IndusInd Bank,INDB0611837,Noida,Gautam Buddh Nagar,Uttar Pradesh,28.544386,77.440503,67912.06,2026-07-04T21:17:15,2,0
0d18b2a5-d78d-4785-9e63-3097fd80a0eb,3d46f062-c155-43c2-bdfb-ae1e033dc6c6,9832-7129-7237,6948-2375-7200,Punjab National Bank,PUNB0623834,Jaipur,Jaipur,Rajasthan,26.865193,75.797516,15738.8,2026-07-04T21:18:09,2,0
70633a0f-b747-429e-99a3-4e12e1e9ffc5,3d46f062-c155-43c2-bdfb-ae1e033dc6c6,9832-7129-7237,9981-4099-5052,Punjab National Bank,PUNB0414549,Lucknow,Lucknow,Uttar Pradesh,26.801016,80.931239,7357.91,2026-07-04T21:19:31,2,0
4eaa391d-8919-493b-90b6-470d9e484557,3d46f062-c155-43c2-bdfb-ae1e033dc6c6,9670-2776-8438,5849-6815-3445,Canara Bank,CNRB0486579,Bhopal,Bhopal,Madhya Pradesh,23.210571,77.388696,56260.4,2026-07-04T21:20:55,2,0
6bfa109f-018c-4a54-aba2-10d181b39dfe,3d46f062-c155-43c2-bdfb-ae1e033dc6c6,9670-2776-8438,6473-4319-7039,Federal Bank,FDRL0591754,Delhi,Central Delhi,Delhi,28.617698,77.223803,79026.42,2026-07-04T21:21:36,2,0
0c19a66b-2691-49a0-8834-fd46de5f9f66,3d46f062-c155-43c2-bdfb-ae1e033dc6c6,9670-2776-8438,8652-1351-9150,ICICI Bank,ICIC0856273,Jaipur,Jaipur,Rajasthan,26.880629,75.748366,4793.77,2026-07-04T21:22:33,2,0
2dfccd51-cd59-4724-87f9-4da46f8b7438,3d46f062-c155-43c2-bdfb-ae1e033dc6c6,6948-2375-7200,2062-2987-8145,Union Bank of India,UBIN0120937,Bhopal,Bhopal,Madhya Pradesh,23.26948,77.393656,14164.92,2026-07-04T21:25:23,3,1
72233974-5531-44aa-9df3-231d952f1871,3d46f062-c155-43c2-bdfb-ae1e033dc6c6,5849-6815-3445,2062-2987-8145,Union Bank of India,UBIN0926222,Bhopal,Bhopal,Madhya Pradesh,23.248711,77.426137,50634.36,2026-07-04T21:27:40,3,1
ae28bb15-ca97-4f03-b23e-7ea1fa7e7054,3d46f062-c155-43c2-bdfb-ae1e033dc6c6,2133-1937-6687,2062-2987-8145,Union Bank of India,UBIN0780896,Bhopal,Bhopal,Madhya Pradesh,23.24262,77.403734,61120.85,2026-07-04T21:29:55,3,1
b7a02434-e96d-4884-ac60-e64512605df8,3d46f062-c155-43c2-bdfb-ae1e033dc6c6,6473-4319-7039,2062-2987-8145,Union Bank of India,UBIN0103657,Bhopal,Bhopal,Madhya Pradesh,23.272483,77.39529,71123.78,2026-07-04T21:32:08,3,1
36731957-3263-41f4-8c07-9a58fd8b9034,3d46f062-c155-43c2-bdfb-ae1e033dc6c6,8652-1351-9150,2062-2987-8145,Union Bank of India,UBIN0151336,Bhopal,Bhopal,Madhya Pradesh,23.24186,77.400452,4314.39,2026-07-04T21:34:07,3,1
63739d37-e27d-4fda-9566-191395990d46,aba026f6-5ab2-40d5-ab69-7e340993326d,9185-7655-3753,1395-6647-9583,IndusInd Bank,INDB0586692,Ahmedabad,Ahmedabad,Gujarat,22.985913,72.55997,95556.51,2026-07-16T23:12:59,1,0
6266d22e-d84b-484d-8823-06e40c520a71,aba026f6-5ab2-40d5-ab69-7e340993326d,9185-7655-3753,8566-8617-9043,South Indian Bank,SIBL0210290,Noida,Gautam Buddh Nagar,Uttar Pradesh,28.541817,77.38368,53346.73,2026-07-16T23:13:17,1,0
015144b2-78b4-4c63-a748-6b516d69d61f,aba026f6-5ab2-40d5-ab69-7e340993326d,9185-7655-3753,9122-1815-2386,YES Bank,YESB0729038,Lucknow,Lucknow,Uttar Pradesh,26.887576,80.926791,148983.76,2026-07-16T23:14:08,1,0
915e737a-a80d-4431-b2c5-713b40b7ff7a,aba026f6-5ab2-40d5-ab69-7e340993326d,1395-6647-9583,9042-8366-4314,Bank of Baroda,BARB0479602,Ahmedabad,Ahmedabad,Gujarat,23.011534,72.601216,95556.51,2026-07-16T23:15:18,2,0
558779c2-633a-48f5-b31d-83b1b5d322e9,aba026f6-5ab2-40d5-ab69-7e340993326d,8566-8617-9043,2836-3740-3446,Federal Bank,FDRL0864760,Chandigarh,Chandigarh,Chandigarh,30.766691,76.822775,10525.78,2026-07-16T23:16:03,2,0
4fbe82d5-f0a4-473b-a6d5-46cd3c115a7b,aba026f6-5ab2-40d5-ab69-7e340993326d,8566-8617-9043,1604-6801-2968,Kotak Mahindra Bank,KKBK0396022,Patna,Patna,Bihar,25.617161,85.165844,24299.29,2026-07-16T23:17:15,2,0
0c525dbb-fc0f-4021-b311-b9c6187b2d1a,aba026f6-5ab2-40d5-ab69-7e340993326d,8566-8617-9043,4353-7035-7574,ICICI Bank,ICIC0147064,Bengaluru,Bengaluru Urban,Karnataka,12.926471,77.580292,18521.67,2026-07-16T23:18:24,2,0
7c5b2ee4-b8f7-4476-ae8f-7ac492e1aa53,aba026f6-5ab2-40d5-ab69-7e340993326d,9122-1815-2386,8650-5352-9600,Union Bank of India,UBIN0677761,Noida,Gautam Buddh Nagar,Uttar Pradesh,28.498572,77.352301,102898.89,2026-07-16T23:19:17,2,0
140625de-b1b8-4f86-a87c-a949e85500cb,aba026f6-5ab2-40d5-ab69-7e340993326d,9122-1815-2386,7816-8747-4098,Kotak Mahindra Bank,KKBK0634345,Pune,Pune,Maharashtra,18.515327,73.904738,46084.87,2026-07-16T23:20:33,2,0
a1a1a1e9-d7b8-4c82-90bd-b3008b6a34c2,aba026f6-5ab2-40d5-ab69-7e340993326d,4353-7035-7574,6457-6028-4541,Union Bank of India,UBIN0505409,Mumbai,Mumbai City,Maharashtra,19.080176,72.88131,16669.5,2026-07-16T23:22:20,3,1
be754840-074d-4634-8bba-48e278567b27,aba026f6-5ab2-40d5-ab69-7e340993326d,8650-5352-9600,6457-6028-4541,Union Bank of India,UBIN0230228,Mumbai,Mumbai City,Maharashtra,19.063098,72.863484,92609.0,2026-07-16T23:24:56,3,1
39e96dd6-7628-4843-b8a4-7f621834c6a7,aba026f6-5ab2-40d5-ab69-7e340993326d,2836-3740-3446,6457-6028-4541,Union Bank of India,UBIN0983271,Mumbai,Mumbai City,Maharashtra,19.05921,72.865706,9473.2,2026-07-16T23:26:00,3,1
aecbb410-d820-4656-bfa1-41b1cbe6e50d,aba026f6-5ab2-40d5-ab69-7e340993326d,7816-8747-4098,6457-6028-4541,Union Bank of India,UBIN0498423,Mumbai,Mumbai City,Maharashtra,19.091682,72.874731,41476.38,2026-07-16T23:28:29,3,1
9dd413bb-538a-4ad5-a621-ef0a67c31d06,e5a27d0b-c6ea-4c2c-bd3d-0d619397ef60,3016-3436-7250,2833-2458-7885,IndusInd Bank,INDB0323228,Delhi,Central Delhi,Delhi,28.626611,77.183532,6059.99,2026-07-08T21:05:13,1,0
32b1d7b5-ea6d-4bec-a2ce-555639098895,e5a27d0b-c6ea-4c2c-bd3d-0d619397ef60,3016-3436-7250,4099-4454-7054,Kotak Mahindra Bank,KKBK0327278,Kolkata,Kolkata,West Bengal,22.526561,88.378039,2097.06,2026-07-08T21:05:58,1,0
04d0e5ba-872a-4b07-9bb3-5d8761216f5d,e5a27d0b-c6ea-4c2c-bd3d-0d619397ef60,2833-2458-7885,3172-9447-8822,IDBI Bank,IBKL0155850,Gurgaon,Gurugram,Haryana,28.423075,77.044154,4680.13,2026-07-08T21:06:55,2,0
4ac1bca6-512e-4443-9524-790d421288a4,e5a27d0b-c6ea-4c2c-bd3d-0d619397ef60,2833-2458-7885,7126-4803-4857,Union Bank of India,UBIN0365899,Chennai,Chennai,Tamil Nadu,13.080705,80.233089,1216.55,2026-07-08T21:08:14,2,0
bf11970c-4ff6-44fd-95a0-59700bbdedee,e5a27d0b-c6ea-4c2c-bd3d-0d619397ef60,2833-2458-7885,6397-6431-3915,Union Bank of India,UBIN0522818,Gurgaon,Gurugram,Haryana,28.468589,77.043045,163.31,2026-07-08T21:08:55,2,0
cc28a946-ccd1-409d-a609-8da4fef911a9,e5a27d0b-c6ea-4c2c-bd3d-0d619397ef60,4099-4454-7054,5757-7035-3002,Axis Bank,UTIB0273227,Ahmedabad,Ahmedabad,Gujarat,23.052564,72.535144,2097.06,2026-07-08T21:09:53,2,0
60e9fa60-1609-4cca-a1c9-ed29b819de91,e5a27d0b-c6ea-4c2c-bd3d-0d619397ef60,3172-9447-8822,9367-8069-6499,South Indian Bank,SIBL0931747,Chandigarh,Chandigarh,Chandigarh,30.723072,76.785441,4212.12,2026-07-08T21:10:54,3,1
0f9b2644-5c90-4630-9d33-72fa644d9771,e5a27d0b-c6ea-4c2c-bd3d-0d619397ef60,7126-4803-4857,9367-8069-6499,South Indian Bank,SIBL0856255,Chandigarh,Chandigarh,Chandigarh,30.745745,76.776975,1094.9,2026-07-08T21:13:21,3,1
5300f7bc-4bb8-4139-88e5-b137795b37f0,e5a27d0b-c6ea-4c2c-bd3d-0d619397ef60,6397-6431-3915,9367-8069-6499,South Indian Bank,SIBL0894857,Chandigarh,Chandigarh,Chandigarh,30.739067,76.761619,146.98,2026-07-08T21:16:08,3,1
a34468f8-7655-44e2-aadc-05b44c6406f3,496d15a8-6efe-4578-8cc9-1d1f1a45f4c2,8902-9109-8905,2292-8515-5925,Bank of Baroda,BARB0466731,Mumbai,Mumbai City,Maharashtra,19.050764,72.920199,2408.0,2026-08-01T21:15:07,1,0
6123bc65-4acf-418d-b117-add93aa3f1a1,496d15a8-6efe-4578-8cc9-1d1f1a45f4c2,8902-9109-8905,4339-2215-3056,HDFC Bank,HDFC0446476,Lucknow,Lucknow,Uttar Pradesh,26.846195,80.899366,839.7,2026-08-01T21:15:21,1,0
b11db4db-c99e-4f2b-8677-816067b268ba,496d15a8-6efe-4578-8cc9-1d1f1a45f4c2,8902-9109-8905,5935-4468-5944,ICICI Bank,ICIC0581744,Chandigarh,Chandigarh,Chandigarh,30.699092,76.79129,2476.01,2026-08-01T21:16:08,1,0
f6faa733-fb1b-434b-8649-bfe8d96a6839,496d15a8-6efe-4578-8cc9-1d1f1a45f4c2,2292-8515-5925,1567-4081-7234,Axis Bank,UTIB0205297,Ahmedabad,Ahmedabad,Gujarat,23.013194,72.559157,100.0,2026-08-01T21:16:50,2,0
45e8b707-902a-429b-9108-01c4231c296a,496d15a8-6efe-4578-8cc9-1d1f1a45f4c2,2292-8515-5925,7113-8384-6772,YES Bank,YESB0104995,Chennai,Chennai,Tamil Nadu,13.113359,80.274411,210.35,2026-08-01T21:18:12,2,0
d1222e68-1fe0-4393-91f7-ebbce8dcfaf8,496d15a8-6efe-4578-8cc9-1d1f1a45f4c2,2292-8515-5925,7843-4054-5203,State Bank of India,SBIN0700446,Hyderabad,Hyderabad,Telangana,17.410902,78.459483,2118.66,2026-08-01T21:19:02,2,0
c2f6782a-7576-4639-b993-55a64f7dee45,496d15a8-6efe-4578-8cc9-1d1f1a45f4c2,4339-2215-3056,5466-5358-2739,IDBI Bank,IBKL0596965,Ahmedabad,Ahmedabad,Gujarat,22.998544,72.540695,100.0,2026-08-01T21:20:21,2,0
a1aaf5ba-33d8-4edf-b545-8ffc6f41b430,496d15a8-6efe-4578-8cc9-1d1f1a45f4c2,4339-2215-3056,1990-2105-1256,Federal Bank,FDRL0257552,Ahmedabad,Ahmedabad,Gujarat,22.983973,72.617172,634.9,2026-08-01T21:21:08,2,0
2f745ad7-d411-4724-a958-8b8929642898,496d15a8-6efe-4578-8cc9-1d1f1a45f4c2,4339-2215-3056,5912-3390-8975,Federal Bank,FDRL0938542,Kolkata,Kolkata,West Bengal,22.5297,88.36847,114.61,2026-08-01T21:21:44,2,0
cdfd2fa7-e35f-44aa-8a1c-8a552c0af643,496d15a8-6efe-4578-8cc9-1d1f1a45f4c2,5935-4468-5944,7810-2861-4508,Punjab National Bank,PUNB0627221,Patna,Patna,Bihar,25.632874,85.095356,869.21,2026-08-01T21:22:47,2,0
e466583e-707f-4f10-9c26-5282070dba7e,496d15a8-6efe-4578-8cc9-1d1f1a45f4c2,5935-4468-5944,3549-5020-7057,Bank of Baroda,BARB0623747,Lucknow,Lucknow,Uttar Pradesh,26.800458,80.915065,1000.03,2026-08-01T21:23:22,2,0
a4dda032-120f-4b95-af5a-197b6e95119b,496d15a8-6efe-4578-8cc9-1d1f1a45f4c2,5935-4468-5944,8344-6258-4442,Bank of Baroda,BARB0155795,Hyderabad,Hyderabad,Telangana,17.399303,78.523765,606.76,2026-08-01T21:24:21,2,0
2810703f-6384-4e9b-b050-add9869c7e77,496d15a8-6efe-4578-8cc9-1d1f1a45f4c2,1990-2105-1256,5946-6477-6297,Punjab National Bank,PUNB0103404,Hyderabad,Hyderabad,Telangana,17.401481,78.505161,571.41,2026-08-01T21:25:41,3,1
bb53dc73-e37a-490b-96aa-61505ad6f5d1,496d15a8-6efe-4578-8cc9-1d1f1a45f4c2,7843-4054-5203,5946-6477-6297,Punjab National Bank,PUNB0341712,Hyderabad,Hyderabad,Telangana,17.378667,78.476726,1906.79,2026-08-01T21:28:27,3,1
0440b046-8ef1-4666-b396-036e68c801c9,496d15a8-6efe-4578-8cc9-1d1f1a45f4c2,5466-5358-2739,5946-6477-6297,Punjab National Bank,PUNB0753245,Hyderabad,Hyderabad,Telangana,17.393368,78.473485,90.0,2026-08-01T21:30:16,3,1
88760d36-f9c0-4f67-968b-4e4c1d619f70,496d15a8-6efe-4578-8cc9-1d1f1a45f4c2,7113-8384-6772,5946-6477-6297,Punjab National Bank,PUNB0362100,Hyderabad,Hyderabad,Telangana,17.387785,78.466859,189.32,2026-08-01T21:32:40,3,1
2ef4fd83-eb6e-4a20-b655-6627a50828a0,42866429-42e9-4412-8f4c-d4f5500948c5,8287-5032-5834,5525-7306-7275,South Indian Bank,SIBL0754544,Patna,Patna,Bihar,25.636692,85.17092,491642.29,2026-07-09T19:50:13,1,0
9210acfd-9db6-4575-97a1-dc370741a346,42866429-42e9-4412-8f4c-d4f5500948c5,5525-7306-7275,8737-1812-1829,UCO Bank,UCBA0994679,Kolkata,Kolkata,West Bengal,22.621128,88.319047,296835.91,2026-07-09T19:51:42,2,0
384ebb7d-60dd-47dd-8d7a-91975e240ac2,42866429-42e9-4412-8f4c-d4f5500948c5,5525-7306-7275,7834-1831-5093,YES Bank,YESB0213619,Bengaluru,Bengaluru Urban,Karnataka,12.960718,77.57833,194806.38,2026-07-09T19:52:48,2,0
54718561-8f20-48be-92aa-57bc5aca228e,42866429-42e9-4412-8f4c-d4f5500948c5,8737-1812-1829,2399-3905-1007,ICICI Bank,ICIC0405203,Gurgaon,Gurugram,Haryana,28.472811,77.02536,296835.91,2026-07-09T19:57:41,3,0
7b4df1e1-98d6-4b87-a40c-dd57d5922480,42866429-42e9-4412-8f4c-d4f5500948c5,2399-3905-1007,7543-2103-7274,State Bank of India,SBIN0736876,Chandigarh,Chandigarh,Chandigarh,30.717043,76.754709,296835.91,2026-07-09T20:00:52,4,1
c29b4037-8265-455f-8c0b-539e525a7fb8,1cb336ec-c4f0-4f18-89e1-40225967068e,9663-6501-5420,4141-4577-4228,Canara Bank,CNRB0866319,Bengaluru,Bengaluru Urban,Karnataka,13.001962,77.558648,461030.83,2026-08-25T04:25:59,1,0
7b06614d-7e8b-4d57-b702-40e393feb29a,1cb336ec-c4f0-4f18-89e1-40225967068e,4141-4577-4228,2103-6386-8063,UCO Bank,UCBA0799382,Noida,Gautam Buddh Nagar,Uttar Pradesh,28.522821,77.388344,39287.39,2026-08-25T04:27:10,2,0
bf07f600-2956-4cf4-a6d6-74c46cd082ac,1cb336ec-c4f0-4f18-89e1-40225967068e,4141-4577-4228,6234-2909-8196,UCO Bank,UCBA0838082,Delhi,Central Delhi,Delhi,28.596819,77.232772,421743.44,2026-08-25T04:27:50,2,0
55d014de-6fd6-4dcf-b71a-911fbeeaaecb,1cb336ec-c4f0-4f18-89e1-40225967068e,6234-2909-8196,3788-2403-2902,IndusInd Bank,INDB0782004,Noida,Gautam Buddh Nagar,Uttar Pradesh,28.513814,77.398043,421743.44,2026-08-25T04:31:34,3,1
531a4380-2fef-4256-9bc3-a1ac9a8b40a2,8887e423-3f9a-466e-8dc9-4d6b423b7b20,9253-2849-5754,5657-1112-2377,Federal Bank,FDRL0479392,Kolkata,Kolkata,West Bengal,22.591937,88.353577,292481.46,2026-07-18T03:20:36,1,0
7ad64fb1-1e95-4a60-b6da-7cc8cb6a87a2,8887e423-3f9a-466e-8dc9-4d6b423b7b20,5657-1112-2377,4105-2982-5661,ICICI Bank,ICIC0845120,Bhopal,Bhopal,Madhya Pradesh,23.212953,77.407622,52546.6,2026-07-18T03:21:59,2,0
c0fa9dc6-72d8-4df3-a204-84b4cd2e3b12,8887e423-3f9a-466e-8dc9-4d6b423b7b20,5657-1112-2377,3759-7753-6266,State Bank of India,SBIN0154149,Gurgaon,Gurugram,Haryana,28.471428,77.027209,138229.48,2026-07-18T03:23:25,2,0
03a071d3-3889-4e8e-86d5-5afd13188f52,8887e423-3f9a-466e-8dc9-4d6b423b7b20,5657-1112-2377,3520-1093-2977,IDBI Bank,IBKL0557011,Pune,Pune,Maharashtra,18.532227,73.85702,101705.38,2026-07-18T03:24:14,2,0
28b02a94-70fd-4b51-9689-a961fbdcfc2f,8887e423-3f9a-466e-8dc9-4d6b423b7b20,3759-7753-6266,9908-2214-9887,ICICI Bank,ICIC0938116,Chennai,Chennai,Tamil Nadu,13.086694,80.260592,124406.53,2026-07-18T03:25:37,3,1
61f3dfc3-b7f6-40ab-8140-7fec37ef31eb,8887e423-3f9a-466e-8dc9-4d6b423b7b20,3520-1093-2977,9908-2214-9887,ICICI Bank,ICIC0579264,Chennai,Chennai,Tamil Nadu,13.098177,80.263778,91534.84,2026-07-18T03:27:26,3,1
dad38c8e-44b0-4184-98ec-d9fbf305d045,8887e423-3f9a-466e-8dc9-4d6b423b7b20,4105-2982-5661,9908-2214-9887,ICICI Bank,ICIC0206725,Chennai,Chennai,Tamil Nadu,13.099226,80.263187,47291.94,2026-07-18T03:29:43,3,1
7e66f2ec-f315-4811-919f-ef0d8ab77127,8e56a132-e9a0-4762-9af2-4f80e49a3a56,3027-6134-4135,2862-1416-2558,Axis Bank,UTIB0642514,Delhi,Central Delhi,Delhi,28.595365,77.172739,332909.74,2026-06-11T18:10:54,1,0
00ad99a7-085a-4b43-a73f-d336ee2d7802,8e56a132-e9a0-4762-9af2-4f80e49a3a56,2862-1416-2558,6886-7596-9742,ICICI Bank,ICIC0347277,Chandigarh,Chandigarh,Chandigarh,30.712282,76.783714,332909.74,2026-06-11T18:12:13,2,0
c1075f62-ab50-4673-94fe-14edd83d9985,8e56a132-e9a0-4762-9af2-4f80e49a3a56,6886-7596-9742,3417-5125-7464,Canara Bank,CNRB0974125,Chennai,Chennai,Tamil Nadu,13.040867,80.24497,332909.74,2026-06-11T18:13:57,3,1
817a9ddb-7557-4947-a898-f558d707785d,cba3b05b-3741-4846-9a0d-cb765fd5d7a1,1164-3284-6130,5147-3603-4960,Canara Bank,CNRB0938694,Chennai,Chennai,Tamil Nadu,13.036635,80.265519,162438.57,2026-06-25T11:18:44,1,0
5b275683-f22e-42c7-ac83-fa9cd4c97965,cba3b05b-3741-4846-9a0d-cb765fd5d7a1,5147-3603-4960,1485-6094-3205,IDBI Bank,IBKL0547329,Chandigarh,Chandigarh,Chandigarh,30.754133,76.820396,78501.96,2026-06-25T11:19:54,2,0
5976a73f-491f-4d55-a39d-f8d48cf48a6b,cba3b05b-3741-4846-9a0d-cb765fd5d7a1,5147-3603-4960,4242-9769-9085,State Bank of India,SBIN0834842,Kolkata,Kolkata,West Bengal,22.610251,88.400416,83936.61,2026-06-25T11:20:43,2,0
3855665f-e88f-4b8e-a51f-1f1fbecf9043,cba3b05b-3741-4846-9a0d-cb765fd5d7a1,4242-9769-9085,2229-1650-8353,Bank of Baroda,BARB0932036,Gurgaon,Gurugram,Haryana,28.438711,77.045415,83936.61,2026-06-25T11:24:29,3,1
df930499-9c26-4131-93b9-de6754eebfa0,1ce7f793-95bf-4b9b-bc17-79b70799bd51,4950-4582-1586,2196-1305-9078,Bank of Baroda,BARB0291728,Pune,Pune,Maharashtra,18.513626,73.835634,44917.21,2026-07-12T17:09:31,1,0
fb7e3f10-5d26-4aa2-b1d2-20b1b57b7ac0,1ce7f793-95bf-4b9b-bc17-79b70799bd51,4950-4582-1586,3369-5647-8568,Canara Bank,CNRB0950209,Lucknow,Lucknow,Uttar Pradesh,26.863343,80.949385,12383.38,2026-07-12T17:09:45,1,0
b4057e60-de2a-4f05-8d9d-d98289619087,1ce7f793-95bf-4b9b-bc17-79b70799bd51,2196-1305-9078,4397-3914-8952,Union Bank of India,UBIN0933655,Gurgaon,Gurugram,Haryana,28.502291,77.034256,24774.16,2026-07-12T17:11:06,2,0
a2d8b462-05cf-422b-b29d-241168d3a5c0,1ce7f793-95bf-4b9b-bc17-79b70799bd51,2196-1305-9078,8117-4832-6227,Canara Bank,CNRB0301016,Jaipur,Jaipur,Rajasthan,26.959425,75.799956,11576.89,2026-07-12T17:12:34,2,0
675c07c7-c54a-4fd3-9c39-12316156f867,1ce7f793-95bf-4b9b-bc17-79b70799bd51,2196-1305-9078,4035-4596-2694,Federal Bank,FDRL0675962,Chennai,Chennai,Tamil Nadu,13.097791,80.272297,8566.15,2026-07-12T17:13:53,2,0
05429c7f-1b68-4d27-8863-0beef1d4167f,1ce7f793-95bf-4b9b-bc17-79b70799bd51,3369-5647-8568,1650-5492-3959,IndusInd Bank,INDB0182914,Mumbai,Mumbai City,Maharashtra,19.078106,72.887909,2051.5,2026-07-12T17:15:12,2,0
9437ef73-99ef-405d-869f-846017ff4c96,1ce7f793-95bf-4b9b-bc17-79b70799bd51,3369-5647-8568,4805-6771-8481,Axis Bank,UTIB0960481,Noida,Gautam Buddh Nagar,Uttar Pradesh,28.493564,77.383638,10331.88,2026-07-12T17:16:19,2,0
916baf33-d882-4261-9a7b-d51571c88abd,1ce7f793-95bf-4b9b-bc17-79b70799bd51,4805-6771-8481,6222-5086-6119,IDBI Bank,IBKL0159798,Chennai,Chennai,Tamil Nadu,13.076547,80.283304,9298.69,2026-07-12T17:18:51,3,1
e814e9bf-c680-4488-ae9b-931e5e88cb4a,1ce7f793-95bf-4b9b-bc17-79b70799bd51,8117-4832-6227,6222-5086-6119,IDBI Bank,IBKL0787280,Chennai,Chennai,Tamil Nadu,13.062832,80.269879,10419.2,2026-07-12T17:21:40,3,1
604cb152-644b-4552-aae4-7307b5da2ae3,1ce7f793-95bf-4b9b-bc17-79b70799bd51,4035-4596-2694,6222-5086-6119,IDBI Bank,IBKL0858345,Chennai,Chennai,Tamil Nadu,13.085044,80.287453,7709.54,2026-07-12T17:22:40,3,1
3df5915a-05f6-4746-8724-82448312abbd,1ce7f793-95bf-4b9b-bc17-79b70799bd51,4397-3914-8952,6222-5086-6119,IDBI Bank,IBKL0411985,Chennai,Chennai,Tamil Nadu,13.085354,80.277045,22296.74,2026-07-12T17:25:35,3,1
622970c7-8186-4096-a128-faaa6aa3fea1,1ce7f793-95bf-4b9b-bc17-79b70799bd51,1650-5492-3959,6222-5086-6119,IDBI Bank,IBKL0741682,Chennai,Chennai,Tamil Nadu,13.094395,80.26668,1846.35,2026-07-12T17:27:53,3,1
3edc7ab6-0720-4070-95c1-09695fd72aa9,31a0798f-020c-4f3c-af99-313ccca40843,8472-7191-9266,7792-3052-2158,South Indian Bank,SIBL0475812,Ahmedabad,Ahmedabad,Gujarat,22.979796,72.599514,113767.1,2026-06-19T05:26:45,1,0
f0fa0536-dc23-401e-98a6-f517e00498b8,31a0798f-020c-4f3c-af99-313ccca40843,8472-7191-9266,4894-9959-1188,Union Bank of India,UBIN0875786,Pune,Pune,Maharashtra,18.5063,73.881525,368727.09,2026-06-19T05:27:11,1,0
fb8a33be-da8d-4bfd-a066-d6a4cbe0460f,31a0798f-020c-4f3c-af99-313ccca40843,7792-3052-2158,7074-6452-6515,Axis Bank,UTIB0987208,Bhopal,Bhopal,Madhya Pradesh,23.292347,77.433398,113767.1,2026-06-19T05:27:47,2,0
9528469a-957d-401e-b933-8b26db2b49b9,31a0798f-020c-4f3c-af99-313ccca40843,4894-9959-1188,6364-2102-6751,IDBI Bank,IBKL0204335,Lucknow,Lucknow,Uttar Pradesh,26.799291,80.937272,57952.08,2026-06-19T05:29:15,2,0
1aee2d76-9acd-41f4-b240-e6512240d582,31a0798f-020c-4f3c-af99-313ccca40843,4894-9959-1188,5819-2577-7774,Bank of Baroda,BARB0805192,Noida,Gautam Buddh Nagar,Uttar Pradesh,28.508539,77.427056,35066.46,2026-06-19T05:30:04,2,0
0f388ec0-83ea-4795-a76c-fe5724030ab4,31a0798f-020c-4f3c-af99-313ccca40843,4894-9959-1188,4410-6806-2797,Canara Bank,CNRB0521425,Mumbai,Mumbai City,Maharashtra,19.101631,72.901113,275708.55,2026-06-19T05:31:33,2,0
9156e43c-e823-4d00-af96-682236c3e351,31a0798f-020c-4f3c-af99-313ccca40843,5819-2577-7774,5125-2063-9048,Axis Bank,UTIB0249277,Chennai,Chennai,Tamil Nadu,13.068327,80.261133,31559.81,2026-06-19T05:34:26,3,1
03765b5d-41da-4951-846b-ebc5673e0cc8,31a0798f-020c-4f3c-af99-313ccca40843,4410-6806-2797,5125-2063-9048,Axis Bank,UTIB0836165,Chennai,Chennai,Tamil Nadu,13.082175,80.270793,248137.7,2026-06-19T05:36:19,3,1
93279cf9-240f-4ebd-bc08-c19d1235b2b0,31a0798f-020c-4f3c-af99-313ccca40843,7074-6452-6515,5125-2063-9048,Axis Bank,UTIB0588764,Chennai,Chennai,Tamil Nadu,13.097435,80.289012,102390.39,2026-06-19T05:39:02,3,1
a3c6938f-2e51-4b83-a46a-64de35601b97,e40c9760-69db-4251-8fe9-d77edbe498ab,3826-4546-9929,3292-9453-2313,HDFC Bank,HDFC0930946,Chandigarh,Chandigarh,Chandigarh,30.77062,76.811001,83019.61,2026-08-04T16:14:02,1,0
642e6ac0-e9de-4432-8c35-9275ce81c6ed,e40c9760-69db-4251-8fe9-d77edbe498ab,3292-9453-2313,4769-6788-6033,IDBI Bank,IBKL0709583,Bengaluru,Bengaluru Urban,Karnataka,12.963911,77.620342,13732.35,2026-08-04T16:15:00,2,0
8f63538d-7a70-49ac-9c4f-aa6a80ee110a,e40c9760-69db-4251-8fe9-d77edbe498ab,3292-9453-2313,8260-6245-3277,South Indian Bank,SIBL0328020,Bhopal,Bhopal,Madhya Pradesh,23.216933,77.393181,64262.92,2026-08-04T16:16:01,2,0
89629c5b-e58c-4d3c-9e65-44e614a1782a,e40c9760-69db-4251-8fe9-d77edbe498ab,3292-9453-2313,2966-2156-3641,Axis Bank,UTIB0210263,Mumbai,Mumbai City,Maharashtra,19.115767,72.927331,5024.34,2026-08-04T16:17:24,2,0
479ebedd-0cc6-4a0e-818f-c71d3ae425f2,e40c9760-69db-4251-8fe9-d77edbe498ab,4769-6788-6033,8077-6477-5250,IndusInd Bank,INDB0128050,Bhopal,Bhopal,Madhya Pradesh,23.249295,77.429711,12359.12,2026-08-04T16:18:27,3,1
e38ac798-dfe2-464b-9788-d9b35aa54224,e40c9760-69db-4251-8fe9-d77edbe498ab,2966-2156-3641,8077-6477-5250,IndusInd Bank,INDB0634177,Bhopal,Bhopal,Madhya Pradesh,23.271947,77.402338,4521.91,2026-08-04T16:19:39,3,1
195cbdbb-ed55-404f-8794-f2d9d305bcb9,e40c9760-69db-4251-8fe9-d77edbe498ab,8260-6245-3277,8077-6477-5250,IndusInd Bank,INDB0412308,Bhopal,Bhopal,Madhya Pradesh,23.261786,77.407489,57836.63,2026-08-04T16:21:32,3,1
5d53fdbd-b9f4-4413-97cb-14ea6a4ea7c5,331b2e86-f415-4efe-a9dc-425436cf101f,1613-1729-3113,9205-3507-5989,IDBI Bank,IBKL0124888,Pune,Pune,Maharashtra,18.524797,73.851474,50150.39,2026-06-23T03:59:16,1,0
a8a8326b-80aa-4d2a-95ba-86eb6ca0ace6,331b2e86-f415-4efe-a9dc-425436cf101f,9205-3507-5989,9483-5289-7924,Canara Bank,CNRB0676877,Jaipur,Jaipur,Rajasthan,26.909458,75.781862,50150.39,2026-06-23T03:59:50,2,0
50fb7638-15b3-47d9-8d5e-50e388edbf13,331b2e86-f415-4efe-a9dc-425436cf101f,9483-5289-7924,2052-5612-8835,South Indian Bank,SIBL0111266,Bhopal,Bhopal,Madhya Pradesh,23.230862,77.375436,50150.39,2026-06-23T04:04:30,3,1
4422886f-e035-4dec-8393-10a1a78ce744,4b09750a-93b4-4ba4-9efe-2e4d7a16d67e,5589-4075-6101,9119-5191-4490,Bank of Baroda,BARB0147169,Noida,Gautam Buddh Nagar,Uttar Pradesh,28.565979,77.370423,132485.09,2026-06-15T22:44:18,1,0
7c4f9ef0-ec13-44fd-918e-97b2a0b5f056,4b09750a-93b4-4ba4-9efe-2e4d7a16d67e,5589-4075-6101,4357-6026-6004,State Bank of India,SBIN0112569,Noida,Gautam Buddh Nagar,Uttar Pradesh,28.548401,77.352053,246136.85,2026-06-15T22:44:53,1,0
fdd7d2a3-bf39-4561-aff2-366f73323304,4b09750a-93b4-4ba4-9efe-2e4d7a16d67e,5589-4075-6101,3125-2711-1710,Axis Bank,UTIB0484184,Bengaluru,Bengaluru Urban,Karnataka,12.954996,77.61912,32322.42,2026-06-15T22:45:10,1,0
b265b542-483a-4c31-acff-8d9cc2dfdee2,4b09750a-93b4-4ba4-9efe-2e4d7a16d67e,9119-5191-4490,5971-3181-1775,Federal Bank,FDRL0586804,Lucknow,Lucknow,Uttar Pradesh,26.809748,80.904709,54896.8,2026-06-15T22:46:28,2,0
40cbc62f-0b82-4c01-8049-8a7898710f7e,4b09750a-93b4-4ba4-9efe-2e4d7a16d67e,9119-5191-4490,8739-3404-3095,YES Bank,YESB0180483,Patna,Patna,Bihar,25.615177,85.167674,9708.36,2026-06-15T22:47:22,2,0
abb06df0-bcc0-4aa2-8b20-301c5ce95f11,4b09750a-93b4-4ba4-9efe-2e4d7a16d67e,9119-5191-4490,4801-6854-7934,South Indian Bank,SIBL0686470,Patna,Patna,Bihar,25.638194,85.143032,67879.94,2026-06-15T22:48:30,2,0
8eeb316b-918c-4231-a15f-0104bd92e910,4b09750a-93b4-4ba4-9efe-2e4d7a16d67e,4357-6026-6004,8437-9046-7938,Kotak Mahindra Bank,KKBK0180170,Jaipur,Jaipur,Rajasthan,26.875279,75.758608,112989.19,2026-06-15T22:49:30,2,0
ad9efe9c-9437-440e-a52b-a886c73da16c,4b09750a-93b4-4ba4-9efe-2e4d7a16d67e,4357-6026-6004,8800-8175-7079,HDFC Bank,HDFC0701631,Kolkata,Kolkata,West Bengal,22.544921,88.359547,131683.54,2026-06-15T22:50:34,2,0
1d05ef76-f675-4ec2-bf4d-9c1d8f35f16d,4b09750a-93b4-4ba4-9efe-2e4d7a16d67e,4357-6026-6004,2041-4567-9193,YES Bank,YESB0143746,Gurgaon,Gurugram,Haryana,28.437273,77.024255,1464.12,2026-06-15T22:51:44,2,0
2c516c8d-2dd2-47a9-9666-edfc3453b49c,4b09750a-93b4-4ba4-9efe-2e4d7a16d67e,3125-2711-1710,5504-6918-2915,Punjab National Bank,PUNB0458175,Bengaluru,Bengaluru Urban,Karnataka,12.995526,77.585589,32322.42,2026-06-15T22:52:51,2,0
26e47f77-bdd6-4081-a975-0b8134421cc8,4b09750a-93b4-4ba4-9efe-2e4d7a16d67e,5504-6918-2915,2859-9823-1501,Kotak Mahindra Bank,KKBK0522303,Ahmedabad,Ahmedabad,Gujarat,23.033654,72.580517,29090.18,2026-06-15T22:55:15,3,1
94e4c028-4255-4a4b-8dd0-d6e25a604a65,4b09750a-93b4-4ba4-9efe-2e4d7a16d67e,5971-3181-1775,2859-9823-1501,Kotak Mahindra Bank,KKBK0360020,Ahmedabad,Ahmedabad,Gujarat,23.027555,72.583214,49407.12,2026-06-15T22:56:20,3,1
0574c78d-2d95-4eeb-8949-1a22813a453f,4b09750a-93b4-4ba4-9efe-2e4d7a16d67e,8437-9046-7938,2859-9823-1501,Kotak Mahindra Bank,KKBK0607993,Ahmedabad,Ahmedabad,Gujarat,23.034694,72.5718,101690.27,2026-06-15T22:58:04,3,1
7bd0cb63-923a-45cc-8b6d-0a0cbb50cace,4b09750a-93b4-4ba4-9efe-2e4d7a16d67e,8739-3404-3095,2859-9823-1501,Kotak Mahindra Bank,KKBK0302066,Ahmedabad,Ahmedabad,Gujarat,23.038787,72.555642,8737.52,2026-06-15T23:00:23,3,1
182dea93-34fb-40d2-86ad-1ddc89cab868,4b09750a-93b4-4ba4-9efe-2e4d7a16d67e,8800-8175-7079,2859-9823-1501,Kotak Mahindra Bank,KKBK0768530,Ahmedabad,Ahmedabad,Gujarat,23.015512,72.577867,118515.19,2026-06-15T23:02:32,3,1
ee34a61b-e2a0-491d-a8f2-008c67745506,412e3785-fadf-4fd6-8891-2f3c1bd051df,1540-6926-5569,4132-4859-3993,State Bank of India,SBIN0338974,Hyderabad,Hyderabad,Telangana,17.386656,78.521444,39772.21,2026-08-15T03:18:48,1,0
4b9405ae-26d2-4d4e-ad6f-bacb3f882fca,412e3785-fadf-4fd6-8891-2f3c1bd051df,1540-6926-5569,8340-2329-6180,State Bank of India,SBIN0157192,Gurgaon,Gurugram,Haryana,28.483388,77.072953,15671.93,2026-08-15T03:19:27,1,0
15641a24-9446-4290-9c93-d75c1775c7d8,412e3785-fadf-4fd6-8891-2f3c1bd051df,4132-4859-3993,6818-4231-8514,IndusInd Bank,INDB0294942,Pune,Pune,Maharashtra,18.475917,73.896233,39772.21,2026-08-15T03:20:32,2,0
d921b595-b43f-4985-a70f-326738d91e94,412e3785-fadf-4fd6-8891-2f3c1bd051df,8340-2329-6180,6705-6514-4588,YES Bank,YESB0137760,Bhopal,Bhopal,Madhya Pradesh,23.254918,77.456506,2672.05,2026-08-15T03:22:01,2,0
57d580a6-1ccd-4f81-8d31-7a9d35ce554b,412e3785-fadf-4fd6-8891-2f3c1bd051df,8340-2329-6180,6236-5374-5627,IDBI Bank,IBKL0810442,Ahmedabad,Ahmedabad,Gujarat,23.013818,72.568198,12999.88,2026-08-15T03:23:04,2,0
4eb5977c-6079-4da2-832c-ecf67585a26c,412e3785-fadf-4fd6-8891-2f3c1bd051df,6236-5374-5627,1512-1634-8463,YES Bank,YESB0798439,Gurgaon,Gurugram,Haryana,28.439866,77.017689,11699.89,2026-08-15T03:25:30,3,1
67fcafb1-5c27-4045-9940-c80343f4aa4b,412e3785-fadf-4fd6-8891-2f3c1bd051df,6818-4231-8514,1512-1634-8463,YES Bank,YESB0892824,Gurgaon,Gurugram,Haryana,28.464242,77.02638,35794.99,2026-08-15T03:28:08,3,1
1f81d126-39ff-40ca-a125-33bf0c6bab66,412e3785-fadf-4fd6-8891-2f3c1bd051df,6705-6514-4588,1512-1634-8463,YES Bank,YESB0230857,Gurgaon,Gurugram,Haryana,28.470792,77.018402,2404.85,2026-08-15T03:29:16,3,1
0e0562a1-01ef-47d4-9c87-0f212a13e89f,41a29d69-9d17-4cde-8f6d-66870d73e4ba,8267-7013-9057,1255-5579-2552,Canara Bank,CNRB0386703,Pune,Pune,Maharashtra,18.485293,73.85004,13568.1,2026-07-07T23:01:42,1,0
e154c620-41f2-415c-aa26-601f523c4309,41a29d69-9d17-4cde-8f6d-66870d73e4ba,8267-7013-9057,1376-6089-8004,Punjab National Bank,PUNB0963738,Pune,Pune,Maharashtra,18.565122,73.856457,84606.22,2026-07-07T23:02:41,1,0
6fd9c8ae-808b-4c0a-b073-5686b9069bd6,41a29d69-9d17-4cde-8f6d-66870d73e4ba,8267-7013-9057,7698-8921-2340,Punjab National Bank,PUNB0675263,Ahmedabad,Ahmedabad,Gujarat,23.013943,72.529616,4901.53,2026-07-07T23:03:35,1,0
63c3df09-88a3-4d9f-af1a-a4774ddbfe06,41a29d69-9d17-4cde-8f6d-66870d73e4ba,1255-5579-2552,2924-9226-8588,YES Bank,YESB0342148,Delhi,Central Delhi,Delhi,28.588119,77.19163,13568.1,2026-07-07T23:04:34,2,0
c49a2cd0-c06c-46e6-9876-31a4588413aa,41a29d69-9d17-4cde-8f6d-66870d73e4ba,1376-6089-8004,5673-5812-4672,YES Bank,YESB0586099,Delhi,Central Delhi,Delhi,28.588327,77.189796,84606.22,2026-07-07T23:05:54,2,0
9176a196-91d9-409e-913d-6fcab4278c15,41a29d69-9d17-4cde-8f6d-66870d73e4ba,7698-8921-2340,7932-9685-8911,YES Bank,YESB0373449,Delhi,Central Delhi,Delhi,28.643709,77.181758,2989.35,2026-07-07T23:07:04,2,0
4649635e-ac8b-46cd-b7ad-b7fa627c2bce,41a29d69-9d17-4cde-8f6d-66870d73e4ba,7698-8921-2340,5200-1980-4502,YES Bank,YESB0563796,Chennai,Chennai,Tamil Nadu,13.095133,80.308535,1912.18,2026-07-07T23:07:40,2,0
9f09ba8a-54ba-4241-97bf-40cb74b56172,41a29d69-9d17-4cde-8f6d-66870d73e4ba,7932-9685-8911,5646-8653-1365,Punjab National Bank,PUNB0227099,Bhopal,Bhopal,Madhya Pradesh,23.244111,77.429996,2690.42,2026-07-07T23:09:47,3,1
76d9988c-0dcb-4040-959f-c7245f04d481,41a29d69-9d17-4cde-8f6d-66870d73e4ba,5673-5812-4672,5646-8653-1365,Punjab National Bank,PUNB0162062,Bhopal,Bhopal,Madhya Pradesh,23.24363,77.40964,76145.6,2026-07-07T23:11:11,3,1
00cc4f02-8c0a-498f-a0ae-5a432060b4ff,41a29d69-9d17-4cde-8f6d-66870d73e4ba,2924-9226-8588,5646-8653-1365,Punjab National Bank,PUNB0356965,Bhopal,Bhopal,Madhya Pradesh,23.245336,77.39595,12211.29,2026-07-07T23:12:47,3,1
f8adb504-6a87-4b2d-bea8-c01485ad8bad,1998b875-48f8-4d4f-b5d5-1cc53e072e5e,6853-7208-7088,9357-3043-3720,Bank of Baroda,BARB0184592,Ahmedabad,Ahmedabad,Gujarat,23.062254,72.568863,498594.91,2026-06-18T06:24:25,1,0
effe681a-6537-4219-9a5b-1835e7c21914,1998b875-48f8-4d4f-b5d5-1cc53e072e5e,9357-3043-3720,5026-5443-4965,YES Bank,YESB0383966,Chennai,Chennai,Tamil Nadu,13.052481,80.304988,498594.91,2026-06-18T06:25:52,2,0
dffbb6ad-4001-41e9-b225-7a8a986eb13b,1998b875-48f8-4d4f-b5d5-1cc53e072e5e,5026-5443-4965,8684-5849-1464,YES Bank,YESB0822286,Patna,Patna,Bihar,25.57716,85.125594,498594.91,2026-06-18T06:30:20,3,0
a2776c96-b340-4914-bf76-db24480c56f6,1998b875-48f8-4d4f-b5d5-1cc53e072e5e,8684-5849-1464,6164-2497-3536,HDFC Bank,HDFC0961529,Noida,Gautam Buddh Nagar,Uttar Pradesh,28.519156,77.351922,498594.91,2026-06-18T06:32:12,4,1
43780339-0fef-411f-ae6d-9d236fc1165d,882cea38-d44b-4313-a7ba-566203e6cdc4,2860-1442-3252,7212-1189-9008,Axis Bank,UTIB0521539,Lucknow,Lucknow,Uttar Pradesh,26.861662,80.91659,65651.19,2026-07-13T19:47:27,1,0
6827f8da-755d-4ee7-bcf4-1357e128bb9b,882cea38-d44b-4313-a7ba-566203e6cdc4,7212-1189-9008,6906-3106-3892,IndusInd Bank,INDB0377640,Pune,Pune,Maharashtra,18.486795,73.893161,65651.19,2026-07-13T19:48:01,2,0
0605bb98-5c8b-4eb0-8663-4ed7426ec961,882cea38-d44b-4313-a7ba-566203e6cdc4,6906-3106-3892,6988-4279-5350,ICICI Bank,ICIC0912599,Bengaluru,Bengaluru Urban,Karnataka,12.964042,77.556969,65651.19,2026-07-13T19:51:52,3,1
a447eaa8-89a3-46a7-9de0-53239404a22c,4b8b15b9-d876-4fe7-ab56-55c13b4ebe74,2780-6122-6096,3321-7768-2397,Axis Bank,UTIB0900261,Chennai,Chennai,Tamil Nadu,13.110098,80.308489,52160.64,2026-07-10T11:49:20,1,0
d3dd2934-a71b-43ff-bf0a-4b00d1db0c4a,4b8b15b9-d876-4fe7-ab56-55c13b4ebe74,2780-6122-6096,9748-5509-6397,ICICI Bank,ICIC0655711,Hyderabad,Hyderabad,Telangana,17.347725,78.500816,142290.43,2026-07-10T11:50:04,1,0
d47eb652-af88-420c-9345-caa6d28a1b7e,4b8b15b9-d876-4fe7-ab56-55c13b4ebe74,3321-7768-2397,1983-9746-2744,YES Bank,YESB0240054,Mumbai,Mumbai City,Maharashtra,19.045485,72.883216,1009.32,2026-07-10T11:50:45,2,0
19f474bb-e62d-4ff4-8fe7-c3ede898a2da,4b8b15b9-d876-4fe7-ab56-55c13b4ebe74,3321-7768-2397,5418-6094-1514,Axis Bank,UTIB0464708,Bhopal,Bhopal,Madhya Pradesh,23.261018,77.431966,51151.32,2026-07-10T11:51:52,2,0
87ad1de4-b249-4173-8ab9-7ce45deee995,4b8b15b9-d876-4fe7-ab56-55c13b4ebe74,9748-5509-6397,6460-3808-9322,Federal Bank,FDRL0850855,Chennai,Chennai,Tamil Nadu,13.099265,80.229503,31420.74,2026-07-10T11:52:24,2,0
152bb59e-5acc-406e-93b9-9deda4ed4ef6,4b8b15b9-d876-4fe7-ab56-55c13b4ebe74,9748-5509-6397,9484-1495-6506,South Indian Bank,SIBL0761076,Chandigarh,Chandigarh,Chandigarh,30.765428,76.81023,79952.7,2026-07-10T11:53:37,2,0
a32d43e0-5b28-4615-8f4e-d8c8e89bc523,4b8b15b9-d876-4fe7-ab56-55c13b4ebe74,9748-5509-6397,1459-9123-6179,Punjab National Bank,PUNB0928304,Patna,Patna,Bihar,25.626344,85.178807,30916.99,2026-07-10T11:54:30,2,0
bbe1c324-7901-4ab7-ad3e-08f9e8e33b15,4b8b15b9-d876-4fe7-ab56-55c13b4ebe74,5418-6094-1514,9066-9006-8904,Punjab National Bank,PUNB0386756,Pune,Pune,Maharashtra,18.52302,73.847282,46036.19,2026-07-10T11:57:09,3,1
a7b299b0-26a4-49eb-be18-dd9866130339,4b8b15b9-d876-4fe7-ab56-55c13b4ebe74,6460-3808-9322,9066-9006-8904,Punjab National Bank,PUNB0357196,Pune,Pune,Maharashtra,18.501757,73.853786,28278.67,2026-07-10T11:59:24,3,1
4ec8f788-a275-4202-80fc-5724da368b0a,4b8b15b9-d876-4fe7-ab56-55c13b4ebe74,9484-1495-6506,9066-9006-8904,Punjab National Bank,PUNB0155437,Pune,Pune,Maharashtra,18.502352,73.837048,71957.43,2026-07-10T12:02:07,3,1
e6782a74-99a1-44a3-b4c0-42a64c8c5112,4b8b15b9-d876-4fe7-ab56-55c13b4ebe74,1459-9123-6179,9066-9006-8904,Punjab National Bank,PUNB0657918,Pune,Pune,Maharashtra,18.535352,73.873657,27825.29,2026-07-10T12:04:19,3,1
e17f4cf0-6fc2-4dee-a7f1-2a36c78f4bf3,ca1ade83-6948-425a-9d43-371f4439111f,5876-9951-8117,8495-6966-6980,Kotak Mahindra Bank,KKBK0722531,Chennai,Chennai,Tamil Nadu,13.055487,80.309297,225775.66,2026-06-13T11:57:21,1,0
a5d5a216-95e2-44c1-a658-1029b0188e6a,ca1ade83-6948-425a-9d43-371f4439111f,8495-6966-6980,6761-5755-7223,Kotak Mahindra Bank,KKBK0477971,Gurgaon,Gurugram,Haryana,28.434828,77.074376,45601.89,2026-06-13T11:57:52,2,0
0bf89eae-b7af-4ca0-9d3c-f0c755da496c,ca1ade83-6948-425a-9d43-371f4439111f,8495-6966-6980,1339-2649-3289,Axis Bank,UTIB0556197,Ahmedabad,Ahmedabad,Gujarat,22.976852,72.596967,173863.43,2026-06-13T11:59:08,2,0
1ac6c1e9-396c-4e5b-9738-4ea2a60ab592,ca1ade83-6948-425a-9d43-371f4439111f,8495-6966-6980,2987-1362-5164,UCO Bank,UCBA0744346,Bhopal,Bhopal,Madhya Pradesh,23.295343,77.444026,6310.34,2026-06-13T11:59:41,2,0
0c11181d-1490-4952-82ed-c0dcd4acfafa,ca1ade83-6948-425a-9d43-371f4439111f,2987-1362-5164,1509-8214-3348,Canara Bank,CNRB0800898,Gurgaon,Gurugram,Haryana,28.477023,77.038361,5679.31,2026-06-13T12:01:27,3,1
680b9f61-14fa-46fa-bff9-fee32c26293e,ca1ade83-6948-425a-9d43-371f4439111f,1339-2649-3289,1509-8214-3348,Canara Bank,CNRB0600091,Gurgaon,Gurugram,Haryana,28.451366,77.011575,156477.09,2026-06-13T12:03:57,3,1
a62baed0-69c3-4b0e-9184-756d348f26a7,ca1ade83-6948-425a-9d43-371f4439111f,6761-5755-7223,1509-8214-3348,Canara Bank,CNRB0911442,Gurgaon,Gurugram,Haryana,28.441771,77.011868,41041.7,2026-06-13T12:05:47,3,1
67c3362c-1905-444f-ac74-b3c51b9353cc,0b8ee734-7a82-4a28-aa46-7c2e62d92f56,4786-5868-5039,9331-9702-5237,HDFC Bank,HDFC0992509,Patna,Patna,Bihar,25.594038,85.178633,192781.12,2026-07-15T13:49:23,1,0
f4bdff62-fdd9-44b3-b653-1791683dbf2c,0b8ee734-7a82-4a28-aa46-7c2e62d92f56,4786-5868-5039,5381-3532-8535,Canara Bank,CNRB0375317,Lucknow,Lucknow,Uttar Pradesh,26.830312,80.976044,158090.31,2026-07-15T13:50:09,1,0
3c2de3b5-fdec-4839-9946-dcdcaf76a03e,0b8ee734-7a82-4a28-aa46-7c2e62d92f56,4786-5868-5039,6857-3544-4977,IDBI Bank,IBKL0471556,Lucknow,Lucknow,Uttar Pradesh,26.867825,80.931604,91103.96,2026-07-15T13:50:57,1,0
965128e8-10cd-44ce-9229-ba0c53a7f58e,0b8ee734-7a82-4a28-aa46-7c2e62d92f56,9331-9702-5237,9307-2900-3839,IDBI Bank,IBKL0401881,Bhopal,Bhopal,Madhya Pradesh,23.278005,77.448917,55437.57,2026-07-15T13:51:58,2,0
d1beee5f-0155-4d98-9dd8-617a2ec1619b,0b8ee734-7a82-4a28-aa46-7c2e62d92f56,9331-9702-5237,8350-4162-2789,ICICI Bank,ICIC0864776,Chennai,Chennai,Tamil Nadu,13.043347,80.243558,137343.55,2026-07-15T13:53:19,2,0
af222d2e-d79d-4926-9f95-e9b3a909feba,0b8ee734-7a82-4a28-aa46-7c2e62d92f56,5381-3532-8535,5585-1387-3644,UCO Bank,UCBA0513283,Mumbai,Mumbai City,Maharashtra,19.11225,72.919123,158090.31,2026-07-15T13:54:02,2,0
cfdb048d-c3a6-4a15-877c-c0f7e5c5f854,0b8ee734-7a82-4a28-aa46-7c2e62d92f56,6857-3544-4977,7348-2677-8563,IndusInd Bank,INDB0142399,Pune,Pune,Maharashtra,18.498216,73.899002,65012.45,2026-07-15T13:55:21,2,0
0bc67f4d-5c23-4aa9-a1d2-b1b78078e896,0b8ee734-7a82-4a28-aa46-7c2e62d92f56,6857-3544-4977,7695-5433-1498,IndusInd Bank,INDB0204122,Bengaluru,Bengaluru Urban,Karnataka,12.929677,77.599843,26091.51,2026-07-15T13:56:12,2,0
373b4ac6-0f92-49d3-be48-a18fa472afeb,0b8ee734-7a82-4a28-aa46-7c2e62d92f56,7695-5433-1498,1260-6737-1107,ICICI Bank,ICIC0943744,Lucknow,Lucknow,Uttar Pradesh,26.83195,80.954938,23482.36,2026-07-15T13:59:03,3,1
d64a8131-3fb2-44a3-bccc-220e3a1647a5,0b8ee734-7a82-4a28-aa46-7c2e62d92f56,9307-2900-3839,1260-6737-1107,ICICI Bank,ICIC0139700,Lucknow,Lucknow,Uttar Pradesh,26.845773,80.952194,49893.81,2026-07-15T14:00:23,3,1
cb7c7ff3-454d-494f-971e-e528d33fb779,0b8ee734-7a82-4a28-aa46-7c2e62d92f56,7348-2677-8563,1260-6737-1107,ICICI Bank,ICIC0767346,Lucknow,Lucknow,Uttar Pradesh,26.84024,80.94046,58511.2,2026-07-15T14:02:49,3,1
64e13d50-d0de-4ced-8e09-57c609588ba0,ed3d4578-c204-474a-9c49-676ca63f8274,3209-8247-7881,8889-5471-3991,Punjab National Bank,PUNB0888538,Mumbai,Mumbai City,Maharashtra,19.048924,72.891575,15298.25,2026-08-23T23:01:40,1,0
8604c124-1fda-4758-80c0-9c43684182be,ed3d4578-c204-474a-9c49-676ca63f8274,3209-8247-7881,4379-4443-6215,Axis Bank,UTIB0925792,Lucknow,Lucknow,Uttar Pradesh,26.810019,80.940247,88433.36,2026-08-23T23:02:19,1,0
d2678631-61aa-48c4-b1e9-892301dac5df,ed3d4578-c204-474a-9c49-676ca63f8274,8889-5471-3991,7852-4065-2307,Bank of Baroda,BARB0143059,Noida,Gautam Buddh Nagar,Uttar Pradesh,28.486692,77.378936,15298.25,2026-08-23T23:03:41,2,0
62c94fc4-db5e-4ed7-8018-8b7e19e616ba,ed3d4578-c204-474a-9c49-676ca63f8274,4379-4443-6215,8225-3705-2109,Union Bank of India,UBIN0696902,Hyderabad,Hyderabad,Telangana,17.401648,78.474966,3430.95,2026-08-23T23:04:55,2,0
c32a7b84-1cf1-4a8f-8e5e-f5b91c3372d8,ed3d4578-c204-474a-9c49-676ca63f8274,4379-4443-6215,5218-4173-5118,South Indian Bank,SIBL0459940,Bhopal,Bhopal,Madhya Pradesh,23.231558,77.412272,85002.41,2026-08-23T23:06:15,2,0
ec1e375f-eb3d-4eaa-baa1-377cb2f7eee1,ed3d4578-c204-474a-9c49-676ca63f8274,8225-3705-2109,2825-1431-6834,ICICI Bank,ICIC0695375,Delhi,Central Delhi,Delhi,28.616277,77.19162,3087.86,2026-08-23T23:08:26,3,1
e9757153-f7ad-4121-af17-8d84dead56b5,ed3d4578-c204-474a-9c49-676ca63f8274,5218-4173-5118,2825-1431-6834,ICICI Bank,ICIC0332764,Delhi,Central Delhi,Delhi,28.595113,77.221396,76502.17,2026-08-23T23:10:24,3,1
48e0fe4d-9916-42d2-a727-3b2085dc3cf1,ed3d4578-c204-474a-9c49-676ca63f8274,7852-4065-2307,2825-1431-6834,ICICI Bank,ICIC0154252,Delhi,Central Delhi,Delhi,28.612952,77.197384,13768.42,2026-08-23T23:12:10,3,1
eaa87949-dae9-4754-b377-b49f239b87d1,681527ef-601a-45a5-8fd9-9a3d4ca0fd17,8652-8361-4731,3132-8804-4158,HDFC Bank,HDFC0426464,Lucknow,Lucknow,Uttar Pradesh,26.848419,80.901367,392048.3,2026-07-03T22:24:05,1,0
79d2aa79-7875-45f6-8b51-d35610acd99a,681527ef-601a-45a5-8fd9-9a3d4ca0fd17,3132-8804-4158,8436-7113-1439,ICICI Bank,ICIC0670541,Hyderabad,Hyderabad,Telangana,17.406618,78.436726,392048.3,2026-07-03T22:25:08,2,0
c5d116dc-0473-4494-9665-731928b3acc7,681527ef-601a-45a5-8fd9-9a3d4ca0fd17,8436-7113-1439,3469-3831-1450,IndusInd Bank,INDB0600788,Jaipur,Jaipur,Rajasthan,26.870939,75.752962,392048.3,2026-07-03T22:28:31,3,0
25374832-927b-4e6a-98dc-a3557e5880de,681527ef-601a-45a5-8fd9-9a3d4ca0fd17,3469-3831-1450,2986-9559-5575,ICICI Bank,ICIC0725170,Mumbai,Mumbai City,Maharashtra,19.125597,72.897668,392048.3,2026-07-03T22:30:59,4,1
1e298912-bf53-4236-bb98-3e46663ee7a3,ebb6552b-8c83-4559-a14f-51186773e523,7775-1619-3152,4435-2235-6371,South Indian Bank,SIBL0754140,Patna,Patna,Bihar,25.595709,85.134056,197248.73,2026-06-16T12:38:27,1,0
843a0c21-0a58-4756-9c4d-4cedaff12978,ebb6552b-8c83-4559-a14f-51186773e523,4435-2235-6371,2883-8540-6910,Axis Bank,UTIB0958837,Delhi,Central Delhi,Delhi,28.657495,77.211577,145125.44,2026-06-16T12:39:07,2,0
d00ec311-2759-433e-909f-da05afc6efd4,ebb6552b-8c83-4559-a14f-51186773e523,4435-2235-6371,8298-1484-4239,YES Bank,YESB0103172,Hyderabad,Hyderabad,Telangana,17.423599,78.465001,52123.29,2026-06-16T12:39:40,2,0
d431bae4-b943-4c7a-b646-1bb6e28da449,ebb6552b-8c83-4559-a14f-51186773e523,2883-8540-6910,6508-1193-3773,IDBI Bank,IBKL0227678,Pune,Pune,Maharashtra,18.565082,73.899976,145125.44,2026-06-16T12:44:03,3,0
fb1f7fd1-31e2-4b22-951e-1361eb631482,ebb6552b-8c83-4559-a14f-51186773e523,6508-1193-3773,1771-8269-9408,Union Bank of India,UBIN0617603,Hyderabad,Hyderabad,Telangana,17.399963,78.488267,145125.44,2026-06-16T12:47:43,4,1
7e1ddcd6-db3c-48a5-993c-3ffc709f3ac5,8c1d6281-9b10-4064-8de6-8757dee10657,6317-6581-9867,1080-6550-2588,UCO Bank,UCBA0559001,Bhopal,Bhopal,Madhya Pradesh,23.227498,77.387411,372085.04,2026-07-14T20:43:56,1,0
4709081d-d9ad-41e6-aca6-377079622160,8c1d6281-9b10-4064-8de6-8757dee10657,6317-6581-9867,5975-6492-1706,UCO Bank,UCBA0810048,Pune,Pune,Maharashtra,18.509735,73.851231,33198.63,2026-07-14T20:44:32,1,0
9b0de786-426d-44de-af34-80e9b9095c59,8c1d6281-9b10-4064-8de6-8757dee10657,1080-6550-2588,8032-6556-2710,South Indian Bank,SIBL0782938,Mumbai,Mumbai City,Maharashtra,19.081344,72.904243,235213.18,2026-07-14T20:45:52,2,0
70dc012b-f729-4231-9991-c1faf91f06a8,8c1d6281-9b10-4064-8de6-8757dee10657,1080-6550-2588,9850-3045-5719,South Indian Bank,SIBL0815106,Delhi,Central Delhi,Delhi,28.659343,77.184925,120738.99,2026-07-14T20:46:42,2,0
13bcd81d-56a6-4b32-ad81-182044629154,8c1d6281-9b10-4064-8de6-8757dee10657,1080-6550-2588,3200-1644-6053,ICICI Bank,ICIC0610650,Noida,Gautam Buddh Nagar,Uttar Pradesh,28.573174,77.367079,16132.87,2026-07-14T20:47:37,2,0
745ba878-2453-4b22-a36d-cfac92badb92,8c1d6281-9b10-4064-8de6-8757dee10657,5975-6492-1706,5847-4296-5694,Canara Bank,CNRB0849587,Patna,Patna,Bihar,25.619316,85.125366,33198.63,2026-07-14T20:48:13,2,0
4b314100-2f03-4091-9b82-4e834e47ce1f,8c1d6281-9b10-4064-8de6-8757dee10657,8032-6556-2710,9731-6155-8315,Punjab National Bank,PUNB0887940,Ahmedabad,Ahmedabad,Gujarat,23.005942,72.567212,211691.86,2026-07-14T20:49:22,3,1
f17493eb-2caa-4b3d-9fed-3cc45ee9d0af,8c1d6281-9b10-4064-8de6-8757dee10657,9850-3045-5719,9731-6155-8315,Punjab National Bank,PUNB0557970,Ahmedabad,Ahmedabad,Gujarat,23.020809,72.557449,108665.09,2026-07-14T20:52:05,3,1
eb02445a-0e39-48d7-8312-8464d8185da4,8c1d6281-9b10-4064-8de6-8757dee10657,3200-1644-6053,9731-6155-8315,Punjab National Bank,PUNB0403769,Ahmedabad,Ahmedabad,Gujarat,23.040485,72.57156,14519.58,2026-07-14T20:53:59,3,1
8be08527-0091-484e-a7ba-18b62c84c6f5,8c1d6281-9b10-4064-8de6-8757dee10657,5847-4296-5694,9731-6155-8315,Punjab National Bank,PUNB0347621,Ahmedabad,Ahmedabad,Gujarat,23.028625,72.569401,29878.77,2026-07-14T20:56:18,3,1
5841d8b7-df70-44d5-891f-b13db91b003c,bcf1aae7-a9ec-4b60-9896-b545cfb4de14,4549-8446-8744,2187-3623-5566,Axis Bank,UTIB0984484,Chandigarh,Chandigarh,Chandigarh,30.694251,76.803454,330147.89,2026-06-24T22:40:26,1,0
8e9007f5-c2cc-4bd5-a641-b2af20bf1dd8,bcf1aae7-a9ec-4b60-9896-b545cfb4de14,2187-3623-5566,9544-3412-5238,Punjab National Bank,PUNB0102876,Chennai,Chennai,Tamil Nadu,13.061973,80.268947,13003.24,2026-06-24T22:40:56,2,0
cb69fffe-5bf1-49f2-9fb9-e8811d4ed61e,bcf1aae7-a9ec-4b60-9896-b545cfb4de14,2187-3623-5566,5044-8185-9955,Axis Bank,UTIB0461297,Hyderabad,Hyderabad,Telangana,17.341827,78.487596,317144.65,2026-06-24T22:42:03,2,0
67422a05-670a-482a-ac93-610e997cd178,bcf1aae7-a9ec-4b60-9896-b545cfb4de14,5044-8185-9955,7453-3923-8079,IDBI Bank,IBKL0718123,Chandigarh,Chandigarh,Chandigarh,30.697256,76.734417,317144.65,2026-06-24T22:46:53,3,0
339d1650-a13f-4d56-ae4a-6ed9e81557bd,bcf1aae7-a9ec-4b60-9896-b545cfb4de14,7453-3923-8079,4613-3605-8694,Bank of Baroda,BARB0620425,Patna,Patna,Bihar,25.555881,85.124021,317144.65,2026-06-24T22:48:46,4,1
192c9456-c741-44d3-8152-ea8d32061990,50a822fa-f54a-49ed-89b1-0e0d7c7a7f04,4024-2185-3528,1079-1440-6593,IndusInd Bank,INDB0704092,Kolkata,Kolkata,West Bengal,22.557493,88.372598,467926.99,2026-08-20T03:08:17,1,0
cebaea20-65af-4968-841b-d3c8da0ef62a,50a822fa-f54a-49ed-89b1-0e0d7c7a7f04,1079-1440-6593,4835-3324-5996,State Bank of India,SBIN0708524,Delhi,Central Delhi,Delhi,28.617865,77.231398,180110.75,2026-08-20T03:09:11,2,0
2ed874b4-13e3-4e0d-994a-73a2794cef26,50a822fa-f54a-49ed-89b1-0e0d7c7a7f04,1079-1440-6593,3975-6577-7362,South Indian Bank,SIBL0449851,Bhopal,Bhopal,Madhya Pradesh,23.301587,77.44372,287816.24,2026-08-20T03:09:41,2,0
22fd131f-a904-4d60-b8bd-3848d0c1f7fd,50a822fa-f54a-49ed-89b1-0e0d7c7a7f04,4835-3324-5996,1756-4367-1505,South Indian Bank,SIBL0381718,Chandigarh,Chandigarh,Chandigarh,30.690617,76.820422,180110.75,2026-08-20T03:11:32,3,0
4ec05f4e-f4f0-4c7c-8c64-b899acdb3a82,50a822fa-f54a-49ed-89b1-0e0d7c7a7f04,1756-4367-1505,5028-7646-6543,Axis Bank,UTIB0716884,Gurgaon,Gurugram,Haryana,28.461058,77.019968,180110.75,2026-08-20T03:15:19,4,1
fb9ba0f5-5b9b-4c9b-a33a-e98d853904d0,9d7cfb7c-4165-4f0e-8255-ddfb5aaa0a09,5373-8271-8228,9164-1712-7982,State Bank of India,SBIN0385585,Chennai,Chennai,Tamil Nadu,13.126564,80.230631,18962.25,2026-08-06T02:03:07,1,0
6992e4f0-0160-4138-aa51-f9483b1f58db,9d7cfb7c-4165-4f0e-8255-ddfb5aaa0a09,9164-1712-7982,4925-5055-8293,UCO Bank,UCBA0865011,Noida,Gautam Buddh Nagar,Uttar Pradesh,28.572268,77.38982,13528.98,2026-08-06T02:04:23,2,0
f4f8eaf3-1cec-4912-94e2-a6311295cd98,9d7cfb7c-4165-4f0e-8255-ddfb5aaa0a09,9164-1712-7982,1514-1833-5551,South Indian Bank,SIBL0306543,Pune,Pune,Maharashtra,18.509152,73.850468,5433.27,2026-08-06T02:05:12,2,0
fc608fb9-2c20-465b-a1d7-5309ea63b777,9d7cfb7c-4165-4f0e-8255-ddfb5aaa0a09,1514-1833-5551,9253-8510-8154,Federal Bank,FDRL0475167,Noida,Gautam Buddh Nagar,Uttar Pradesh,28.574704,77.411787,5433.27,2026-08-06T02:06:59,3,1
e230fdea-ef5e-4d1d-bd5b-c304e932a3fd,2053e271-1b47-4836-9c07-c19c169e3698,1101-6325-5177,9218-8161-8030,YES Bank,YESB0859623,Kolkata,Kolkata,West Bengal,22.572547,88.320607,89130.67,2026-07-16T16:24:52,1,0
205b4779-5eaa-4b66-903b-954946317b27,2053e271-1b47-4836-9c07-c19c169e3698,1101-6325-5177,2997-9577-3445,Kotak Mahindra Bank,KKBK0479110,Kolkata,Kolkata,West Bengal,22.610838,88.376677,68850.6,2026-07-16T16:25:12,1,0
c44ad71a-5cb7-4215-aeea-40b36700d148,2053e271-1b47-4836-9c07-c19c169e3698,9218-8161-8030,2783-9243-9201,IDBI Bank,IBKL0819374,Pune,Pune,Maharashtra,18.527595,73.814916,35710.68,2026-07-16T16:25:55,2,0
dc413189-4544-4991-8375-2e2a4b0b54e6,2053e271-1b47-4836-9c07-c19c169e3698,9218-8161-8030,8702-3836-7852,ICICI Bank,ICIC0848428,Mumbai,Mumbai City,Maharashtra,19.04788,72.914652,53419.99,2026-07-16T16:26:35,2,0
0e003f6d-8547-4c94-bb8f-608d9117ca06,2053e271-1b47-4836-9c07-c19c169e3698,2997-9577-3445,3608-3009-6145,IDBI Bank,IBKL0403529,Delhi,Central Delhi,Delhi,28.635737,77.253808,22068.39,2026-07-16T16:27:47,2,0
e6982dc6-0dee-4c48-8f79-a1a20df9168d,2053e271-1b47-4836-9c07-c19c169e3698,2997-9577-3445,1390-1234-8553,South Indian Bank,SIBL0468161,Patna,Patna,Bihar,25.586091,85.179966,13672.96,2026-07-16T16:28:33,2,0
5c50b06c-79e8-4598-930b-49ad217e1742,2053e271-1b47-4836-9c07-c19c169e3698,2997-9577-3445,3013-4467-3271,HDFC Bank,HDFC0970368,Bengaluru,Bengaluru Urban,Karnataka,13.004363,77.571192,33109.25,2026-07-16T16:29:33,2,0
d7d18489-1008-4728-9a03-8da54be44afd,2053e271-1b47-4836-9c07-c19c169e3698,1390-1234-8553,6171-7843-9979,UCO Bank,UCBA0704745,Bhopal,Bhopal,Madhya Pradesh,23.243281,77.396549,12305.66,2026-07-16T16:31:02,3,1
976ba850-a6f8-4976-bc30-ea6d69ea199b,2053e271-1b47-4836-9c07-c19c169e3698,3013-4467-3271,6171-7843-9979,UCO Bank,UCBA0958566,Bhopal,Bhopal,Madhya Pradesh,23.269444,77.407423,29798.32,2026-07-16T16:33:29,3,1
80cc549b-16d2-4e53-a566-41906de050f6,2053e271-1b47-4836-9c07-c19c169e3698,8702-3836-7852,6171-7843-9979,UCO Bank,UCBA0520134,Bhopal,Bhopal,Madhya Pradesh,23.259562,77.424076,48077.99,2026-07-16T16:35:52,3,1
06c45760-1d9f-4116-89b5-c8685fbab8e8,2053e271-1b47-4836-9c07-c19c169e3698,2783-9243-9201,6171-7843-9979,UCO Bank,UCBA0571984,Bhopal,Bhopal,Madhya Pradesh,23.269973,77.40858,32139.61,2026-07-16T16:38:17,3,1
d6c39770-4e9f-4862-ad34-8c5831db2967,2053e271-1b47-4836-9c07-c19c169e3698,3608-3009-6145,6171-7843-9979,UCO Bank,UCBA0956080,Bhopal,Bhopal,Madhya Pradesh,23.258853,77.409921,19861.55,2026-07-16T16:40:04,3,1
6dbdfd60-f8e7-474f-be01-652eb343e960,562aa778-d8c1-4463-9c04-a47d00a58354,5123-8875-7456,6780-3059-1137,IndusInd Bank,INDB0458637,Lucknow,Lucknow,Uttar Pradesh,26.881687,80.910168,265592.01,2026-05-30T03:13:06,1,0
9a592184-1a5c-4fc5-9507-6f0062f3ca96,562aa778-d8c1-4463-9c04-a47d00a58354,6780-3059-1137,6092-6399-6253,State Bank of India,SBIN0701071,Pune,Pune,Maharashtra,18.532721,73.858641,102367.33,2026-05-30T03:13:59,2,0
8bcde541-7702-465e-adba-75d391dd1d11,562aa778-d8c1-4463-9c04-a47d00a58354,6780-3059-1137,4031-2156-9044,ICICI Bank,ICIC0685432,Ahmedabad,Ahmedabad,Gujarat,23.022628,72.621007,163224.68,2026-05-30T03:15:02,2,0
ff6e8eb9-d28c-4ee1-9d05-f6def5ea184e,562aa778-d8c1-4463-9c04-a47d00a58354,4031-2156-9044,5900-5519-3322,State Bank of India,SBIN0180745,Hyderabad,Hyderabad,Telangana,17.403694,78.492101,163224.68,2026-05-30T03:16:44,3,0
fb2c1fde-e8e6-44d5-b476-53cba762763b,562aa778-d8c1-4463-9c04-a47d00a58354,5900-5519-3322,1665-7785-3788,Federal Bank,FDRL0590118,Kolkata,Kolkata,West Bengal,22.600964,88.337116,163224.68,2026-05-30T03:20:16,4,1
e7cec9af-07e4-4ce7-a606-5f14c348b239,d8992944-328b-4ed8-bca3-d617032fcd21,8074-5515-1568,7224-8847-3288,Canara Bank,CNRB0552767,Bhopal,Bhopal,Madhya Pradesh,23.230117,77.366342,459796.49,2026-08-20T00:57:20,1,0
21834fe2-5f7c-4f3d-930d-c7477961e721,d8992944-328b-4ed8-bca3-d617032fcd21,7224-8847-3288,2437-5209-5049,Axis Bank,UTIB0670410,Noida,Gautam Buddh Nagar,Uttar Pradesh,28.55513,77.440982,459796.49,2026-08-20T00:57:53,2,0
163c9709-2fd9-4059-b83b-c3aed523a239,d8992944-328b-4ed8-bca3-d617032fcd21,2437-5209-5049,1324-2294-2777,HDFC Bank,HDFC0633001,Patna,Patna,Bihar,25.570385,85.089745,459796.49,2026-08-20T01:02:48,3,1
adb04225-4cdb-4a67-b19b-bc91b8d6e9e3,2221a661-ae4a-4f63-97ba-6b64fb1acfee,5122-9220-9712,6621-9569-9161,Punjab National Bank,PUNB0260935,Bengaluru,Bengaluru Urban,Karnataka,12.978551,77.555034,186446.48,2026-06-12T19:42:01,1,0
d21a62fd-24f3-4248-ae42-66be3a8456e7,2221a661-ae4a-4f63-97ba-6b64fb1acfee,5122-9220-9712,6239-7087-3186,Punjab National Bank,PUNB0532084,Mumbai,Mumbai City,Maharashtra,19.086861,72.92134,167378.21,2026-06-12T19:42:15,1,0
8b75c2c8-624a-4a9f-a7df-0fafb8366408,2221a661-ae4a-4f63-97ba-6b64fb1acfee,6621-9569-9161,8451-9573-4459,South Indian Bank,SIBL0309420,Kolkata,Kolkata,West Bengal,22.587617,88.359528,152387.11,2026-06-12T19:43:21,2,0
72ec49d1-abcb-41b1-b814-339c5873c075,2221a661-ae4a-4f63-97ba-6b64fb1acfee,6621-9569-9161,6199-2193-8423,HDFC Bank,HDFC0353268,Jaipur,Jaipur,Rajasthan,26.895218,75.834188,34059.37,2026-06-12T19:44:50,2,0
0cb361b8-a1b2-481f-950b-5d95ab52a4f4,2221a661-ae4a-4f63-97ba-6b64fb1acfee,6239-7087-3186,8078-5054-4331,IndusInd Bank,INDB0171609,Pune,Pune,Maharashtra,18.516798,73.860088,145135.43,2026-06-12T19:45:47,2,0
b5dc500f-9d5a-4102-9f28-6d43f851d1f0,2221a661-ae4a-4f63-97ba-6b64fb1acfee,6239-7087-3186,9890-6822-9801,Bank of Baroda,BARB0505877,Jaipur,Jaipur,Rajasthan,26.952796,75.80655,22242.78,2026-06-12T19:46:26,2,0
a72605af-49ba-4608-a2d2-6f204610d8a2,2221a661-ae4a-4f63-97ba-6b64fb1acfee,9890-6822-9801,7956-6022-8709,Canara Bank,CNRB0720663,Lucknow,Lucknow,Uttar Pradesh,26.834537,80.958268,20018.5,2026-06-12T19:47:47,3,1
3b4eab88-9c75-4d38-80c4-1521e54eaf51,2221a661-ae4a-4f63-97ba-6b64fb1acfee,8451-9573-4459,7956-6022-8709,Canara Bank,CNRB0662750,Lucknow,Lucknow,Uttar Pradesh,26.838058,80.943465,137148.4,2026-06-12T19:50:14,3,1
883d23ce-f029-4f74-8d94-a2042195410e,2221a661-ae4a-4f63-97ba-6b64fb1acfee,6199-2193-8423,7956-6022-8709,Canara Bank,CNRB0479466,Lucknow,Lucknow,Uttar Pradesh,26.86016,80.94561,30653.43,2026-06-12T19:53:04,3,1
31a7ecee-6bb2-45ad-8853-67bd0197d623,5d036aef-d94c-4524-baf9-ac46e9eea91d,4133-8112-8887,1796-2482-1064,Axis Bank,UTIB0792488,Kolkata,Kolkata,West Bengal,22.56802,88.323986,77675.2,2026-08-02T08:31:05,1,0
ef5f0a44-5758-470a-9af1-80c39c4abd01,5d036aef-d94c-4524-baf9-ac46e9eea91d,4133-8112-8887,3148-9101-2262,HDFC Bank,HDFC0940592,Patna,Patna,Bihar,25.580633,85.095123,107033.83,2026-08-02T08:31:23,1,0
5238072a-c442-4a9a-9fe9-56f47d265b99,5d036aef-d94c-4524-baf9-ac46e9eea91d,4133-8112-8887,1952-6125-3084,IndusInd Bank,INDB0468934,Pune,Pune,Maharashtra,18.543501,73.844969,169037.28,2026-08-02T08:31:35,1,0
e4505c73-09b0-489f-8029-9b3b430e287d,5d036aef-d94c-4524-baf9-ac46e9eea91d,1796-2482-1064,5434-7833-3996,Bank of Baroda,BARB0527854,Hyderabad,Hyderabad,Telangana,17.356707,78.515899,59506.6,2026-08-02T08:32:30,2,0
cf160da3-d58d-4a0c-9c33-a2c9e98f5318,5d036aef-d94c-4524-baf9-ac46e9eea91d,1796-2482-1064,3465-1584-2537,Axis Bank,UTIB0469945,Jaipur,Jaipur,Rajasthan,26.866047,75.752866,18168.6,2026-08-02T08:33:38,2,0
e079cedc-2497-4714-a173-abf81e3c2cfa,5d036aef-d94c-4524-baf9-ac46e9eea91d,3148-9101-2262,3154-7279-3100,Axis Bank,UTIB0664616,Jaipur,Jaipur,Rajasthan,26.871534,75.764952,107033.83,2026-08-02T08:34:28,2,0
25e1333f-8bff-4e91-81d6-eb5f9ba1085c,5d036aef-d94c-4524-baf9-ac46e9eea91d,1952-6125-3084,1879-9102-6142,Federal Bank,FDRL0893475,Ahmedabad,Ahmedabad,Gujarat,23.025205,72.549782,169037.28,2026-08-02T08:35:18,2,0
7a2dbaba-5c61-4f2c-ac1f-1b521aa6d7bc,5d036aef-d94c-4524-baf9-ac46e9eea91d,3465-1584-2537,9670-5874-4106,YES Bank,YESB0611557,Bengaluru,Bengaluru Urban,Karnataka,12.962801,77.575179,16351.74,2026-08-02T08:36:24,3,1
196ccb12-4e2e-49d6-a969-3faa2a1eef0d,5d036aef-d94c-4524-baf9-ac46e9eea91d,5434-7833-3996,9670-5874-4106,YES Bank,YESB0729406,Bengaluru,Bengaluru Urban,Karnataka,12.960094,77.609285,53555.94,2026-08-02T08:38:59,3,1
0a38da1a-2ecf-4461-8508-93a3e26a29da,5d036aef-d94c-4524-baf9-ac46e9eea91d,3154-7279-3100,9670-5874-4106,YES Bank,YESB0293039,Bengaluru,Bengaluru Urban,Karnataka,12.97222,77.608799,96330.45,2026-08-02T08:41:59,3,1
3917cf76-b643-401d-80a7-279e63a07ede,5d036aef-d94c-4524-baf9-ac46e9eea91d,1879-9102-6142,9670-5874-4106,YES Bank,YESB0692451,Bengaluru,Bengaluru Urban,Karnataka,12.975924,77.593225,152133.55,2026-08-02T08:44:20,3,1
19d49d41-4f0b-45eb-ad9d-aba9d5d19fb8,c8de1be4-b946-4dca-8eb3-0bbbe251195a,5341-5420-1064,4313-2409-1394,IndusInd Bank,INDB0282337,Kolkata,Kolkata,West Bengal,22.546161,88.346755,47771.25,2026-06-14T08:36:38,1,0
cc7e1b09-2738-4c32-a63a-aac64774ed36,c8de1be4-b946-4dca-8eb3-0bbbe251195a,5341-5420-1064,1197-8668-8933,Axis Bank,UTIB0235495,Chandigarh,Chandigarh,Chandigarh,30.758949,76.778296,24772.33,2026-06-14T08:37:32,1,0
e432e643-25da-4f4f-926e-437d8eec13a0,c8de1be4-b946-4dca-8eb3-0bbbe251195a,4313-2409-1394,4614-9020-8146,ICICI Bank,ICIC0474307,Chennai,Chennai,Tamil Nadu,13.080282,80.243224,34993.3,2026-06-14T08:38:30,2,0
e9a8e532-ab48-4bdd-8129-22983b729f71,c8de1be4-b946-4dca-8eb3-0bbbe251195a,4313-2409-1394,6809-6622-5214,Punjab National Bank,PUNB0211924,Kolkata,Kolkata,West Bengal,22.55141,88.407661,2560.74,2026-06-14T08:39:20,2,0
7ff5005a-3d6c-47d9-af8c-eb916b20948f,c8de1be4-b946-4dca-8eb3-0bbbe251195a,4313-2409-1394,8222-7518-2062,South Indian Bank,SIBL0526022,Hyderabad,Hyderabad,Telangana,17.377799,78.470659,10217.21,2026-06-14T08:40:01,2,0
22ef6794-6f6e-4eee-94be-eb29e33b96ef,c8de1be4-b946-4dca-8eb3-0bbbe251195a,1197-8668-8933,5047-4557-3089,State Bank of India,SBIN0772838,Chandigarh,Chandigarh,Chandigarh,30.693122,76.81787,9799.53,2026-06-14T08:40:53,2,0
b33401d9-a4cc-44f8-af72-cc7fa6f0e01c,c8de1be4-b946-4dca-8eb3-0bbbe251195a,1197-8668-8933,5362-3936-8580,Federal Bank,FDRL0767510,Mumbai,Mumbai City,Maharashtra,19.050956,72.832754,13953.48,2026-06-14T08:42:16,2,0
5ca5062c-bc4c-43a4-b669-70a82e36f6c2,c8de1be4-b946-4dca-8eb3-0bbbe251195a,1197-8668-8933,1835-3274-2130,Kotak Mahindra Bank,KKBK0996194,Ahmedabad,Ahmedabad,Gujarat,23.046585,72.618643,1019.33,2026-06-14T08:42:56,2,0
7a6c5603-1ecd-4364-8e97-3247ce472bcc,c8de1be4-b946-4dca-8eb3-0bbbe251195a,8222-7518-2062,8752-4095-4526,IDBI Bank,IBKL0692415,Chandigarh,Chandigarh,Chandigarh,30.716095,76.764664,9195.49,2026-06-14T08:45:42,3,1
bfab2ed3-82c2-4ee4-98b2-f61636ead2da,c8de1be4-b946-4dca-8eb3-0bbbe251195a,5362-3936-8580,8752-4095-4526,IDBI Bank,IBKL0732997,Chandigarh,Chandigarh,Chandigarh,30.747882,76.768242,12558.13,2026-06-14T08:48:32,3,1
69c47c6d-3fb2-4b25-9e0c-32022958ebcb,c8de1be4-b946-4dca-8eb3-0bbbe251195a,6809-6622-5214,8752-4095-4526,IDBI Bank,IBKL0217358,Chandigarh,Chandigarh,Chandigarh,30.740846,76.763786,2304.67,2026-06-14T08:51:29,3,1
a9f3f89f-8547-4686-bc0c-06b55b977546,c8de1be4-b946-4dca-8eb3-0bbbe251195a,5047-4557-3089,8752-4095-4526,IDBI Bank,IBKL0463475,Chandigarh,Chandigarh,Chandigarh,30.737278,76.782094,8819.58,2026-06-14T08:53:25,3,1
edadc965-d148-4ddc-9810-37945c1633c8,c8de1be4-b946-4dca-8eb3-0bbbe251195a,1835-3274-2130,8752-4095-4526,IDBI Bank,IBKL0480246,Chandigarh,Chandigarh,Chandigarh,30.725902,76.786118,917.4,2026-06-14T08:56:05,3,1
812ec5c2-798e-479b-94af-a918906bb632,4e71b56e-f8d5-4a8e-97e3-32a230003fac,5715-3961-2380,2467-7904-4063,IDBI Bank,IBKL0974680,Pune,Pune,Maharashtra,18.495543,73.846087,13025.29,2026-07-28T15:38:25,1,0
583ed419-7100-470b-9e9d-35f663078c8e,4e71b56e-f8d5-4a8e-97e3-32a230003fac,5715-3961-2380,3904-1550-7415,Canara Bank,CNRB0404193,Pune,Pune,Maharashtra,18.495498,73.889071,27983.64,2026-07-28T15:38:48,1,0
6cea1006-84c2-4d5b-b269-8358a8a0bf43,4e71b56e-f8d5-4a8e-97e3-32a230003fac,5715-3961-2380,6328-2455-1751,YES Bank,YESB0947630,Ahmedabad,Ahmedabad,Gujarat,23.051938,72.580224,307303.46,2026-07-28T15:39:45,1,0
c0673c2a-e252-49fc-8115-b36347ba2382,4e71b56e-f8d5-4a8e-97e3-32a230003fac,2467-7904-4063,3414-3560-1122,South Indian Bank,SIBL0562879,Chandigarh,Chandigarh,Chandigarh,30.723097,76.779423,4944.17,2026-07-28T15:40:25,2,0
ee256f6e-b4ff-4145-a475-b6ccc5aee247,4e71b56e-f8d5-4a8e-97e3-32a230003fac,2467-7904-4063,1923-8592-3461,ICICI Bank,ICIC0633318,Chennai,Chennai,Tamil Nadu,13.037396,80.28342,8081.12,2026-07-28T15:41:15,2,0
f79cc7a9-6337-404a-8bed-f06af7e8b68e,4e71b56e-f8d5-4a8e-97e3-32a230003fac,3904-1550-7415,9935-6236-8903,Union Bank of India,UBIN0490209,Patna,Patna,Bihar,25.565905,85.089026,5257.13,2026-07-28T15:41:57,2,0
461ee681-2cae-468d-86e0-bcf413ebf0fb,4e71b56e-f8d5-4a8e-97e3-32a230003fac,3904-1550-7415,2743-1923-4576,State Bank of India,SBIN0162911,Chandigarh,Chandigarh,Chandigarh,30.74986,76.750571,22726.51,2026-07-28T15:43:04,2,0
bab5c5f5-af25-4c09-aafb-783fcfc76a62,4e71b56e-f8d5-4a8e-97e3-32a230003fac,6328-2455-1751,6605-9429-7948,Kotak Mahindra Bank,KKBK0567606,Chandigarh,Chandigarh,Chandigarh,30.771771,76.757769,307303.46,2026-07-28T15:44:15,2,0
48050c73-d073-43ce-bb76-8972d4d74812,4e71b56e-f8d5-4a8e-97e3-32a230003fac,6605-9429-7948,3714-6063-8577,IndusInd Bank,INDB0403347,Delhi,Central Delhi,Delhi,28.604869,77.205846,276573.11,2026-07-28T15:45:45,3,1
4f3b5ea6-5595-4af6-be4f-6206f22727f5,4e71b56e-f8d5-4a8e-97e3-32a230003fac,2743-1923-4576,3714-6063-8577,IndusInd Bank,INDB0330916,Delhi,Central Delhi,Delhi,28.601252,77.200482,20453.86,2026-07-28T15:47:12,3,1
101b59e9-9e87-4635-b95a-a760996aa4b5,4e71b56e-f8d5-4a8e-97e3-32a230003fac,3414-3560-1122,3714-6063-8577,IndusInd Bank,INDB0470888,Delhi,Central Delhi,Delhi,28.61984,77.227886,4449.75,2026-07-28T15:49:00,3,1
b7bbc115-8838-43cf-ac8b-2f5b8553a484,4e71b56e-f8d5-4a8e-97e3-32a230003fac,1923-8592-3461,3714-6063-8577,IndusInd Bank,INDB0533176,Delhi,Central Delhi,Delhi,28.628127,77.210134,7273.01,2026-07-28T15:51:25,3,1
77a6fa84-6c2f-4948-ae44-24324bec40ff,7e422798-6e0a-4190-98b0-85ea1b88c889,6475-5860-7730,4288-6454-2983,Bank of Baroda,BARB0925866,Noida,Gautam Buddh Nagar,Uttar Pradesh,28.558409,77.440239,94196.48,2026-06-27T15:52:36,1,0
83c731db-e06e-4315-a4d6-eaec7d060c8b,7e422798-6e0a-4190-98b0-85ea1b88c889,6475-5860-7730,8627-6121-9111,UCO Bank,UCBA0505384,Jaipur,Jaipur,Rajasthan,26.898298,75.819001,66310.74,2026-06-27T15:53:11,1,0
76409815-b1cc-48a9-a860-69d5e2549058,7e422798-6e0a-4190-98b0-85ea1b88c889,6475-5860-7730,4342-6137-2113,South Indian Bank,SIBL0528225,Ahmedabad,Ahmedabad,Gujarat,23.005221,72.562584,207820.29,2026-06-27T15:53:44,1,0
5b55fb6d-ed5c-4aca-82e7-433329998a60,7e422798-6e0a-4190-98b0-85ea1b88c889,4288-6454-2983,4746-4586-8335,Bank of Baroda,BARB0291195,Gurgaon,Gurugram,Haryana,28.466437,77.016116,94196.48,2026-06-27T15:55:01,2,0
960f91d9-e9bd-4fff-9484-4bcdd4b56c30,7e422798-6e0a-4190-98b0-85ea1b88c889,8627-6121-9111,9451-5199-3288,South Indian Bank,SIBL0441906,Gurgaon,Gurugram,Haryana,28.418758,77.003157,27704.46,2026-06-27T15:55:42,2,0
ead080b0-a795-49c7-bb55-368dd6ee07b5,7e422798-6e0a-4190-98b0-85ea1b88c889,8627-6121-9111,2446-1142-3617,Kotak Mahindra Bank,KKBK0716430,Chandigarh,Chandigarh,Chandigarh,30.74669,76.813318,38606.28,2026-06-27T15:56:34,2,0
da54e18f-4289-4ed8-b2e9-635b10d1ce7c,7e422798-6e0a-4190-98b0-85ea1b88c889,4342-6137-2113,8424-3137-4765,Canara Bank,CNRB0147263,Hyderabad,Hyderabad,Telangana,17.362302,78.465174,207820.29,2026-06-27T15:57:35,2,0
f2477040-4ba5-42b2-aa26-2738c1bdf089,7e422798-6e0a-4190-98b0-85ea1b88c889,2446-1142-3617,8731-1757-9931,HDFC Bank,HDFC0610331,Mumbai,Mumbai City,Maharashtra,19.06221,72.881313,34745.65,2026-06-27T16:00:16,3,1
d328ae25-c0c7-4f18-b972-f1e7ade8c570,7e422798-6e0a-4190-98b0-85ea1b88c889,4746-4586-8335,8731-1757-9931,HDFC Bank,HDFC0227779,Mumbai,Mumbai City,Maharashtra,19.056646,72.888867,84776.83,2026-06-27T16:01:34,3,1
697ea7ec-145e-43da-8dbb-e067392bd24e,7e422798-6e0a-4190-98b0-85ea1b88c889,8424-3137-4765,8731-1757-9931,HDFC Bank,HDFC0769383,Mumbai,Mumbai City,Maharashtra,19.086288,72.870156,187038.26,2026-06-27T16:03:20,3,1
8680a1b8-036e-4730-8d12-ae4cd190f056,7e422798-6e0a-4190-98b0-85ea1b88c889,9451-5199-3288,8731-1757-9931,HDFC Bank,HDFC0299431,Mumbai,Mumbai City,Maharashtra,19.080244,72.864348,24934.01,2026-06-27T16:05:45,3,1
c065918a-ee41-4f88-b0ae-53ee9f592539,b308ecf6-c7ed-452a-a3d0-4f3d4092e1f3,1539-2424-6007,7457-3180-5264,Kotak Mahindra Bank,KKBK0322736,Kolkata,Kolkata,West Bengal,22.588523,88.379527,187888.71,2026-08-27T11:47:55,1,0
f5e373d2-b329-4e2b-813a-39ad6ca4da90,b308ecf6-c7ed-452a-a3d0-4f3d4092e1f3,1539-2424-6007,1419-8550-8086,Kotak Mahindra Bank,KKBK0580150,Hyderabad,Hyderabad,Telangana,17.403704,78.439105,28428.23,2026-08-27T11:48:53,1,0
f011fb87-3b41-4392-b41c-c341b52c70c8,b308ecf6-c7ed-452a-a3d0-4f3d4092e1f3,1539-2424-6007,6380-4246-1891,Union Bank of India,UBIN0425796,Gurgaon,Gurugram,Haryana,28.439845,77.019694,86865.45,2026-08-27T11:49:31,1,0
83ec8cff-ab5f-4706-a04b-365a21a63ec9,b308ecf6-c7ed-452a-a3d0-4f3d4092e1f3,7457-3180-5264,7181-6056-4636,Union Bank of India,UBIN0630117,Hyderabad,Hyderabad,Telangana,17.350877,78.504928,38181.42,2026-08-27T11:50:14,2,0
7eefddf0-d607-4169-bd76-bb543e860b8f,b308ecf6-c7ed-452a-a3d0-4f3d4092e1f3,7457-3180-5264,8068-1079-6067,South Indian Bank,SIBL0117196,Lucknow,Lucknow,Uttar Pradesh,26.849638,80.929739,149707.29,2026-08-27T11:51:06,2,0
0e5d9df5-e5b2-4ea0-8d90-013268a4a179,b308ecf6-c7ed-452a-a3d0-4f3d4092e1f3,1419-8550-8086,6475-7998-3706,Kotak Mahindra Bank,KKBK0293317,Patna,Patna,Bihar,25.5818,85.144157,28428.23,2026-08-27T11:52:12,2,0
dd19ab84-dde6-412c-a1f7-3fd130468701,b308ecf6-c7ed-452a-a3d0-4f3d4092e1f3,6380-4246-1891,4452-3338-6364,IDBI Bank,IBKL0266555,Bhopal,Bhopal,Madhya Pradesh,23.258684,77.425801,86865.45,2026-08-27T11:53:10,2,0
326cd218-20f4-4ee6-b86a-fbce026315c5,b308ecf6-c7ed-452a-a3d0-4f3d4092e1f3,4452-3338-6364,1898-5431-8659,ICICI Bank,ICIC0804615,Mumbai,Mumbai City,Maharashtra,19.083197,72.867833,78178.9,2026-08-27T11:55:49,3,1
2c82e3f1-2f7c-42aa-bd52-ab28cb3263c6,b308ecf6-c7ed-452a-a3d0-4f3d4092e1f3,6475-7998-3706,1898-5431-8659,ICICI Bank,ICIC0551331,Mumbai,Mumbai City,Maharashtra,19.072648,72.861914,25585.41,2026-08-27T11:57:21,3,1
ae3b0741-d4f2-48b1-9868-cf1ee11c038a,b308ecf6-c7ed-452a-a3d0-4f3d4092e1f3,7181-6056-4636,1898-5431-8659,ICICI Bank,ICIC0204994,Mumbai,Mumbai City,Maharashtra,19.093494,72.86963,34363.28,2026-08-27T11:59:06,3,1
e09a6914-07d8-43af-b74f-4a65e0391834,b308ecf6-c7ed-452a-a3d0-4f3d4092e1f3,8068-1079-6067,1898-5431-8659,ICICI Bank,ICIC0879769,Mumbai,Mumbai City,Maharashtra,19.071453,72.879574,134736.56,2026-08-27T12:01:39,3,1
3aea5d8e-1d79-40ea-8a6e-fd9ca2abc6f8,745dc943-f45d-4724-9111-efb7bce2e6ee,9408-7485-3765,9993-7326-9518,YES Bank,YESB0813221,Mumbai,Mumbai City,Maharashtra,19.119514,72.903624,74871.75,2026-06-06T14:55:05,1,0
03f3984a-3f9b-41fe-b453-1509ae2a1261,745dc943-f45d-4724-9111-efb7bce2e6ee,9408-7485-3765,9548-8714-3775,South Indian Bank,SIBL0477724,Ahmedabad,Ahmedabad,Gujarat,22.980838,72.617108,63409.44,2026-06-06T14:55:58,1,0
e17ee3a0-02b5-491f-a153-1e476a6a7695,745dc943-f45d-4724-9111-efb7bce2e6ee,9408-7485-3765,5453-5105-5174,IDBI Bank,IBKL0537348,Bengaluru,Bengaluru Urban,Karnataka,13.0016,77.567555,30647.18,2026-06-06T14:56:47,1,0
39ce2667-c225-4cec-a599-c20892da4bef,745dc943-f45d-4724-9111-efb7bce2e6ee,9993-7326-9518,5474-1770-9851,Axis Bank,UTIB0129002,Kolkata,Kolkata,West Bengal,22.534731,88.37183,63000.6,2026-06-06T14:57:51,2,0
f92aa75e-c8a6-437e-b47b-a93c633beb6a,745dc943-f45d-4724-9111-efb7bce2e6ee,9993-7326-9518,4733-4855-2662,Punjab National Bank,PUNB0541270,Chennai,Chennai,Tamil Nadu,13.091262,80.30115,11871.15,2026-06-06T14:58:33,2,0
08206d4a-4acd-4952-b045-213e17a71ae8,745dc943-f45d-4724-9111-efb7bce2e6ee,9548-8714-3775,4333-9093-9090,Canara Bank,CNRB0200453,Mumbai,Mumbai City,Maharashtra,19.076117,72.864406,4930.52,2026-06-06T14:59:07,2,0
531727b1-b1bc-4a64-a972-33ff42f3c318,745dc943-f45d-4724-9111-efb7bce2e6ee,9548-8714-3775,5058-1038-2491,State Bank of India,SBIN0260735,Jaipur,Jaipur,Rajasthan,26.886446,75.747241,51939.46,2026-06-06T14:59:38,2,0
dac6d404-e94c-4a81-8235-e2bc1c9788af,745dc943-f45d-4724-9111-efb7bce2e6ee,9548-8714-3775,3584-3620-1455,Axis Bank,UTIB0304312,Noida,Gautam Buddh Nagar,Uttar Pradesh,28.509737,77.423597,6539.46,2026-06-06T15:00:17,2,0
ef2371aa-387c-4131-9348-db46571d6c02,745dc943-f45d-4724-9111-efb7bce2e6ee,5453-5105-5174,4552-2090-5769,Axis Bank,UTIB0675945,Noida,Gautam Buddh Nagar,Uttar Pradesh,28.54498,77.383645,4049.53,2026-06-06T15:00:58,2,0
7280f0a9-ca3a-4269-bd25-64313f634e84,745dc943-f45d-4724-9111-efb7bce2e6ee,5453-5105-5174,1079-3907-2303,State Bank of India,SBIN0217856,Bhopal,Bhopal,Madhya Pradesh,23.228193,77.397368,6771.35,2026-06-06T15:01:39,2,0
aec62837-a74c-40e3-a640-42f5fc2ac3ca,745dc943-f45d-4724-9111-efb7bce2e6ee,5453-5105-5174,3751-8946-1745,South Indian Bank,SIBL0356780,Bhopal,Bhopal,Madhya Pradesh,23.219668,77.439928,19826.3,2026-06-06T15:02:10,2,0
44775c31-202a-48a3-be7d-76b4f6b6040c,745dc943-f45d-4724-9111-efb7bce2e6ee,4552-2090-5769,1127-1093-2723,IndusInd Bank,INDB0888336,Ahmedabad,Ahmedabad,Gujarat,23.032447,72.589449,3644.58,2026-06-06T15:04:31,3,1
5b8e1ec8-4423-4de8-b1ec-e02226d091ae,745dc943-f45d-4724-9111-efb7bce2e6ee,5058-1038-2491,1127-1093-2723,IndusInd Bank,INDB0459403,Ahmedabad,Ahmedabad,Gujarat,23.036216,72.586743,46745.51,2026-06-06T15:06:19,3,1
9267402c-f831-4592-a79c-83b34d1702ae,745dc943-f45d-4724-9111-efb7bce2e6ee,3584-3620-1455,1127-1093-2723,IndusInd Bank,INDB0894569,Ahmedabad,Ahmedabad,Gujarat,23.009467,72.563161,5885.51,2026-06-06T15:09:04,3,1
2812a1c3-920f-436f-853b-8c678d87674e,745dc943-f45d-4724-9111-efb7bce2e6ee,5474-1770-9851,1127-1093-2723,IndusInd Bank,INDB0655324,Ahmedabad,Ahmedabad,Gujarat,23.012038,72.591048,56700.54,2026-06-06T15:10:43,3,1
062ca43b-5cc7-44b2-bf45-6a0bf716f6ea,e3cafce7-4c66-457a-8cd6-8407f346142e,8880-2863-7106,6121-5664-9074,Canara Bank,CNRB0220868,Ahmedabad,Ahmedabad,Gujarat,22.983857,72.619037,226081.82,2026-06-24T19:37:11,1,0
33783bc2-ced3-481c-9ab1-976e19304f18,e3cafce7-4c66-457a-8cd6-8407f346142e,6121-5664-9074,8408-1176-3185,ICICI Bank,ICIC0295428,Kolkata,Kolkata,West Bengal,22.613211,88.398277,226081.82,2026-06-24T19:38:11,2,0
30e5abcb-9129-4233-893d-938e7ba7d857,e3cafce7-4c66-457a-8cd6-8407f346142e,8408-1176-3185,4889-9514-1158,Federal Bank,FDRL0862409,Kolkata,Kolkata,West Bengal,22.542811,88.37661,226081.82,2026-06-24T19:42:51,3,1
7668b5a2-71f6-4061-ad2c-90e9efc7a93d,96f4aeac-738d-4ffe-9d50-35d1a827d52d,2868-3928-4357,2855-7233-1206,Bank of Baroda,BARB0729463,Bhopal,Bhopal,Madhya Pradesh,23.296943,77.384069,361604.73,2026-06-03T17:49:15,1,0
7e2c1846-a732-478e-904a-62228baa2a28,96f4aeac-738d-4ffe-9d50-35d1a827d52d,2855-7233-1206,2246-9951-4824,Kotak Mahindra Bank,KKBK0267958,Hyderabad,Hyderabad,Telangana,17.371095,78.502254,130035.44,2026-06-03T17:50:30,2,0
314f21b8-3474-4986-a591-07cac455b318,96f4aeac-738d-4ffe-9d50-35d1a827d52d,2855-7233-1206,3274-6739-4062,South Indian Bank,SIBL0192545,Gurgaon,Gurugram,Haryana,28.431524,76.986473,231569.29,2026-06-03T17:51:02,2,0
0aec02e7-951f-46fd-a301-cf743eb95b32,96f4aeac-738d-4ffe-9d50-35d1a827d52d,3274-6739-4062,5753-3713-9669,IDBI Bank,IBKL0275600,Mumbai,Mumbai City,Maharashtra,19.115054,72.877111,231569.29,2026-06-03T17:55:53,3,0
df5c5400-1138-49b9-8e30-2d34c222ff8c,96f4aeac-738d-4ffe-9d50-35d1a827d52d,5753-3713-9669,1435-2663-2367,Kotak Mahindra Bank,KKBK0216199,Kolkata,Kolkata,West Bengal,22.533894,88.357201,231569.29,2026-06-03T17:58:35,4,1
57d44567-c175-4403-9491-2fb818e4b21c,55563c04-388f-46d9-bf6c-e43ace15d4df,9798-7740-3223,1115-3941-6240,ICICI Bank,ICIC0563914,Hyderabad,Hyderabad,Telangana,17.358386,78.438274,403677.73,2026-07-03T04:03:46,1,0
a1983422-ceb0-4c36-ab47-e1dc6111f303,55563c04-388f-46d9-bf6c-e43ace15d4df,9798-7740-3223,2570-6457-4093,State Bank of India,SBIN0701224,Ahmedabad,Ahmedabad,Gujarat,23.002387,72.569733,11529.25,2026-07-03T04:04:06,1,0
ccb83484-0b3e-4e4f-9485-f8b7eccdd032,55563c04-388f-46d9-bf6c-e43ace15d4df,9798-7740-3223,9309-7504-5203,Axis Bank,UTIB0998765,Jaipur,Jaipur,Rajasthan,26.864716,75.831842,26269.5,2026-07-03T04:04:37,1,0
3a9fc409-ec29-4f8b-a88b-8f4cdc3328d9,55563c04-388f-46d9-bf6c-e43ace15d4df,1115-3941-6240,6914-4233-2271,Union Bank of India,UBIN0917161,Pune,Pune,Maharashtra,18.477826,73.873174,403677.73,2026-07-03T04:05:45,2,0
573427e3-3a0b-44ca-b71b-1f8090cc44f0,55563c04-388f-46d9-bf6c-e43ace15d4df,2570-6457-4093,8329-6281-6238,Union Bank of India,UBIN0626176,Pune,Pune,Maharashtra,18.502391,73.861475,11529.25,2026-07-03T04:06:15,2,0
2a73a32a-7468-4daa-aadb-5017491ba078,55563c04-388f-46d9-bf6c-e43ace15d4df,9309-7504-5203,9018-8316-2020,Canara Bank,CNRB0739601,Chennai,Chennai,Tamil Nadu,13.081914,80.294084,12558.44,2026-07-03T04:07:01,2,0
8e7a7209-999c-4c63-b2f8-1287cff8fe67,55563c04-388f-46d9-bf6c-e43ace15d4df,9309-7504-5203,4812-9135-9260,IndusInd Bank,INDB0338259,Lucknow,Lucknow,Uttar Pradesh,26.896319,80.961241,13711.06,2026-07-03T04:08:06,2,0
a5a891a4-b3f4-48ad-84fd-151dee1a4912,55563c04-388f-46d9-bf6c-e43ace15d4df,9018-8316-2020,6566-9354-4805,Bank of Baroda,BARB0108156,Bengaluru,Bengaluru Urban,Karnataka,12.954968,77.610711,11302.6,2026-07-03T04:10:37,3,1
453f2417-6b7c-458a-bb48-6ad6c34a789e,55563c04-388f-46d9-bf6c-e43ace15d4df,4812-9135-9260,6566-9354-4805,Bank of Baroda,BARB0275110,Bengaluru,Bengaluru Urban,Karnataka,12.969782,77.598398,12339.95,2026-07-03T04:12:33,3,1
515a07d9-eccd-4379-a260-a0611020fccb,55563c04-388f-46d9-bf6c-e43ace15d4df,8329-6281-6238,6566-9354-4805,Bank of Baroda,BARB0354148,Bengaluru,Bengaluru Urban,Karnataka,12.988794,77.580102,10376.33,2026-07-03T04:14:29,3,1
1d927e6b-607b-4c65-846d-b918f96614cd,55563c04-388f-46d9-bf6c-e43ace15d4df,6914-4233-2271,6566-9354-4805,Bank of Baroda,BARB0692139,Bengaluru,Bengaluru Urban,Karnataka,12.952632,77.60847,363309.96,2026-07-03T04:15:52,3,1
5d72183c-3ea0-44e0-b68f-3db11687092c,722233ca-38b5-488f-b920-fda472a865d7,4870-3137-1178,2768-2474-3582,Canara Bank,CNRB0304940,Chandigarh,Chandigarh,Chandigarh,30.768283,76.782816,41530.59,2026-08-15T15:53:09,1,0
667308f7-1a8d-4872-92bc-4d3eb9e3447b,722233ca-38b5-488f-b920-fda472a865d7,4870-3137-1178,2035-4166-5188,South Indian Bank,SIBL0725515,Ahmedabad,Ahmedabad,Gujarat,22.976454,72.524347,186856.68,2026-08-15T15:53:23,1,0
ea4b0954-efbc-44b6-adc7-ecfbe0301c48,722233ca-38b5-488f-b920-fda472a865d7,2768-2474-3582,1679-7573-6157,IDBI Bank,IBKL0386434,Bhopal,Bhopal,Madhya Pradesh,23.295486,77.410062,23760.58,2026-08-15T15:54:33,2,0
f0240c38-d28e-4894-9ca7-5157cdee8a4f,722233ca-38b5-488f-b920-fda472a865d7,2768-2474-3582,2052-2083-8685,IDBI Bank,IBKL0583276,Noida,Gautam Buddh Nagar,Uttar Pradesh,28.490402,77.380288,17770.01,2026-08-15T15:55:07,2,0
2fb1523b-6e01-4ad7-8b07-7b7d96a77d3d,722233ca-38b5-488f-b920-fda472a865d7,2035-4166-5188,6761-8207-8137,State Bank of India,SBIN0874138,Chennai,Chennai,Tamil Nadu,13.098724,80.223224,13278.99,2026-08-15T15:56:30,2,0
1212093d-bf2a-4c78-9899-0968ee4552cf,722233ca-38b5-488f-b920-fda472a865d7,2035-4166-5188,9359-7644-4198,Punjab National Bank,PUNB0818001,Kolkata,Kolkata,West Bengal,22.530625,88.338545,62280.4,2026-08-15T15:57:40,2,0
0f77ebe4-dc7d-42cc-8f37-a0a376b277e3,722233ca-38b5-488f-b920-fda472a865d7,2035-4166-5188,2467-3679-5171,Union Bank of India,UBIN0705604,Noida,Gautam Buddh Nagar,Uttar Pradesh,28.491744,77.35343,111297.29,2026-08-15T15:58:52,2,0
452dd329-5e69-4f84-8fb9-9f8d5dc9fe21,722233ca-38b5-488f-b920-fda472a865d7,6761-8207-8137,8614-8192-7817,South Indian Bank,SIBL0454762,Noida,Gautam Buddh Nagar,Uttar Pradesh,28.52067,77.39358,11951.09,2026-08-15T16:01:06,3,1
12af3302-7fcc-447f-85a5-7e2625ab2290,722233ca-38b5-488f-b920-fda472a865d7,9359-7644-4198,8614-8192-7817,South Indian Bank,SIBL0130395,Noida,Gautam Buddh Nagar,Uttar Pradesh,28.519357,77.37256,56052.36,2026-08-15T16:03:40,3,1
6e02cf26-78c8-49e8-966d-75b898ab12f9,722233ca-38b5-488f-b920-fda472a865d7,2052-2083-8685,8614-8192-7817,South Indian Bank,SIBL0928530,Noida,Gautam Buddh Nagar,Uttar Pradesh,28.519282,77.387887,15993.01,2026-08-15T16:04:59,3,1
eb079937-b34d-46b6-bd0a-273a8313bf86,722233ca-38b5-488f-b920-fda472a865d7,2467-3679-5171,8614-8192-7817,South Indian Bank,SIBL0178749,Noida,Gautam Buddh Nagar,Uttar Pradesh,28.552779,77.390327,100167.56,2026-08-15T16:06:41,3,1
025a5ec5-cb55-4be4-8b5c-fa6388011a03,1dcade49-3112-42dd-9421-1f4729c5a575,1657-3112-3499,4369-1068-5121,Kotak Mahindra Bank,KKBK0242590,Jaipur,Jaipur,Rajasthan,26.89466,75.75626,299679.69,2026-06-06T06:31:44,1,0
2a7c280d-3ab0-41f4-877e-6305a468c45d,1dcade49-3112-42dd-9421-1f4729c5a575,1657-3112-3499,6734-4768-6002,State Bank of India,SBIN0470475,Ahmedabad,Ahmedabad,Gujarat,23.036111,72.585833,272.67,2026-06-06T06:32:03,1,0
854b4c32-8f17-4ed7-9470-2b1f599019ce,1dcade49-3112-42dd-9421-1f4729c5a575,1657-3112-3499,8407-9270-3656,Union Bank of India,UBIN0649594,Pune,Pune,Maharashtra,18.526803,73.85413,176120.39,2026-06-06T06:32:24,1,0
e8fb3204-eb72-414a-8dd8-85c2ab6173b9,1dcade49-3112-42dd-9421-1f4729c5a575,4369-1068-5121,6910-9225-9173,Kotak Mahindra Bank,KKBK0749487,Gurgaon,Gurugram,Haryana,28.470268,77.071561,299679.69,2026-06-06T06:33:05,2,0
f2d3128d-a787-4312-9ee6-0ef0714cc8d8,1dcade49-3112-42dd-9421-1f4729c5a575,6734-4768-6002,6561-8743-1260,IDBI Bank,IBKL0367319,Chandigarh,Chandigarh,Chandigarh,30.686301,76.810958,272.67,2026-06-06T06:33:45,2,0
3cd4ef23-133d-417c-9ffd-124300beb6f5,1dcade49-3112-42dd-9421-1f4729c5a575,8407-9270-3656,9241-7568-7941,IDBI Bank,IBKL0938766,Ahmedabad,Ahmedabad,Gujarat,23.025351,72.597979,176120.39,2026-06-06T06:34:27,2,0
f86ba584-ccf9-4ec9-8a06-48719864d7ae,1dcade49-3112-42dd-9421-1f4729c5a575,9241-7568-7941,3217-8453-5070,UCO Bank,UCBA0434595,Kolkata,Kolkata,West Bengal,22.581513,88.359616,158508.35,2026-06-06T06:35:56,3,1
ccd9a01d-589c-4bf4-8dc9-c989ab2d0ef5,1dcade49-3112-42dd-9421-1f4729c5a575,6561-8743-1260,3217-8453-5070,UCO Bank,UCBA0463649,Kolkata,Kolkata,West Bengal,22.557835,88.35349,245.4,2026-06-06T06:38:22,3,1
b0ac013b-2317-464f-8a58-b2896625f427,1dcade49-3112-42dd-9421-1f4729c5a575,6910-9225-9173,3217-8453-5070,UCO Bank,UCBA0679939,Kolkata,Kolkata,West Bengal,22.581922,88.360552,269711.72,2026-06-06T06:39:31,3,1
1348077c-4e13-4708-a309-a1a330bad835,2df24a25-ac0b-4a46-aa5d-4b88e123bb33,7639-3720-3548,5078-6463-4698,IndusInd Bank,INDB0159266,Gurgaon,Gurugram,Haryana,28.49471,77.017701,70592.76,2026-06-08T02:34:37,1,0
5544f22e-8504-4ddb-be9b-bd9630d2d430,2df24a25-ac0b-4a46-aa5d-4b88e123bb33,7639-3720-3548,4844-6107-1048,Axis Bank,UTIB0917411,Pune,Pune,Maharashtra,18.47631,73.83288,400615.14,2026-06-08T02:34:59,1,0
0bc5fb43-0bd1-4be1-bcc6-fa32c8e9c8f3,2df24a25-ac0b-4a46-aa5d-4b88e123bb33,5078-6463-4698,2505-7134-7526,Axis Bank,UTIB0822505,Pune,Pune,Maharashtra,18.568895,73.824405,70592.76,2026-06-08T02:36:13,2,0
072deeb1-f4c4-4ffa-a35c-b73b1fcb4936,2df24a25-ac0b-4a46-aa5d-4b88e123bb33,4844-6107-1048,4469-7572-3807,Axis Bank,UTIB0482140,Mumbai,Mumbai City,Maharashtra,19.071937,72.856031,24904.62,2026-06-08T02:37:39,2,0
69cb7601-596e-4094-932f-9514cfb5e7f5,2df24a25-ac0b-4a46-aa5d-4b88e123bb33,4844-6107-1048,9653-7874-3981,Bank of Baroda,BARB0938035,Bengaluru,Bengaluru Urban,Karnataka,12.99326,77.61862,375710.52,2026-06-08T02:38:26,2,0
cd87e42b-62d7-4a47-8fe4-5c2254929ace,2df24a25-ac0b-4a46-aa5d-4b88e123bb33,2505-7134-7526,3413-2377-2269,HDFC Bank,HDFC0378017,Chennai,Chennai,Tamil Nadu,13.098276,80.261299,63533.48,2026-06-08T02:40:09,3,1
878b218c-3065-4aea-9241-61f1ff150502,2df24a25-ac0b-4a46-aa5d-4b88e123bb33,4469-7572-3807,3413-2377-2269,HDFC Bank,HDFC0448598,Chennai,Chennai,Tamil Nadu,13.081822,80.262253,22414.16,2026-06-08T02:42:21,3,1
ed80bcd4-6d9d-4db9-9a23-e2015bd9d793,2df24a25-ac0b-4a46-aa5d-4b88e123bb33,9653-7874-3981,3413-2377-2269,HDFC Bank,HDFC0952441,Chennai,Chennai,Tamil Nadu,13.065942,80.272869,338139.47,2026-06-08T02:44:58,3,1
8b6a757b-d1de-4eef-a76e-a1e7f163aad5,0be46cc5-4dfb-4aa7-9ba2-619fdc9e69fe,3943-5919-7202,9284-2796-7014,ICICI Bank,ICIC0216647,Ahmedabad,Ahmedabad,Gujarat,22.984802,72.612385,305622.22,2026-07-11T05:22:15,1,0
e880405a-9f97-44ce-9909-1dbd8b218f2a,0be46cc5-4dfb-4aa7-9ba2-619fdc9e69fe,9284-2796-7014,9046-3844-5123,UCO Bank,UCBA0625450,Chandigarh,Chandigarh,Chandigarh,30.78237,76.746753,276632.25,2026-07-11T05:23:22,2,0
aac6583f-517d-498d-aa58-1676c6f1b2a1,0be46cc5-4dfb-4aa7-9ba2-619fdc9e69fe,9284-2796-7014,7347-5723-3916,IDBI Bank,IBKL0438908,Mumbai,Mumbai City,Maharashtra,19.047441,72.918441,28989.97,2026-07-11T05:24:20,2,0
53607e34-063b-4d76-ab91-f3482a6de517,0be46cc5-4dfb-4aa7-9ba2-619fdc9e69fe,7347-5723-3916,2937-6900-4929,State Bank of India,SBIN0587291,Delhi,Central Delhi,Delhi,28.595508,77.170923,28989.97,2026-07-11T05:28:58,3,0
64cc0d0e-c79f-4bc8-9b05-c41d3610910f,0be46cc5-4dfb-4aa7-9ba2-619fdc9e69fe,2937-6900-4929,7038-2233-9667,Federal Bank,FDRL0603428,Pune,Pune,Maharashtra,18.558744,73.824442,28989.97,2026-07-11T05:30:54,4,1
6c89c9b1-fff3-413b-bc5c-ef8f36f13890,e78722a7-eae1-4896-a551-e1d4e4916161,1798-6564-8627,3810-5261-6313,Canara Bank,CNRB0350202,Pune,Pune,Maharashtra,18.544679,73.860207,64687.99,2026-07-22T20:47:06,1,0
9408a007-72e3-4d0e-830d-81bef51ceeb7,e78722a7-eae1-4896-a551-e1d4e4916161,1798-6564-8627,4220-2248-1421,Federal Bank,FDRL0276151,Hyderabad,Hyderabad,Telangana,17.365854,78.511178,81385.29,2026-07-22T20:47:59,1,0
b142aaea-2033-4844-8264-ccf42b04915e,e78722a7-eae1-4896-a551-e1d4e4916161,1798-6564-8627,9243-2503-3298,HDFC Bank,HDFC0381701,Chandigarh,Chandigarh,Chandigarh,30.74649,76.730725,61520.25,2026-07-22T20:48:49,1,0
84351bd9-7cc2-4968-9dcb-8a89a4c9a559,e78722a7-eae1-4896-a551-e1d4e4916161,3810-5261-6313,7377-2871-1433,Kotak Mahindra Bank,KKBK0424546,Chandigarh,Chandigarh,Chandigarh,30.744014,76.817495,12419.27,2026-07-22T20:50:06,2,0
4ac01c96-1b45-4e92-8764-1c4d16264c61,e78722a7-eae1-4896-a551-e1d4e4916161,3810-5261-6313,7186-7770-4970,YES Bank,YESB0934458,Bhopal,Bhopal,Madhya Pradesh,23.216286,77.453886,52268.72,2026-07-22T20:50:45,2,0
345703bc-676a-4979-a75d-728e038527c6,e78722a7-eae1-4896-a551-e1d4e4916161,4220-2248-1421,1605-7320-6540,UCO Bank,UCBA0207348,Delhi,Central Delhi,Delhi,28.574648,77.175469,73120.23,2026-07-22T20:51:37,2,0
58d285c9-5390-41bc-920f-e06c881fdfaa,e78722a7-eae1-4896-a551-e1d4e4916161,4220-2248-1421,1146-7958-2270,ICICI Bank,ICIC0300289,Lucknow,Lucknow,Uttar Pradesh,26.80484,80.90061,3871.74,2026-07-22T20:52:07,2,0
f12b856b-4577-46ba-9db9-a08854d7a4aa,e78722a7-eae1-4896-a551-e1d4e4916161,4220-2248-1421,5362-8172-2368,Punjab National Bank,PUNB0155263,Patna,Patna,Bihar,25.562825,85.185884,4393.32,2026-07-22T20:53:35,2,0
e583b468-7a0c-4973-9bea-09c390840ac7,e78722a7-eae1-4896-a551-e1d4e4916161,9243-2503-3298,9865-7809-9379,IndusInd Bank,INDB0218300,Gurgaon,Gurugram,Haryana,28.50205,76.982608,61520.25,2026-07-22T20:54:19,2,0
279cd44b-51ca-4d15-a4d6-5d78715acd1d,e78722a7-eae1-4896-a551-e1d4e4916161,7377-2871-1433,7093-1601-8570,UCO Bank,UCBA0499220,Hyderabad,Hyderabad,Telangana,17.389715,78.499277,11177.34,2026-07-22T20:56:56,3,1
a2407cd5-485c-4696-9a92-141bb66943c1,e78722a7-eae1-4896-a551-e1d4e4916161,1605-7320-6540,7093-1601-8570,UCO Bank,UCBA0574646,Hyderabad,Hyderabad,Telangana,17.38521,78.477151,65808.21,2026-07-22T20:59:32,3,1
c9e59fb9-c56f-4b43-869a-f8b7cbdb3747,e78722a7-eae1-4896-a551-e1d4e4916161,5362-8172-2368,7093-1601-8570,UCO Bank,UCBA0164649,Hyderabad,Hyderabad,Telangana,17.390893,78.478137,3953.99,2026-07-22T21:00:36,3,1
d4e511f7-93ac-4eaa-adda-447ac0529ce8,e78722a7-eae1-4896-a551-e1d4e4916161,9865-7809-9379,7093-1601-8570,UCO Bank,UCBA0978861,Hyderabad,Hyderabad,Telangana,17.375787,78.476996,55368.22,2026-07-22T21:02:11,3,1
dd9cf8c4-6ca9-40fd-816e-039b14415b9f,ba9aa081-d9f2-43cc-b67f-719ae987a7b7,8793-4650-9000,5041-9736-7932,IDBI Bank,IBKL0706931,Bengaluru,Bengaluru Urban,Karnataka,12.958421,77.596482,122586.4,2026-06-03T21:14:58,1,0
990e5e87-4f37-4111-935e-f833e274b457,ba9aa081-d9f2-43cc-b67f-719ae987a7b7,5041-9736-7932,5477-8486-6302,YES Bank,YESB0613569,Chandigarh,Chandigarh,Chandigarh,30.753533,76.79028,16371.67,2026-06-03T21:16:25,2,0
15969bca-f118-4a6f-a015-2ff73e99f3c3,ba9aa081-d9f2-43cc-b67f-719ae987a7b7,5041-9736-7932,8709-8156-4495,UCO Bank,UCBA0130109,Mumbai,Mumbai City,Maharashtra,19.060001,72.877591,106214.73,2026-06-03T21:17:05,2,0
0966ced5-5b6c-4344-8cb8-02212b671688,ba9aa081-d9f2-43cc-b67f-719ae987a7b7,8709-8156-4495,7388-8267-8119,Kotak Mahindra Bank,KKBK0854860,Pune,Pune,Maharashtra,18.532973,73.810736,106214.73,2026-06-03T21:18:09,3,1
1980bdc0-9d95-4988-8489-59fb8050aeaf,5797b6f6-b240-4990-adf9-921f558d08cd,4578-5466-9773,6184-1072-5599,UCO Bank,UCBA0347864,Delhi,Central Delhi,Delhi,28.598,77.239849,6888.71,2026-06-07T13:49:22,1,0
5b332456-15b1-42c5-b3e1-6668731fb2b1,5797b6f6-b240-4990-adf9-921f558d08cd,6184-1072-5599,1416-3185-9695,Bank of Baroda,BARB0809375,Pune,Pune,Maharashtra,18.5172,73.898425,2829.21,2026-06-07T13:50:05,2,0
8c9a32ed-0df8-48ad-8306-103a9650b06f,5797b6f6-b240-4990-adf9-921f558d08cd,6184-1072-5599,6825-7714-7276,South Indian Bank,SIBL0442520,Chennai,Chennai,Tamil Nadu,13.117226,80.30042,2908.47,2026-06-07T13:50:36,2,0
21b569bf-88e3-4d56-9ac8-3dc186178543,5797b6f6-b240-4990-adf9-921f558d08cd,6184-1072-5599,7971-1247-7867,State Bank of India,SBIN0624716,Noida,Gautam Buddh Nagar,Uttar Pradesh,28.514596,77.379942,1151.03,2026-06-07T13:51:11,2,0
86f123fb-0494-4209-8707-7bff160107ce,5797b6f6-b240-4990-adf9-921f558d08cd,6825-7714-7276,2700-9624-1382,South Indian Bank,SIBL0996118,Patna,Patna,Bihar,25.585197,85.140897,2617.62,2026-06-07T13:52:27,3,1
aa689cf4-3e0c-4fdc-9f9f-89b8f26a7ac6,5797b6f6-b240-4990-adf9-921f558d08cd,7971-1247-7867,2700-9624-1382,South Indian Bank,SIBL0626080,Patna,Patna,Bihar,25.588062,85.149047,1035.93,2026-06-07T13:53:34,3,1
4020a458-8858-4e41-9740-7aedec319567,5797b6f6-b240-4990-adf9-921f558d08cd,1416-3185-9695,2700-9624-1382,South Indian Bank,SIBL0345506,Patna,Patna,Bihar,25.586966,85.13254,2546.29,2026-06-07T13:55:55,3,1
70c2e5c8-34e9-48bb-8e22-2b35020cfdab,c23f4892-0906-4b2f-9965-5addec54cdf3,3580-5528-5000,8424-6420-1623,YES Bank,YESB0581031,Bengaluru,Bengaluru Urban,Karnataka,13.011205,77.593184,106240.45,2026-07-31T00:43:05,1,0
c2ad0b63-ee65-4f69-b046-00d4dbea9ce2,c23f4892-0906-4b2f-9965-5addec54cdf3,3580-5528-5000,8327-7837-6939,Union Bank of India,UBIN0885891,Patna,Patna,Bihar,25.62399,85.122862,1201.28,2026-07-31T00:43:31,1,0
44b1a78d-8ca7-4c8a-a187-a48b02dfa670,c23f4892-0906-4b2f-9965-5addec54cdf3,8424-6420-1623,3534-6410-2245,UCO Bank,UCBA0771322,Bhopal,Bhopal,Madhya Pradesh,23.215038,77.428567,24384.38,2026-07-31T00:44:51,2,0
4fb6e114-1876-4a24-bdeb-8070b91a5dd6,c23f4892-0906-4b2f-9965-5addec54cdf3,8424-6420-1623,3792-3794-6422,Bank of Baroda,BARB0278150,Patna,Patna,Bihar,25.62931,85.172792,58982.62,2026-07-31T00:46:12,2,0
9eb01d6d-4694-4a45-a4af-4f2d5e82b40c,c23f4892-0906-4b2f-9965-5addec54cdf3,8424-6420-1623,5758-7869-8503,YES Bank,YESB0283664,Jaipur,Jaipur,Rajasthan,26.924517,75.793561,22873.45,2026-07-31T00:47:19,2,0
7d37da42-9c1c-42ef-aa03-828314237532,c23f4892-0906-4b2f-9965-5addec54cdf3,8327-7837-6939,6369-3655-4424,Federal Bank,FDRL0691123,Ahmedabad,Ahmedabad,Gujarat,23.034156,72.535621,740.55,2026-07-31T00:48:32,2,0
857ca690-52fe-4083-b70f-b261fb191106,c23f4892-0906-4b2f-9965-5addec54cdf3,8327-7837-6939,7511-9132-5174,Axis Bank,UTIB0642121,Jaipur,Jaipur,Rajasthan,26.896342,75.741105,460.73,2026-07-31T00:49:54,2,0
b168cb9c-4df1-46f0-b74b-edc46de29d39,c23f4892-0906-4b2f-9965-5addec54cdf3,3534-6410-2245,6611-2345-3111,Punjab National Bank,PUNB0691640,Gurgaon,Gurugram,Haryana,28.469092,77.025391,21945.94,2026-07-31T00:51:47,3,1
0e98a857-f41a-4aa5-9774-20976155e30f,c23f4892-0906-4b2f-9965-5addec54cdf3,5758-7869-8503,6611-2345-3111,Punjab National Bank,PUNB0332129,Gurgaon,Gurugram,Haryana,28.472986,77.028334,20586.1,2026-07-31T00:53:27,3,1
7ad51be6-94b1-4764-8358-0d3ca515f4e1,c23f4892-0906-4b2f-9965-5addec54cdf3,7511-9132-5174,6611-2345-3111,Punjab National Bank,PUNB0841517,Gurgaon,Gurugram,Haryana,28.479228,77.033629,414.66,2026-07-31T00:54:35,3,1
b157f675-d1ba-41a9-8d56-62dc5c3e78aa,ba9fd24e-7970-46a1-a1f0-0ee718927fb6,7145-5057-6467,5658-7835-2152,ICICI Bank,ICIC0555486,Lucknow,Lucknow,Uttar Pradesh,26.871484,80.898377,238117.5,2026-08-24T22:50:37,1,0
dc087f57-1545-437b-96c6-bda72dc9ee33,ba9fd24e-7970-46a1-a1f0-0ee718927fb6,5658-7835-2152,9374-6802-3305,Canara Bank,CNRB0358020,Patna,Patna,Bihar,25.564549,85.176114,238117.5,2026-08-24T22:51:08,2,0
b1c5a67e-b6fb-4301-9c68-6a63466c4203,ba9fd24e-7970-46a1-a1f0-0ee718927fb6,9374-6802-3305,9637-9162-9611,Axis Bank,UTIB0250914,Chennai,Chennai,Tamil Nadu,13.084828,80.285771,238117.5,2026-08-24T22:54:14,3,1
b6d77221-adc5-47d0-bd9a-898938780df6,f66d628f-a2ee-44d7-871c-86eb27ecf88e,4089-4580-9316,5699-2677-2080,HDFC Bank,HDFC0944522,Patna,Patna,Bihar,25.582559,85.186838,188655.16,2026-07-06T02:27:12,1,0
3c20936c-0421-4f7b-8d69-334f39258ac2,f66d628f-a2ee-44d7-871c-86eb27ecf88e,5699-2677-2080,4791-2001-9267,Bank of Baroda,BARB0395039,Pune,Pune,Maharashtra,18.479084,73.871711,188655.16,2026-07-06T02:28:34,2,0
709a37cf-22e6-48f5-94b1-a60151a0a30d,f66d628f-a2ee-44d7-871c-86eb27ecf88e,4791-2001-9267,8043-1888-3961,State Bank of India,SBIN0734274,Jaipur,Jaipur,Rajasthan,26.954203,75.746016,188655.16,2026-07-06T02:32:27,3,0
2d1ddbdd-540d-43b3-aa96-c743cc2151b9,f66d628f-a2ee-44d7-871c-86eb27ecf88e,8043-1888-3961,8720-9852-1791,ICICI Bank,ICIC0170059,Jaipur,Jaipur,Rajasthan,26.865542,75.76133,188655.16,2026-07-06T02:36:34,4,1
c2cc3805-74db-4766-8f97-6930b48c1f76,a7fa3e7d-26b3-439b-a9d1-613c7bce51d9,8954-7769-9170,8598-8453-4934,Punjab National Bank,PUNB0465527,Bengaluru,Bengaluru Urban,Karnataka,12.95148,77.606348,12303.54,2026-06-21T00:48:26,1,0
af7bef15-9675-4643-ac0a-fb9df6de3d7b,a7fa3e7d-26b3-439b-a9d1-613c7bce51d9,8954-7769-9170,7816-6604-8473,Axis Bank,UTIB0628759,Pune,Pune,Maharashtra,18.481483,73.839782,222900.15,2026-06-21T00:48:39,1,0
314ce71b-a22c-4f5e-9f22-719147483564,a7fa3e7d-26b3-439b-a9d1-613c7bce51d9,8598-8453-4934,5097-4310-6869,Bank of Baroda,BARB0315402,Bengaluru,Bengaluru Urban,Karnataka,12.945104,77.549532,858.31,2026-06-21T00:49:45,2,0
4399675d-4ae5-4d07-a676-0fd4478cf81f,a7fa3e7d-26b3-439b-a9d1-613c7bce51d9,8598-8453-4934,2819-2767-1827,IDBI Bank,IBKL0241866,Patna,Patna,Bihar,25.563314,85.112549,9531.34,2026-06-21T00:50:54,2,0
dfbc9793-c71c-40a2-ae10-66a56fe2a3b3,a7fa3e7d-26b3-439b-a9d1-613c7bce51d9,8598-8453-4934,3289-7255-4347,South Indian Bank,SIBL0315770,Noida,Gautam Buddh Nagar,Uttar Pradesh,28.522022,77.415521,1913.9,2026-06-21T00:52:05,2,0
fa484e6d-2e0e-43be-8bee-6a7d3f09a082,a7fa3e7d-26b3-439b-a9d1-613c7bce51d9,7816-6604-8473,6100-9520-6159,IDBI Bank,IBKL0129875,Patna,Patna,Bihar,25.590551,85.101926,222900.15,2026-06-21T00:52:56,2,0
1c077337-24af-4d42-8468-00ebf7364ede,a7fa3e7d-26b3-439b-a9d1-613c7bce51d9,5097-4310-6869,1232-7316-8209,Punjab National Bank,PUNB0435362,Lucknow,Lucknow,Uttar Pradesh,26.85199,80.931132,772.48,2026-06-21T00:54:09,3,1
d623803e-f4b7-4aa4-946f-012fb53e8463,a7fa3e7d-26b3-439b-a9d1-613c7bce51d9,2819-2767-1827,1232-7316-8209,Punjab National Bank,PUNB0411378,Lucknow,Lucknow,Uttar Pradesh,26.838928,80.946482,8578.21,2026-06-21T00:56:54,3,1
165517b3-0698-4bd8-b5c0-a519eb41848d,a7fa3e7d-26b3-439b-a9d1-613c7bce51d9,6100-9520-6159,1232-7316-8209,Punjab National Bank,PUNB0264822,Lucknow,Lucknow,Uttar Pradesh,26.830994,80.96365,200610.14,2026-06-21T00:58:49,3,1
978eb8be-2365-433f-b82a-8cd605062692,a7fa3e7d-26b3-439b-a9d1-613c7bce51d9,3289-7255-4347,1232-7316-8209,Punjab National Bank,PUNB0399524,Lucknow,Lucknow,Uttar Pradesh,26.849199,80.935987,1722.51,2026-06-21T01:00:42,3,1
5bd64781-fd2b-46f5-b0ec-8446710fe25e,f0cc8e73-b1f6-43eb-8837-fade9c4e5cfb,3225-8424-8431,1893-3855-5618,Canara Bank,CNRB0443085,Ahmedabad,Ahmedabad,Gujarat,23.055005,72.613223,335729.88,2026-08-16T12:48:13,1,0
e21f40eb-6cdf-4549-b6e9-65f84a3641cc,f0cc8e73-b1f6-43eb-8837-fade9c4e5cfb,1893-3855-5618,3748-1550-3583,Axis Bank,UTIB0584543,Chennai,Chennai,Tamil Nadu,13.109541,80.236781,7059.52,2026-08-16T12:49:22,2,0
562bf754-0c23-4389-bb84-4c95ac139758,f0cc8e73-b1f6-43eb-8837-fade9c4e5cfb,1893-3855-5618,4750-6918-9310,ICICI Bank,ICIC0377314,Kolkata,Kolkata,West Bengal,22.575672,88.390551,328670.36,2026-08-16T12:50:26,2,0
930b4685-5e9f-4a90-8a5d-3a3b5f5cd0cf,f0cc8e73-b1f6-43eb-8837-fade9c4e5cfb,3748-1550-3583,6869-2352-7292,IDBI Bank,IBKL0755297,Bengaluru,Bengaluru Urban,Karnataka,12.979838,77.619514,7059.52,2026-08-16T12:54:19,3,0
8ef7f76e-7126-40c4-88bc-7f15a8f5f241,f0cc8e73-b1f6-43eb-8837-fade9c4e5cfb,6869-2352-7292,5526-6137-7448,Punjab National Bank,PUNB0553570,Pune,Pune,Maharashtra,18.495542,73.838843,7059.52,2026-08-16T12:58:07,4,1
004903b2-0f43-46b1-b995-d17018bd32ad,25a390c0-966d-47d9-9551-c0a577979101,1096-1494-5224,7068-3783-5966,South Indian Bank,SIBL0995289,Chandigarh,Chandigarh,Chandigarh,30.757041,76.766968,212222.88,2026-07-21T01:26:48,1,0
cb91b046-0e92-4e26-927d-4158305aa220,25a390c0-966d-47d9-9551-c0a577979101,7068-3783-5966,6987-6410-5188,IndusInd Bank,INDB0901634,Bengaluru,Bengaluru Urban,Karnataka,12.926105,77.633929,39550.21,2026-07-21T01:27:56,2,0
ca9bd9eb-5b40-4be6-b42a-ad01737a945e,25a390c0-966d-47d9-9551-c0a577979101,7068-3783-5966,9088-1152-2132,Canara Bank,CNRB0145600,Chennai,Chennai,Tamil Nadu,13.107561,80.282307,75288.39,2026-07-21T01:28:45,2,0
303eb2cb-6faa-4a29-acc0-3a72eed452a7,25a390c0-966d-47d9-9551-c0a577979101,7068-3783-5966,9226-8699-8996,Axis Bank,UTIB0613899,Hyderabad,Hyderabad,Telangana,17.349325,78.500868,97384.28,2026-07-21T01:30:03,2,0
f922c2e8-adc2-441c-be1e-dce487a35b39,25a390c0-966d-47d9-9551-c0a577979101,6987-6410-5188,1938-6072-2256,Kotak Mahindra Bank,KKBK0845627,Chennai,Chennai,Tamil Nadu,13.063998,80.27611,35595.19,2026-07-21T01:32:58,3,1
36c07b81-4772-404a-b63e-f285eba40c03,25a390c0-966d-47d9-9551-c0a577979101,9226-8699-8996,1938-6072-2256,Kotak Mahindra Bank,KKBK0382957,Chennai,Chennai,Tamil Nadu,13.090742,80.267634,87645.85,2026-07-21T01:34:28,3,1
353d0d2a-d2ea-4f53-8a3f-a12761b249da,25a390c0-966d-47d9-9551-c0a577979101,9088-1152-2132,1938-6072-2256,Kotak Mahindra Bank,KKBK0360246,Chennai,Chennai,Tamil Nadu,13.066934,80.25461,67759.55,2026-07-21T01:36:54,3,1
690e24a2-b36b-49c9-b1b6-96a0a976511a,c54c68c6-b81b-42a5-9dfb-8d5667b5606b,1206-8984-3089,2438-7313-5394,IndusInd Bank,INDB0852413,Gurgaon,Gurugram,Haryana,28.459784,77.068759,1983.73,2026-08-25T17:14:17,1,0
06388c02-72ae-419a-a2e1-b005eb384b6a,c54c68c6-b81b-42a5-9dfb-8d5667b5606b,1206-8984-3089,6735-8887-6302,Federal Bank,FDRL0897212,Gurgaon,Gurugram,Haryana,28.465655,77.016561,5821.6,2026-08-25T17:14:39,1,0
6f5c3b4b-f262-47ba-af4f-d981488de910,c54c68c6-b81b-42a5-9dfb-8d5667b5606b,1206-8984-3089,3907-8992-6657,South Indian Bank,SIBL0454890,Kolkata,Kolkata,West Bengal,22.614643,88.409847,36277.42,2026-08-25T17:15:32,1,0
e2bff144-e3f3-4553-9ad9-0ef03950af74,c54c68c6-b81b-42a5-9dfb-8d5667b5606b,2438-7313-5394,1855-7928-7410,IDBI Bank,IBKL0482526,Bengaluru,Bengaluru Urban,Karnataka,13.005185,77.612334,299.61,2026-08-25T17:16:09,2,0
a4a6d6b9-b8ea-42b7-ab13-46357aaa008d,c54c68c6-b81b-42a5-9dfb-8d5667b5606b,2438-7313-5394,9537-9324-2150,Federal Bank,FDRL0534721,Hyderabad,Hyderabad,Telangana,17.390968,78.494927,931.12,2026-08-25T17:16:44,2,0
07beb783-d732-4ba8-8a0e-cee2d0f99374,c54c68c6-b81b-42a5-9dfb-8d5667b5606b,2438-7313-5394,6693-6874-8669,State Bank of India,SBIN0351148,Ahmedabad,Ahmedabad,Gujarat,23.014558,72.596027,753.0,2026-08-25T17:17:33,2,0
f61d748c-92cb-45f5-8d04-4d691143850b,c54c68c6-b81b-42a5-9dfb-8d5667b5606b,6735-8887-6302,5110-7673-1231,IDBI Bank,IBKL0222229,Hyderabad,Hyderabad,Telangana,17.421362,78.443875,3568.88,2026-08-25T17:18:10,2,0
e90fc7af-4d17-433d-ba45-a40668715b3a,c54c68c6-b81b-42a5-9dfb-8d5667b5606b,6735-8887-6302,6597-7070-6137,UCO Bank,UCBA0535500,Bengaluru,Bengaluru Urban,Karnataka,13.020016,77.563337,2252.72,2026-08-25T17:18:53,2,0
a6280d2c-0576-4093-9bb0-d1deae9fd945,c54c68c6-b81b-42a5-9dfb-8d5667b5606b,3907-8992-6657,7085-2222-9368,Canara Bank,CNRB0722286,Noida,Gautam Buddh Nagar,Uttar Pradesh,28.498366,77.43588,12137.85,2026-08-25T17:20:01,2,0
5267c850-3a28-4dbb-9a4f-811a2a8f8479,c54c68c6-b81b-42a5-9dfb-8d5667b5606b,3907-8992-6657,3434-7114-7470,IDBI Bank,IBKL0695075,Hyderabad,Hyderabad,Telangana,17.380105,78.510608,24139.57,2026-08-25T17:21:12,2,0
80194824-aed2-49c1-9603-7afbb72515d7,c54c68c6-b81b-42a5-9dfb-8d5667b5606b,6597-7070-6137,5983-9611-8892,UCO Bank,UCBA0632118,Patna,Patna,Bihar,25.599199,85.157216,2027.45,2026-08-25T17:23:57,3,1
896ec928-a363-49de-87bf-81ad58bf07fb,c54c68c6-b81b-42a5-9dfb-8d5667b5606b,7085-2222-9368,5983-9611-8892,UCO Bank,UCBA0307824,Patna,Patna,Bihar,25.577511,85.134594,10924.06,2026-08-25T17:26:31,3,1
79db8584-1d65-4d43-a81b-d132c85aef7a,c54c68c6-b81b-42a5-9dfb-8d5667b5606b,5110-7673-1231,5983-9611-8892,UCO Bank,UCBA0161294,Patna,Patna,Bihar,25.588,85.137386,3211.99,2026-08-25T17:27:59,3,1
32801f65-8524-4ac5-85bb-27899dd38b2f,c54c68c6-b81b-42a5-9dfb-8d5667b5606b,3434-7114-7470,5983-9611-8892,UCO Bank,UCBA0372494,Patna,Patna,Bihar,25.602445,85.133147,21725.61,2026-08-25T17:29:05,3,1
1bfe684a-4f5d-4344-82c7-a804d2319fa3,5072fbb8-7d7a-4300-ba43-c27289161306,3956-6694-2287,5103-3181-4851,Punjab National Bank,PUNB0714895,Hyderabad,Hyderabad,Telangana,17.426671,78.513315,159395.82,2026-07-29T06:57:03,1,0
b2774070-0207-4a58-b0ab-b3d3b99caf17,5072fbb8-7d7a-4300-ba43-c27289161306,3956-6694-2287,1070-2974-3197,Kotak Mahindra Bank,KKBK0313699,Hyderabad,Hyderabad,Telangana,17.432303,78.512015,180983.95,2026-07-29T06:57:20,1,0
6819504a-bc0e-4dab-877b-e281769e09cd,5072fbb8-7d7a-4300-ba43-c27289161306,5103-3181-4851,9231-7967-4993,IndusInd Bank,INDB0117804,Jaipur,Jaipur,Rajasthan,26.946085,75.773582,159395.82,2026-07-29T06:58:19,2,0
b1fdf273-ae1c-46ab-9ade-96d5e9b9741d,5072fbb8-7d7a-4300-ba43-c27289161306,1070-2974-3197,4706-7362-1072,State Bank of India,SBIN0297722,Hyderabad,Hyderabad,Telangana,17.36983,78.483745,131139.61,2026-07-29T06:59:01,2,0
38a90cdc-b83a-4939-8ce7-98b7b8a30181,5072fbb8-7d7a-4300-ba43-c27289161306,1070-2974-3197,7882-3456-3847,IDBI Bank,IBKL0614150,Bengaluru,Bengaluru Urban,Karnataka,12.967077,77.583759,49844.34,2026-07-29T07:00:12,2,0
3dcdc9c8-b692-440e-9e57-90a9f9d01239,5072fbb8-7d7a-4300-ba43-c27289161306,9231-7967-4993,1030-5881-1137,Federal Bank,FDRL0327633,Lucknow,Lucknow,Uttar Pradesh,26.860906,80.932574,143456.24,2026-07-29T07:01:16,3,1
9c0b10ac-b29d-4010-ad9b-466ceffdd19c,5072fbb8-7d7a-4300-ba43-c27289161306,4706-7362-1072,1030-5881-1137,Federal Bank,FDRL0119363,Lucknow,Lucknow,Uttar Pradesh,26.83542,80.931298,118025.65,2026-07-29T07:02:42,3,1
52816f48-c19a-4e25-ab05-34beccd5a2e6,5072fbb8-7d7a-4300-ba43-c27289161306,7882-3456-3847,1030-5881-1137,Federal Bank,FDRL0649203,Lucknow,Lucknow,Uttar Pradesh,26.833665,80.94398,44859.91,2026-07-29T07:05:20,3,1
bfdeefaf-4e6c-4980-97a9-fba6d6f30568,317c8ee6-f90e-4405-9da1-11a84c8ca0f1,4391-6322-3086,4756-6595-7769,State Bank of India,SBIN0984021,Jaipur,Jaipur,Rajasthan,26.905327,75.819728,122922.85,2026-06-11T07:39:34,1,0
6236e9b0-d2b7-4442-b711-7e8bf3d8dfab,317c8ee6-f90e-4405-9da1-11a84c8ca0f1,4391-6322-3086,2324-2899-9435,IDBI Bank,IBKL0445521,Ahmedabad,Ahmedabad,Gujarat,23.023058,72.619897,132669.58,2026-06-11T07:40:29,1,0
aeea2125-3d47-4192-8274-003ac4fe1037,317c8ee6-f90e-4405-9da1-11a84c8ca0f1,4391-6322-3086,3478-1210-4978,IndusInd Bank,INDB0689490,Noida,Gautam Buddh Nagar,Uttar Pradesh,28.518984,77.432848,149595.63,2026-06-11T07:40:47,1,0
87f1476f-6a7e-437d-baf7-ca783cd3ece8,317c8ee6-f90e-4405-9da1-11a84c8ca0f1,4756-6595-7769,2049-2687-2538,Axis Bank,UTIB0510315,Jaipur,Jaipur,Rajasthan,26.90479,75.776624,88977.86,2026-06-11T07:42:08,2,0
7202b7db-9628-4ba7-bddc-7aea3b9ff2cf,317c8ee6-f90e-4405-9da1-11a84c8ca0f1,4756-6595-7769,3680-9233-2287,IndusInd Bank,INDB0746632,Lucknow,Lucknow,Uttar Pradesh,26.827072,80.913719,20192.98,2026-06-11T07:43:03,2,0
2738c370-5981-400c-adc2-1f117572bfe6,317c8ee6-f90e-4405-9da1-11a84c8ca0f1,4756-6595-7769,8645-8936-1491,IndusInd Bank,INDB0266058,Mumbai,Mumbai City,Maharashtra,19.067415,72.912605,13752.01,2026-06-11T07:43:37,2,0
75a699e2-4cf5-49de-a08d-cd535e16e509,317c8ee6-f90e-4405-9da1-11a84c8ca0f1,2324-2899-9435,9444-5585-6509,IndusInd Bank,INDB0391587,Ahmedabad,Ahmedabad,Gujarat,23.071289,72.524487,51332.64,2026-06-11T07:44:49,2,0
3ebf25aa-a5d5-45fe-a530-4412851c6936,317c8ee6-f90e-4405-9da1-11a84c8ca0f1,2324-2899-9435,1166-4153-4294,Kotak Mahindra Bank,KKBK0329331,Bengaluru,Bengaluru Urban,Karnataka,12.956104,77.61345,27285.17,2026-06-11T07:45:33,2,0
5b9a9140-98be-44d3-9d2f-4cd9ec24cf03,317c8ee6-f90e-4405-9da1-11a84c8ca0f1,2324-2899-9435,9050-1806-3834,IDBI Bank,IBKL0792217,Noida,Gautam Buddh Nagar,Uttar Pradesh,28.505587,77.412049,54051.77,2026-06-11T07:46:45,2,0
1b0b04d0-8328-45b8-b511-52296e62e0d4,317c8ee6-f90e-4405-9da1-11a84c8ca0f1,3478-1210-4978,6618-3066-8343,YES Bank,YESB0921740,Bhopal,Bhopal,Madhya Pradesh,23.283058,77.368051,64000.65,2026-06-11T07:48:07,2,0
eeadfb31-3ca1-47c2-9780-04c1a0e1a49f,317c8ee6-f90e-4405-9da1-11a84c8ca0f1,3478-1210-4978,6407-7792-8399,Union Bank of India,UBIN0682430,Chennai,Chennai,Tamil Nadu,13.038859,80.299669,61032.05,2026-06-11T07:49:02,2,0
d6b71535-395c-4bb1-a932-bf55f9453946,317c8ee6-f90e-4405-9da1-11a84c8ca0f1,3478-1210-4978,2607-6608-1777,IDBI Bank,IBKL0910411,Bhopal,Bhopal,Madhya Pradesh,23.249702,77.377776,24562.94,2026-06-11T07:49:40,2,0
a17e896a-385c-40d3-bd3b-53b4e1d43b95,317c8ee6-f90e-4405-9da1-11a84c8ca0f1,1166-4153-4294,9279-4898-9317,Union Bank of India,UBIN0104170,Chandigarh,Chandigarh,Chandigarh,30.749577,76.762353,24556.65,2026-06-11T07:51:01,3,1
3295e39c-0c30-4f21-9e65-0102859d9228,317c8ee6-f90e-4405-9da1-11a84c8ca0f1,3680-9233-2287,9279-4898-9317,Union Bank of India,UBIN0389970,Chandigarh,Chandigarh,Chandigarh,30.736784,76.777069,18173.68,2026-06-11T07:52:16,3,1
2d0a3010-5603-40ad-af23-6096b0c77bac,317c8ee6-f90e-4405-9da1-11a84c8ca0f1,2607-6608-1777,9279-4898-9317,Union Bank of India,UBIN0381277,Chandigarh,Chandigarh,Chandigarh,30.736274,76.769244,22106.65,2026-06-11T07:54:08,3,1
77ca13ba-a159-4a02-8c54-d3ffad2540bf,317c8ee6-f90e-4405-9da1-11a84c8ca0f1,8645-8936-1491,9279-4898-9317,Union Bank of India,UBIN0189022,Chandigarh,Chandigarh,Chandigarh,30.729628,76.773482,12376.81,2026-06-11T07:56:40,3,1
9a120b8a-31de-475a-9e20-17fda9f1ce1a,317c8ee6-f90e-4405-9da1-11a84c8ca0f1,6407-7792-8399,9279-4898-9317,Union Bank of India,UBIN0979907,Chandigarh,Chandigarh,Chandigarh,30.727155,76.779726,54928.84,2026-06-11T07:58:32,3,1
22dbc411-5ab7-459a-a3a8-de4087230277,6a408380-09bb-4fb1-a070-05c0626d2ef6,3193-7336-2778,6370-5405-1388,Federal Bank,FDRL0580267,Bengaluru,Bengaluru Urban,Karnataka,12.969626,77.625479,84814.72,2026-06-24T02:31:55,1,0
16ce53b5-7371-4c13-82b8-64dca26ea4d4,6a408380-09bb-4fb1-a070-05c0626d2ef6,3193-7336-2778,3146-5995-5317,Federal Bank,FDRL0180556,Hyderabad,Hyderabad,Telangana,17.407183,78.460471,261592.75,2026-06-24T02:32:31,1,0
2f794617-5f41-43b9-9141-3705fa383bca,6a408380-09bb-4fb1-a070-05c0626d2ef6,3193-7336-2778,5857-4108-5194,Union Bank of India,UBIN0558153,Bhopal,Bhopal,Madhya Pradesh,23.244226,77.396594,71476.05,2026-06-24T02:33:15,1,0
9acb8290-1eef-489b-8e9d-0dca4e10dc8c,6a408380-09bb-4fb1-a070-05c0626d2ef6,6370-5405-1388,1556-2481-7021,Axis Bank,UTIB0830821,Ahmedabad,Ahmedabad,Gujarat,23.037617,72.595525,66877.74,2026-06-24T02:34:45,2,0
47922177-3cc4-432a-a868-b6a32746c97f,6a408380-09bb-4fb1-a070-05c0626d2ef6,6370-5405-1388,6679-7558-8267,Bank of Baroda,BARB0893554,Chandigarh,Chandigarh,Chandigarh,30.742415,76.748227,12855.5,2026-06-24T02:36:03,2,0
650c2007-a896-4d42-8803-ff83dd384551,6a408380-09bb-4fb1-a070-05c0626d2ef6,6370-5405-1388,9447-4072-3320,State Bank of India,SBIN0222706,Chandigarh,Chandigarh,Chandigarh,30.741217,76.757878,5081.48,2026-06-24T02:37:24,2,0
db02e383-6719-4805-abea-325c131ceb0f,6a408380-09bb-4fb1-a070-05c0626d2ef6,3146-5995-5317,8531-1502-7800,HDFC Bank,HDFC0912647,Kolkata,Kolkata,West Bengal,22.555318,88.336874,261592.75,2026-06-24T02:38:18,2,0
a5344e1e-d43a-4c86-949b-86f02d223c3f,6a408380-09bb-4fb1-a070-05c0626d2ef6,5857-4108-5194,9700-9072-9763,South Indian Bank,SIBL0242409,Chennai,Chennai,Tamil Nadu,13.032772,80.234685,71476.05,2026-06-24T02:38:50,2,0
e261366c-0f24-4fbf-8830-9a25f9ebffbc,6a408380-09bb-4fb1-a070-05c0626d2ef6,6679-7558-8267,3587-1186-7994,Canara Bank,CNRB0549430,Bhopal,Bhopal,Madhya Pradesh,23.27904,77.410315,11569.95,2026-06-24T02:40:51,3,1
95ad1930-be40-4b99-9966-cd9aeb0494dc,6a408380-09bb-4fb1-a070-05c0626d2ef6,1556-2481-7021,3587-1186-7994,Canara Bank,CNRB0118299,Bhopal,Bhopal,Madhya Pradesh,23.247874,77.410352,60189.97,2026-06-24T02:43:51,3,1
d8bce2f9-42de-47d9-8b8b-cad00ac07333,6a408380-09bb-4fb1-a070-05c0626d2ef6,8531-1502-7800,3587-1186-7994,Canara Bank,CNRB0911959,Bhopal,Bhopal,Madhya Pradesh,23.249909,77.401552,235433.48,2026-06-24T02:45:28,3,1
