ticket_id,victim_name,victim_bank,victim_account,fraud_type,stolen_amount,complaint_timestamp,city,state
44735060-5218-44d0-86b9-576b0fb81d81,Aryan Maharaj,Bank of India,8883-9751-2705,Bank Impersonation,177069.45,2026-07-09T20:24:10,Siliguri,West Bengal
85fd8646-1f11-4f14-80ac-8731201f310f,Udant Dewan,Kotak Mahindra Bank,7987-3609-1330,Investment Scam,420802.16,2026-08-25T00:55:24,Firozabad,Uttar Pradesh
0ef6c29c-c428-42f5-91c1-b3043dad8ac7,Gagan Sami,ICICI Bank,4106-9282-3768,Digital Arrest,202522.67,2026-08-07T13:23:17,Giridih,Jharkhand
ec0b0c2b-ec83-4595-89b0-91c33351b958,Ayushman Chander,Kotak Mahindra Bank,8001-1559-3696,Investment Scam,277203.79,2026-05-13T14:45:41,Lucknow,Uttar Pradesh
71100e46-69fb-45a7-b373-d5da7c6afaa5,Viraj Tiwari,Union Bank of India,2372-2886-3242,Investment Scam,371311.38,2026-07-03T08:42:21,Amravati,Maharashtra
f4ebf302-244e-42d9-80ed-4e3f3878f860,Rushil Saini,Central Bank of India,2896-7127-3768,UPI Fraud,83780.21,2026-06-26T09:23:04,Nagpur,Maharashtra
ff7e188b-2a91-491e-8b75-d00487acb406,Saumya Mall,Bank of Baroda,3600-6608-6032,UPI Fraud,63382.23,2026-07-12T12:02:07,Kota,Rajasthan
7a1c3fdf-3ec8-4590-bdbb-36d7c9ee83a7,Nathaniel Sami,YES Bank,9151-3677-8239,SIM Swap / KYC,80229.98,2026-05-30T10:19:58,Bhubaneswar,Odisha
137695b9-042d-4b81-8f73-6cfc7bb05af8,Arunima Dugal,Indian Bank,5423-4509-1230,SIM Swap / KYC,58770.22,2026-07-30T12:55:07,Gwalior,Madhya Pradesh
23e51318-d6b7-4e8a-87a8-4e47597ecec7,Gayathri Chaudry,Federal Bank,1148-9304-5528,APK Loan Scam,133513.92,2026-05-10T06:16:33,Madurai,Tamil Nadu
3c7c99d8-02bc-4d6d-8924-822fd1bceacb,Lajita Chatterjee,State Bank of India,9143-8617-9171,APK Loan Scam,72493.85,2026-07-10T15:48:40,Amritsar,Punjab
dfebc688-d349-4942-b3b1-7e3316eb1d13,Hemangini Lalla,HDFC Bank,3464-4405-9677,Investment Scam,137772.04,2026-05-05T18:09:44,Guntur,Andhra Pradesh
b1b8717f-bb96-4a25-b70b-5902622c5cf8,Tripti Yadav,Axis Bank,2815-7705-6255,SIM Swap / KYC,91653.72,2026-06-17T03:59:07,Kanpur,Uttar Pradesh
37a047f7-17b7-4094-aedb-156fc8493036,Kritika Brar,Axis Bank,2528-1279-7330,Digital Arrest,74290.97,2026-05-22T05:57:07,Asansol,West Bengal
6be3d267-673f-40af-9936-547b38d9904e,Janaki Handa,State Bank of India,9947-3786-4177,Investment Scam,438976.7,2026-07-21T22:24:20,Deoghar,Jharkhand
d4938051-8fe4-4d9d-aa91-103054ed37dc,Chakradev Kari,Indian Bank,4056-8303-1731,APK Loan Scam,267207.3,2026-08-10T20:20:47,Amritsar,Punjab
165ec779-f897-4fad-9fcb-414c94e08dbf,Fariq Kaul,Indian Bank,9531-6285-1349,Romance Scam,63355.64,2026-07-18T20:55:55,Firozabad,Uttar Pradesh
ebb3f9ef-d5aa-4cab-8622-39b9ccfe0c42,Lajita Mall,Indian Bank,4056-8303-1731,Digital Arrest,241525.24,2026-06-04T00:05:39,Amritsar,Punjab
00d25f27-2300-465a-a85c-bf0f3d807c28,Janya Gaba,Kotak Mahindra Bank,9933-6781-7200,Bank Impersonation,39873.73,2026-05-06T19:02:46,Shimla,Himachal Pradesh
c1d5c6bb-7f94-4e6f-a719-c52ebf505f54,Isha Kadakia,IDBI Bank,2598-8540-6400,SIM Swap / KYC,147638.6,2026-05-08T08:30:59,Amravati,Maharashtra
9d91e3bc-1261-4f1d-9c07-bcd27e5f9728,Ekbal Garg,Bank of Baroda,9700-1027-6354,Bank Impersonation,74447.04,2026-05-06T02:17:03,Noida,Uttar Pradesh
c092d69d-8de2-4b0c-b93c-2489089a293f,Nihal Shere,Punjab National Bank,9038-1307-7502,Romance Scam,142584.22,2026-05-23T00:45:36,Vijayawada,Andhra Pradesh
7104fb5e-3508-4465-91f3-a442b0a56ee6,Anamika Kanda,Canara Bank,5154-8886-1541,Digital Arrest,271269.15,2026-07-07T19:39:44,Aurangabad,Maharashtra
1afcca2b-3064-4dd4-9ed3-df67dd9c9aef,Daksh Karnik,IDBI Bank,6031-7053-8133,Bank Impersonation,134860.23,2026-08-18T21:19:22,Siliguri,West Bengal
5682808a-63d0-428c-aabd-eb456c5e76f2,Diya Rattan,Union Bank of India,1765-2382-5862,APK Loan Scam,87498.46,2026-08-04T05:52:24,Gorakhpur,Uttar Pradesh
fa9cbdee-2591-4022-9514-f0868e420f52,Dominic Kakar,Punjab National Bank,2569-5418-7573,Digital Arrest,180368.78,2026-08-12T11:59:54,Panihati,West Bengal
201d34d4-52cc-49a8-8105-629906eee9ae,Simon Tata,YES Bank,3134-6426-6907,Romance Scam,90836.1,2026-06-12T09:32:39,Bareilly,Uttar Pradesh
51807ea8-3355-44a7-afd5-aee73dfa42de,Tara Dhar,Bank of Baroda,8816-3970-1387,APK Loan Scam,277459.17,2026-05-12T18:51:04,Tiruchirappalli,Tamil Nadu
1e706870-b9f5-430d-855c-b23910d21478,Liam Koshy,Bank of India,1546-7183-6132,Investment Scam,224510.01,2026-08-03T18:50:53,Nuh,Haryana
a1437c42-ff0e-4a2f-9cab-728f63d7d8ea,Priya Rastogi,Federal Bank,9152-4966-2144,Romance Scam,179822.33,2026-08-23T05:28:48,Guntur,Andhra Pradesh
ac0556ee-688f-456a-9886-59bad9dc3ef8,Theodore Devi,Punjab National Bank,1105-5415-7324,Investment Scam,207498.28,2026-06-01T01:23:46,Cyberabad,Telangana
1c09bed1-6fc8-4344-a196-d52028ca4426,Gavin Batta,Federal Bank,8796-9457-8398,Investment Scam,479967.35,2026-08-01T15:59:43,Hyderabad,Telangana
21b5de75-378c-46f7-93f6-432f059c2b22,Michael Dutta,Kotak Mahindra Bank,5350-6148-2315,Investment Scam,153464.49,2026-07-09T08:56:51,Guwahati,Assam
98888d27-c4ec-4e9a-ab90-81ebb139d68a,Devansh Rajan,State Bank of India,4813-6867-3577,APK Loan Scam,216682.45,2026-08-08T17:09:15,Salem,Tamil Nadu
9869a2fa-e07d-44b8-81f0-5d5df133beb4,Upadhriti Wadhwa,IndusInd Bank,1991-1413-1507,Investment Scam,140771.72,2026-06-03T10:06:23,Bhusawal,Maharashtra
64f738aa-c045-4478-8164-9d08c3a5b05a,Advay Contractor,IndusInd Bank,3415-5053-8953,Digital Arrest,357002.6,2026-06-21T19:29:32,Raipur,Chhattisgarh
c6d0190a-c818-4085-aea6-2accc924d017,Harini Choudhury,Punjab National Bank,1864-6343-6149,Job Scam,140896.34,2026-06-08T13:21:42,Srinagar,Jammu & Kashmir
5a4a7ce1-c413-4c49-a211-f32237901a40,Radhika Dugar,IndusInd Bank,3261-5213-6714,Romance Scam,23852.63,2026-05-04T12:44:34,Mathura,Uttar Pradesh
392c8b4b-64c5-41c7-aae4-44a6c2e894ed,Aarush Lall,HDFC Bank,2572-3453-7691,Job Scam,87133.3,2026-07-03T06:37:55,Cyberabad,Telangana
0524ee99-fc4d-40f4-9a81-3712c46deb40,Yashica Cherian,Indian Bank,7078-8466-9022,Romance Scam,102901.59,2026-06-04T19:09:04,Ghaziabad,Uttar Pradesh
a87e3a50-9d22-4296-90ba-dcf312ccbf1d,Yashica Issac,YES Bank,5994-9495-3796,APK Loan Scam,116161.82,2026-06-29T00:15:15,Bhubaneswar,Odisha
b53b5db5-b86f-4e61-84d2-6419866934df,Kashvi Edwin,Union Bank of India,2483-1064-3820,Investment Scam,292582.74,2026-06-09T11:45:12,Bhusawal,Maharashtra
5d582d87-ead5-4ee3-8c0e-5c835b0e2b3e,Ekiya Suresh,Bank of India,1379-1609-8506,Digital Arrest,152141.78,2026-08-12T01:01:17,Varanasi,Uttar Pradesh
0f1a893b-851d-4370-9701-dad686a17a4e,Isaac Patil,IndusInd Bank,7430-9069-5121,APK Loan Scam,23127.72,2026-07-02T04:11:20,Warangal,Telangana
a03d97db-2c11-454d-a721-370dd7df3c36,Wriddhish Bhardwaj,Union Bank of India,1382-6150-6902,Romance Scam,135992.46,2026-08-14T20:14:50,Vadodara,Gujarat
6ebfc136-5520-48a1-9895-e32d878edd33,Farhan Chada,IDBI Bank,8043-8207-3667,SIM Swap / KYC,185199.13,2026-05-02T08:30:23,Nashik,Maharashtra
9ac9722d-5240-408f-af17-e4acd7faacdb,Ekapad Walia,Bank of India,6334-3708-3971,Investment Scam,499149.91,2026-05-08T14:19:42,Varanasi,Uttar Pradesh
2f5e71af-fe8a-47b1-92b9-e28265441cb8,Kabir Soman,Kotak Mahindra Bank,1609-3535-8579,Bank Impersonation,33658.83,2026-06-13T06:41:45,Chennai,Tamil Nadu
347c8d08-cd9d-436d-b39a-7722cea9df92,Alka Wable,Union Bank of India,8571-2547-5311,Investment Scam,391270.45,2026-05-29T13:39:16,Jaipur,Rajasthan
cbc1bd78-77db-4d9b-9039-79aecb0c4434,Siddharth Zacharia,Bank of Baroda,2462-2401-7645,Investment Scam,355190.85,2026-06-04T07:22:21,Bhubaneswar,Odisha
3283d4c4-ae97-459a-9e98-a2b3ec6e8f9c,Devika Rastogi,Punjab National Bank,4315-5466-1179,Romance Scam,85800.36,2026-06-29T14:18:56,Hyderabad,Telangana
8076185b-c4ee-41fe-becb-79467bb76fc0,Raksha Varughese,IndusInd Bank,4498-5547-2564,Digital Arrest,286026.92,2026-05-02T13:18:07,Guwahati,Assam
876be7f2-49be-4497-b152-0a13f0b294b9,Jai Kota,IDBI Bank,9615-4578-3832,Romance Scam,137253.18,2026-08-19T16:29:26,Thiruvananthapuram,Kerala
0d4a42b5-02d7-487f-8bce-57fec17a4bcf,Devansh Nigam,Punjab National Bank,9556-5331-8298,APK Loan Scam,162537.03,2026-06-07T04:35:53,Bhubaneswar,Odisha
cbefae03-ab0a-41a5-903d-1efab642a3cb,Victor Kannan,HDFC Bank,4052-2489-9201,Investment Scam,218605.8,2026-05-08T06:14:51,Ludhiana,Punjab
904de074-b313-4b7d-97f0-0bc68e4e7fb7,Ekavir Bhargava,Kotak Mahindra Bank,1246-3026-2400,SIM Swap / KYC,163383.12,2026-08-10T15:04:34,Bhilai,Chhattisgarh
db99f07f-e092-483a-846b-5450df8be3f0,Ekansh Balay,Canara Bank,1999-4240-5929,Electricity Bill Scam,151118.12,2026-07-28T07:33:32,Cyberabad,Telangana
a5025bf7-92cd-41da-927e-37d87c02102e,Ekavir Varkey,HDFC Bank,5534-1678-7773,SIM Swap / KYC,168710.7,2026-05-28T18:13:24,Thiruvananthapuram,Kerala
47708047-ce48-4d34-9d55-22fd66ad629f,Arya Sunder,Kotak Mahindra Bank,1134-2622-3206,APK Loan Scam,82504.89,2026-07-31T09:54:27,Thiruvananthapuram,Kerala
8d17d113-61ee-460b-8389-05b6003ac175,Kevin Solanki,Kotak Mahindra Bank,7281-1413-3022,Electricity Bill Scam,17759.46,2026-06-19T05:16:42,Srinagar,Jammu & Kashmir
f9025f83-0b9d-4afd-995f-11ade9758156,Urvashi Ray,IndusInd Bank,8030-8953-5678,Electricity Bill Scam,28978.82,2026-06-29T18:35:54,Noida,Uttar Pradesh
179cb77e-e773-4c2d-838a-eb454485b61a,Girindra Chatterjee,State Bank of India,2987-3978-8775,Bank Impersonation,110974.97,2026-05-13T16:01:06,Bhubaneswar,Odisha
c7c46d94-cc34-46af-9562-f2ced0a28e21,Irya Sampath,State Bank of India,6882-9030-4502,Job Scam,291823.52,2026-07-22T18:38:35,Warangal,Telangana
d0b4d44f-3a25-4a28-9ba3-85c36fbff3e5,Unni Bhagat,Union Bank of India,9194-1432-5046,Digital Arrest,179794.63,2026-05-09T18:55:56,Delhi,Delhi
1fd4e5d8-beab-4c34-8523-d0b1b7bee28c,Darsh Rau,State Bank of India,9424-2735-8306,Digital Arrest,277642.45,2026-05-20T16:15:17,Aizawl,Mizoram
8a31d4f4-7828-4021-a442-7375ea1b7990,Ikbal Kothari,HDFC Bank,3142-6502-9675,SIM Swap / KYC,69443.54,2026-05-06T06:04:52,Gurgaon,Haryana
13c198b0-7674-4b00-aa75-e8b5b0a4d040,Ranveer Yadav,Bank of Baroda,3491-7088-4638,Electricity Bill Scam,168265.05,2026-07-30T12:43:46,Hyderabad,Telangana
63ebfbdf-af36-4660-ae72-3580930ce0d9,Logan Sami,Kotak Mahindra Bank,7676-1215-5758,Digital Arrest,132846.04,2026-05-31T12:17:49,Nellore,Andhra Pradesh
ec0509ea-7b5e-4928-8d65-89edf389e1cd,Arya Shere,IndusInd Bank,1167-4249-4792,Investment Scam,270101.51,2026-06-29T23:12:49,Ludhiana,Punjab
f806f6b9-1224-40bc-8243-df3eb3b0c858,Faqid Savant,Canara Bank,6940-3125-2109,APK Loan Scam,136822.39,2026-06-02T13:59:18,Asansol,West Bengal
85e272bd-1af9-41b5-8c4d-944a5c5cd491,Chandresh Zachariah,Canara Bank,8889-1751-3398,Investment Scam,43399.02,2026-05-30T02:17:39,Guwahati,Assam
23678f76-3a21-47df-be9d-8a68c41d65c3,Girik Khalsa,Bank of India,2845-5636-1985,Digital Arrest,483783.8,2026-05-12T10:53:20,Durgapur,West Bengal
81eeee34-9829-4789-a3bd-588bd7aa83b8,Niharika Sunder,Union Bank of India,7094-5002-8719,SIM Swap / KYC,171825.97,2026-05-24T00:15:36,Gorakhpur,Uttar Pradesh
a545dae6-db26-493a-89cf-be479f1376f3,Tanay Rattan,Indian Bank,6882-7015-8858,Job Scam,124455.72,2026-05-16T03:50:01,Ranchi,Jharkhand
43ee4376-fd27-4cb7-985c-97613a204201,Nitesh Raghavan,Canara Bank,4315-8857-9086,UPI Fraud,74934.53,2026-07-02T10:14:33,Rourkela,Odisha
e0659067-b4c0-4297-aeaf-ef8166e4b8e1,Madhavi Lanka,Bank of India,7368-6666-2903,Digital Arrest,157351.35,2026-05-19T20:53:11,Jabalpur,Madhya Pradesh
792a1bcc-30c4-489c-811a-967e63bdf8e4,Bhavika Sampath,Bank of Baroda,3240-7465-8083,Bank Impersonation,78749.67,2026-05-08T05:01:37,Bhusawal,Maharashtra
60e92f50-6bd0-425f-834c-f2d2a9051d99,Mohammed Gupta,Federal Bank,3218-7887-7135,APK Loan Scam,258188.65,2026-05-23T11:02:57,Chennai,Tamil Nadu
d2bed7dc-3d91-4f20-8fce-a3a03dba6202,Teerth Bhardwaj,Federal Bank,1575-2255-4363,Digital Arrest,488937.63,2026-08-15T00:07:40,Bengaluru,Karnataka
f42eccff-9921-425d-a7bc-131d8542bed4,Dipta Bhandari,Federal Bank,2279-1313-7446,Job Scam,324672.09,2026-06-28T11:58:13,Amravati,Maharashtra
72de55d3-88a9-4848-a064-32643c867e25,Vansha Thakkar,Bank of Baroda,2461-8714-7463,Job Scam,65428.29,2026-07-14T12:45:35,Cyberabad,Telangana
084ad925-ae2a-41be-81b5-be37e26865c0,Dakshesh Trivedi,Union Bank of India,7586-6312-2979,Romance Scam,155621.4,2026-05-01T15:28:18,Jaipur,Rajasthan
d8177f5f-5df7-41d9-8a53-144eff176bbc,Quincy Biswas,Federal Bank,3033-7623-1944,Bank Impersonation,177441.03,2026-06-11T00:00:21,Rourkela,Odisha
959bd66d-ba06-4399-851d-495fd33fa8e8,Wahab Raval,IDBI Bank,1361-7718-4696,Digital Arrest,405560.56,2026-08-04T12:32:51,Sri Ganganagar,Rajasthan
65248d06-9389-42fb-8836-6ac1cbfd5307,Yatin Baral,ICICI Bank,2698-6447-3185,SIM Swap / KYC,103242.51,2026-08-16T13:01:10,Guntur,Andhra Pradesh
c4431721-c145-4674-bf5d-f474723eb163,Oni Virk,ICICI Bank,3825-5911-3994,UPI Fraud,95687.9,2026-08-14T10:50:24,Gurgaon,Haryana
23b7ebdc-51b1-41c3-9d0e-482cce052a60,Advika Jayaraman,Federal Bank,9715-8145-3212,Job Scam,236398.45,2026-05-11T11:42:37,Bhiwandi,Maharashtra
895b476c-413e-442b-9b7e-420dc8f43bbe,William Lanka,Central Bank of India,7935-9512-7433,UPI Fraud,113953.52,2026-06-18T09:32:00,Jabalpur,Madhya Pradesh
3a938035-241c-4728-99fd-0713320ba440,Karan Mital,Kotak Mahindra Bank,9333-7083-8633,Digital Arrest,485065.0,2026-05-25T21:53:50,Gurgaon,Haryana
e7cdecbf-6f10-486a-aa9a-d1813bcac45e,Diya Bora,ICICI Bank,5296-1269-7391,Romance Scam,176562.56,2026-07-23T19:55:09,Hyderabad,Telangana
814ee111-6675-42a3-a406-4f1f100f3aa6,Tara Chaudhry,Union Bank of India,4566-1482-9365,Romance Scam,21041.28,2026-07-05T04:38:38,Chennai,Tamil Nadu
c22d1975-c7f7-45d5-a7e9-d34d5a6ffad6,Tanay Toor,Canara Bank,1688-7812-6691,UPI Fraud,138452.87,2026-07-31T16:02:23,Jaipur,Rajasthan
e1543a91-b30f-4a31-a639-6fbd6ae393dd,Kevin Palla,IDBI Bank,2969-4698-4760,APK Loan Scam,213357.4,2026-05-16T01:37:13,Nagpur,Maharashtra
8eb85015-dd93-46c5-aeb7-ae094e644c0d,Yash Pingle,ICICI Bank,5010-3677-8573,UPI Fraud,103034.26,2026-07-10T12:01:25,Mathura,Uttar Pradesh
0f761924-5488-4438-8f7b-fad1116ee130,Nakul Sarma,State Bank of India,2160-2792-2993,Bank Impersonation,71838.52,2026-06-16T07:48:03,Shahjahanpur,Uttar Pradesh
462b5f01-0da4-4376-bc5f-d3f829883554,Abhiram Mistry,Bank of India,7837-6939-6287,APK Loan Scam,61898.22,2026-05-26T21:31:59,Bharatpur,Rajasthan
cf10feff-138d-421f-8df3-f84812ca03f8,Krish Lalla,YES Bank,5940-4057-7131,Job Scam,149342.75,2026-05-20T14:25:18,Aurangabad,Maharashtra
4c977d3c-18a5-482d-b223-a61aa4140760,Hredhaan Dugal,YES Bank,3603-9405-6904,Job Scam,184023.41,2026-07-23T00:16:40,Ludhiana,Punjab
11a8009f-abba-4434-b70b-a44b9e0376fc,Baghyawati Kade,Union Bank of India,7827-5627-3965,Investment Scam,484511.84,2026-05-02T02:40:26,Asansol,West Bengal
487af327-b3a4-4eb5-85a7-b17205d52b49,Samar Lalla,Kotak Mahindra Bank,5826-1276-6294,APK Loan Scam,221674.9,2026-08-10T17:43:29,Raipur,Chhattisgarh
b5a988d6-ded4-4278-bb9b-72666956403b,Zayan Behl,Axis Bank,1408-6953-6902,Electricity Bill Scam,95006.14,2026-08-08T03:04:42,Durgapur,West Bengal
832e8c3a-2a4a-43fc-a9f9-8e62896e01ae,Pallavi Malhotra,Bank of Baroda,6234-9768-8527,UPI Fraud,8543.54,2026-06-28T07:27:03,Jamshedpur,Jharkhand
7af70d5f-76d8-4c4b-9449-cdf8430c1156,Aarush Nath,IndusInd Bank,1393-7069-7869,Bank Impersonation,158102.17,2026-07-05T18:44:16,Kochi,Kerala
6beb1341-c544-4708-98f5-d4934da4004f,Adweta Edwin,Central Bank of India,2659-7300-1420,Romance Scam,100906.47,2026-07-16T16:47:30,Jodhpur,Rajasthan
3e7e1c28-5cec-4830-a91c-39c5edd2ee86,Prisha Andra,Kotak Mahindra Bank,3086-2100-8782,Job Scam,208559.17,2026-05-24T09:51:31,Guntur,Andhra Pradesh
44f8c893-7e20-40c4-8d61-e2c3bbcc277b,Faqid Dixit,Axis Bank,8631-5680-3746,Digital Arrest,170551.73,2026-08-12T02:33:34,Bhopal,Madhya Pradesh
a619268f-76d6-4b1a-9663-b7de3d2e17a2,Kala Divan,Kotak Mahindra Bank,5949-9779-5976,Digital Arrest,60539.17,2026-08-05T20:37:26,Deoghar,Jharkhand
5909d6d5-e534-4a33-9e35-0932a4986f5c,Joshua Barman,Union Bank of India,8969-1959-5976,SIM Swap / KYC,108233.25,2026-06-30T12:24:57,Ludhiana,Punjab
eb3e2300-9d3e-4510-b3f9-61929dade7f0,Janya Baral,ICICI Bank,2845-7102-9819,SIM Swap / KYC,186100.69,2026-08-02T03:35:09,Gorakhpur,Uttar Pradesh
37afaea1-6ca9-4a48-8664-9cf271a4bc41,Shivansh Krish,Central Bank of India,8253-6724-5030,Job Scam,183677.97,2026-05-08T20:37:56,Bikaner,Rajasthan
ee2ae0f9-43d6-49cc-9d76-edabaffae7ce,Irya Ray,HDFC Bank,9773-6251-4081,UPI Fraud,90978.24,2026-07-03T18:30:00,Vadodara,Gujarat
e1541440-885c-477a-b0b5-6cf69555fd74,Warjas Gaba,State Bank of India,5731-2554-5757,APK Loan Scam,301735.74,2026-07-15T20:14:33,Shimla,Himachal Pradesh
eec6beb7-cdaa-4012-9321-ba380550b4f3,Nitara Bakshi,Canara Bank,4556-5224-3122,APK Loan Scam,281771.48,2026-07-01T21:02:54,Allahabad,Uttar Pradesh
d9b370e7-d495-4077-9c3b-58393dd5567e,Gaurangi Sabharwal,Federal Bank,5987-4394-2717,Investment Scam,104644.72,2026-06-07T10:55:02,Ahmedabad,Gujarat
5290f7bc-52ab-4f8f-a8bb-b460f986e3ad,Amara Dutta,Axis Bank,5435-3544-1504,Bank Impersonation,167792.3,2026-05-08T18:08:11,Mysuru,Karnataka
37ed8506-57d2-4c6b-b8fb-4c474d6e124e,Lavanya Barad,Punjab National Bank,2598-4324-2493,Romance Scam,172346.79,2026-05-14T11:41:37,Durgapur,West Bengal
5b73e6b7-1f60-4ed5-8ed1-9d9290a19eca,Tristan Iyengar,Punjab National Bank,5428-3724-6699,Bank Impersonation,91928.63,2026-05-12T16:03:18,Gorakhpur,Uttar Pradesh
44db461b-d265-4104-a468-f6983c8e16cb,Inaya Mody,Indian Bank,2387-1771-5128,SIM Swap / KYC,10379.59,2026-06-28T08:20:36,Nashik,Maharashtra
39803dc5-0b53-4c7b-b5c7-393ce5702a56,Udant Bajwa,Central Bank of India,5528-6828-7536,Electricity Bill Scam,82529.02,2026-06-06T10:06:12,Bareilly,Uttar Pradesh
9b5b65dc-ef9c-4a90-a48b-f27ecb76dd09,Mohini Narasimhan,Federal Bank,8911-1757-1173,Digital Arrest,319608.47,2026-07-06T16:22:17,Noida,Uttar Pradesh
13adb27e-88cf-4293-abe8-5d2a3797ca77,Ekaraj Mallick,Punjab National Bank,9942-6417-9978,Job Scam,211056.13,2026-05-14T23:17:46,Rourkela,Odisha
8008b61f-7f30-4ac3-a679-3266c2c66e99,Yashodhara Ratta,IDBI Bank,4752-6537-6641,Electricity Bill Scam,181756.13,2026-06-25T07:15:22,Shimla,Himachal Pradesh
ec5a5962-979c-46d5-a640-c3f863c1dbe0,Ayaan D’Alia,Federal Bank,4885-2744-9363,UPI Fraud,150210.61,2026-05-11T11:08:20,Solapur,Maharashtra
9de69db3-f967-4fad-bc8c-c12b4b1aa8ce,Pranav Lanka,Axis Bank,4583-5013-6117,Digital Arrest,186663.59,2026-08-01T19:24:39,Lucknow,Uttar Pradesh
18da70cd-c10d-4334-af95-35fc2487d7dd,Ikbal Saraf,Indian Bank,6060-6223-2833,Romance Scam,178481.99,2026-06-28T08:18:51,Salem,Tamil Nadu
39b6e4ee-6131-4c58-9ac9-7273fc2f9a1c,Dipta Sarin,Bank of India,8918-9106-8762,Electricity Bill Scam,9746.67,2026-08-11T16:25:05,Dhanbad,Jharkhand
0a9a8243-de14-4e18-bec6-40fea8052732,Lekha Gupta,Canara Bank,7551-4480-8185,UPI Fraud,165080.71,2026-08-02T14:33:31,Jaipur,Rajasthan
10523e5a-db37-4aa6-a2cc-71be5480e3e7,Chaitanya Sarin,IndusInd Bank,5785-6292-4259,Digital Arrest,170226.58,2026-06-02T10:45:56,Gurgaon,Haryana
7d975bdf-c1d0-410e-a9db-26ff19b565cd,Zinal Yohannan,ICICI Bank,1728-2723-4499,Romance Scam,168377.24,2026-05-18T06:59:13,Ranchi,Jharkhand
04b713af-0c95-46a5-83e2-e2c3edd41c11,Januja Sankar,State Bank of India,9486-8611-1822,Electricity Bill Scam,131209.5,2026-07-08T03:11:07,Bhopal,Madhya Pradesh
84db96f9-a546-4a16-847c-9a97b77c44dc,Ganga Murthy,Federal Bank,2565-8382-2480,APK Loan Scam,178267.65,2026-06-05T01:03:30,Rourkela,Odisha
0afff39e-e92a-4644-968a-82a24a6661d3,Charita Tripathi,Bank of Baroda,4079-8066-5630,Investment Scam,251401.7,2026-07-17T09:13:07,Bhopal,Madhya Pradesh
d773b6af-c4b6-4534-bb9e-0fb134c32c19,Nilima Narain,Canara Bank,7059-2910-9965,Investment Scam,291736.36,2026-07-07T21:09:57,Guntur,Andhra Pradesh
58a549d6-4d41-4cc0-8ac2-92fc8e9cfb4a,Chakrika Datta,IDBI Bank,7599-5740-7889,UPI Fraud,125057.04,2026-05-20T01:32:30,Pune,Maharashtra
a8316cb7-450a-48f8-bb62-36d9e7d6e47a,Osha Raghavan,Axis Bank,1540-4959-4370,Bank Impersonation,16341.33,2026-06-01T08:39:13,Nashik,Maharashtra
7cee42f4-f6ca-4315-b677-a51f177ea22d,Charvi Ravi,Canara Bank,1107-8296-9926,Electricity Bill Scam,91313.97,2026-06-03T03:45:55,Nellore,Andhra Pradesh
c2cb42de-e460-4072-8536-cc90e5b9a3a4,Daksha Mangat,Central Bank of India,3858-7516-1549,SIM Swap / KYC,179179.81,2026-06-09T14:46:59,Agra,Uttar Pradesh
9e2e6c3e-9dd0-4792-90be-8287a084ba27,Qushi Nagy,Axis Bank,5931-2345-3744,APK Loan Scam,340676.98,2026-05-20T02:58:17,Cuttack,Odisha
6f20d6a3-a1ce-4d13-bffd-5888125c4a90,Riya Sathe,HDFC Bank,6080-6839-3416,Electricity Bill Scam,177365.8,2026-05-02T17:14:40,Eluru,Andhra Pradesh
5a57cba7-1042-4c43-8836-2e34f5a10117,Yasti Solanki,Canara Bank,7624-8910-5897,UPI Fraud,185544.46,2026-07-16T10:51:14,Bhusawal,Maharashtra
414dcb1b-359e-415c-8584-f1de6c64564c,Frado Mander,Federal Bank,5250-2609-7171,Romance Scam,197546.04,2026-08-13T17:46:31,Nellore,Andhra Pradesh
85c4fccc-75df-4905-a77f-b8a9b050f51b,Girik Keer,Bank of Baroda,5391-9835-8557,Bank Impersonation,194355.21,2026-07-27T01:47:45,Guwahati,Assam
7d7bbf6e-50dc-4230-8094-9260d6daadd0,Umang Issac,Kotak Mahindra Bank,3312-6934-8751,Digital Arrest,363033.99,2026-08-02T15:53:49,Amravati,Maharashtra
9b354bee-b10f-442e-a91e-c6c0434cdb09,Aryan Batra,YES Bank,6592-8198-3473,Job Scam,325184.02,2026-08-14T02:20:31,Srinagar,Jammu & Kashmir
e812fba9-9527-4ea7-8356-f1c4c4500d27,Vaishnavi Bora,Punjab National Bank,2003-1566-8659,Job Scam,135441.37,2026-08-21T23:20:40,Eluru,Andhra Pradesh
f2ad10b8-efb6-4cb6-a4a3-585935fb02ea,Oeshi Hayer,Canara Bank,5425-1118-2452,Electricity Bill Scam,88896.01,2026-08-04T13:35:59,Siliguri,West Bengal
9d57bb64-861f-48e1-9e66-1ca7561f9bc2,Warda Ratta,HDFC Bank,5743-3324-6970,Electricity Bill Scam,57039.82,2026-05-10T23:47:00,Solapur,Maharashtra
7cf5d473-e200-4f29-bca6-21ee173995fa,Manbir Ahluwalia,Axis Bank,8194-6644-8084,SIM Swap / KYC,188046.12,2026-06-07T00:33:40,Noida,Uttar Pradesh
c95660b9-1877-4996-84ec-22b5531ce8e9,Pavani Kanda,HDFC Bank,9515-1676-5983,Digital Arrest,320791.53,2026-06-13T17:48:12,Rourkela,Odisha
ed43e062-d1cf-441f-88ec-ff9f89a7e907,Zarna Shetty,Punjab National Bank,4150-1243-7813,SIM Swap / KYC,26041.82,2026-06-10T23:49:11,Jaipur,Rajasthan
b85e07c8-06e2-4509-bbf8-f745b7f598a0,Zaid Dara,HDFC Bank,6044-1301-3317,Bank Impersonation,49687.0,2026-05-25T20:20:17,Bengaluru,Karnataka
f7d6bac6-1fe9-418f-8968-cd848f0e24cd,Kiaan Shetty,Central Bank of India,6974-8370-1348,Digital Arrest,53217.14,2026-08-26T08:49:04,Salem,Tamil Nadu
457cd16d-efe1-4c10-9460-63a826309aa1,Saanvi Thaman,Bank of Baroda,7346-3686-1264,SIM Swap / KYC,118507.99,2026-08-22T08:58:40,Madurai,Tamil Nadu
1c50be9e-1911-452e-b4d5-2715aa6554c3,Sanaya Dutt,Kotak Mahindra Bank,5812-1862-6314,UPI Fraud,110088.4,2026-06-23T09:44:10,Bhubaneswar,Odisha
69434a99-be3a-4618-8303-f9996f7fb28c,Shivani Lad,IDBI Bank,9848-7284-5079,UPI Fraud,110061.15,2026-06-26T14:40:53,Gwalior,Madhya Pradesh
369e8b4c-438b-49d5-9862-f2b3242ff883,Aradhana Verma,IDBI Bank,7858-3295-2414,Investment Scam,351424.38,2026-05-01T07:27:33,Deoghar,Jharkhand
4951d4cc-64cf-4486-8f70-fbce86b25452,William Maharaj,Bank of Baroda,3783-3557-4194,Romance Scam,67965.22,2026-06-08T05:51:46,Bhubaneswar,Odisha
721e90ef-05da-41c5-a15b-bb5f088651c0,Faras Mangal,IndusInd Bank,4724-4819-9294,Bank Impersonation,112365.02,2026-06-14T05:51:46,Pune,Maharashtra
1c0b8e73-0dfc-415a-836c-32ba1a57ab53,Anita Nayak,Bank of India,3899-4543-2975,SIM Swap / KYC,83296.4,2026-07-07T18:16:54,Raipur,Chhattisgarh
49e79057-3594-4092-b31e-e5bf7339b6b6,Faris Devi,Axis Bank,6791-7559-8512,Electricity Bill Scam,168141.95,2026-05-09T02:39:14,Aurangabad,Maharashtra
df8f29ee-d802-4cef-b2ef-261c94d732ac,Vihaan Rajagopal,ICICI Bank,3961-4074-6384,Electricity Bill Scam,161409.35,2026-08-17T15:50:01,Dehradun,Uttarakhand
26374e20-ec73-4f61-b422-c60fbb1646c6,Tanish Bhatt,State Bank of India,2699-6695-6171,APK Loan Scam,344472.62,2026-06-16T03:29:50,Mathura,Uttar Pradesh
119bfd2c-a7c8-417b-80a4-6d349b2b84d2,Nikita Narayanan,Kotak Mahindra Bank,4980-5015-6713,Job Scam,334125.58,2026-05-05T13:19:24,Deoghar,Jharkhand
e060de18-4160-44b1-a257-f6d810932816,Ojasvi Bhatia,Canara Bank,9447-7395-4686,UPI Fraud,49981.39,2026-08-23T01:53:33,Dhanbad,Jharkhand
64d5b119-e2b5-4c32-abf1-928a5844454d,Osha Ramachandran,Kotak Mahindra Bank,8693-2485-7686,UPI Fraud,138498.42,2026-05-29T08:44:56,Mumbai,Maharashtra
a4dc8e06-6f94-4bff-bbb1-3882bab52235,Lajita Sood,Punjab National Bank,2085-3212-9641,Romance Scam,181032.16,2026-08-11T08:16:48,Noida,Uttar Pradesh
079ff1b1-5449-4665-944d-2905ba98fc03,Indira Misra,Indian Bank,9076-7867-4927,APK Loan Scam,176450.99,2026-08-25T16:40:33,Bhopal,Madhya Pradesh
ce657380-e2b4-4826-a96a-515ba9acf52f,Oni Yohannan,Bank of India,6334-3708-3971,APK Loan Scam,147493.82,2026-08-20T01:01:17,Varanasi,Uttar Pradesh
2eb04107-335e-49f1-b6da-dcec76517881,Vinaya Kanda,Punjab National Bank,1769-8196-7189,UPI Fraud,15413.69,2026-05-28T06:33:25,Indore,Madhya Pradesh
5824adb4-ab92-4491-885e-c3be3817b17e,Rajata Sunder,Indian Bank,5093-9227-8488,Electricity Bill Scam,59101.55,2026-06-17T17:11:24,Gorakhpur,Uttar Pradesh
f923bc92-eda9-4394-95d7-d7fe8209a542,Lopa Nayar,IndusInd Bank,1155-4986-4414,SIM Swap / KYC,112501.86,2026-07-13T03:37:11,Asansol,West Bengal
1d67bbd5-61b2-4960-bf76-3599086f0849,Noah Sibal,Kotak Mahindra Bank,2843-9817-4639,Romance Scam,71888.54,2026-06-02T05:12:35,Srinagar,Jammu & Kashmir
a2804228-0d04-4532-ba26-a282377b1fa7,Avi Ramesh,Bank of India,3175-9500-1316,Electricity Bill Scam,172157.2,2026-08-13T10:46:15,Kolkata,West Bengal
7519db84-bc47-4d0f-a385-eec7dfe97c08,Fiyaz Sangha,Punjab National Bank,5596-4171-1702,Job Scam,211145.34,2026-05-31T16:43:37,Jamshedpur,Jharkhand
4540a35a-91b4-40c2-a32c-cf1929e4d785,Triya Gopal,Canara Bank,3200-8441-7469,SIM Swap / KYC,190426.35,2026-05-10T14:02:48,Shahjahanpur,Uttar Pradesh
c487c220-20cd-4b32-9815-ab00416a8466,Abha Raghavan,Union Bank of India,2249-6672-2638,Investment Scam,427521.27,2026-08-12T08:18:05,Kochi,Kerala
1bc83645-c15c-4dd0-9af0-76ebc8a6185d,Siddharth Sha,Punjab National Bank,5316-7678-2248,APK Loan Scam,91656.26,2026-05-04T01:40:01,Bengaluru,Karnataka
73fe71ee-3b19-424b-b621-d520cee40220,Geetika Raghavan,ICICI Bank,7610-2751-2025,SIM Swap / KYC,119557.01,2026-05-30T08:58:08,Cyberabad,Telangana
6a876df9-3dc3-463d-af15-548e0ba9fd1f,Oviya Krishnan,Bank of India,3960-8479-7948,Digital Arrest,447896.52,2026-07-17T19:27:26,Chandigarh,Chandigarh
3a9ec62f-12d0-4fa4-b593-5031212a76b6,Upma Bahl,Kotak Mahindra Bank,6943-5342-1143,Romance Scam,130522.29,2026-05-28T02:23:19,Aurangabad,Maharashtra
a867bc0c-28c6-49b9-bd22-821968acdbd5,Inaya Kapur,IDBI Bank,4853-3352-3270,UPI Fraud,72064.42,2026-06-14T00:54:45,Bikaner,Rajasthan
96233433-35ea-4f1c-8ccc-2c63f4edd53f,Banjeet Balasubramanian,Bank of Baroda,8643-1214-9325,UPI Fraud,180253.85,2026-08-20T14:01:11,Cuttack,Odisha
98795a77-5eb4-4723-b2ac-c16a052fcf0d,Ryan Bahri,Canara Bank,8332-8109-4416,UPI Fraud,19908.83,2026-07-03T11:56:10,Tiruchirappalli,Tamil Nadu
6907ab4a-10c0-4dc4-be71-7f935de72887,William Date,IndusInd Bank,2221-5311-3063,Job Scam,177823.71,2026-08-18T00:51:32,Sri Ganganagar,Rajasthan
dcb5eb06-ea1b-4f8a-b256-bdc4d97c1673,Ishwar Kamdar,IDBI Bank,8637-2795-9338,SIM Swap / KYC,188721.76,2026-05-14T21:39:00,Nuh,Haryana
2f915b2a-cdd8-49de-a523-3cc6f476d301,Aahana Pillay,Punjab National Bank,1688-4322-3447,Bank Impersonation,75191.71,2026-06-27T22:21:02,Rourkela,Odisha
0c1d9e45-fb19-4bf3-a5b5-5d472c7917c1,Ishwar Gade,Axis Bank,4351-5345-5509,UPI Fraud,91492.52,2026-08-18T22:05:02,Vadodara,Gujarat
f9e18910-0ae2-4771-8e0e-f18f070b8a3b,Hritik Bal,IDBI Bank,7420-8099-6931,UPI Fraud,195955.43,2026-05-17T10:09:06,Bikaner,Rajasthan
089cb32a-cf19-4028-8e87-642e6f0dea57,Keya Ranganathan,IDBI Bank,1638-2786-6711,Romance Scam,191654.79,2026-08-06T04:05:10,Eluru,Andhra Pradesh
7229e0ba-d810-4044-afe7-1ec63f57a3f1,Faqid Kibe,Indian Bank,1460-1208-5961,Job Scam,103930.09,2026-07-08T13:06:39,Rourkela,Odisha
0d34d42b-9c4a-4cec-8f2c-a6fb3ae340a7,Charvi Dara,Canara Bank,6766-4643-1553,Job Scam,229373.11,2026-07-01T14:05:22,Kolkata,West Bengal
3191bf0e-c9d2-4f5b-a971-5178f233b6ed,Idika Walia,Canara Bank,5180-9433-4349,Investment Scam,290450.79,2026-06-30T23:25:59,Aizawl,Mizoram
53cca239-c6cf-4213-9ea9-9e808c26d6ac,Kamala Biswas,Federal Bank,9277-6612-6209,SIM Swap / KYC,43917.31,2026-06-02T05:12:43,Amritsar,Punjab
51ecf07f-f728-4368-a758-1dc2f7de3fe1,Advik Salvi,Indian Bank,3470-3250-4281,APK Loan Scam,66022.52,2026-06-15T13:41:42,Eluru,Andhra Pradesh
38f49e0c-9b1b-4ed4-ae30-b712c9e1615d,Hitesh Sant,Bank of India,2220-4323-1735,Bank Impersonation,94209.67,2026-07-04T12:16:15,Noida,Uttar Pradesh
efd772d9-d46e-45b5-9f86-4786bb106bff,Tripti Dua,ICICI Bank,8476-4709-1472,Romance Scam,80172.52,2026-08-01T02:03:05,Nuh,Haryana
5e378e92-539d-474f-a3ec-880c63a51d95,Patrick Vig,Union Bank of India,8481-9532-5503,Bank Impersonation,186151.11,2026-06-11T03:43:57,Cuttack,Odisha
d71c6115-b6f3-4bda-a41a-41d89d272db8,Veda Shroff,Bank of India,3445-8478-7547,Romance Scam,65533.28,2026-08-05T17:18:38,Vadodara,Gujarat
a90b40d2-cba2-488c-9fd4-26f13f273b89,Amrita Naidu,State Bank of India,5736-6385-2140,UPI Fraud,163209.81,2026-05-24T18:51:33,Deoghar,Jharkhand
3476fc31-5b2f-453e-b5b0-f6ba04140e1d,Gabriel Mallick,Federal Bank,7388-8562-9817,SIM Swap / KYC,134321.46,2026-08-07T22:23:37,Vijayawada,Andhra Pradesh
9146b77d-de77-495f-a89c-071648e091b0,Yagnesh Shetty,Kotak Mahindra Bank,3441-4671-7921,Digital Arrest,194704.68,2026-08-04T09:42:46,Jabalpur,Madhya Pradesh
744c3761-9177-4877-b8b3-39da31f88394,Gayathri Balakrishnan,Kotak Mahindra Bank,8734-1423-2605,Bank Impersonation,147457.48,2026-05-03T20:01:35,Jodhpur,Rajasthan
ca2e13ae-9453-46e8-aa87-0f0675087593,Ekta Gopal,Punjab National Bank,8692-9065-2758,Electricity Bill Scam,128975.31,2026-08-15T12:45:54,Panihati,West Bengal
7207ec27-3756-467e-8ff1-91e5bcd9b4fe,Simon Pant,Central Bank of India,1401-1516-6878,Romance Scam,117943.31,2026-06-12T21:16:18,Deoghar,Jharkhand
b0d7babe-8da7-46f2-a950-a9f01292c138,Harini Mammen,Canara Bank,3865-4989-5000,Bank Impersonation,181670.37,2026-07-26T07:14:36,Raipur,Chhattisgarh
7a0a1c6f-4fe2-457d-aa49-bdb288bb4089,Advaith Varughese,IndusInd Bank,7640-1528-2560,APK Loan Scam,172824.59,2026-05-10T10:06:06,Ghaziabad,Uttar Pradesh
2062aebc-61c8-4f68-b03c-dfc58c0de848,Frederick Khurana,YES Bank,7268-3390-1450,Investment Scam,497536.14,2026-08-16T04:40:15,Jabalpur,Madhya Pradesh
900ba679-b45f-405f-acd7-5655c2c00712,Vrinda Khosla,Federal Bank,3593-1048-6083,Job Scam,179420.95,2026-07-28T00:02:05,Nashik,Maharashtra
82330dfc-585a-498f-8ddd-ac128b00d34a,Vritti Sem,HDFC Bank,8528-1811-5440,UPI Fraud,91124.17,2026-07-15T10:38:56,Jaipur,Rajasthan
201faf8a-ce4c-456e-8359-4ceb4c7c5c03,Girik Menon,Union Bank of India,7722-5706-6572,Romance Scam,161195.41,2026-08-06T15:36:15,Rourkela,Odisha
05f0a637-4173-4ccf-bb7d-6bfb98f63026,Nidhi Kohli,YES Bank,4675-1875-1584,Electricity Bill Scam,184960.39,2026-07-14T17:03:21,Nashik,Maharashtra
ca1a72ce-3e59-4651-a21e-80727dc2776e,Jyoti Solanki,HDFC Bank,1820-7050-5134,Job Scam,337793.78,2026-06-15T00:58:52,Ludhiana,Punjab
2e937553-5d31-4eae-9be6-febdb423aacb,Pavani Narayanan,YES Bank,8619-1776-9344,Bank Impersonation,150149.46,2026-05-28T17:41:57,Jaipur,Rajasthan
4a23ee27-4c96-48de-82b5-9ac0a0320b56,Sudiksha Madan,Axis Bank,5149-8317-7242,APK Loan Scam,39512.7,2026-07-26T14:41:45,Jamtara,Jharkhand
30520137-e287-4275-9f6a-9d1e29e1a485,Zayan Kashyap,Bank of Baroda,7126-2559-4652,APK Loan Scam,36974.22,2026-07-02T13:40:15,Kolkata,West Bengal
efc35893-a32f-413b-b237-1b522897289b,Reyansh Mutti,Canara Bank,4967-8038-3957,SIM Swap / KYC,92844.01,2026-05-18T14:50:20,Delhi,Delhi
771fb917-8d35-4f69-b3d8-9fc96c271964,Qasim Handa,Punjab National Bank,6530-5290-8318,Romance Scam,135858.03,2026-05-15T21:16:21,Noida,Uttar Pradesh
f07ec9ab-2e02-41cd-872d-a2e232200c3b,Veda Malhotra,Kotak Mahindra Bank,6216-2042-6519,Job Scam,278900.33,2026-05-10T02:11:18,Gwalior,Madhya Pradesh
dcd877c5-7df2-4c6d-a643-6ba66d019d39,Harish Hari,ICICI Bank,6976-3681-7234,Romance Scam,146419.16,2026-06-30T20:11:28,Bharatpur,Rajasthan
78c4aa1c-c1e3-46f5-acfd-d03e71acf539,Utkarsh Patel,Canara Bank,3847-2229-3564,Electricity Bill Scam,116680.33,2026-08-20T22:05:04,Kota,Rajasthan
99f6dd0e-792d-4cb0-bfe0-9d394cca1acf,Chasmum Atwal,Punjab National Bank,3512-8989-2179,SIM Swap / KYC,181737.93,2026-06-30T16:40:54,Delhi,Delhi
fabd2ebe-9dca-4e8c-9c42-7aa239ed3626,Anusha Bath,Punjab National Bank,2615-9551-7176,Investment Scam,154355.17,2026-06-16T16:51:39,Saharanpur,Uttar Pradesh
3f8f4d0b-7f8c-48f3-a549-37efe4faf6b5,Brinda Date,Bank of Baroda,3480-3975-6981,Job Scam,346815.34,2026-07-15T16:26:16,Cuttack,Odisha
907d4b21-f62e-4af5-8d4a-fcc6821d8f78,Harshil Arora,Indian Bank,2800-4125-1310,Electricity Bill Scam,190813.99,2026-06-09T17:32:27,Vadodara,Gujarat
0909f60a-a7fe-4eee-abc1-9dd45751ea2a,Upasna Srinivas,HDFC Bank,7861-9304-5866,Bank Impersonation,139718.29,2026-05-16T14:44:10,Jaipur,Rajasthan
354df683-04d7-4594-b458-befa400fce27,Harini Gour,ICICI Bank,5032-7739-4921,SIM Swap / KYC,63349.35,2026-07-08T22:51:58,Noida,Uttar Pradesh
6b54d0de-9830-4f98-926f-144dd2ba622e,Zayyan Sridhar,Federal Bank,1017-9922-3039,APK Loan Scam,265412.46,2026-08-18T13:45:18,Amritsar,Punjab
a1e2f5bd-0984-4067-8499-9a334ffb87be,Dhruv Rattan,Bank of India,9469-7449-9877,SIM Swap / KYC,24006.37,2026-07-15T19:32:13,Panihati,West Bengal
33053159-7f16-47dc-bac6-0cc632015cb2,Ethan Bera,Federal Bank,3320-4367-5704,SIM Swap / KYC,10150.93,2026-07-18T17:50:26,Bharatpur,Rajasthan
1f5634e3-6b37-4a4d-86be-efafd45ed28f,Manthan Modi,Federal Bank,7932-2109-6799,SIM Swap / KYC,14356.76,2026-05-12T13:07:45,Aurangabad,Maharashtra
6eb89179-37e6-45c5-816d-1d2a0de01972,Yuvraj Dani,Federal Bank,9681-2394-5331,APK Loan Scam,290892.15,2026-08-17T01:26:42,Cyberabad,Telangana
33eb75b2-b41d-425f-8438-e545ae57dffa,Upkaar Virk,Indian Bank,9786-3626-7229,UPI Fraud,148774.83,2026-08-10T07:59:23,Salem,Tamil Nadu
6623a44f-d66f-4d25-b5ab-33c3fbbdfca0,Shravya Savant,Kotak Mahindra Bank,1623-3622-8107,Bank Impersonation,110962.84,2026-06-29T00:30:27,Nashik,Maharashtra
b801d858-95de-47a3-911a-18d06e6c3af8,Pushti Mody,IDBI Bank,6572-7612-5833,SIM Swap / KYC,186960.3,2026-07-18T03:09:49,Gwalior,Madhya Pradesh
74fd4b05-7e20-405a-9539-1eea9d77fdc9,Hardik Johal,Bank of India,3268-1059-2289,Job Scam,170585.22,2026-08-09T00:17:10,Jamtara,Jharkhand
7e84726d-aced-4296-a46d-ee3218255cd5,Aishani Bumb,Central Bank of India,7713-7870-6419,Romance Scam,70470.3,2026-08-13T06:52:09,Nashik,Maharashtra
fbc0526a-e0d6-4449-afb9-b64820be6329,Wriddhish Ghose,HDFC Bank,2889-9419-8639,Digital Arrest,142120.18,2026-08-21T04:57:46,Bhusawal,Maharashtra
8e1c2987-6e36-4ef1-9bf4-dd06d7f50052,Naksh Agate,ICICI Bank,8087-4890-6176,SIM Swap / KYC,99731.67,2026-08-24T03:37:43,Shahjahanpur,Uttar Pradesh
a93bbcb9-ff6b-4bc7-bde5-90002329d830,Shravya Singhal,Kotak Mahindra Bank,2941-8271-5622,Investment Scam,127514.96,2026-07-24T09:34:32,Aurangabad,Maharashtra
5c0a1947-778e-479c-84ad-ff408497a66a,Bachittar Kata,HDFC Bank,1345-9761-1100,APK Loan Scam,159876.55,2026-06-22T00:48:20,Asansol,West Bengal
c5327b40-4ef9-47ee-a9af-08d1029af388,Barkha Setty,HDFC Bank,9524-1634-9186,UPI Fraud,127978.08,2026-05-24T03:18:19,Amravati,Maharashtra
2916a12a-1ca5-4292-9800-48642a0d2b58,Vivaan Lalla,Punjab National Bank,1564-8876-5842,UPI Fraud,140327.06,2026-05-18T03:42:34,Noida,Uttar Pradesh
53b0489e-9b0b-4d6f-96eb-469ddbec72fe,Pavani Contractor,Bank of India,8329-2420-3214,Digital Arrest,228608.77,2026-07-23T19:49:44,Cyberabad,Telangana
607480aa-7cb7-470e-b21c-4368fd1a6e1f,Manthan Lata,Central Bank of India,7811-9785-5463,UPI Fraud,70464.8,2026-07-06T20:11:53,Delhi,Delhi
83ff945c-5513-424f-8261-0537f4d0d3fa,Ekbal Bhasin,Canara Bank,9980-7659-1193,APK Loan Scam,241406.34,2026-07-15T11:06:13,Shimla,Himachal Pradesh
27abf5eb-4a51-4bfd-b561-fa1bb2f57db9,Damyanti Mani,IndusInd Bank,2706-4128-1580,Bank Impersonation,161565.92,2026-06-26T10:58:45,Agra,Uttar Pradesh
7ea615de-5bf3-4cbc-a5ba-f0c540737d22,Jeet Sidhu,Union Bank of India,6390-6537-1663,APK Loan Scam,224497.06,2026-05-01T11:37:22,Giridih,Jharkhand
0cd50ad0-db7b-44e3-ab3d-69019874f924,Neha Magar,IndusInd Bank,8819-8606-2610,SIM Swap / KYC,26202.02,2026-05-14T06:42:10,Ahmedabad,Gujarat
790cd956-4f41-438b-85e6-56ef03e73f37,Raksha Buch,YES Bank,2064-4894-2795,SIM Swap / KYC,91345.42,2026-07-15T23:20:30,Shahjahanpur,Uttar Pradesh
81cbfa24-04f3-4fdb-a7d1-5121666539e0,Rachana Naidu,Axis Bank,6235-1705-3100,Job Scam,327644.32,2026-06-30T15:46:53,Eluru,Andhra Pradesh
98744b09-5926-496e-9731-ee0a8176faac,Atharv Chand,Punjab National Bank,3431-9787-1041,Electricity Bill Scam,156026.97,2026-06-23T12:19:06,Srinagar,Jammu & Kashmir
2670b1b0-422a-4e9b-a95f-c543cc5e26a4,Ansh Luthra,Bank of India,4115-8454-3441,Job Scam,81453.15,2026-08-04T08:23:37,Gorakhpur,Uttar Pradesh
9541fdd7-8ae2-4a9c-a0ff-726b1e261b50,Parth Singhal,Federal Bank,6919-9771-8093,Bank Impersonation,170659.76,2026-06-05T09:42:18,Patna,Bihar
2ad141ef-8769-4d63-b660-071f0c2b5d45,Arunima Golla,Punjab National Bank,9176-1419-6234,Electricity Bill Scam,31992.97,2026-05-07T09:13:46,Guntur,Andhra Pradesh
3fa420e5-5aa7-4fa6-9748-13fac7e147a1,Vyanjana Chand,Bank of India,1982-2875-6394,Romance Scam,40807.19,2026-05-22T15:55:37,Kolkata,West Bengal
680c4ab2-4bc2-4add-a8d5-4e7bbacc7e89,Ijaya Rege,IndusInd Bank,9570-6604-3821,Job Scam,225383.24,2026-05-15T16:56:10,Saharanpur,Uttar Pradesh
22606711-1833-4e2b-9099-6818e5978f5a,Ekani Cheema,State Bank of India,1589-6060-8572,SIM Swap / KYC,147976.44,2026-06-25T07:45:27,Jabalpur,Madhya Pradesh
1bdd159c-2914-4cbf-98df-e737f3894842,Forum Sabharwal,Punjab National Bank,6948-1377-3071,Digital Arrest,308575.31,2026-05-11T17:49:29,Patna,Bihar
5b91f3fe-558f-48a5-ae9b-01413788e8b1,Bhavya Rattan,Kotak Mahindra Bank,4301-3628-7645,APK Loan Scam,250117.05,2026-05-11T08:57:15,Kota,Rajasthan
d8ea3433-ec85-4cda-9d4c-23047a898c01,Suhani Chakrabarti,YES Bank,5067-5482-7518,SIM Swap / KYC,178191.52,2026-08-13T07:16:54,Panihati,West Bengal
6f111e53-15c0-4589-b982-62e9334f6474,Zayyan Naik,State Bank of India,5528-7868-7784,Investment Scam,384190.73,2026-05-09T04:02:22,Mysuru,Karnataka
ea3e70f2-cdcf-424c-81ee-1964e85987cf,Netra Varkey,Federal Bank,4545-1597-2743,Investment Scam,305331.17,2026-08-11T04:06:08,Bhusawal,Maharashtra
d14a2ab6-aff9-48dc-89c0-258b9ee717df,Turvi Sachdev,Union Bank of India,3747-8943-7329,Bank Impersonation,110990.41,2026-05-16T11:56:20,Chandigarh,Chandigarh
a18ec256-2e15-49a0-8038-a7e1321695c1,Raghav Vasa,IDBI Bank,9330-8060-2494,SIM Swap / KYC,88009.36,2026-06-11T22:48:37,Bikaner,Rajasthan
6dd60426-b408-4194-87de-2c94561a805f,Wishi Sathe,Indian Bank,9202-1428-9771,Bank Impersonation,161889.44,2026-05-29T10:04:04,Bengaluru,Karnataka
b3296292-211c-420b-8fa5-9e236774a697,Samar Loke,IDBI Bank,1685-9906-5352,Investment Scam,283444.09,2026-06-05T10:18:49,Ahmedabad,Gujarat
e662eec7-f3c8-460f-85c5-57b535844a09,Bhavna Sarma,State Bank of India,2174-9475-6112,Bank Impersonation,113440.45,2026-05-27T19:47:18,Gwalior,Madhya Pradesh
515d316a-9a16-4667-9a40-aa5d0402a7e9,Jairaj Balakrishnan,Bank of India,3489-2307-2724,Investment Scam,172378.69,2026-07-17T09:21:00,Bharatpur,Rajasthan
47ee8e4b-66f8-456f-950b-7aeb05e39ed6,Nathan Mukhopadhyay,ICICI Bank,1737-9602-4667,Investment Scam,404433.65,2026-07-24T22:48:10,Ranchi,Jharkhand
c791c0f3-4e70-41a9-ae9e-28fe666e8466,Nikita Chander,ICICI Bank,2982-3287-6287,Investment Scam,363403.31,2026-05-31T01:19:38,Indore,Madhya Pradesh
89bef911-431c-4485-95ea-f70e0f32ce69,Ishaan Shenoy,State Bank of India,9474-1715-5036,Romance Scam,17225.69,2026-06-15T22:56:42,Bhubaneswar,Odisha
36c2f2e6-8506-4256-adfe-cd4c354b364b,Mitesh Tara,Bank of Baroda,6667-3769-6073,Job Scam,326181.64,2026-07-29T06:28:02,Sri Ganganagar,Rajasthan
b7d6145b-27d0-4f49-9661-33165f95695d,Yashodhara Mahajan,State Bank of India,9579-2731-2190,APK Loan Scam,28038.36,2026-06-29T01:42:41,Nellore,Andhra Pradesh
ccab385d-7705-42dc-9a09-a9a259e415b4,Vasudha Sodhi,Kotak Mahindra Bank,5076-8500-1530,Job Scam,11908.37,2026-07-21T04:24:40,Ludhiana,Punjab
0aa287ca-9e99-4848-a0f6-dc09d3ab4194,Tanmayi Dhillon,Indian Bank,1722-4050-7873,Bank Impersonation,96777.19,2026-06-08T23:06:26,Nagpur,Maharashtra
184ced68-814b-471f-a004-b900e974022b,Rayaan Trivedi,State Bank of India,8538-6928-2443,Investment Scam,391363.9,2026-05-01T16:16:21,Bhubaneswar,Odisha
2a53cfda-2d75-4253-bc06-b8c6efa9e478,Ekaraj Majumdar,Union Bank of India,3916-6738-3452,Electricity Bill Scam,161765.08,2026-05-18T22:55:27,Amravati,Maharashtra
7b5739ca-e29e-45a4-bc06-0aecae8c7aab,Harini Tripathi,Canara Bank,9612-9717-2867,Electricity Bill Scam,46062.36,2026-07-16T11:32:58,Varanasi,Uttar Pradesh
e847d960-973d-48dc-b4cc-0494d035501c,Aarnav Mandal,HDFC Bank,3437-9754-6466,Electricity Bill Scam,89572.16,2026-08-02T20:29:06,Jaipur,Rajasthan
6c171e67-0654-498d-9ee4-437072f98fc9,Vrishti Dixit,Union Bank of India,2323-5972-9587,Bank Impersonation,169952.59,2026-05-01T14:23:11,Ludhiana,Punjab
7755b309-6ce9-4ae1-ad7a-030a9b3b4783,Veda Pai,IndusInd Bank,1867-1051-6738,Digital Arrest,130537.99,2026-05-05T20:38:25,Agra,Uttar Pradesh
f2b1b827-a858-4ebc-a8e8-219a21dfebf2,Krishna Shah,Axis Bank,4517-6772-6212,APK Loan Scam,193108.43,2026-08-26T19:21:00,Chandigarh,Chandigarh
18b181bb-0b03-473b-b542-965c932db81d,Ranbir Khare,Union Bank of India,3681-8127-5425,Job Scam,112191.05,2026-05-14T22:34:15,Vijayawada,Andhra Pradesh
9b3e78ff-48d0-4c37-b963-68b05987d28b,Vivaan Roy,IDBI Bank,5988-2643-7096,Job Scam,258522.93,2026-06-08T11:29:46,Ranchi,Jharkhand
35d01807-2d31-4146-b978-7aa4da8aac7b,Eesha Solanki,Kotak Mahindra Bank,6168-4532-1392,Romance Scam,179634.39,2026-08-17T21:05:11,Kolkata,West Bengal
90918852-4398-4cb0-aae5-9f0fdfd14a95,Libni Doshi,Bank of India,9896-4463-5186,Investment Scam,464287.69,2026-06-29T11:46:46,Mumbai,Maharashtra
316d7e5a-537b-4e85-b621-2c0a6ed7c21c,Balhaar Date,Union Bank of India,8203-3731-1144,Romance Scam,28578.95,2026-07-08T05:12:10,Eluru,Andhra Pradesh
1c72fbff-dd72-4d3e-a615-9733bfe41ce1,Harish Sarraf,Union Bank of India,8003-9463-2806,SIM Swap / KYC,103745.82,2026-07-13T13:07:04,Lucknow,Uttar Pradesh
1c77aea1-b342-4aae-acdd-9d77896a9e80,Tanmayi Aurora,ICICI Bank,6876-9674-6516,Romance Scam,5092.86,2026-06-16T21:25:48,Noida,Uttar Pradesh
84706c37-3eb3-42fa-87cc-2aec548ef6b4,Nimrat Dubey,ICICI Bank,2634-7040-3249,Job Scam,159160.44,2026-07-15T07:14:15,Sri Ganganagar,Rajasthan
0b33b66f-4e4b-42d2-8182-4c1df2dd0bfe,Upasna Lanka,Punjab National Bank,8514-7621-3562,Digital Arrest,406673.54,2026-08-24T07:30:27,Ghaziabad,Uttar Pradesh
3bad3565-6846-4ad1-aa3b-41fc8fefd372,Mitali Buch,Axis Bank,7718-3127-5965,APK Loan Scam,40722.85,2026-07-01T01:09:01,Jodhpur,Rajasthan
6ab26b47-e936-455f-9738-bd066318de40,Lajita Nadig,IndusInd Bank,7936-4249-6525,Investment Scam,425743.17,2026-05-30T06:03:28,Kota,Rajasthan
4323ce42-2e47-4b81-bc87-17ec54c8d056,Balendra Biswas,YES Bank,8171-1475-1173,UPI Fraud,168798.09,2026-05-25T03:59:28,Bhiwandi,Maharashtra
c45e6511-7b5c-4e0d-af66-16d3dcf887d2,Bhavna Karan,ICICI Bank,1277-1184-3742,SIM Swap / KYC,129932.32,2026-06-09T04:11:19,Siliguri,West Bengal
e917602f-7c10-4d2d-859f-5309005e2f03,Radha Chaudhari,HDFC Bank,5308-3190-6737,Digital Arrest,424256.71,2026-06-28T14:36:55,Gorakhpur,Uttar Pradesh
a235282f-19dd-47fb-aebb-6b59491ca494,Sachi Ganesan,Indian Bank,2952-7633-6430,APK Loan Scam,232332.79,2026-06-02T08:48:23,Nuh,Haryana
e8437287-f8a7-403b-8133-36ba74bdbc6c,Ayush Batra,Punjab National Bank,9405-7891-4080,Electricity Bill Scam,143892.87,2026-06-06T02:02:19,Panihati,West Bengal
ed0ef9a7-e4e6-4238-b767-a14530a28a19,Daksh Memon,Canara Bank,3783-1575-1267,APK Loan Scam,238802.89,2026-07-16T02:20:21,Panihati,West Bengal
9dea3d59-db04-4269-bbde-b3d2724a897e,Kavya Sankar,IDBI Bank,2470-9733-8348,APK Loan Scam,91624.82,2026-06-22T02:42:02,Raipur,Chhattisgarh
0cfb1efe-92ef-42d9-b0fc-d155da089432,Yash Wali,Central Bank of India,9382-3955-3043,APK Loan Scam,251207.89,2026-05-01T18:37:15,Siliguri,West Bengal
3618bd4c-12ff-43c4-98fd-71ca2f74a633,Pranit Garde,Indian Bank,6344-3149-9385,Electricity Bill Scam,87927.55,2026-06-27T05:47:41,Rourkela,Odisha
72b4430a-2c0b-4a4f-9592-a7b0d33a50c9,Farhan Raja,Federal Bank,7419-4102-8228,Bank Impersonation,125711.68,2026-07-25T04:09:54,Bhopal,Madhya Pradesh
3aa13d2c-3d4c-43e9-ab03-bcb330973207,Widisha Dhar,Indian Bank,9707-2020-4398,Job Scam,78292.83,2026-05-16T01:22:57,Agra,Uttar Pradesh
bcadc023-5a62-4005-96c5-1f3411bb3465,Triya Kumar,Federal Bank,5130-9054-8604,Digital Arrest,448224.81,2026-07-03T07:41:19,Amravati,Maharashtra
28bd6318-c5be-4ba5-84b4-a6b663738026,Aadhya Andra,Punjab National Bank,2212-5128-6581,Electricity Bill Scam,172761.34,2026-08-05T17:30:48,Jabalpur,Madhya Pradesh
d75fd327-456e-45d3-926d-a4b59e778ab5,Bhavna Dugar,Central Bank of India,6714-8443-4580,APK Loan Scam,59652.82,2026-05-15T06:51:37,Bhopal,Madhya Pradesh
08d7df4e-d625-4e0c-b702-03a6933e2046,Riya Pai,HDFC Bank,3570-1981-8785,APK Loan Scam,315311.32,2026-05-23T17:18:25,Pune,Maharashtra
b1cd65d0-d893-4b92-8cea-b883b6de0b60,Panini Krishna,Union Bank of India,1796-1667-2121,Electricity Bill Scam,125644.2,2026-07-23T05:31:12,Varanasi,Uttar Pradesh
84583f68-0af3-4b3b-af46-096f16f153b4,Chasmum Issac,YES Bank,2665-2460-8106,Investment Scam,478844.68,2026-07-21T20:32:36,Guntur,Andhra Pradesh
b23c9821-ff9c-40f6-a366-3a3996020dde,Vasudha Chhabra,HDFC Bank,8841-6447-4572,SIM Swap / KYC,151779.28,2026-05-18T17:36:32,Firozabad,Uttar Pradesh
cc2d6aeb-7dc7-471a-9fde-24ff51fe8c3c,Lakshmi Parmer,Kotak Mahindra Bank,6007-7522-7134,Romance Scam,156107.12,2026-08-19T05:12:42,Warangal,Telangana
d1bfc698-7006-4be8-931b-99bb423b866d,Chakrika Bains,Central Bank of India,9460-4020-8655,Digital Arrest,323939.27,2026-06-26T10:12:39,Allahabad,Uttar Pradesh
a500a868-6c1d-415c-8945-f82ca8d5d5fb,Anvi Anand,Axis Bank,4883-7200-9299,APK Loan Scam,290583.04,2026-05-24T10:46:32,Mysuru,Karnataka
905e7dd6-36c2-4c17-825c-03c87ffe05d4,Watika Mangat,Punjab National Bank,1214-5174-6160,APK Loan Scam,269485.79,2026-07-12T15:10:10,Ghaziabad,Uttar Pradesh
90a03514-139f-41d6-9381-118a76ef09a5,Indira Kanda,Union Bank of India,4054-8219-3680,UPI Fraud,71034.51,2026-07-14T06:59:50,Kanpur,Uttar Pradesh
5df6c387-cc02-4c61-9bda-7577f8f306d7,Zashil Devan,ICICI Bank,5666-4296-9122,Romance Scam,107380.25,2026-05-31T18:36:52,Vijayawada,Andhra Pradesh
dfe3c7b4-a632-4033-90b7-2000e49f7129,Balveer More,Kotak Mahindra Bank,9632-2659-4763,Romance Scam,72623.04,2026-05-05T21:19:25,Rourkela,Odisha
ea524ebc-b5ab-4c6b-b281-6ca31cc564b2,Bahadurjit Patla,Central Bank of India,3574-2925-3205,Investment Scam,391759.58,2026-05-31T04:36:59,Eluru,Andhra Pradesh
ec8518f9-16e3-48b2-914e-8d394b4c98be,Gautam Merchant,Punjab National Bank,9848-1054-8033,UPI Fraud,102698.29,2026-06-10T14:27:36,Mumbai,Maharashtra
ca3a030b-3783-46ea-b4fc-4676fa233130,Ojasvi Gill,HDFC Bank,4326-3597-9275,Investment Scam,423676.64,2026-08-13T22:06:29,Vijayawada,Andhra Pradesh
a2aa7998-422a-43d9-99a7-954eb5ad0fcf,Kevin Zacharia,Punjab National Bank,1963-9749-5626,SIM Swap / KYC,141810.29,2026-05-22T08:20:59,Varanasi,Uttar Pradesh
7693e7c8-f529-4f43-bcde-a2ce860cba97,Yachana Mahajan,IDBI Bank,6330-4282-9349,APK Loan Scam,331210.55,2026-08-23T14:43:34,Aurangabad,Maharashtra
52f95e0c-68b0-4b03-9ece-13ef54e63419,Aarini Subramaniam,IDBI Bank,4015-9882-1962,Electricity Bill Scam,50449.73,2026-08-04T03:38:39,Aurangabad,Maharashtra
dcce7d7a-ecf2-48b0-a239-4c20e104720a,Hamsini Contractor,Punjab National Bank,1706-1885-6966,Bank Impersonation,13080.52,2026-07-22T18:00:00,Siliguri,West Bengal
68357130-52b8-461b-88e1-3e9afebabe49,Faqid Dhaliwal,ICICI Bank,3118-5709-2822,Romance Scam,79174.04,2026-07-03T20:30:26,Eluru,Andhra Pradesh
7852d314-06b1-4a1d-b2ed-20386af50a1e,Mekhala Pau,Kotak Mahindra Bank,3193-8935-3940,Bank Impersonation,14451.28,2026-07-31T14:56:17,Nashik,Maharashtra
9bd69f19-4622-49df-8d9f-d9a0d191cf0a,Megha Atwal,Indian Bank,9578-9093-7955,Electricity Bill Scam,197434.5,2026-06-26T13:39:57,Chandigarh,Chandigarh
73ee0abf-15a1-4344-9838-ce8497103b32,Jatin Sha,Indian Bank,3025-6762-1033,APK Loan Scam,156610.83,2026-07-24T23:47:52,Kota,Rajasthan
9fc8783b-cfe6-463f-a9ef-d434b6892e70,Adweta Raj,State Bank of India,1251-2478-4730,Job Scam,342802.52,2026-08-05T06:53:41,Bengaluru,Karnataka
a77db849-c061-48b2-895c-831c22da8221,Hritik Kaur,HDFC Bank,1533-4891-1916,Digital Arrest,192221.44,2026-06-20T01:29:09,Bareilly,Uttar Pradesh
2a639ac6-38ba-4198-9cf1-70330c43ca61,Aryan Narang,Central Bank of India,3944-4563-3082,Investment Scam,75943.82,2026-07-09T00:14:23,Kolkata,West Bengal
5bca866e-b246-4897-9c85-e3a4b0d16983,Dev Shetty,Bank of Baroda,5673-4428-7348,Investment Scam,53830.42,2026-07-17T14:17:48,Varanasi,Uttar Pradesh
d50d6b20-35de-4ad6-a091-93ade480f11b,Nilima Dada,Bank of India,3674-6738-3185,UPI Fraud,81015.85,2026-07-26T14:23:49,Vadodara,Gujarat
962b75cb-2aa9-4558-af27-d33aa595a257,Chakradev Barad,ICICI Bank,8227-9227-9448,Investment Scam,476174.4,2026-05-31T17:24:52,Saharanpur,Uttar Pradesh
6f79642d-51b5-46f9-959e-6fd19e97ca72,Waida D’Alia,Central Bank of India,2947-5938-2279,Romance Scam,179238.72,2026-07-05T13:50:08,Shimla,Himachal Pradesh
d5f34771-e583-4208-b92c-6e95b8ed495c,Wahab Yogi,Canara Bank,6923-1624-5371,Romance Scam,10868.39,2026-08-16T20:44:32,Lucknow,Uttar Pradesh
bef0ce72-6e17-48d9-994f-b5ae6aca2c5a,Lipika Setty,Indian Bank,7270-4312-5336,Job Scam,82583.67,2026-05-30T12:33:15,Tiruchirappalli,Tamil Nadu
8ad97a23-4295-4c25-88db-54685cb0a615,Oni Dubey,Central Bank of India,2844-1049-8741,APK Loan Scam,145564.5,2026-08-18T02:03:18,Nuh,Haryana
e39b59e7-face-4681-b7ab-a6cfffba4279,Hardik Suri,YES Bank,7081-7050-2192,APK Loan Scam,27960.96,2026-06-03T11:07:10,Bhiwandi,Maharashtra
c1e287ee-9420-4fe4-8ed8-b33af614fa4c,Ati Bali,Punjab National Bank,7768-5197-2878,Investment Scam,423965.8,2026-06-02T19:37:13,Siliguri,West Bengal
902dabaf-b859-43a6-bb80-388b06717980,Teerth Sawhney,ICICI Bank,1894-1448-3317,SIM Swap / KYC,52897.68,2026-05-08T05:10:46,Vadodara,Gujarat
47810811-7521-4dbc-9f01-9d73ddf50ebc,Warinder Patil,State Bank of India,5062-7374-7371,Job Scam,145239.05,2026-05-27T06:28:59,Raipur,Chhattisgarh
a1d15206-fee1-4046-a8ee-f50287839b32,Jhalak Parmer,HDFC Bank,2220-9233-1482,SIM Swap / KYC,140432.19,2026-06-10T07:42:53,Shahjahanpur,Uttar Pradesh
b9b31ce9-9053-46c3-8456-b34508c5febd,Mitali Majumdar,Kotak Mahindra Bank,3435-8893-1087,Bank Impersonation,156501.87,2026-07-30T23:39:32,Bareilly,Uttar Pradesh
19ef685e-ed66-4d50-a058-922231bb247a,Jason Sha,Federal Bank,7974-3881-6347,Electricity Bill Scam,80359.1,2026-08-07T01:22:09,Bhiwandi,Maharashtra
e1ca26e2-bbcc-40ff-b428-507c5adcd099,Simon Bail,Bank of Baroda,1825-5376-9543,Job Scam,12840.11,2026-08-11T05:56:37,Siliguri,West Bengal
40d45ebe-faff-4c39-a9d0-d9e2cb5ed14d,Gauri Kohli,Indian Bank,3029-3644-6387,UPI Fraud,114981.99,2026-06-16T22:19:49,Amravati,Maharashtra
4b56caea-76b1-4f37-8a9e-feb4a0e862ff,Samesh Biswas,Punjab National Bank,1450-9989-2141,Digital Arrest,66259.85,2026-05-08T20:11:36,Patna,Bihar
f700adde-fd5a-4e3b-b68e-920e0cd1af76,Tarak Kaul,Punjab National Bank,8912-9551-1975,Bank Impersonation,68581.38,2026-06-02T23:38:46,Ahmedabad,Gujarat
8d7e4153-ef2c-4ed5-a4f0-5b196c8e4423,Manbir Agate,YES Bank,7738-7376-3631,APK Loan Scam,101963.32,2026-06-14T21:24:04,Agra,Uttar Pradesh
d4fc2a4b-06e6-45a1-a430-14fb2967a001,Maanav De,Bank of Baroda,9620-4792-5935,Investment Scam,385651.98,2026-05-15T14:48:58,Tiruchirappalli,Tamil Nadu
316eafb3-725e-4c9b-b953-a156b2b7c7f3,Owen Choudhary,Indian Bank,6799-6634-4299,APK Loan Scam,113151.53,2026-05-18T10:56:39,Durgapur,West Bengal
a72dfe90-4da9-45c4-bff1-ef4fae1bc6dd,Karan Aurora,Canara Bank,8982-7945-6781,Electricity Bill Scam,16669.26,2026-07-15T14:37:25,Saharanpur,Uttar Pradesh
fece9c6e-2a52-4917-9139-8dc3b82fa23b,Wazir Naik,Punjab National Bank,9354-4658-1369,Job Scam,233099.42,2026-05-29T17:40:44,Ghaziabad,Uttar Pradesh
0fab6401-be47-414a-a4bc-93f548de46ed,Owen Lanka,Union Bank of India,8943-9979-4243,Investment Scam,54384.54,2026-07-01T10:23:36,Kochi,Kerala
53594095-8b20-409b-a6f9-f9942d07eb5b,Jonathan Sama,Bank of Baroda,7112-2909-2829,Investment Scam,294753.14,2026-06-08T15:31:01,Bhubaneswar,Odisha
39ee4f27-c2eb-4fca-86e9-ae5ff124369e,Devansh Soni,ICICI Bank,8331-2369-1020,Romance Scam,53645.98,2026-08-09T03:14:28,Mathura,Uttar Pradesh
ab572d49-f80d-422e-a54b-e2d22ad08832,Janaki Varghese,Central Bank of India,4719-6285-2469,APK Loan Scam,251132.66,2026-07-28T07:47:20,Nagpur,Maharashtra
af046074-be6c-452b-90fe-6665196c1451,Siya Thakur,Central Bank of India,2396-5386-6048,APK Loan Scam,122550.53,2026-07-10T23:19:07,Delhi,Delhi
a99d00fc-015b-485e-8cc3-df881255c077,Caleb Verma,Kotak Mahindra Bank,6168-4532-1392,Romance Scam,96825.37,2026-05-22T10:57:03,Kolkata,West Bengal
ceeee41a-8624-4360-b057-43e0d23a8ac3,Tara Balasubramanian,Canara Bank,8200-2311-8648,SIM Swap / KYC,17347.66,2026-05-25T18:17:57,Cyberabad,Telangana
dae33666-2a18-41f7-bb94-2c18a37bc304,Varenya Ratti,Punjab National Bank,9887-7180-4215,SIM Swap / KYC,156798.62,2026-05-23T19:36:17,Jaipur,Rajasthan
37b21dda-d43a-4a93-a542-95588858d351,Hritik Swaminathan,Central Bank of India,8537-9499-4262,APK Loan Scam,178988.62,2026-05-24T10:37:33,Gurgaon,Haryana
73f51137-69b3-43a4-9ce7-386c7d986cb6,Ethan Buch,IDBI Bank,4061-4302-9571,Digital Arrest,175863.4,2026-06-20T04:10:43,Bareilly,Uttar Pradesh
a1ac2bce-4cdf-4836-a7d2-279d4b4aeb70,Manbir Bhatti,Bank of India,1696-4719-2409,Investment Scam,205568.69,2026-08-01T14:36:24,Srinagar,Jammu & Kashmir
cc1ec761-6b14-455b-9362-57a4b75b221d,Anvi Nair,Bank of Baroda,2546-4680-3138,Digital Arrest,447934.37,2026-05-03T23:06:57,Cuttack,Odisha
438600f6-f727-4a1b-bb2c-704138e7d29b,Chaitaly Setty,IndusInd Bank,3879-2166-9560,UPI Fraud,169837.53,2026-08-18T14:02:55,Eluru,Andhra Pradesh
d9556ec6-15d1-4fb6-8c15-87e9daac05d9,Hardik Contractor,Federal Bank,1101-6685-9404,Romance Scam,29599.27,2026-07-13T15:23:43,Asansol,West Bengal
502c4ad0-25ab-4c8b-bc04-57f979e60e91,Qushi Seth,Federal Bank,4602-6678-3997,Electricity Bill Scam,70853.62,2026-07-18T10:42:11,Jaipur,Rajasthan
7fa3f7a6-e6b3-47ed-af50-65cf8650a311,Odika Nori,Union Bank of India,6937-7620-6030,Digital Arrest,398136.12,2026-08-28T05:44:26,Gurgaon,Haryana
b3748aa2-c597-48c9-ab83-c586326a2e67,Mohini Sagar,Federal Bank,3194-5810-5728,Electricity Bill Scam,48331.14,2026-08-27T23:14:25,Bhopal,Madhya Pradesh
561b2bcf-ab56-43c3-a7a0-b3e68287f255,Dhriti Sane,Union Bank of India,3378-4154-4424,Electricity Bill Scam,103217.34,2026-08-11T14:21:44,Aizawl,Mizoram
8b1d6e9b-095e-44ba-8ee1-49a826cc8efd,Aadhya Prasad,IDBI Bank,7002-2522-4074,Digital Arrest,489726.58,2026-07-08T12:51:23,Jabalpur,Madhya Pradesh
818a671a-6e84-4895-8f34-685e202f8632,Urvi Bhavsar,Canara Bank,8332-8109-4416,Job Scam,138074.88,2026-07-18T21:18:37,Tiruchirappalli,Tamil Nadu
37209f92-084f-418f-b8af-abfc70f1236e,Frederick Chander,IndusInd Bank,3501-4450-4687,Electricity Bill Scam,27368.77,2026-05-19T02:57:55,Bikaner,Rajasthan
89ba32b4-87e9-478d-bfe4-d32b21e5d5c1,Gopal Pradhan,Central Bank of India,2062-7271-2699,Electricity Bill Scam,19442.38,2026-06-01T15:31:04,Sri Ganganagar,Rajasthan
d04d022a-ba64-40e0-b458-de57fa3e0b46,Darpan Narayan,IDBI Bank,4963-2007-9521,Digital Arrest,348538.88,2026-06-22T15:40:24,Ahmedabad,Gujarat
aba47116-53f5-42ce-aa64-b60d5d5c1494,Nirja Pandya,Indian Bank,9336-5058-1799,Digital Arrest,242018.29,2026-06-04T12:04:18,Amritsar,Punjab
f410f87d-1a0f-4c06-8e76-87802d4cc77d,Charan Mani,Kotak Mahindra Bank,8637-4933-9996,Investment Scam,87900.27,2026-08-11T04:09:23,Gwalior,Madhya Pradesh
300daef0-16b8-44d3-955e-09804f7e875f,Indira Chawla,Axis Bank,5924-4645-5190,Digital Arrest,202180.6,2026-08-18T15:35:29,Asansol,West Bengal
b9e57aeb-c55e-423b-a7cb-db337f93bbb4,Mohammed Subramaniam,Axis Bank,6303-3242-4237,Romance Scam,150903.24,2026-07-17T04:53:25,Agra,Uttar Pradesh
99b9238b-6d5b-4a1b-8f6d-15dd05e3d1cb,Hritik Palla,Central Bank of India,5261-6466-2725,Bank Impersonation,137414.59,2026-08-27T06:56:43,Gwalior,Madhya Pradesh
4a5faf00-6884-40fc-8e3c-cd80d79cad32,Ishwar Mallick,Punjab National Bank,9282-3002-6545,Romance Scam,137398.22,2026-05-06T19:26:53,Eluru,Andhra Pradesh
d114df37-f539-409c-b688-96548a59b477,Pushti Bal,Federal Bank,5055-8904-5896,Romance Scam,162555.75,2026-05-19T17:44:24,Eluru,Andhra Pradesh
ca59b33d-09cb-4f77-b1b4-ca9841b03017,Ayush Gole,Axis Bank,5523-4666-2430,APK Loan Scam,98387.57,2026-06-09T15:03:41,Pune,Maharashtra
f6f5fbb7-6773-4a88-bad1-5de2b30a2b9f,Dayamai Nori,ICICI Bank,3352-2828-2158,Electricity Bill Scam,117958.22,2026-06-15T14:14:46,Warangal,Telangana
202dd419-cbaa-4a98-8fdf-b59a38e71f1e,Abeer Golla,Bank of Baroda,5792-7705-4724,Investment Scam,43897.37,2026-05-21T12:43:14,Raipur,Chhattisgarh
2b54d2db-cb70-4fed-8b01-0fb545212b2b,Nandini Boase,IDBI Bank,4199-4161-5493,Bank Impersonation,165880.29,2026-06-05T02:04:55,Noida,Uttar Pradesh
e58a3a50-7c19-4a00-b66c-7e26b6920506,Azaan Chand,State Bank of India,7624-3704-8657,Bank Impersonation,58557.43,2026-08-22T20:23:59,Amravati,Maharashtra
023f51b4-0df3-4eb9-b2fd-6dd9150a4a60,Krisha Saini,Bank of Baroda,2375-1574-8613,Electricity Bill Scam,196179.28,2026-05-31T22:59:56,Rourkela,Odisha
a61ba87c-0e25-4297-ab3d-1ecc08e12b28,Harita Dugar,YES Bank,6958-2257-6337,Electricity Bill Scam,105938.2,2026-08-14T12:29:10,Siliguri,West Bengal
5e7d5011-fb08-4460-988a-9c2fb0d56616,Devika Nair,ICICI Bank,3892-2705-7564,Electricity Bill Scam,137595.91,2026-07-04T01:36:23,Indore,Madhya Pradesh
9298afb0-8e00-4e07-83f6-7e65236c82eb,Charles Dugal,Canara Bank,4140-7851-5137,Electricity Bill Scam,29054.77,2026-07-09T15:09:32,Shahjahanpur,Uttar Pradesh
f60bb820-cbec-411b-a4a2-ce12c784a474,Chandran Bumb,Punjab National Bank,3431-9787-1041,Digital Arrest,273312.93,2026-07-17T22:34:02,Srinagar,Jammu & Kashmir
db9086b5-e5db-4b91-9f4f-aa196486b4f2,Saanvi Samra,Canara Bank,6981-7982-9514,Job Scam,22314.43,2026-07-07T22:03:35,Kanpur,Uttar Pradesh
1086d301-d3c9-441e-8b97-510832cee493,Riya Sachdeva,Bank of Baroda,9352-3294-6689,UPI Fraud,83293.43,2026-07-25T02:10:42,Ahmedabad,Gujarat
667d0ba4-22b2-49d3-833f-1d8dc68e0285,Tanveer Vala,Indian Bank,1843-9554-4754,Electricity Bill Scam,48601.78,2026-07-23T10:49:52,Shahjahanpur,Uttar Pradesh
82483c89-57b1-4684-a8f1-c13266a35783,Hemani Sani,State Bank of India,7845-7952-8386,UPI Fraud,77179.36,2026-08-16T04:26:21,Srinagar,Jammu & Kashmir
7fd33dc7-68c8-4961-a591-7ea1dd2c184c,Bhanumati Sur,State Bank of India,7978-3788-1536,Romance Scam,184885.05,2026-06-29T21:08:15,Pune,Maharashtra
fba2c0d5-124c-4e10-abd5-aba9fcfbe6e2,Chakradev Kannan,Indian Bank,9578-9093-7955,SIM Swap / KYC,184828.94,2026-07-03T19:22:50,Chandigarh,Chandigarh
b8fb0324-95ee-4be9-be65-8b1eb0b54f00,Christopher Amble,Kotak Mahindra Bank,4875-9791-4447,Romance Scam,112584.37,2026-05-08T22:03:51,Jaipur,Rajasthan
6c346b23-3dec-4d07-b163-9f77ed0afc94,Charvi Kakar,Kotak Mahindra Bank,1724-5386-4069,APK Loan Scam,135229.11,2026-05-31T22:43:20,Kochi,Kerala
adc62f71-5937-4b9e-b31d-af76409537f2,Aadhya Mann,Bank of Baroda,3395-1713-8283,Job Scam,135692.46,2026-05-12T09:22:10,Vijayawada,Andhra Pradesh
da0ca36a-d147-430b-a250-fd7d7c774fc8,Jagdish Amble,IDBI Bank,9806-9167-6625,Romance Scam,5905.42,2026-05-05T22:06:47,Allahabad,Uttar Pradesh
7a1bfbb8-26bc-4f5d-9891-e0980a66a895,Qushi Gill,Federal Bank,3437-1926-4209,UPI Fraud,71392.9,2026-08-25T22:47:50,Bhilai,Chhattisgarh
4d2fa7c8-cb97-4f07-a194-b1d8a618cfbe,Lajita Walia,YES Bank,9135-7907-7490,Electricity Bill Scam,168039.13,2026-07-17T06:53:46,Tiruchirappalli,Tamil Nadu
a46fc575-fd3f-467b-94ae-db054273ce0d,Xiti Pandya,Punjab National Bank,1665-2347-6375,UPI Fraud,86742.48,2026-07-25T16:30:26,Gurgaon,Haryana
b79d3d69-bdfe-4995-bdf4-6f194512687a,Mekhala Basak,Bank of India,6790-1654-5173,Romance Scam,158911.53,2026-05-12T11:39:00,Varanasi,Uttar Pradesh
d854b51d-c259-4912-9bdc-4aa1673ce2dc,Anirudh Sharaf,Indian Bank,7106-7975-5614,Digital Arrest,81102.38,2026-07-09T10:40:05,Amritsar,Punjab
43843289-4a8b-49f2-88a6-2351acd13026,Dhriti Sanghvi,Bank of Baroda,7085-4890-4667,Electricity Bill Scam,73025.94,2026-07-09T05:19:11,Dhanbad,Jharkhand
ff09c603-69ab-48ec-9d86-dc63fb96be2e,Omisha Mann,State Bank of India,7439-7742-2805,Electricity Bill Scam,57081.89,2026-08-17T05:03:31,Madurai,Tamil Nadu
e17ccf0c-ce3a-4f55-9931-3463e4f7e4e2,Nidhi Bail,Canara Bank,7301-7484-4171,UPI Fraud,51832.93,2026-08-07T22:43:14,Saharanpur,Uttar Pradesh
107eefb1-48c9-46ba-83bf-031d5f8804c4,Onveer Sharma,Punjab National Bank,5586-5826-7946,Digital Arrest,149446.03,2026-07-27T13:29:14,Pune,Maharashtra
ecca2d54-74b5-4b51-bfa0-e756c37e07c4,Gaurang Sarkar,State Bank of India,4464-1062-7018,Romance Scam,37509.3,2026-07-17T23:28:58,Aizawl,Mizoram
bfd93a0c-60c3-4c06-81f6-5fd63a494e00,Yagnesh Sarin,HDFC Bank,7321-8081-4644,Electricity Bill Scam,60218.79,2026-08-11T09:29:18,Gwalior,Madhya Pradesh
a5405a3d-802c-47e6-b2b3-0fd95a432827,Farhan Randhawa,Bank of Baroda,7331-7132-3120,SIM Swap / KYC,60736.23,2026-06-02T15:46:37,Chandigarh,Chandigarh
a8fb6846-1457-434b-80df-96dfd1438caa,Harinakshi Kant,Punjab National Bank,9045-3641-6429,Electricity Bill Scam,156085.34,2026-05-22T03:30:21,Asansol,West Bengal
b074b1b6-5fb5-4b0a-a0c4-3a8f4209db5f,Om Bose,Punjab National Bank,7824-8965-6656,Job Scam,37141.47,2026-06-23T15:05:19,Aizawl,Mizoram
11ad67f7-7e3b-4fa6-8838-e7c035b769c5,Yashvi Hari,Axis Bank,9744-7853-6629,Job Scam,67083.83,2026-06-02T03:31:18,Deoghar,Jharkhand
07e17fbd-06c5-4a21-82c5-ee85cf2a8d40,Indali Divan,Punjab National Bank,3696-7777-3643,Job Scam,130811.64,2026-07-16T20:57:47,Srinagar,Jammu & Kashmir
d3e92ee6-3d43-4dd4-8064-de00115a3adc,Harshil Dhingra,Punjab National Bank,8336-8799-7474,UPI Fraud,161689.45,2026-06-08T02:49:41,Amravati,Maharashtra
d6b660bb-ee39-443f-99f2-02db6906f8e6,Rudra Ghose,IndusInd Bank,8877-4898-4323,SIM Swap / KYC,95319.2,2026-06-08T02:10:05,Dehradun,Uttarakhand
ca4d86a1-f884-45e0-905b-78438f51adaa,Faqid Goel,YES Bank,9425-6742-1252,APK Loan Scam,266566.95,2026-06-19T12:45:06,Bareilly,Uttar Pradesh
3c7f228b-0a9e-4b15-8380-9693a00cd03e,Ucchal Sen,ICICI Bank,1158-8030-1594,SIM Swap / KYC,70938.37,2026-07-16T11:31:08,Bhusawal,Maharashtra
7ea0d2ea-cc57-469e-a467-83b18acb8eea,Diya Dora,IDBI Bank,2921-1857-7725,SIM Swap / KYC,36941.76,2026-06-22T05:22:16,Bhiwandi,Maharashtra
e1c639b8-ea8a-4139-9589-734cfb65c8f5,Ekansh Singh,IDBI Bank,8702-5273-1262,Job Scam,285834.48,2026-08-28T13:43:41,Jaipur,Rajasthan
c99c1b9f-d7e1-472d-b156-880df0ba1ecc,Chavvi Maharaj,Union Bank of India,1220-6589-2153,Digital Arrest,103235.26,2026-08-08T03:35:23,Nagpur,Maharashtra
97bbf006-3408-4b71-b476-2d94764447e9,Indira Tripathi,IndusInd Bank,4714-2230-1940,APK Loan Scam,142599.55,2026-08-11T05:27:55,Aizawl,Mizoram
a09f44b6-b10d-4a62-b409-7754fdef8ae4,Dayita Shenoy,YES Bank,7385-5270-9126,Bank Impersonation,130274.24,2026-05-09T06:52:44,Noida,Uttar Pradesh
149017b4-1a76-45e2-ba4d-02323b774544,Baljiwan Bhandari,Kotak Mahindra Bank,5812-1862-6314,Romance Scam,140591.37,2026-05-21T13:59:21,Bhubaneswar,Odisha
427a6075-3cdc-4730-b919-1e9a7957f78c,Bhavini Bose,Federal Bank,8304-2032-3172,APK Loan Scam,180950.31,2026-08-14T05:00:08,Kolkata,West Bengal
34b31ace-91dd-4a71-b8c6-4f2678baf04a,Yashica Rajagopalan,Indian Bank,7248-4509-7638,UPI Fraud,160381.57,2026-06-25T01:49:30,Vijayawada,Andhra Pradesh
db27ced1-a0d2-4d55-91e1-83d3993f6e79,Benjamin Sengupta,Kotak Mahindra Bank,3308-1674-1310,Bank Impersonation,69270.66,2026-06-25T19:31:40,Guwahati,Assam
29adff9d-3631-4a47-9088-cf9a1bf0edde,Ekanta Soni,State Bank of India,2991-8515-9056,Bank Impersonation,197915.59,2026-06-05T11:17:46,Srinagar,Jammu & Kashmir
f34f97bf-0856-4876-806e-a8bc427a683e,David Seshadri,Bank of India,6108-1388-7685,APK Loan Scam,52736.31,2026-05-28T14:54:53,Asansol,West Bengal
4966cd4c-143e-44da-b397-1e14dc378ce3,Hemal Chad,Union Bank of India,4646-7715-2660,Electricity Bill Scam,57074.35,2026-07-10T18:27:29,Sri Ganganagar,Rajasthan
d9366f9a-958a-48b6-9013-3fcb6137a92c,Balveer Kota,Central Bank of India,8101-9848-9180,UPI Fraud,53983.08,2026-08-01T12:17:53,Amravati,Maharashtra
ef819db7-f033-41ed-bd6a-c77e555e5f54,Reva Viswanathan,Axis Bank,1659-9039-9498,Job Scam,265588.18,2026-08-22T01:43:39,Kanpur,Uttar Pradesh
88896514-401d-4907-a5e5-bf0e9c6c8272,Januja Pradhan,Indian Bank,2769-9652-8275,Romance Scam,66954.48,2026-05-26T00:49:33,Firozabad,Uttar Pradesh
12725946-71f3-4f14-902c-b66c78b6b013,Lila Rege,Axis Bank,6881-6913-7691,APK Loan Scam,238676.28,2026-05-31T23:28:03,Gurgaon,Haryana
a3b71730-e4f3-4e7e-8116-53d021fdafab,Charles Natt,Bank of India,2391-4154-8074,UPI Fraud,18591.59,2026-05-27T08:38:51,Nuh,Haryana
988b543c-7bd0-4d72-9e7f-84e72be5320f,Forum Chandra,Federal Bank,8293-9585-3834,Romance Scam,122887.67,2026-05-09T08:34:46,Cyberabad,Telangana
3ca2678d-993c-4e47-bfc4-6897304e3a72,Bhanumati Krishnan,IndusInd Bank,6367-7358-3258,Job Scam,99393.06,2026-06-15T00:55:11,Allahabad,Uttar Pradesh
8f733d13-a083-49b3-9d8b-801a2450fffd,Gauri Bumb,Punjab National Bank,8652-7756-9765,UPI Fraud,107397.33,2026-05-21T19:04:38,Vijayawada,Andhra Pradesh
89299499-0e31-4fe7-b444-9912e6f375ec,Inaya Mukherjee,Kotak Mahindra Bank,4478-9780-1324,APK Loan Scam,276355.07,2026-08-15T12:28:18,Shahjahanpur,Uttar Pradesh
d53d37ae-0542-4945-90cd-c8fcfe06b62a,Kai Chad,Axis Bank,5064-6814-2211,Romance Scam,86003.87,2026-07-02T20:27:59,Vijayawada,Andhra Pradesh
3c94bc70-88b5-436b-93c2-7c899845707b,Krisha Narasimhan,Punjab National Bank,4544-6059-9380,Bank Impersonation,23881.95,2026-05-28T16:01:18,Jabalpur,Madhya Pradesh
87357cd6-fa93-47a1-9348-2ab57dbea29c,Girik Sampath,IndusInd Bank,7936-4249-6525,Electricity Bill Scam,108505.82,2026-07-28T09:16:15,Kota,Rajasthan
66416879-2b5b-43c7-afdf-815eb38d79db,Andrew Patil,ICICI Bank,3721-2230-3282,Romance Scam,118926.42,2026-06-11T19:58:38,Bhusawal,Maharashtra
dfe20b2f-49f4-4c64-b0c0-017b0c419701,Pranit Kala,YES Bank,8092-7520-7704,Electricity Bill Scam,43699.8,2026-08-07T00:39:46,Nagpur,Maharashtra
d9368af2-cae1-4823-8c96-72a5a9cf7a99,Vedika Handa,ICICI Bank,8625-2286-3243,UPI Fraud,42311.13,2026-06-01T08:31:02,Aizawl,Mizoram
47bf982c-2787-40cf-9294-e8dc05360433,Laksh Dubey,Punjab National Bank,5808-8027-8907,SIM Swap / KYC,54497.94,2026-05-14T01:07:47,Eluru,Andhra Pradesh
464319e5-0205-464b-90eb-a42fcb6fe941,Chakrika Chaudhuri,Indian Bank,9002-1237-4992,Bank Impersonation,111845.04,2026-06-07T09:17:27,Mathura,Uttar Pradesh
0398dde6-26d6-4a55-bf79-bc2a77e0c6e3,Gayathri Deep,IndusInd Bank,2922-1155-6609,Job Scam,323034.12,2026-07-18T02:54:45,Dehradun,Uttarakhand
8b0dbd11-871f-4a9e-82ca-71731e1ab70f,Mitesh Gaba,Kotak Mahindra Bank,1706-1674-6992,UPI Fraud,188441.52,2026-05-04T02:41:58,Guwahati,Assam
9b3f5428-b842-421e-8788-8e43f9f7301e,Noah Sarma,Axis Bank,5852-3953-2831,Investment Scam,49996.46,2026-05-08T00:01:00,Alwar,Rajasthan
6e244827-40c8-4362-bb88-3c433f88674b,Nirja Patla,Union Bank of India,6870-1157-4057,UPI Fraud,149750.83,2026-05-14T18:58:00,Allahabad,Uttar Pradesh
4cbf08f5-03e6-4a1e-a8a8-9d2d37da2f41,Sachi Mane,Indian Bank,4656-5252-8960,APK Loan Scam,306468.78,2026-07-19T21:14:44,Dhanbad,Jharkhand
2fb82570-ad54-4cc4-86e8-2e059377df24,Vivaan Walla,Central Bank of India,4393-6450-3052,Job Scam,109530.67,2026-08-17T12:00:33,Coimbatore,Tamil Nadu
aff0d02c-52f8-4db7-8915-2f09b9f68d62,Dayamai Singh,IndusInd Bank,5713-9473-7362,Investment Scam,305321.5,2026-08-01T09:09:40,Gorakhpur,Uttar Pradesh
92723686-aea0-47b5-9a13-7cf9bbd2b426,Jhalak Sastry,Bank of Baroda,2211-6712-7997,Electricity Bill Scam,35931.74,2026-08-28T10:05:02,Guntur,Andhra Pradesh
472a22e3-ea92-4df9-91b9-99da4e28fcad,Baghyawati Raja,Union Bank of India,7746-7597-8327,Investment Scam,97778.75,2026-05-24T11:46:57,Firozabad,Uttar Pradesh
56cc3364-6fdb-4136-8180-331456db5b23,Neel Iyengar,State Bank of India,9719-9216-7037,Job Scam,160209.36,2026-07-01T21:05:10,Bikaner,Rajasthan
60a2e66d-3844-4391-a006-aca23b458cba,Zashil Ben,Punjab National Bank,4870-5167-6264,Digital Arrest,328866.77,2026-07-23T14:24:51,Varanasi,Uttar Pradesh
4d14a304-d486-4b39-99de-af824ef3ddff,Kamya Chauhan,Indian Bank,7680-2656-8311,UPI Fraud,144163.91,2026-05-25T12:06:13,Saharanpur,Uttar Pradesh
3b1fe05f-b0e9-46f3-a4af-7fd5d4815db2,Bhavani Chacko,State Bank of India,1299-6690-2611,UPI Fraud,151091.84,2026-05-10T08:13:00,Jamshedpur,Jharkhand
b441e779-48ad-4fd1-9127-edca528d535e,Anjali Sengupta,Bank of India,4730-7398-9325,SIM Swap / KYC,13281.41,2026-07-28T21:41:03,Deoghar,Jharkhand
179a2d27-4cce-455a-8f16-7350d857465f,Rajeshri Chand,Federal Bank,3637-2094-5317,UPI Fraud,196626.74,2026-08-16T04:04:26,Siliguri,West Bengal
fba77abe-ac5d-4f5d-acd0-48a68db5c903,Shravya Palla,Central Bank of India,7452-3021-9053,SIM Swap / KYC,76573.39,2026-06-03T13:53:33,Eluru,Andhra Pradesh
f919260e-8004-4bbd-aa4b-8a03e472b20e,Oeshi Bera,Canara Bank,6176-3461-6139,UPI Fraud,132784.8,2026-07-18T01:49:16,Eluru,Andhra Pradesh
c4f64b8f-c3e8-4ccb-a7b3-503bbf3d5fb4,Yadavi Prakash,Bank of India,6730-4441-7153,UPI Fraud,46269.38,2026-08-09T16:06:26,Thiruvananthapuram,Kerala
7f768f2c-4281-46e1-9751-b3222d601364,Libni Bumb,IndusInd Bank,4814-4392-2212,Romance Scam,101842.27,2026-05-05T03:14:21,Coimbatore,Tamil Nadu
a9d637b4-2863-4602-a92d-5c3d94fbd380,Udarsh Bala,Indian Bank,4436-3758-9166,Digital Arrest,418420.66,2026-06-05T21:36:39,Nagpur,Maharashtra
673b3270-060f-4f17-bdcc-68772ababbbc,Hardik Nayak,Union Bank of India,7502-2807-9565,Job Scam,113093.69,2026-07-27T09:51:36,Bhubaneswar,Odisha
57340dcb-c988-4279-91bd-dd9e33c604ba,Laksh Barad,Punjab National Bank,3366-4677-3493,Job Scam,193755.62,2026-08-20T18:59:14,Warangal,Telangana
ee529689-74c1-4d31-9611-1f590a8147ee,Urmi Dewan,Punjab National Bank,6064-5581-2374,SIM Swap / KYC,121405.36,2026-07-19T02:31:44,Indore,Madhya Pradesh
53bc926d-f5db-4423-a4b2-0aedf60d3d0c,Saumya Ahluwalia,Canara Bank,1057-9166-2104,Investment Scam,95384.38,2026-05-08T01:44:54,Jamshedpur,Jharkhand
d65a8362-c21e-4653-9b16-c45be788a544,Anirudh Kunda,IndusInd Bank,1895-3029-4319,Romance Scam,40232.19,2026-08-28T01:36:40,Bikaner,Rajasthan
7f1137a6-bd33-4099-b2ea-ee46d8289011,Mason Wable,IndusInd Bank,1995-6276-8721,UPI Fraud,163503.58,2026-08-27T01:41:30,Saharanpur,Uttar Pradesh
f13b0c45-0e15-4b92-bd09-d8ae4d9ab549,Indrajit Mani,Indian Bank,2419-2890-9533,Investment Scam,146476.24,2026-06-03T23:45:20,Aurangabad,Maharashtra
cf55733e-3e94-4e34-bf85-1510dbfbafa4,Charvi Dara,Central Bank of India,7214-2107-8801,Electricity Bill Scam,14570.54,2026-05-01T13:41:34,Gorakhpur,Uttar Pradesh
d9db9632-82bf-40d4-9603-3b42055bd286,William Saini,Axis Bank,2220-8069-3263,UPI Fraud,171213.52,2026-05-04T04:56:39,Cyberabad,Telangana
fe094070-6ab4-4a4d-b6a5-3898de2a8483,Dev Choudhry,Indian Bank,7106-7975-5614,UPI Fraud,175068.78,2026-05-30T13:00:56,Amritsar,Punjab
de8235dc-7945-4cb6-a119-7a348ad0b055,Amol Varma,Canara Bank,9842-9834-7562,Electricity Bill Scam,106090.85,2026-08-25T18:01:28,Siliguri,West Bengal
f3ae3083-fcb4-4d72-affa-50ed004e949e,Maanas Manne,HDFC Bank,2800-4217-4230,Investment Scam,250151.19,2026-07-04T22:30:38,Lucknow,Uttar Pradesh
8b8475ae-fff6-46c0-9e3b-020694262335,Aarav Pandit,Union Bank of India,7111-8252-7214,Investment Scam,252413.33,2026-05-27T10:00:28,Gwalior,Madhya Pradesh
b13471b2-bee0-4976-96ab-e48724f50304,Omaja Grover,State Bank of India,7869-1419-3110,APK Loan Scam,286028.72,2026-08-13T19:08:37,Noida,Uttar Pradesh
90f9ce8c-92f2-4b32-b3dc-b07995c0eaad,Jalsa Bir,ICICI Bank,4734-9570-5494,Romance Scam,9929.14,2026-08-03T07:06:54,Agra,Uttar Pradesh
417d36bb-dac4-4744-85c3-e11748cd8375,Madhavi Singhal,Punjab National Bank,8504-4999-9577,Digital Arrest,342034.49,2026-07-24T12:34:46,Gurgaon,Haryana
a494b080-bc84-4808-959c-cbd0d686925c,Lila Prakash,YES Bank,4248-9448-8934,Investment Scam,273239.55,2026-05-19T00:36:35,Nuh,Haryana
670a6cbf-b4a4-42ea-b83b-12debf16c175,Amol Parikh,HDFC Bank,4515-2732-7971,Bank Impersonation,46659.23,2026-08-08T10:45:19,Jabalpur,Madhya Pradesh
bbd01f4a-2b10-4a42-9bac-c0ff12df8542,Hemani Khosla,Axis Bank,7007-6582-2673,APK Loan Scam,306221.37,2026-06-27T02:49:26,Madurai,Tamil Nadu
fdb85a88-491d-48fd-bf2f-96103da0a7bb,Gaurangi Deol,Canara Bank,5338-9552-2360,APK Loan Scam,318197.46,2026-07-28T21:03:55,Varanasi,Uttar Pradesh
6ac12d2d-1aa0-40fb-aab3-30a843778a86,Indira Nigam,HDFC Bank,2220-9233-1482,Electricity Bill Scam,187233.5,2026-08-13T02:15:54,Shahjahanpur,Uttar Pradesh
8ef5694f-feb4-426d-b90a-dd0231a18f8f,Ucchal Srinivas,Bank of India,4724-9605-6630,Electricity Bill Scam,163204.25,2026-07-04T15:41:44,Saharanpur,Uttar Pradesh
08ea486b-fcc8-42b2-9353-1b1ed90b92b2,Krishna Bhatnagar,IndusInd Bank,7390-6498-4377,UPI Fraud,117676.13,2026-07-28T04:49:44,Deoghar,Jharkhand
41d509c5-ffb1-40e9-a6f0-cdca5be04a97,Balhaar Memon,Kotak Mahindra Bank,2355-7837-2220,Electricity Bill Scam,144342.2,2026-07-22T08:27:03,Giridih,Jharkhand
08dee5b5-3e3a-4465-9c8b-d3938c151698,Caleb Iyengar,Axis Bank,6028-3894-4135,UPI Fraud,80756.0,2026-06-30T10:38:26,Vijayawada,Andhra Pradesh
f90c98d0-2da7-46ca-8a25-93bc2363e29f,Diya Mukherjee,State Bank of India,4939-1446-5979,UPI Fraud,102219.55,2026-07-21T04:07:38,Firozabad,Uttar Pradesh
46a7c6ba-2fc3-49c4-b9b3-c21fe3b635a6,Urvashi Kulkarni,Bank of Baroda,1629-2181-4457,SIM Swap / KYC,116318.08,2026-06-09T09:22:34,Vijayawada,Andhra Pradesh
8de844df-7d94-4592-b8aa-7078a23dfc55,Rayaan Mangal,Bank of Baroda,1399-8452-8598,SIM Swap / KYC,173812.02,2026-07-20T06:10:00,Asansol,West Bengal
685a309f-23cb-4124-b006-8a0aef2fd530,Champak Narula,Indian Bank,2489-5990-9328,Romance Scam,103759.67,2026-08-15T06:46:45,Bhilai,Chhattisgarh
60d8d284-8185-4b6b-8e18-2fe11392cf2f,Jeet Pillai,Federal Bank,1483-2820-9567,Investment Scam,342890.37,2026-06-17T06:28:58,Asansol,West Bengal
dd577fed-5295-4814-82b0-7679a8ed29a4,Mugdha Sarraf,Punjab National Bank,3174-7450-9842,Investment Scam,281479.96,2026-06-12T07:56:27,Giridih,Jharkhand
5cc6eccb-4869-40d0-8021-bae838ada50a,Harinakshi Grover,Canara Bank,4531-7560-6963,Job Scam,271801.56,2026-06-13T14:34:01,Ghaziabad,Uttar Pradesh
d2a5a786-418a-44bb-b2ed-325d2c686772,Widisha Pillai,State Bank of India,5030-8866-6190,SIM Swap / KYC,146459.72,2026-07-19T01:30:14,Cyberabad,Telangana
3e5505cc-bda3-40e0-a33c-db5469245221,Fitan Samra,Punjab National Bank,3125-6725-5334,APK Loan Scam,305488.6,2026-08-24T01:05:00,Eluru,Andhra Pradesh
5ccc5dbf-6d53-4863-a320-b808181832e3,Qushi Gole,Bank of India,9872-2665-5601,SIM Swap / KYC,162512.2,2026-06-19T00:39:36,Agra,Uttar Pradesh
828a15b3-e5c9-4dfc-a335-75e0527e0ece,Ekani Chauhan,IDBI Bank,6600-6818-6372,Digital Arrest,216875.92,2026-05-12T06:46:30,Deoghar,Jharkhand
bb817e80-f9fb-41fb-9ff0-c23ebf78f56e,Falak Merchant,Punjab National Bank,8689-5317-7547,Digital Arrest,140749.86,2026-07-12T02:32:32,Agra,Uttar Pradesh
9db0b41e-7bee-41b8-bbeb-1ad3c0010486,Sanaya Sandhu,HDFC Bank,8450-9814-8171,Bank Impersonation,161117.49,2026-06-25T03:53:43,Deoghar,Jharkhand
d0d926dd-3460-4bce-a7cb-dca47d5a3139,Sachi Panchal,Punjab National Bank,3135-6770-3445,APK Loan Scam,54208.07,2026-05-03T08:03:12,Kolkata,West Bengal
02928137-dc43-4134-8d86-73552621ca35,Brijesh Pandit,IDBI Bank,5940-9156-7086,Digital Arrest,194059.85,2026-05-13T08:21:44,Bikaner,Rajasthan
a28e22db-33e3-4411-a0a6-6fb49fb3560f,Anvi Bhandari,IDBI Bank,1878-6554-2263,Investment Scam,455163.09,2026-08-17T02:32:10,Nashik,Maharashtra
ae6cf9b1-845c-452b-b839-119ccdb91ba0,Nidra Patla,Indian Bank,2092-5418-1465,SIM Swap / KYC,168413.33,2026-07-03T04:21:54,Vijayawada,Andhra Pradesh
78e52c50-9482-40f3-804c-256c91dbf415,Azaan Dhar,Punjab National Bank,1910-7625-9404,APK Loan Scam,144284.04,2026-07-31T19:46:41,Aizawl,Mizoram
bd3fae8d-729c-448c-9018-b15687efda9c,Bakhshi Date,Indian Bank,3492-9115-1606,Investment Scam,174956.51,2026-08-17T20:28:44,Amravati,Maharashtra
724d62c0-fe05-40d7-9b21-7d88fd0e1530,Warinder Peri,Federal Bank,5548-7390-8350,Bank Impersonation,119481.13,2026-06-24T23:27:07,Ghaziabad,Uttar Pradesh
39e3a390-c0e4-4b49-acc9-d7a8e78b2e20,Leela Bali,HDFC Bank,2841-7211-9366,Electricity Bill Scam,122714.55,2026-08-17T16:12:45,Mathura,Uttar Pradesh
8320309b-5c54-4190-914f-5c99aceb24c4,Shivani Prabhakar,Indian Bank,7497-7065-3322,UPI Fraud,157966.43,2026-08-06T13:49:38,Mathura,Uttar Pradesh
aa843eec-6243-4b16-b43e-6d375ee03666,Sachi Bose,Punjab National Bank,7582-7357-1600,SIM Swap / KYC,9805.61,2026-08-11T07:41:33,Hyderabad,Telangana
1927fd32-a377-4163-b507-e5483bf58331,Jeevika Rao,Bank of Baroda,8253-9753-4415,Job Scam,231149.6,2026-05-28T00:16:06,Madurai,Tamil Nadu
42a669d5-7000-40da-82e7-38a5d6d2ddcf,Arya Krish,IDBI Bank,5706-2968-5360,Job Scam,58217.27,2026-05-01T02:30:22,Coimbatore,Tamil Nadu
65b63868-13b1-4183-a8b0-aabd594515cb,Atharv Grewal,IDBI Bank,8149-8813-4276,Digital Arrest,108972.01,2026-05-13T05:06:06,Siliguri,West Bengal
5800bfae-4cd8-41a3-a480-32d191287f68,Zarna Ram,Canara Bank,1895-5116-7849,Romance Scam,82228.89,2026-07-01T22:03:09,Bhilai,Chhattisgarh
5f7dbb3d-707f-46a8-b491-ab5e689cdf97,Adweta Lad,Union Bank of India,3104-3735-6505,Electricity Bill Scam,9438.36,2026-06-10T02:20:23,Bhilai,Chhattisgarh
8a1c360a-8e42-4d7e-92ff-24d008e984e7,Tanish Mangal,YES Bank,5937-7691-4101,Job Scam,284287.89,2026-06-09T03:30:49,Delhi,Delhi
7beec5f1-0694-42e1-98b6-4165d8ed8bf2,Ryan Das,Union Bank of India,8164-5520-6494,UPI Fraud,71838.93,2026-06-29T14:33:21,Kota,Rajasthan
55b42318-46f1-446f-b931-f5939d52c8e7,Ethan Seth,Punjab National Bank,5432-9435-9936,Bank Impersonation,67786.51,2026-06-22T11:08:13,Deoghar,Jharkhand
04be81d1-4a55-4efc-bcc7-cc99b34cae3f,Sai Chahal,YES Bank,3615-2824-7987,Job Scam,214723.15,2026-07-17T17:29:43,Jaipur,Rajasthan
0b420504-9ab0-485a-b3b8-c84aeca3e12b,Idika Bhattacharyya,Central Bank of India,9657-3163-7987,Job Scam,287007.96,2026-08-18T07:20:22,Tiruchirappalli,Tamil Nadu
085a6ffb-bec7-4475-949c-e1e38c0628c5,Charita Dugar,Bank of India,8216-9520-4538,Bank Impersonation,20478.54,2026-05-30T01:31:31,Allahabad,Uttar Pradesh
f704ab94-118c-47d2-826a-5a0fa0f7ce3a,Janaki Trivedi,Indian Bank,7512-8115-1614,APK Loan Scam,168480.09,2026-08-26T17:09:19,Firozabad,Uttar Pradesh
8957a423-9778-4bfe-9d0d-2a5df12f0c01,Jairaj Iyer,YES Bank,9675-8017-8668,UPI Fraud,166265.79,2026-08-18T15:19:24,Nellore,Andhra Pradesh
65be7b9b-127c-4fff-87ba-2ecabe807b84,Warjas Tak,Kotak Mahindra Bank,7545-4363-5878,SIM Swap / KYC,138306.78,2026-05-02T17:21:57,Kolkata,West Bengal
360d6e9d-98d4-4333-9490-e9f32a5bae22,Jalsa Pillay,Bank of Baroda,8062-7955-7483,UPI Fraud,127062.36,2026-06-12T18:18:50,Gurgaon,Haryana
aad01446-90d9-4c75-9da2-7471060bf3da,Kai Chadha,Bank of India,5956-2325-6591,UPI Fraud,53246.81,2026-05-30T13:48:18,Nuh,Haryana
493e2ad3-43f5-44b0-90e5-beb4550260c3,Dayamai Rao,Federal Bank,7693-2448-1444,Electricity Bill Scam,69642.9,2026-07-23T10:45:18,Bhilai,Chhattisgarh
0e8e356c-d933-44bd-86d4-1b6e6e0bcdbe,Nirja Rout,Bank of Baroda,1319-1300-6954,Investment Scam,54135.25,2026-08-03T07:21:49,Bhubaneswar,Odisha
bc55e00a-2ca8-4231-a372-b8c04f1fb58d,Jeremiah Nadig,IDBI Bank,9813-8695-6940,Bank Impersonation,109824.57,2026-06-22T18:29:22,Bhopal,Madhya Pradesh
48a60e3f-1951-45ef-9402-4c5b0682fd06,Shivani Shukla,Axis Bank,3157-1081-3414,Bank Impersonation,54461.58,2026-08-09T03:05:06,Ahmedabad,Gujarat
98a72f7f-e753-40a4-ad62-98536bd9e78c,Kabir Gopal,HDFC Bank,3804-9242-5914,Digital Arrest,413241.73,2026-05-21T08:59:33,Bhiwandi,Maharashtra
b0972009-0634-4dfc-8eff-e0bbf1a787f1,Rachita Thakkar,YES Bank,6588-8762-3014,Electricity Bill Scam,54023.49,2026-08-10T13:54:10,Bhubaneswar,Odisha
daf91621-896e-455e-8d6a-008b579dfb4c,Jeet Vasa,Union Bank of India,8438-6512-8905,Bank Impersonation,26025.0,2026-06-05T12:36:19,Gurgaon,Haryana
5055c259-4d1b-46c8-9e2a-fb30dc5b0bc0,Daksha Gala,Bank of India,7159-3739-5728,Job Scam,256843.85,2026-08-09T17:48:01,Noida,Uttar Pradesh
97ef2222-2267-48be-9893-2c850cf40a12,Ekantika Kar,HDFC Bank,3411-9996-8132,Bank Impersonation,102139.57,2026-05-05T09:55:30,Chandigarh,Chandigarh
cbc7b868-9a4c-417b-ba3c-54bc88867086,Zilmil Mander,Central Bank of India,7639-9082-1229,Job Scam,75866.47,2026-06-14T13:06:18,Durgapur,West Bengal
84f804d1-6d0d-48d4-9e73-fa5299f1e351,Zashil Hegde,HDFC Bank,7003-4472-6079,Bank Impersonation,99704.11,2026-08-09T13:54:38,Mathura,Uttar Pradesh
8aea7505-f920-4c26-bd39-bb67481257fd,Jeremiah Mitter,Punjab National Bank,8712-8564-3447,Romance Scam,89482.11,2026-08-13T01:24:01,Aizawl,Mizoram
3c97d52b-acfd-4797-88cd-a9ae13631f98,Yadavi Ganguly,IDBI Bank,1079-3204-5133,Bank Impersonation,149402.81,2026-07-05T14:33:43,Cyberabad,Telangana
cb9a1523-8856-4f5b-82ab-bf4b3f1bbe6d,Onveer Nazareth,IndusInd Bank,2857-1777-6093,Electricity Bill Scam,116924.74,2026-06-01T18:10:16,Cyberabad,Telangana
638181da-7159-40e6-800f-32312c486bb4,Ayush Bumb,HDFC Bank,3864-3693-7176,Job Scam,260425.02,2026-07-26T23:46:43,Bharatpur,Rajasthan
0db90c1d-cb08-4adc-86e5-92146a729737,Alka Kade,Central Bank of India,4393-6450-3052,Romance Scam,17847.16,2026-08-16T04:59:48,Coimbatore,Tamil Nadu
0d1ac167-171a-4b57-8884-d4e7a653ebe8,Azaan Tank,Indian Bank,5206-5874-3977,Job Scam,178942.06,2026-07-16T15:56:41,Shimla,Himachal Pradesh
9a456172-3cd0-410e-8324-1131c31ee4ef,Chasmum Subramanian,Bank of India,3830-4358-4720,SIM Swap / KYC,100390.92,2026-06-13T05:04:07,Allahabad,Uttar Pradesh
952e0c2d-f3e9-490d-a85a-348effc86587,Nidra Mishra,Federal Bank,9620-4157-3803,Job Scam,255679.31,2026-05-12T01:42:06,Solapur,Maharashtra
d7ef2d3b-58ba-4692-9d70-022a2d34d474,Elijah Bhasin,Kotak Mahindra Bank,1069-5728-1105,Electricity Bill Scam,12767.81,2026-07-09T19:02:53,Bhilai,Chhattisgarh
37a2818c-36b0-45c4-8812-1d80685e5c2e,Ria Sagar,Central Bank of India,5066-1457-6531,Digital Arrest,202222.59,2026-05-27T08:57:49,Guwahati,Assam
4a5342da-1927-4e94-b286-26b6351fcfeb,Ucchal Jani,Federal Bank,8623-3248-2102,APK Loan Scam,125880.51,2026-06-12T05:33:04,Bhubaneswar,Odisha
94f4186c-6271-476e-9415-3e5fb5e1d825,Maanas Munshi,YES Bank,8618-4922-6143,APK Loan Scam,337492.67,2026-05-31T17:48:47,Amravati,Maharashtra
b5d4081f-67b8-427e-859e-0ec3160868c8,Hemani Rastogi,Punjab National Bank,9341-4654-4322,Investment Scam,351174.51,2026-05-22T14:03:09,Nuh,Haryana
27cbf7ba-c91d-4974-9e23-cefd9b2dda1a,Kamala Varma,IDBI Bank,3262-6159-1095,APK Loan Scam,329562.86,2026-07-15T19:30:25,Ludhiana,Punjab
80aaa958-c44e-43eb-83d4-a82cbe0b50f2,Eiravati Khurana,Axis Bank,8687-6950-7435,Job Scam,279573.7,2026-05-11T22:02:55,Jamshedpur,Jharkhand
95e0d751-f2f2-4885-bf72-4d999aa22b18,Jason Loke,Axis Bank,7718-3127-5965,UPI Fraud,105408.17,2026-07-09T23:58:17,Jodhpur,Rajasthan
3e763028-1f77-442e-8403-20c0ed534581,Yug Dhaliwal,Indian Bank,4592-4859-3380,UPI Fraud,165810.61,2026-08-08T12:10:51,Lucknow,Uttar Pradesh
935e1c28-b4aa-44ef-868a-4260998907ad,Chandresh Mannan,Union Bank of India,5637-4794-9781,Investment Scam,489225.46,2026-07-19T16:24:43,Bharatpur,Rajasthan
c6559c71-1bc8-494f-9287-1d516587896e,Omya Kothari,Kotak Mahindra Bank,6862-3234-9543,Romance Scam,15906.4,2026-05-22T18:24:51,Jaipur,Rajasthan
09cd57af-cf46-461e-a910-710f34091026,Falak Munshi,IndusInd Bank,8777-8415-9337,Bank Impersonation,129935.77,2026-07-24T14:48:52,Siliguri,West Bengal
f71b8615-64a8-4d7c-aec6-318725e64e16,Nathaniel Tara,Union Bank of India,6928-5173-9449,Romance Scam,17119.59,2026-06-20T07:12:56,Bhopal,Madhya Pradesh
bb4c802a-1e3c-4c58-aa17-82b4579ab249,Wishi Morar,Canara Bank,9209-8856-5834,APK Loan Scam,275268.53,2026-07-29T18:46:40,Ranchi,Jharkhand
3bcd1128-9157-46a5-846b-b0ca7e642ead,Arin Chana,Kotak Mahindra Bank,3732-4436-2831,Job Scam,270330.37,2026-05-13T23:38:29,Bhopal,Madhya Pradesh
2839698c-8fc2-4069-b8c7-ffa2922db8a9,Yashasvi Shankar,ICICI Bank,9575-4327-2920,Investment Scam,383847.54,2026-07-12T20:24:30,Hyderabad,Telangana
12928650-a635-4f90-aa7f-e301a09b1d35,Tanveer Pandit,IndusInd Bank,5785-6292-4259,Job Scam,309265.41,2026-06-29T23:33:39,Gurgaon,Haryana
a5049c94-44c5-46a8-95fc-fc9cb682869b,Chandresh Manda,Bank of India,9707-5637-8826,Investment Scam,295865.48,2026-07-24T09:16:41,Cuttack,Odisha
9c208fb9-68b0-4439-a63d-038e6a8caab3,Upma Mangal,HDFC Bank,6497-4568-6431,UPI Fraud,68027.55,2026-06-24T07:20:11,Lucknow,Uttar Pradesh
50a2ce29-e504-488c-b7d9-1022c7fd576c,Hritik Sankar,HDFC Bank,4370-5475-7686,Investment Scam,266500.64,2026-06-22T08:13:01,Guwahati,Assam
20353bb3-1feb-4559-a2ef-ed17a95bae56,Aishani Pau,HDFC Bank,8010-6770-1413,APK Loan Scam,130021.33,2026-08-02T12:01:09,Kota,Rajasthan
29fa2e57-20af-458b-9853-4bb4508ce7d7,Jasmit Bath,Canara Bank,4283-5769-1984,SIM Swap / KYC,80463.67,2026-08-05T17:23:45,Tiruchirappalli,Tamil Nadu
6589ea75-e83b-48fc-83d7-6ca9b81f8439,Charan Hayer,Punjab National Bank,3512-8989-2179,APK Loan Scam,103910.15,2026-08-14T13:27:27,Delhi,Delhi
29caeffc-c67a-4efe-8cf5-b29de0a446a5,Bhavya Borah,Kotak Mahindra Bank,2919-2515-9025,Job Scam,311732.48,2026-06-24T19:51:31,Ranchi,Jharkhand
5ad5d52f-0eae-4ff3-b7ff-b09da6edd75e,Yamini Seshadri,Federal Bank,7872-7983-1069,Digital Arrest,75957.18,2026-07-14T08:13:53,Chennai,Tamil Nadu
ef106d19-4c77-47d3-959e-6f58c44e9024,Jagat Dave,Indian Bank,5423-2391-2253,Job Scam,64901.87,2026-08-22T21:22:26,Jamshedpur,Jharkhand
b46b0ed8-676c-422e-bc4c-44f0cde0f76b,Meera Prakash,HDFC Bank,9312-6353-1332,Electricity Bill Scam,21822.75,2026-06-13T16:31:18,Warangal,Telangana
08a4037a-b99c-4a1b-9c90-592abe9fdca9,Jasmit Dhawan,Union Bank of India,6525-9108-1545,Bank Impersonation,115838.46,2026-05-21T02:13:21,Delhi,Delhi
fa6f85f1-2e66-4311-9904-ca567a7b8368,Yashodhara Ratti,Bank of India,7845-9772-7719,Investment Scam,122873.22,2026-06-19T22:19:25,Bhubaneswar,Odisha
e5d85dd8-d02d-49fc-afd3-cb2c79fa238e,Chakradev Barad,Bank of India,4353-2514-3366,Digital Arrest,124878.71,2026-06-29T02:33:28,Bhiwandi,Maharashtra
086236d6-9fb5-445e-afdc-c256845d5594,Gauri Som,Central Bank of India,8456-3063-9466,APK Loan Scam,193516.28,2026-06-19T07:29:59,Nellore,Andhra Pradesh
2e170710-18f3-4165-83db-73ec75947c70,Manthan Varma,YES Bank,7262-7120-2532,Investment Scam,161778.39,2026-07-14T18:05:32,Bareilly,Uttar Pradesh
387a1883-afeb-4a5f-a4fe-49247c0b96aa,Falak Nagar,YES Bank,2634-8936-3202,APK Loan Scam,154443.37,2026-07-08T02:19:44,Pune,Maharashtra
3103814e-8604-4cd9-b07a-91791498caf0,Maya Mistry,Federal Bank,7030-2286-3702,Electricity Bill Scam,96337.59,2026-06-03T20:22:01,Sri Ganganagar,Rajasthan
27f3ed8b-8d91-493f-be99-8581135c2676,Yashica Upadhyay,Bank of Baroda,1830-2003-1704,Electricity Bill Scam,197574.11,2026-08-04T19:34:54,Aizawl,Mizoram
e2a94620-ed92-41a1-91a2-b5216e8d0f1d,Chandani Soman,Union Bank of India,8038-9426-6857,SIM Swap / KYC,188270.36,2026-08-14T17:46:41,Ranchi,Jharkhand
7b477a0c-f28d-4712-aec8-454f9a9b77d1,Jyoti Narula,Union Bank of India,6682-3144-4928,UPI Fraud,156551.44,2026-07-19T04:10:00,Tiruchirappalli,Tamil Nadu
0114a879-342e-4a09-8074-c4dd2f09bc33,Omaja Morar,ICICI Bank,9969-1524-8503,Digital Arrest,69128.82,2026-05-29T03:26:06,Vijayawada,Andhra Pradesh
ace6b9ea-cc5d-46d2-b6a5-c5c57bc1bdb2,Urvi Lanka,Central Bank of India,8048-5480-6110,Digital Arrest,185600.29,2026-07-03T09:14:44,Mumbai,Maharashtra
e82693b7-f284-4f6f-910f-9a35d2e126ae,Charan Srinivasan,YES Bank,9401-2148-9502,Romance Scam,15629.28,2026-07-20T16:21:10,Bareilly,Uttar Pradesh
101c4759-9afd-4306-aeed-f2de921043ef,Lajita Divan,Bank of Baroda,4989-1091-2231,Bank Impersonation,23136.75,2026-08-22T09:30:55,Noida,Uttar Pradesh
f83e769f-888e-4002-96d0-90aea566a707,Azad Choudhary,State Bank of India,3854-3751-3760,SIM Swap / KYC,98453.52,2026-08-27T13:16:34,Siliguri,West Bengal
8952a48c-83ee-4794-82f9-4d3cc04f06ee,Anirudh Sastry,IDBI Bank,2058-4360-3931,Digital Arrest,95081.26,2026-06-26T12:32:19,Bareilly,Uttar Pradesh
39879af7-adf8-40b0-81d3-8e5a7cb96208,Omya Doshi,Federal Bank,5478-3245-1718,APK Loan Scam,76234.47,2026-08-18T20:59:46,Solapur,Maharashtra
eec45f7a-6022-4411-951a-648c4ca85eaf,Samar Roy,ICICI Bank,2241-2854-9636,Investment Scam,197354.82,2026-06-19T16:52:17,Gwalior,Madhya Pradesh
56519747-5539-498c-b46e-1a57a857a067,David Devi,Federal Bank,6098-6818-3906,Investment Scam,373716.44,2026-05-20T19:30:13,Nashik,Maharashtra
41d22896-65e2-416c-95b7-74d592f6c80f,Ekta Sridhar,Canara Bank,2467-9954-2645,APK Loan Scam,17652.02,2026-06-12T12:25:05,Ranchi,Jharkhand
ccdac423-ca4e-44c4-aad7-22ba0b262b83,Dipta Ghose,HDFC Bank,4588-3149-3139,Job Scam,273085.35,2026-08-26T12:36:33,Chandigarh,Chandigarh
b5e968bc-3139-475d-8e22-e4071f5e9817,Hema Pandya,Kotak Mahindra Bank,7703-3141-8475,UPI Fraud,54879.21,2026-06-28T21:09:37,Firozabad,Uttar Pradesh
0050ce02-1b12-49b4-9c12-579bc28d6e17,Veda Handa,IDBI Bank,6000-6744-4737,APK Loan Scam,234445.55,2026-07-02T06:33:19,Raipur,Chhattisgarh
1a5a1c79-c889-4e94-83a8-d9fc0e85b0cb,Arya Misra,Canara Bank,8161-2158-2717,Job Scam,224713.22,2026-06-03T12:46:29,Jamtara,Jharkhand
72f8f486-4edc-40fa-9fea-5b435101ef98,Chameli Mani,Union Bank of India,8035-6726-5382,Electricity Bill Scam,116928.56,2026-07-22T07:57:41,Giridih,Jharkhand
782aca2a-7249-418e-b971-9cb7419f592b,Vrinda Nadig,Punjab National Bank,4772-2745-9102,APK Loan Scam,219928.57,2026-08-18T04:16:56,Solapur,Maharashtra
11f1e4d5-d62f-4847-b7aa-d77389bd4d57,Ikshita Mahal,IndusInd Bank,6367-7358-3258,UPI Fraud,64230.04,2026-05-02T16:49:07,Allahabad,Uttar Pradesh
c9760b25-59ab-4d1a-b8ac-6cb722408556,Jairaj Raghavan,HDFC Bank,1571-2922-4909,Electricity Bill Scam,66353.17,2026-07-10T17:57:14,Sri Ganganagar,Rajasthan
14378a48-9a62-4287-b775-247d9ec52ad9,Hemani Dhingra,Bank of Baroda,8413-2450-7890,Electricity Bill Scam,122097.89,2026-06-17T21:50:34,Salem,Tamil Nadu
fa3d49f0-9416-4c8a-bad0-8679f9fe7035,Brijesh Mani,State Bank of India,7569-2786-6614,Bank Impersonation,186523.69,2026-05-17T19:00:11,Tiruchirappalli,Tamil Nadu
370e9e50-aa95-439b-ae13-2bb1bfa45086,Hiral Sathe,Bank of Baroda,5004-3002-9999,SIM Swap / KYC,164307.5,2026-08-01T15:41:45,Kanpur,Uttar Pradesh
47690aef-df6a-4e12-be0b-ae169fb6ee3d,Varenya Kala,Canara Bank,5529-6145-2049,UPI Fraud,189430.55,2026-07-20T17:08:33,Bhilai,Chhattisgarh
21084007-8837-4f03-894b-f1d9aa0cabee,Anika Magar,Kotak Mahindra Bank,1215-4424-6607,UPI Fraud,129329.71,2026-05-28T17:06:21,Kolkata,West Bengal
d00586c9-4222-4a83-a58d-25b34d199231,Ikbal Khatri,IndusInd Bank,7725-2158-2663,Bank Impersonation,188791.94,2026-05-25T06:48:22,Guwahati,Assam
03732cb7-e187-43ee-b3c6-358d9b26479f,Chandresh Wali,Canara Bank,6355-7356-9907,Investment Scam,89040.01,2026-05-10T08:18:52,Raipur,Chhattisgarh
805988c7-db55-49c9-8d82-5b065e40a3ef,Viraj Ben,State Bank of India,3446-7169-9025,Digital Arrest,180993.32,2026-08-23T17:15:29,Agra,Uttar Pradesh
4e5d80be-1e1f-45e9-afe1-fbdf20104aae,Odika Narayanan,Indian Bank,3375-9081-7165,SIM Swap / KYC,125517.44,2026-06-16T15:58:01,Ghaziabad,Uttar Pradesh
e4bd1aa8-2ba2-4b8d-a0e9-f652386c77cf,Harish Devan,State Bank of India,4566-1348-3865,Electricity Bill Scam,175813.1,2026-05-02T23:43:57,Chennai,Tamil Nadu
f8f94a97-1710-47f3-aadc-cfef4d3dfa0c,Nakul Ray,Kotak Mahindra Bank,1881-5524-5282,Digital Arrest,281233.99,2026-08-27T14:24:20,Panihati,West Bengal
183b91c6-25b7-4490-b33f-d3513976860b,Vansha Iyengar,Axis Bank,6896-8085-9009,Digital Arrest,416872.64,2026-08-03T21:26:12,Jamtara,Jharkhand
81887802-63b5-4300-8df6-ff2394b05acc,Ekani Mangal,Punjab National Bank,4354-2202-7613,Electricity Bill Scam,121819.62,2026-07-31T17:08:44,Shimla,Himachal Pradesh
8da99b45-967e-4a91-8163-8f6a93b4f755,Gaurav Kata,Bank of India,1413-7171-8102,Romance Scam,64719.92,2026-07-21T16:30:29,Jabalpur,Madhya Pradesh
6dea475c-5a94-4838-a984-a752bfda0765,Parth Sahni,HDFC Bank,9319-1571-5891,Romance Scam,106299.33,2026-08-05T15:19:47,Solapur,Maharashtra
a5b296e8-4552-4541-80a4-db31526e59ec,Balhaar Ranganathan,Kotak Mahindra Bank,2639-9474-1176,Job Scam,67765.83,2026-08-06T16:58:19,Guntur,Andhra Pradesh
958edf13-6de4-43e0-8a41-a59da1fbdef3,Quincy Mann,IndusInd Bank,5191-6785-4270,Digital Arrest,491681.42,2026-06-25T22:05:31,Vadodara,Gujarat
de9d16ae-1abe-48a0-890c-f48ce5d9c0e3,Aditya Misra,Indian Bank,8236-1659-7023,Digital Arrest,125855.92,2026-06-06T02:06:22,Srinagar,Jammu & Kashmir
73f10e9b-39d3-4e7e-b281-e5c0ef6d5431,Gautami Mane,ICICI Bank,1370-6805-4007,Investment Scam,294177.75,2026-07-07T17:49:00,Deoghar,Jharkhand
657086f1-73a6-489a-91f4-c8519a6ac252,Wakeeta Desai,YES Bank,5380-5237-8953,SIM Swap / KYC,185105.78,2026-06-21T14:26:03,Mysuru,Karnataka
53af485e-cecf-48a7-bfe4-9e9390f2a3ef,Anjali Hans,Bank of India,6334-3708-3971,Romance Scam,32134.85,2026-08-12T12:30:33,Varanasi,Uttar Pradesh
9a6cb691-b316-4559-b794-33b50a5b6338,Ganga Gaba,Punjab National Bank,7568-1450-4639,Investment Scam,51871.32,2026-08-19T19:02:08,Bhiwandi,Maharashtra
72144bb3-91ab-46d7-804d-4b81f9161604,Aarini Grewal,Axis Bank,6498-3202-3954,Romance Scam,144284.0,2026-05-20T23:21:17,Bhusawal,Maharashtra
15877ace-6625-4b39-b6b3-7372f8dd731a,Geetika Merchant,ICICI Bank,7533-6797-2550,Bank Impersonation,194349.7,2026-07-09T21:44:56,Jamshedpur,Jharkhand
f246803b-a62a-4a1f-87be-09d83d5f545e,Parth Ravi,Central Bank of India,6867-7495-6483,Digital Arrest,80380.79,2026-08-09T14:14:42,Allahabad,Uttar Pradesh
6d75b45c-8af1-43c9-a040-ec755160427f,Yutika Narang,Federal Bank,4160-1715-1777,UPI Fraud,114987.11,2026-05-07T00:37:38,Nashik,Maharashtra
921422db-bd86-476e-b56a-e34c76a38eff,Nandini Chandran,Union Bank of India,9633-4931-3273,Job Scam,93723.25,2026-05-15T07:23:03,Srinagar,Jammu & Kashmir
9c073a5a-cf80-472b-a056-59b1d37a6d8d,Logan Sood,IndusInd Bank,5334-4241-7965,Bank Impersonation,132422.64,2026-07-26T10:24:43,Asansol,West Bengal
7e9421ae-a4a0-4bfc-904d-51c36d3bf9c5,Yuvraj Ahuja,Indian Bank,9749-6004-8123,Job Scam,140042.37,2026-07-30T18:55:24,Gwalior,Madhya Pradesh
d18d2e21-9857-497c-b7a7-b8452be2e41c,Leela Keer,Canara Bank,1930-8933-3608,Electricity Bill Scam,119112.91,2026-08-18T16:01:14,Chandigarh,Chandigarh
88123081-add5-4d1f-afa6-d2f364706810,Amara Narayan,IDBI Bank,7605-2990-4895,UPI Fraud,115635.3,2026-07-29T17:54:46,Bharatpur,Rajasthan
7472db20-bdbb-45e7-9faa-78632b4f2b39,Advay Lal,Punjab National Bank,5764-8182-3155,Job Scam,64606.37,2026-08-01T18:25:53,Guwahati,Assam
b74428a0-ca3c-4a82-9369-f4c5a07cc96d,Warinder Bhatia,Federal Bank,9681-2394-5331,Electricity Bill Scam,100393.66,2026-06-06T00:56:42,Cyberabad,Telangana
b96dfb66-b2b7-450a-9fd0-6de4707d55b7,Udyati Mohanty,Kotak Mahindra Bank,1225-4008-6076,Investment Scam,63494.05,2026-05-29T04:35:10,Jabalpur,Madhya Pradesh
67d17f9a-3c2b-4461-98ea-e3ebcb33e906,Nidra Thakkar,IDBI Bank,5299-6227-8385,SIM Swap / KYC,159346.45,2026-05-09T13:12:37,Mathura,Uttar Pradesh
d533dd8c-8fa8-4f09-892b-edc221e11d26,Jacob Merchant,Federal Bank,2863-3226-1251,Romance Scam,185040.11,2026-07-21T13:33:38,Eluru,Andhra Pradesh
96afd898-7dd6-4e3b-bb73-575093d1ecf2,Timothy Kanda,Union Bank of India,8322-9835-5059,Job Scam,123183.05,2026-05-30T13:54:06,Bharatpur,Rajasthan
4efa6411-6772-4e20-9f05-c317357333a9,Vanya Dua,IDBI Bank,9452-2529-9646,UPI Fraud,156901.59,2026-05-08T10:28:07,Panihati,West Bengal
8e97080f-0c94-41d0-9ac7-d05c1ef90b0c,Kashvi Sagar,Federal Bank,6213-3622-6194,APK Loan Scam,36256.16,2026-05-10T00:32:32,Mysuru,Karnataka
a64a95f4-8c77-41b0-9e82-5bea101d253b,Tejas Kota,Axis Bank,9251-9965-2506,Romance Scam,12206.97,2026-08-13T10:20:50,Solapur,Maharashtra
8f46594b-f97d-46aa-a324-08fc2d5ade52,Sanya Wable,State Bank of India,6080-5160-2120,Investment Scam,173378.62,2026-05-13T19:14:02,Guntur,Andhra Pradesh
e59330f7-27c7-4173-9dcd-5b5df06cabc3,Faras Choudhury,Central Bank of India,5490-8039-3978,Romance Scam,56378.6,2026-05-23T14:31:43,Mumbai,Maharashtra
ccc4a76d-9fef-4b38-9a16-43bf79a74225,Yashasvi Jain,Central Bank of India,3218-1222-4870,Digital Arrest,498915.79,2026-08-20T09:24:13,Durgapur,West Bengal
a98e247f-13a2-4e06-8a57-04aa22068a91,Nitesh Narang,Punjab National Bank,8522-3443-3155,Bank Impersonation,11235.13,2026-05-23T18:03:21,Delhi,Delhi
382eaf3e-ffd3-4a17-b974-e100a52a69d4,Jackson Jha,Canara Bank,3783-1575-1267,UPI Fraud,150149.88,2026-07-21T00:33:20,Panihati,West Bengal
3c342428-c00b-4e1a-a87f-abd5a43dfcf9,Gavin Uppal,Indian Bank,1847-3757-7704,UPI Fraud,24171.93,2026-07-03T17:07:08,Ghaziabad,Uttar Pradesh
b18a36c2-0981-4970-a51b-e5e249c4daf4,Christopher Setty,Indian Bank,5675-7414-6982,APK Loan Scam,315755.08,2026-05-19T02:25:19,Bareilly,Uttar Pradesh
58804ddd-ac61-4a1c-81cd-73186e767001,Yochana Sagar,Federal Bank,5687-6848-1783,APK Loan Scam,125583.7,2026-06-26T17:25:48,Raipur,Chhattisgarh
7f1810e8-c06c-4101-9bfe-f5ff263a25ee,Dalbir Shere,HDFC Bank,5774-3777-3766,Digital Arrest,84535.24,2026-05-13T02:17:27,Asansol,West Bengal
73a34256-bd3c-4cea-9db9-59d262781d6b,Anthony Randhawa,ICICI Bank,8091-3492-1301,Romance Scam,55568.6,2026-05-22T02:24:54,Solapur,Maharashtra
d85c0037-2c38-4de8-be3a-bf193ae26ec1,Aarush Kamdar,YES Bank,4337-5291-9359,Romance Scam,29898.88,2026-07-31T18:25:53,Jamtara,Jharkhand
71b47fa6-f474-4cdd-b50c-7ffb82622df3,Chakradev Sampath,HDFC Bank,1311-7896-2740,UPI Fraud,180909.17,2026-08-08T14:08:22,Asansol,West Bengal
92ba49f6-57ae-4903-a38c-c4ed8b1b3d57,Devansh Bhasin,Canara Bank,6621-4106-2258,Electricity Bill Scam,21497.74,2026-07-11T20:15:54,Bengaluru,Karnataka
478e4463-b150-4b0b-88b2-edc02da2dd17,Urmi Balay,ICICI Bank,2548-3738-9908,Investment Scam,491942.19,2026-07-30T04:12:45,Sri Ganganagar,Rajasthan
b97d8958-4f13-4fa0-8524-8357048c1e18,Nilima Gole,HDFC Bank,3850-4831-9263,UPI Fraud,152054.57,2026-06-16T10:35:11,Aizawl,Mizoram
9752535d-ce70-49f8-8052-70fdc7d2131d,Osha Prasad,YES Bank,7881-4395-1018,Electricity Bill Scam,192144.26,2026-06-16T02:50:53,Ranchi,Jharkhand
59f90471-e85d-4b73-bf95-005015bcc0be,Saumya Purohit,Kotak Mahindra Bank,1755-9893-7337,SIM Swap / KYC,116346.77,2026-06-29T20:19:47,Allahabad,Uttar Pradesh
d04249eb-ced4-4346-be8e-b565077a7e80,Faris Zacharia,Kotak Mahindra Bank,2326-5905-8725,Digital Arrest,474935.69,2026-07-24T19:31:16,Kanpur,Uttar Pradesh
427c0c5b-94ab-49d5-af34-7b3b5a1acd9a,Ijaya Dani,Central Bank of India,8281-5338-9390,Investment Scam,156786.79,2026-08-03T09:16:10,Kolkata,West Bengal
98cbe9ab-e47a-46c0-bbeb-1913b9f3f894,Maya Wadhwa,Kotak Mahindra Bank,3193-8935-3940,SIM Swap / KYC,132045.27,2026-06-02T06:35:36,Nashik,Maharashtra
f94720ae-9961-45eb-9dbc-565b5926c777,Udant Aggarwal,IDBI Bank,6735-6710-5793,Electricity Bill Scam,103703.18,2026-06-29T07:11:29,Gurgaon,Haryana
792a20e6-4068-4c2a-a2ab-c781a668a0bd,Chanchal Sheth,ICICI Bank,9381-1918-6915,UPI Fraud,112549.04,2026-05-31T18:12:03,Sri Ganganagar,Rajasthan
dd942d59-ecda-4551-800a-56393c79744e,Ladli Karpe,HDFC Bank,5485-6378-7593,Job Scam,111277.2,2026-06-21T20:36:13,Kota,Rajasthan
d8caa536-4a71-43e2-938d-b43e3f6c8c02,Triveni Pal,Central Bank of India,7713-7102-6671,Bank Impersonation,119542.27,2026-07-15T16:39:32,Kanpur,Uttar Pradesh
d748b3fb-dc29-49a2-a771-d69f5da3e22b,Anya Gulati,State Bank of India,7845-7952-8386,Job Scam,60122.96,2026-08-14T06:23:20,Srinagar,Jammu & Kashmir
2fd8a768-583e-4064-8974-d96110d18c13,Azad Saini,IDBI Bank,6294-9032-1423,UPI Fraud,190856.64,2026-08-21T16:52:39,Saharanpur,Uttar Pradesh
83690bd5-f192-496d-8415-775f51ab9a0f,Wridesh Jhaveri,Canara Bank,6378-3983-5739,APK Loan Scam,204416.75,2026-07-31T16:42:10,Bhopal,Madhya Pradesh
00a677c4-7091-4a61-99fc-4ead33b5f3b7,Harrison Bandi,Bank of India,2343-9993-9286,APK Loan Scam,348791.31,2026-07-30T05:51:02,Mysuru,Karnataka
0340d99d-6ab1-49ab-9327-6f586d9a9d42,Chanakya Konda,Federal Bank,9191-5869-6513,SIM Swap / KYC,147334.07,2026-06-20T17:18:49,Bharatpur,Rajasthan
8470eb52-cf7e-4feb-9514-27935408ee3d,Neelima Sarna,HDFC Bank,5845-3235-6921,Digital Arrest,270155.26,2026-07-11T18:25:24,Bareilly,Uttar Pradesh
2285fb35-3cf8-42dc-a0a2-a582e975c395,Teerth Bhalla,Central Bank of India,2763-7811-8465,Job Scam,58588.67,2026-08-03T08:39:36,Nashik,Maharashtra
50fc0cbb-c31d-4de8-9d46-ebb099ef2058,Yahvi Mann,Union Bank of India,8334-3200-5056,Job Scam,132111.69,2026-05-05T14:13:33,Indore,Madhya Pradesh
a6951c9f-3d2e-4931-bf56-cd927bfcebbc,Eiravati Nagi,Federal Bank,7311-7841-7600,APK Loan Scam,123295.18,2026-08-15T06:00:44,Indore,Madhya Pradesh
4d5b11cf-178e-4b93-8ed6-b00ed3820c30,Chasmum Dhar,Bank of Baroda,6012-4440-3955,Job Scam,314471.82,2026-07-10T14:11:23,Chennai,Tamil Nadu
a0d745f3-eca2-4484-aa64-0371f6b59f21,Odika Mital,Canara Bank,9821-6547-7145,APK Loan Scam,324321.28,2026-06-13T14:28:55,Indore,Madhya Pradesh
59ff3ca6-5cd0-4bbc-93fd-56b7023fbc90,Darsh Gill,Canara Bank,5876-2400-1820,Job Scam,150636.09,2026-07-21T10:39:29,Alwar,Rajasthan
23ca1fb4-05ea-47fe-8497-152f9df7273d,Warhi Batta,ICICI Bank,5032-1311-1155,Bank Impersonation,140009.18,2026-05-04T09:28:32,Solapur,Maharashtra
9cb69157-12f7-4843-a5d5-bda36a3ead5b,Lakshmi Vohra,Federal Bank,1934-1788-7174,Job Scam,233052.77,2026-07-16T12:21:58,Siliguri,West Bengal
457f7422-0a8f-4b84-87f8-4b352e07f29f,Omaja Rege,State Bank of India,4376-6780-9033,UPI Fraud,18219.92,2026-06-07T11:31:22,Bhilai,Chhattisgarh
83033dc7-f7ca-4218-ae97-710c85542e7a,Charita Puri,Union Bank of India,4543-4848-5630,Romance Scam,186926.02,2026-05-17T13:10:10,Kochi,Kerala
76cc0ab3-e849-4179-8e7d-d9e9128f6f6b,Urvashi Khosla,Indian Bank,4831-1257-3795,Electricity Bill Scam,143970.09,2026-05-09T15:45:49,Raipur,Chhattisgarh
800a0ebb-25e7-4291-985c-4188468a00bc,Charita Dhawan,YES Bank,1473-4789-3748,Romance Scam,18094.24,2026-07-01T20:13:56,Solapur,Maharashtra
51330cfb-e4a7-49b9-bc5a-2ccd3d464f8e,Dalbir Sachar,IndusInd Bank,9548-2833-9388,Bank Impersonation,73172.2,2026-08-02T13:49:34,Ahmedabad,Gujarat
c86bed7f-544f-4adb-b5e8-38f2d4fe8f5b,Krish Rama,Axis Bank,1755-7997-5090,Romance Scam,127986.56,2026-07-05T00:37:09,Sri Ganganagar,Rajasthan
8f2c16d1-4d26-4ea1-8c67-c215c59d2b98,Aadhya Jani,Axis Bank,4816-1961-7245,Job Scam,165351.06,2026-07-10T07:46:22,Amravati,Maharashtra
0c3d3943-e739-4530-9291-f2b6c78e1fad,Farhan Sengupta,YES Bank,8503-2139-2973,Investment Scam,283573.91,2026-05-10T03:11:46,Varanasi,Uttar Pradesh
69a3dd5b-607a-491b-af0a-3c7f2f025413,George Wason,ICICI Bank,5733-3553-4281,Electricity Bill Scam,181622.25,2026-07-06T22:46:49,Thiruvananthapuram,Kerala
01456588-9a17-489b-9f2b-fb054357ec5b,Charan Loyal,YES Bank,2870-8362-6946,Romance Scam,37049.89,2026-07-08T21:49:59,Srinagar,Jammu & Kashmir
4c4f10aa-fef3-42f3-aa36-32b298f7ef65,Balveer Bora,Indian Bank,1739-6966-5147,Investment Scam,317343.49,2026-08-23T05:10:38,Bareilly,Uttar Pradesh
efdbaa3a-46b6-4b13-9723-3ea49e519986,Teerth Srinivas,Bank of Baroda,6671-4139-8028,Digital Arrest,165267.54,2026-05-18T11:22:59,Panihati,West Bengal
8fccacad-bf8e-4f3a-92f2-bc02270a4bb6,Gaurangi Mitter,Punjab National Bank,9341-2678-5313,APK Loan Scam,188906.19,2026-06-28T01:31:56,Shimla,Himachal Pradesh
141521b4-d628-46ed-a60c-d119a381622f,Siddharth Gupta,Bank of Baroda,2547-2059-4962,Electricity Bill Scam,179433.88,2026-05-02T17:23:43,Pune,Maharashtra
2bee531b-1b6b-4013-b0d2-ee02af1d8098,Varenya Kibe,YES Bank,3725-7480-8769,Romance Scam,63120.2,2026-05-05T10:13:31,Amritsar,Punjab
a0aa15a2-889d-48e5-9b34-e4b37384a368,Mekhala Khatri,IDBI Bank,7963-3054-8466,UPI Fraud,87193.85,2026-06-26T04:25:47,Bengaluru,Karnataka
7f5b847f-632b-4776-a1ca-7c4a919b2b1e,Barkha Rai,Canara Bank,8934-5750-7711,Electricity Bill Scam,190918.03,2026-06-04T00:26:16,Shimla,Himachal Pradesh
2d17a621-e29b-4eaf-a60c-f36882a88595,Jagrati Morar,Federal Bank,7913-8640-9223,Digital Arrest,487890.14,2026-05-07T21:34:58,Madurai,Tamil Nadu
7492b0bd-58aa-4265-a123-ffe5cfe670ce,Jagvi Varghese,IDBI Bank,1196-2689-7607,Job Scam,271840.21,2026-07-26T11:04:57,Panihati,West Bengal
dd63a748-1a1e-4264-8042-2fa124af4874,Unnati Chaudhari,State Bank of India,6624-4540-5739,Electricity Bill Scam,138811.07,2026-05-23T21:32:40,Nellore,Andhra Pradesh
ee5152db-a0ee-4ab3-9a5f-d3953391d9c1,Ekaja Jani,IDBI Bank,8722-7273-4503,Investment Scam,256113.47,2026-08-13T16:35:38,Mumbai,Maharashtra
34003d83-3a3a-474d-bd1c-034f2d76956a,Dhriti Sachdev,ICICI Bank,5096-4812-6253,UPI Fraud,191810.62,2026-06-15T00:26:33,Bhiwandi,Maharashtra
0b2f70df-bdbd-453a-a84c-010e50dd157e,Timothy Dhingra,Central Bank of India,3069-7434-8756,APK Loan Scam,72114.04,2026-07-30T20:31:35,Cyberabad,Telangana
2fcacba0-125f-495b-a91a-a41fe5a4965a,Advika Sahni,Union Bank of India,4896-5714-5594,Job Scam,308847.97,2026-08-13T09:50:04,Indore,Madhya Pradesh
20b578cd-b622-440b-827d-acf622040d74,Michael Hayre,Union Bank of India,1131-8116-8867,Electricity Bill Scam,189263.8,2026-07-08T06:20:40,Pune,Maharashtra
e315abb7-31b3-4124-a85e-5f35a5b61d25,Victor Raghavan,IDBI Bank,1586-6751-8814,Bank Impersonation,121127.26,2026-06-28T17:49:42,Nuh,Haryana
32365f57-5fd1-4cc0-8c1a-c3f0b78e90d5,Xalak Nazareth,IDBI Bank,2574-8556-8912,APK Loan Scam,213966.54,2026-07-21T19:52:21,Madurai,Tamil Nadu
8d40ad3e-261f-422c-a5f4-7f538da73f02,Vrinda Swaminathan,Bank of India,6675-8571-7465,Electricity Bill Scam,54177.8,2026-08-06T00:53:22,Aurangabad,Maharashtra
3c1353f1-e030-4d23-b837-691ace576697,Om Pandey,Central Bank of India,5227-8952-1199,Bank Impersonation,176398.68,2026-06-04T16:09:43,Thiruvananthapuram,Kerala
7f9510f9-33d2-497e-9278-c969dfb91f3e,Logan Suresh,IndusInd Bank,9980-4463-6261,Investment Scam,367303.14,2026-06-10T12:14:17,Mumbai,Maharashtra
50edc9c9-14bf-4c6a-b1f4-19107b4049ac,Daniel Viswanathan,IndusInd Bank,6484-7027-4167,Bank Impersonation,30107.83,2026-07-29T04:09:50,Indore,Madhya Pradesh
a5692fdf-4097-4f34-a600-578eec389c80,Falan Bava,HDFC Bank,7050-5763-1575,Bank Impersonation,141224.77,2026-06-08T19:50:23,Ahmedabad,Gujarat
744179d3-4e92-4e09-a510-888776bd7adc,Nitara Devan,Canara Bank,3535-5493-5878,SIM Swap / KYC,181044.42,2026-06-24T09:25:32,Bareilly,Uttar Pradesh
fc734748-cbcf-48be-94dc-ea5f6688f105,Ekansh Dora,State Bank of India,6158-4126-4825,Romance Scam,119691.67,2026-06-02T05:27:11,Alwar,Rajasthan
ceeeb0a8-def0-4427-9cb1-0425484a40c4,Tejas Tiwari,Axis Bank,4820-5259-2535,Job Scam,347421.98,2026-06-16T05:03:17,Bareilly,Uttar Pradesh
adea2445-3aab-4d3a-a87e-68428ce623f0,Kashvi Bhasin,Punjab National Bank,8982-7239-6123,UPI Fraud,191146.93,2026-05-01T22:23:52,Aurangabad,Maharashtra
bca36081-7ce2-4375-83cd-2af5fae1a044,Vinaya Babu,Central Bank of India,9382-3955-3043,Investment Scam,249608.69,2026-07-09T09:35:52,Siliguri,West Bengal
734e7072-e12d-4460-afcb-71db9d1e2ea1,Nisha Arora,YES Bank,8427-8073-6188,Electricity Bill Scam,66128.41,2026-06-02T01:04:13,Bhubaneswar,Odisha
9bd0bd82-6b64-491e-9588-02faaf3b7a78,Anvi Wason,IndusInd Bank,7052-4574-9693,Job Scam,52188.14,2026-08-06T16:56:32,Kota,Rajasthan
7e9fbd81-4abb-47c1-ae18-26c406916025,Anay Thakkar,Union Bank of India,8163-6378-9977,Digital Arrest,160099.02,2026-07-13T03:11:36,Warangal,Telangana
860acc41-e9e9-4109-abc7-6ec389142a5f,Praneel Chhabra,Axis Bank,7990-2730-3612,APK Loan Scam,224778.33,2026-05-26T21:03:47,Nashik,Maharashtra
04047c99-9fc3-4110-9426-cda9d3045621,Manthan Khosla,Canara Bank,5328-3429-3204,Bank Impersonation,36989.62,2026-07-29T17:47:33,Bhiwandi,Maharashtra
6d90ef72-cf1f-43dc-adbf-14e7f2958ad9,Zayyan Pandya,Central Bank of India,2260-6916-5123,Investment Scam,191585.37,2026-08-23T11:25:41,Chandigarh,Chandigarh
5e42d497-b9b6-4f3d-b54c-ba883058ee5f,Mekhala Brar,Indian Bank,9490-6001-3370,Electricity Bill Scam,125757.7,2026-06-20T06:35:00,Nashik,Maharashtra
1b8a201f-bc26-4dc7-8339-2c0d38b0dee2,Nidra Sharaf,Federal Bank,9333-1695-7594,Romance Scam,79403.72,2026-07-07T10:33:40,Bharatpur,Rajasthan
c0bca524-ff5b-4f60-84b5-7332270d8d86,Upkaar Mital,Punjab National Bank,8387-4617-3568,Bank Impersonation,81749.51,2026-07-06T16:28:25,Raipur,Chhattisgarh
9fba7297-de91-4b3e-917e-5b3555164515,Azad Chander,Bank of India,2026-4984-4036,APK Loan Scam,167584.2,2026-05-18T05:11:50,Jamtara,Jharkhand
569b504e-cf42-4e0d-9ae0-a78b7ce1b629,Ladli Purohit,Federal Bank,8068-1392-3735,Bank Impersonation,108701.6,2026-05-15T15:57:56,Indore,Madhya Pradesh
2d565f0a-ebf7-4ba0-9daf-d7d6f0877b07,Daksh Andra,State Bank of India,9437-8261-2292,SIM Swap / KYC,83587.75,2026-07-28T09:07:26,Giridih,Jharkhand
794bbb1d-0bc1-4e30-adad-a167a28137d5,Fitan Tata,Canara Bank,9800-8974-5618,Job Scam,215302.43,2026-07-01T04:24:04,Jodhpur,Rajasthan
917f9357-6006-422a-943b-a7612aa9d8df,Garima Chandran,ICICI Bank,9221-9885-2424,UPI Fraud,128764.43,2026-08-27T23:22:37,Mathura,Uttar Pradesh
57411455-fb42-412c-8319-9d479fa2fcaf,Victor Kakar,Axis Bank,6270-5781-3848,Investment Scam,416050.49,2026-05-06T15:39:31,Nashik,Maharashtra
720aeac3-28a4-47d6-a1da-bcb846307aaa,Anika Batra,Canara Bank,1107-8296-9926,Job Scam,99627.98,2026-07-22T19:05:27,Nellore,Andhra Pradesh
e2e7205b-183e-4147-a2b8-d4df968879b3,Avni Bali,Central Bank of India,7560-4860-5179,SIM Swap / KYC,163723.93,2026-07-07T06:16:43,Amritsar,Punjab
180b4eb6-323e-467d-9ca0-75500cb559f7,Divya Babu,Punjab National Bank,9170-3769-3295,UPI Fraud,55250.01,2026-05-16T07:45:49,Alwar,Rajasthan
cfb94179-5f88-454d-8f17-e95665935366,Maanas Rao,Federal Bank,2540-5379-9525,Investment Scam,155553.48,2026-07-29T06:24:15,Jabalpur,Madhya Pradesh
105aad3f-eea3-414b-bb35-34492d9d4cf1,Chandani Gaba,Indian Bank,2886-3380-2619,APK Loan Scam,177680.81,2026-06-07T15:32:29,Noida,Uttar Pradesh
c75b928b-d288-4f05-b686-fc05d7460e56,Lopa Zachariah,Federal Bank,7076-5711-2536,Electricity Bill Scam,160497.58,2026-07-29T19:18:51,Giridih,Jharkhand
85e40e7c-2378-43b1-bb65-9c9122d94436,Leena Dey,Federal Bank,8796-4745-3541,Digital Arrest,171561.76,2026-08-12T20:11:17,Shimla,Himachal Pradesh
2c7e81a3-c151-487f-bb5c-5679fa11e31d,Xiti Pal,Bank of India,9088-3269-7710,APK Loan Scam,52514.25,2026-08-08T13:00:39,Thiruvananthapuram,Kerala
8e744e94-efc1-46f1-8623-4932080f6514,Guneet Sarkar,Central Bank of India,2446-7706-7250,Investment Scam,158544.94,2026-07-23T12:14:13,Amritsar,Punjab
107f6cb9-3073-4bb0-9848-d95f30f3dc0e,Faqid Oak,Federal Bank,4142-6679-7143,Electricity Bill Scam,121422.98,2026-08-07T20:56:05,Hyderabad,Telangana
2647fc92-ecfc-4855-ba42-30f0f8c94871,Eta Balan,HDFC Bank,7608-4100-9489,Romance Scam,136736.9,2026-07-12T18:56:46,Amravati,Maharashtra
0d3fff8f-9138-4a98-97a5-b8d67c1c1346,Shravya Swaminathan,Canara Bank,7881-6959-4186,Bank Impersonation,29475.75,2026-08-09T03:35:48,Shahjahanpur,Uttar Pradesh
269e8807-554d-4ba7-b8e9-b32c5941828a,Ishani Prashad,Bank of India,6364-5487-3375,Bank Impersonation,182634.41,2026-07-15T23:37:06,Panihati,West Bengal
cc60475d-cc29-4df3-ba41-412c48644a1b,Quincy Rai,Central Bank of India,2342-2477-8223,Investment Scam,247678.31,2026-08-21T21:29:01,Mathura,Uttar Pradesh
f789cd1a-033d-4cdd-be5c-ff37f8598d23,Chakrika Koshy,YES Bank,8926-4024-2185,UPI Fraud,34885.27,2026-05-16T06:27:43,Gurgaon,Haryana
9bac62e3-a5f7-4f8f-8dec-a31884304f90,Fitan Loyal,YES Bank,5700-1699-1356,Investment Scam,447715.95,2026-06-15T10:46:42,Bhusawal,Maharashtra
9997a9e8-1628-4319-a176-e306bfd949a3,Lajita Dube,Punjab National Bank,2350-1297-1345,Job Scam,203072.36,2026-05-10T18:42:42,Bengaluru,Karnataka
ce84f24f-3f3e-43ca-b00c-d94e0e001d9f,Edhitha Patel,Bank of Baroda,7754-6827-6424,Job Scam,299570.73,2026-07-25T02:29:25,Nellore,Andhra Pradesh
687bcfb5-cadc-42a3-965f-468d9284b2f0,Gavin Ahluwalia,Bank of Baroda,5453-2512-1832,UPI Fraud,34673.96,2026-06-04T14:29:31,Rourkela,Odisha
484dbfa5-daf2-481c-a7ea-de49092c2fd9,Sai Parsa,YES Bank,6613-9633-2952,UPI Fraud,175040.6,2026-07-13T20:02:12,Kochi,Kerala
687eb4f5-1afd-4037-b6d1-fd21684856c5,Harsh Deo,HDFC Bank,8046-2374-8395,Job Scam,156450.41,2026-07-20T19:32:25,Rourkela,Odisha
6e513f33-8f23-494c-9dc1-b3821f483a2c,Rachit Sankar,HDFC Bank,1760-7438-9507,Romance Scam,168887.21,2026-07-08T14:18:00,Bikaner,Rajasthan
1bd50ed9-2e81-4de0-bfa1-d4e33372c1c3,Yauvani Reddy,ICICI Bank,5666-4296-9122,Digital Arrest,177011.92,2026-05-10T20:24:08,Vijayawada,Andhra Pradesh
f96bc21d-8758-4397-b291-bc2072cfaa18,Atharv Chakraborty,HDFC Bank,7062-7437-3088,UPI Fraud,162015.49,2026-05-08T06:02:42,Durgapur,West Bengal
85478258-b4c8-45cb-a57b-e98dab09b50f,Girik Nair,State Bank of India,6605-2991-1194,Electricity Bill Scam,117294.19,2026-08-11T01:36:08,Sri Ganganagar,Rajasthan
2d50b982-7ea3-4b08-9f32-cf5c5aabee13,Advik Manne,IndusInd Bank,6252-9732-7340,Digital Arrest,345148.54,2026-05-11T22:59:21,Jamtara,Jharkhand
5056be98-c06d-4041-9cb5-2586e6e41017,Lipika Chad,Punjab National Bank,8628-6022-1068,UPI Fraud,163824.73,2026-07-24T06:31:34,Mumbai,Maharashtra
be7178e7-50c4-4352-83bd-b1d5a4498073,Omkaar Rai,Indian Bank,5803-6502-1068,SIM Swap / KYC,172184.16,2026-07-08T12:10:24,Nagpur,Maharashtra
213e68d4-af37-4000-ac16-6109a192b20f,Liam Luthra,Punjab National Bank,1387-8822-9565,Electricity Bill Scam,159945.69,2026-06-05T22:51:12,Panihati,West Bengal
487e3ec0-c605-4478-98ce-e322088e8f30,Amrita Tailor,ICICI Bank,7747-6617-2120,Electricity Bill Scam,80422.56,2026-06-18T07:06:13,Jamtara,Jharkhand
c85c0ab4-22f6-4387-a1ce-f02515860f26,Dev Ganesh,Bank of India,7772-6071-5984,Investment Scam,162912.7,2026-06-28T12:57:49,Coimbatore,Tamil Nadu
85de24f6-86ea-400a-a206-845aab497532,Anya Sama,IDBI Bank,3383-2718-2044,Romance Scam,32054.0,2026-07-22T05:16:57,Mysuru,Karnataka
96490b4c-8423-4ced-9a83-219bdc217695,Veda Bose,Federal Bank,1575-2255-4363,Job Scam,72970.38,2026-08-21T10:06:42,Bengaluru,Karnataka
55dc767f-f722-488c-b49d-c59e58d21b12,Zayan Koshy,IndusInd Bank,4901-5216-4419,UPI Fraud,110558.6,2026-07-16T11:40:59,Nellore,Andhra Pradesh
61d525a1-96bd-4544-ae8f-00125535845b,Rohan Shankar,Federal Bank,8960-6066-5752,SIM Swap / KYC,166674.64,2026-06-18T03:49:21,Vadodara,Gujarat
4cb1d771-532e-4752-b071-738d12ec5fcd,Krishna Modi,YES Bank,5700-1699-1356,Electricity Bill Scam,44695.84,2026-05-09T14:45:23,Bhusawal,Maharashtra
49f725e5-ec10-4966-9f61-a67d69601915,Meghana Natarajan,Bank of India,8824-8437-9511,Bank Impersonation,92668.1,2026-06-23T12:05:48,Siliguri,West Bengal
2caf1996-4181-41db-bcb4-558fc100727e,Forum Sarraf,Kotak Mahindra Bank,8693-2485-7686,Bank Impersonation,86138.45,2026-06-14T21:21:35,Mumbai,Maharashtra
df770cfd-0f83-4753-a703-9064bbdbf1eb,Qushi Deshpande,Punjab National Bank,8210-3194-2492,SIM Swap / KYC,50588.19,2026-07-30T19:32:41,Warangal,Telangana
d3923116-10e7-45f5-a1dd-4182cb9ee5e5,Ekani Iyer,Kotak Mahindra Bank,5081-1700-2009,Digital Arrest,473825.61,2026-08-05T23:59:54,Jodhpur,Rajasthan
0715ad0c-a258-4a0c-ae45-1525f23fe8d6,Dipta Goel,HDFC Bank,5046-1529-6650,Electricity Bill Scam,136778.63,2026-06-06T09:01:36,Bhiwandi,Maharashtra
7f7de159-2970-4128-ab1e-599d788a1ab5,Eiravati Manne,Federal Bank,4447-8942-4115,Romance Scam,193039.35,2026-06-19T13:55:46,Bhiwandi,Maharashtra
97da76f8-ee76-4f27-b313-971c28fe3337,Xavier Nanda,IDBI Bank,2218-7843-5001,Bank Impersonation,55255.67,2026-08-05T10:15:49,Cuttack,Odisha
a970e0b5-2d21-4cdc-920a-facbfecbf6ae,Avni Ramaswamy,Bank of Baroda,9267-5717-7687,Job Scam,213661.67,2026-06-24T06:08:24,Vijayawada,Andhra Pradesh
bb4f03ce-351a-4549-9bb8-cb5fc0a12629,Ishaan Iyengar,HDFC Bank,3009-8986-6311,Job Scam,193143.0,2026-08-03T18:25:02,Gwalior,Madhya Pradesh
2f6cb5c5-e1c5-4556-aee4-82075796215c,Avi Shenoy,IndusInd Bank,2706-4128-1580,UPI Fraud,65761.35,2026-05-27T23:30:23,Agra,Uttar Pradesh
8f4a0f6b-8ff0-4a2d-b154-b83d4371dc36,Raksha Manne,Union Bank of India,9081-3952-9862,Bank Impersonation,92268.27,2026-08-22T04:33:03,Agra,Uttar Pradesh
6ec0c7be-7829-4faf-9c7f-e40601e9c881,Nilima Tata,Kotak Mahindra Bank,5085-4990-6834,Bank Impersonation,106384.5,2026-07-25T12:07:37,Durgapur,West Bengal
dfd81ad5-4bb7-4fa8-acee-db93b4ddfb50,Chavvi Khurana,State Bank of India,3591-9904-3329,Job Scam,65642.4,2026-08-24T22:33:04,Nashik,Maharashtra
52113e1a-a31e-4784-93c3-85103764418d,Mitesh Sampath,Union Bank of India,1002-1584-1874,SIM Swap / KYC,127628.02,2026-07-27T09:27:14,Mysuru,Karnataka
3cfef339-7981-4bc2-a394-d41ba6df70ae,Ethan Sen,Union Bank of India,4896-5714-5594,APK Loan Scam,98196.52,2026-05-29T13:30:49,Indore,Madhya Pradesh
ed369ab3-8927-4673-a750-31ed95139a5b,Nandini Warrior,Axis Bank,6270-5781-3848,APK Loan Scam,127202.55,2026-06-16T16:08:08,Nashik,Maharashtra
7f378ddd-6345-4284-b6f9-6617081e89d4,Balhaar Parsa,Central Bank of India,1897-7681-1376,Digital Arrest,468949.28,2026-06-15T20:22:10,Jamshedpur,Jharkhand
a0c75392-29f6-4690-82b3-7972f498ef26,Ikbal Kothari,Kotak Mahindra Bank,8323-8774-3366,Job Scam,270019.72,2026-07-28T19:49:25,Kochi,Kerala
9ba4ad74-7749-4077-9204-993027640579,Ojas Basu,Union Bank of India,9213-7044-8300,Job Scam,332247.61,2026-07-25T15:44:53,Tiruchirappalli,Tamil Nadu
d07621c1-ec66-43ef-9475-f3a7ae101510,Garima Sani,IDBI Bank,9393-3780-1320,Investment Scam,440541.88,2026-06-14T09:50:59,Bhiwandi,Maharashtra
c285691f-9605-4620-b55d-8aedd8699938,Advaith Chaudhari,Union Bank of India,2817-4535-2927,UPI Fraud,30744.63,2026-06-17T00:49:24,Jamtara,Jharkhand
a75253d9-3fe1-462f-bf67-9442af2337eb,Tristan Uppal,Federal Bank,3194-5810-5728,UPI Fraud,117939.25,2026-06-15T21:49:05,Bhopal,Madhya Pradesh
b6da17b2-fe0a-4f2c-9d88-f6222d9d1739,Sanaya Prasad,IDBI Bank,8027-2967-5275,Electricity Bill Scam,93136.15,2026-07-17T19:56:18,Chandigarh,Chandigarh
0fcbb904-5237-4685-9d8a-ea1451cd35ea,Ubika Tella,Bank of Baroda,2784-8120-3700,Bank Impersonation,149841.1,2026-06-05T11:24:02,Delhi,Delhi
147c01bb-7a06-4707-a235-f05140a09f6c,Hemani Bakshi,Bank of Baroda,8995-4660-5721,Job Scam,49088.39,2026-05-13T01:33:25,Thiruvananthapuram,Kerala
0733e61f-73a7-4031-bc4e-c156666302ae,Henry Merchant,Punjab National Bank,4688-3792-5624,Job Scam,73773.39,2026-08-02T21:41:49,Nagpur,Maharashtra
8a925877-b9a4-48a0-a0e8-10ba8e3d9cfb,Frederick D’Alia,Canara Bank,2406-7439-4949,Investment Scam,188444.71,2026-07-24T11:22:33,Saharanpur,Uttar Pradesh
2b3605d8-5a2a-47a4-a3c5-1d34295605eb,Ijaya Muni,Punjab National Bank,3455-9400-9767,UPI Fraud,118096.66,2026-08-03T21:29:16,Bharatpur,Rajasthan
3cdb25e7-60ee-4cf4-84b1-fa2a49057b1c,Tamanna Jhaveri,HDFC Bank,5039-1032-8448,Romance Scam,124640.92,2026-07-25T17:42:46,Jamshedpur,Jharkhand
2ba814d6-f3db-4db2-89c2-b593660743a2,Ijaya Soni,Indian Bank,4342-8118-4350,Investment Scam,54784.14,2026-07-23T10:11:25,Kochi,Kerala
4d3e33b8-9cb8-4521-86c6-87a11b1f86f0,Raksha Sethi,IndusInd Bank,1439-4962-3937,Digital Arrest,104174.35,2026-07-23T23:55:54,Siliguri,West Bengal
583fcbd7-4067-4d90-992d-b5febd45b8ad,Ekalinga Mital,ICICI Bank,1081-5852-1689,APK Loan Scam,338546.96,2026-06-25T16:13:12,Dhanbad,Jharkhand
0e4f47a2-a6f9-4dfa-9683-70b4454da974,Ishwar Bajaj,Bank of Baroda,4574-2839-5709,Digital Arrest,428946.14,2026-06-07T09:53:48,Kochi,Kerala
0d71239e-c0f0-4cc2-9ccc-e7ac72c77f49,Ikbal Gala,Canara Bank,1293-7603-9947,Bank Impersonation,61824.85,2026-08-11T15:24:49,Hyderabad,Telangana
4eae9b2d-de00-45f4-a515-f38080f15410,Zaitra Ghosh,ICICI Bank,1067-2122-2860,Electricity Bill Scam,177315.8,2026-06-18T10:36:13,Kochi,Kerala
34fbb718-a9e6-4dc4-b045-7f7513773cfe,Ganga Sandhu,Union Bank of India,7386-4394-7463,Job Scam,94871.01,2026-07-27T09:45:31,Firozabad,Uttar Pradesh
1e69f800-d7df-430c-a493-fa31ae4f9e2d,Vincent Ravel,Kotak Mahindra Bank,3945-6391-3513,UPI Fraud,52450.82,2026-06-08T18:06:19,Eluru,Andhra Pradesh
4c2e458d-38dd-4b43-8d40-ab8a9bf2fcf3,Quincy Sankaran,Union Bank of India,6388-7567-5650,Digital Arrest,441632.97,2026-08-03T14:57:05,Allahabad,Uttar Pradesh
e0d7d207-4a30-4d29-a426-c26181432360,Ayush Hora,Axis Bank,7164-2087-6444,APK Loan Scam,55764.9,2026-06-15T08:59:21,Ahmedabad,Gujarat
b6a9b3e5-8e22-4686-ad2d-d65a73748031,Pushti Ramachandran,Punjab National Bank,8327-6771-1128,Romance Scam,164415.59,2026-07-14T13:28:45,Asansol,West Bengal
e4cc9789-db1f-4700-a538-96218e763b8d,Tanish Jha,Indian Bank,8399-9634-3371,Electricity Bill Scam,6872.63,2026-05-16T10:06:47,Madurai,Tamil Nadu
17fc9657-8cfa-47f4-b107-6669077f6010,Dev Chaudry,IndusInd Bank,3630-6834-2828,Bank Impersonation,199708.67,2026-05-21T10:46:08,Nellore,Andhra Pradesh
3e7d87c4-c0a7-4ffa-8b0f-c10cb2e0d7d9,Jasmit Nanda,Canara Bank,5377-4763-7231,Digital Arrest,117291.01,2026-05-11T22:26:25,Firozabad,Uttar Pradesh
f63cdc3c-5378-4f58-94d4-aab1fd8172cb,Tanvi Comar,Axis Bank,3138-9314-5720,Electricity Bill Scam,153097.85,2026-05-03T05:37:49,Mathura,Uttar Pradesh
02230dff-75fb-4a1a-bad1-8d0790839785,Vrishti Wable,Central Bank of India,1783-8348-4601,Job Scam,83696.96,2026-05-28T10:55:30,Nagpur,Maharashtra
b4b68225-d8c6-405c-adfb-cb8020324de4,Lipika Ramanathan,HDFC Bank,3943-7456-4182,Investment Scam,314098.91,2026-05-25T21:34:44,Guwahati,Assam
0f7cb317-fa29-4fd0-98df-4494805e8529,Ijaya Pandey,Bank of Baroda,6140-9614-1798,UPI Fraud,138862.68,2026-07-22T03:45:35,Panihati,West Bengal
3dfd6e90-3127-4f5f-bcc3-276377e7a4f3,Orinder Mishra,Bank of India,3297-9875-8349,Electricity Bill Scam,76036.11,2026-08-01T12:16:40,Warangal,Telangana
402b6eae-aff5-4663-b383-4a8a5dc81da5,Krish Munshi,Central Bank of India,1410-4469-8628,Bank Impersonation,79841.1,2026-08-19T03:21:34,Hyderabad,Telangana
c526ad0a-e92f-4e92-a80b-d23cedd0c8ed,William Mody,Axis Bank,9227-1081-4840,Romance Scam,104221.25,2026-08-01T12:23:07,Asansol,West Bengal
05c282b0-4264-47ff-9b03-776583abd61b,Qadim Prakash,ICICI Bank,4023-6651-8671,Digital Arrest,398022.95,2026-07-18T17:56:38,Dehradun,Uttarakhand
9ef91464-c711-44d3-a358-ea33b136d4ee,Yasti Rama,IndusInd Bank,9510-5392-1960,Romance Scam,77301.85,2026-07-18T03:01:58,Mysuru,Karnataka
59127935-5b01-4654-8eec-986b8f2a8d9e,Lakshit Rajagopal,Central Bank of India,4233-6077-3036,Job Scam,349169.98,2026-08-13T23:36:06,Bhilai,Chhattisgarh
67645b0b-6c7e-493e-bdfd-eb4956441c1e,Quincy Sur,Bank of India,3291-4318-5906,Bank Impersonation,36802.15,2026-05-06T02:38:20,Thiruvananthapuram,Kerala
bd9152ac-2147-43b3-8952-91bd9ae3733e,Ojas Suri,Bank of India,5723-1407-6351,Electricity Bill Scam,93129.38,2026-08-23T17:39:55,Saharanpur,Uttar Pradesh
0753b87a-4539-4edc-8c8d-c64070601ee1,Logan Grover,Punjab National Bank,4082-7716-7541,UPI Fraud,18138.58,2026-05-28T14:58:19,Deoghar,Jharkhand
a89eaa69-4ad7-48d5-8625-a49bf3ab905d,Shravya Bera,IDBI Bank,5390-7359-1071,UPI Fraud,190110.72,2026-08-22T09:03:04,Warangal,Telangana
4c639de4-8218-4fb8-8dd2-a2d36a902d87,Aditya Sundaram,Federal Bank,7051-3573-5113,Bank Impersonation,99949.95,2026-06-08T22:08:58,Bhubaneswar,Odisha
6e23478d-f77e-4b07-8319-3109ce984b67,Robert Rajagopalan,Canara Bank,6859-8028-3931,Investment Scam,104522.01,2026-06-19T01:40:25,Ghaziabad,Uttar Pradesh
1c946f5f-1cbc-45d1-9d25-e71fb8147c3a,Nilima Swamy,IDBI Bank,3659-7092-2821,Investment Scam,97320.44,2026-07-23T07:10:32,Guwahati,Assam
5f7b0261-d8d0-44b7-ad3d-184b51077c4d,Sachi Suresh,YES Bank,5067-5482-7518,Bank Impersonation,105518.34,2026-07-28T02:55:05,Panihati,West Bengal
af37cfa6-64e1-442b-9c55-75bd065c2e5e,Fitan Balasubramanian,Canara Bank,3376-3638-9126,Bank Impersonation,193556.92,2026-07-20T11:08:00,Mumbai,Maharashtra
48deb2c8-7468-4915-9baf-933e8e752277,Brinda Bali,Bank of Baroda,3162-3582-2703,APK Loan Scam,306566.98,2026-06-22T23:00:11,Agra,Uttar Pradesh
757f0749-08c5-4aca-bc5d-f57c1aa4fece,Umang Yogi,Kotak Mahindra Bank,9099-5826-5871,Electricity Bill Scam,174777.78,2026-07-29T21:27:57,Durgapur,West Bengal
790961c9-7b15-4db6-b9d2-ac45bb1e36fe,Om Shankar,Kotak Mahindra Bank,5904-7506-5310,APK Loan Scam,134078.78,2026-05-06T03:58:06,Ranchi,Jharkhand
7582ec42-b909-495f-ba9c-6eaf9f802c77,Yasti Chowdhury,Bank of India,7703-9972-7625,Bank Impersonation,88863.77,2026-08-24T08:56:53,Vadodara,Gujarat
6c42d6bd-9f9e-49f8-9809-5fabb4a60409,Amrita Peri,YES Bank,5560-8690-9007,Job Scam,203336.31,2026-06-05T05:51:49,Shimla,Himachal Pradesh
3b33f1a9-4622-4557-aeaa-aa77aaf3b4b2,Ridhi Kamdar,HDFC Bank,7962-1128-2546,SIM Swap / KYC,175723.72,2026-06-26T06:55:29,Guwahati,Assam
d281cfe1-d157-4f3d-8d0b-fb4c0102dd93,Harsh Kota,ICICI Bank,6113-6241-7570,Electricity Bill Scam,28260.19,2026-07-06T22:29:57,Dhanbad,Jharkhand
2bff37f5-55a9-45d7-8920-a7279614563d,Bachittar Sengupta,YES Bank,4073-9375-1299,Investment Scam,160499.05,2026-06-20T05:06:17,Kanpur,Uttar Pradesh
a7a6c966-7431-4b52-80be-5e8d563b826c,Ijaya Chahal,Punjab National Bank,2518-7567-8391,SIM Swap / KYC,179923.2,2026-08-10T23:30:41,Bhilai,Chhattisgarh
a5440592-57b1-48ec-a1de-02b104f592f7,Jacob Khalsa,Canara Bank,1222-8111-1496,Romance Scam,127449.91,2026-06-27T04:52:44,Solapur,Maharashtra
524dff1e-5714-4000-9c82-da42d5f86803,Indali Sangha,Indian Bank,1004-7787-7559,SIM Swap / KYC,79375.66,2026-08-19T21:50:22,Ghaziabad,Uttar Pradesh
f0ab8237-d0c1-4c9f-b806-b686b583de15,Liam Jhaveri,Bank of Baroda,7176-2806-8729,UPI Fraud,84626.14,2026-06-23T03:43:08,Ranchi,Jharkhand
8dd2e9a4-1d3f-4568-a9f8-3665cc41f21e,Daniel Panchal,Indian Bank,9064-4048-9073,SIM Swap / KYC,107511.18,2026-08-12T06:38:01,Bhusawal,Maharashtra
bf59aae6-e7b8-4d40-97e6-25c1fe90abd8,Om Naik,Axis Bank,8750-7456-7326,SIM Swap / KYC,160367.32,2026-06-10T20:39:15,Durgapur,West Bengal
3e0341f5-eaf5-4db8-828a-76569a5e6f46,Bimala Loke,Central Bank of India,6367-4902-8202,UPI Fraud,137142.82,2026-07-20T19:44:49,Ahmedabad,Gujarat
2b82ca08-f69c-414d-adfa-bebd874b9c47,Krishna Sabharwal,IndusInd Bank,9157-5558-2802,Romance Scam,127859.63,2026-07-24T00:05:47,Eluru,Andhra Pradesh
1647f412-7d4c-4d8e-bb5d-fa4ad2eb62e0,Aradhana Date,IndusInd Bank,1903-4955-2570,Romance Scam,57949.1,2026-06-03T12:46:09,Jamshedpur,Jharkhand
4fab8af1-724a-4c1a-b9ee-e4cc0c53b4bd,Zaid Dhingra,Punjab National Bank,5899-8612-7127,UPI Fraud,188617.14,2026-08-14T02:46:25,Mumbai,Maharashtra
a4a2a87e-80f1-4b6f-81a3-81ac828ba02a,Yug Ramaswamy,Axis Bank,1655-9411-7217,SIM Swap / KYC,101093.66,2026-07-19T07:34:59,Kanpur,Uttar Pradesh
8c854499-3f49-47be-a581-cb47aa8c648b,Lucky Luthra,Punjab National Bank,5786-5842-1396,Job Scam,132373.89,2026-08-20T23:53:55,Jabalpur,Madhya Pradesh
0a8fdece-b4c2-48ce-9d53-71bd1d23056d,Keya Seth,Canara Bank,7616-4222-7749,SIM Swap / KYC,27046.2,2026-08-26T16:06:29,Mathura,Uttar Pradesh
7b04c6d3-5edb-42a2-ad5c-32f8f0c230b3,Girik Rau,Kotak Mahindra Bank,4609-2206-2446,Investment Scam,138855.92,2026-06-10T07:49:46,Asansol,West Bengal
48dee1e3-6b66-41b6-8f04-d5ce0231fe0e,Jyoti Sha,IndusInd Bank,9465-6345-6543,SIM Swap / KYC,70741.63,2026-07-16T02:58:06,Noida,Uttar Pradesh
ccad78ce-3847-4502-af9d-94bfc8064eb2,Falak Agate,YES Bank,4629-9169-7333,APK Loan Scam,218251.1,2026-07-11T23:40:45,Shahjahanpur,Uttar Pradesh
a1e66efb-2d27-4712-985f-9c863238564f,Tara Parmar,Punjab National Bank,2925-1666-4553,Digital Arrest,98078.45,2026-07-07T12:48:21,Lucknow,Uttar Pradesh
9e384bde-9d75-49ef-a394-3ccbd8cc14a8,Mitali Kamdar,Kotak Mahindra Bank,5627-1783-8137,Job Scam,217517.02,2026-07-02T20:05:59,Nellore,Andhra Pradesh
1bc9530f-ae90-422c-9d29-33462b7d8460,Siddharth Talwar,HDFC Bank,3099-7385-7648,SIM Swap / KYC,60587.81,2026-08-03T20:36:11,Bhiwandi,Maharashtra
8b296f26-1ec4-4088-b585-7d7d26950a9b,Ekantika Mander,HDFC Bank,7564-3793-7533,UPI Fraud,187936.65,2026-07-23T03:11:17,Bhilai,Chhattisgarh
e5627d7d-1f51-45c3-8654-1c919d32fe54,Kalpit Sundaram,Axis Bank,9252-9372-5110,Electricity Bill Scam,10936.96,2026-06-19T09:49:53,Salem,Tamil Nadu
16591458-0ea3-4bc9-9ba4-ffa25d2290df,Chanakya Batra,Bank of India,8026-1011-2017,Job Scam,123594.21,2026-08-16T03:26:29,Cyberabad,Telangana
a045dd9f-4e1e-4ccb-8994-68e5a994479d,Tripti Babu,IndusInd Bank,5454-4432-6039,APK Loan Scam,57381.46,2026-08-23T08:35:07,Vadodara,Gujarat
fca0e1d8-8ec0-4de7-bf43-f0374d965ff8,Nakul Sastry,Federal Bank,4602-6650-6269,UPI Fraud,105969.55,2026-06-30T03:13:46,Kochi,Kerala
01c9876e-28fc-4b4a-a1ef-0caed63d92f5,Aadi Sangha,Union Bank of India,5376-4970-2537,Investment Scam,100816.36,2026-08-12T14:09:57,Eluru,Andhra Pradesh
02c7e9e9-0b49-4720-806e-e82935ebd0ad,Kevin Mittal,Canara Bank,1476-8828-8698,APK Loan Scam,154759.94,2026-05-02T19:36:34,Kota,Rajasthan
a7ab83b6-2607-4a74-98e0-6ed93aeb9e33,Anusha Chander,IndusInd Bank,4714-8081-7638,UPI Fraud,19185.47,2026-08-26T01:13:36,Aurangabad,Maharashtra
5ae8e7b6-e635-4e42-97ac-3846616d6d1d,Zashil Butala,Canara Bank,5549-2388-1141,UPI Fraud,30456.0,2026-07-12T23:32:53,Mysuru,Karnataka
3e61c14c-117f-4e80-b573-cf91973787bc,Noah Ben,Kotak Mahindra Bank,4557-8837-7502,SIM Swap / KYC,164778.61,2026-06-26T13:56:05,Noida,Uttar Pradesh
a304e79d-8fbd-46af-a2a6-a78c208fec6a,Dalaja Kaur,Kotak Mahindra Bank,4059-7754-8057,Bank Impersonation,149748.47,2026-08-13T21:09:57,Firozabad,Uttar Pradesh
a06163d5-9ccc-4778-98bb-7f9b561bb3c0,Gavin Chandran,Central Bank of India,8881-9040-2671,Digital Arrest,300697.95,2026-08-08T01:39:25,Gurgaon,Haryana
c4e8ceb5-7ff6-4874-9fcf-af442a714f1c,Tanay Sood,Central Bank of India,7452-3021-9053,Bank Impersonation,123238.2,2026-06-13T09:44:05,Eluru,Andhra Pradesh
c6ee3d73-5357-4870-a84b-9b23eda86ac8,Kevin Kara,Federal Bank,3588-7136-1046,Romance Scam,73124.66,2026-05-07T16:53:23,Kolkata,West Bengal
397baf44-a40b-4e84-b64e-c81b1ff290a6,Aditya Anand,State Bank of India,6681-4984-3530,Investment Scam,407549.91,2026-06-26T09:51:12,Amravati,Maharashtra
7601a0c5-ff74-4ac0-bb17-f7098b8afea8,Jai Sami,Canara Bank,7521-4163-2040,Electricity Bill Scam,121830.37,2026-05-10T08:26:21,Cyberabad,Telangana
75a76be9-8459-44b6-9037-734ff41faf43,Vanya Bobal,Bank of Baroda,9437-9940-4020,APK Loan Scam,193173.11,2026-06-12T02:41:19,Jabalpur,Madhya Pradesh
975ff505-76b8-449e-89a0-479c31f9af48,Leela Chakraborty,Punjab National Bank,4346-9832-8738,Digital Arrest,126152.07,2026-07-24T20:42:27,Amritsar,Punjab
8c333e14-7f84-43f9-a612-99fcff1b97d8,Harshil Munshi,HDFC Bank,5202-8649-3798,Digital Arrest,277446.2,2026-06-24T23:34:00,Cyberabad,Telangana
665edea7-e2ca-4805-ae13-afa6ce9fcdfe,Chandani Devan,Indian Bank,8764-8569-6525,SIM Swap / KYC,113281.35,2026-06-21T13:51:09,Nuh,Haryana
14712e6b-ca89-4471-aabf-f16637ea7335,Kiaan Dhar,Bank of India,7812-1841-5020,SIM Swap / KYC,117977.39,2026-05-08T18:04:24,Gorakhpur,Uttar Pradesh
23ff1dfb-a8e2-47b7-be97-0c0117e4c286,Abhiram Gala,Canara Bank,2351-1684-8072,APK Loan Scam,131138.99,2026-08-24T07:57:37,Jabalpur,Madhya Pradesh
660b5508-7c37-42d6-b98e-b254ea9dc503,Indali Kala,Bank of India,7491-7365-1743,SIM Swap / KYC,128284.65,2026-07-14T00:46:01,Coimbatore,Tamil Nadu
a5b4e5dc-fe87-47b5-98fd-b27bd8bdefd3,Nisha Savant,Axis Bank,5224-6575-6820,Investment Scam,172820.78,2026-05-04T14:53:29,Vijayawada,Andhra Pradesh
d81b1097-4ec3-4176-b5cc-0920b975507e,Gabriel Chaudhry,Central Bank of India,7564-5115-3360,SIM Swap / KYC,46585.82,2026-06-16T00:44:38,Jabalpur,Madhya Pradesh
3319b5d1-301a-46a8-8338-169f90cc9582,Jatin Rajagopalan,IndusInd Bank,1953-4408-5099,SIM Swap / KYC,126195.36,2026-06-21T01:28:01,Bhiwandi,Maharashtra
ad498526-e3a2-4645-8743-d1ce2c0491f2,Pushti Murty,State Bank of India,7278-7686-6390,Investment Scam,174794.14,2026-07-27T01:28:54,Ghaziabad,Uttar Pradesh
faa5a5f7-2401-4425-a6a1-be93f165b9ab,Yug Malhotra,Kotak Mahindra Bank,4776-3077-7088,Digital Arrest,371555.99,2026-05-24T02:04:01,Salem,Tamil Nadu
b39e9509-4456-4597-a3bb-6796a24bc8f9,Yuvraj Mane,Bank of Baroda,2197-5753-4967,Electricity Bill Scam,113369.09,2026-08-18T07:15:26,Bikaner,Rajasthan
64769c34-6cf7-4d8f-a795-228a9434909d,Charvi Jha,IDBI Bank,9827-3758-4945,Romance Scam,36413.43,2026-05-08T16:02:35,Bareilly,Uttar Pradesh
285a42f3-b288-4080-b1cc-7197204a5403,Manya Merchant,Union Bank of India,6214-4525-5189,Job Scam,163298.7,2026-05-09T02:18:29,Guwahati,Assam
47b0b8d7-a63f-4d17-9ff9-7b276840c873,Wriddhish Talwar,Bank of India,2441-9476-2741,Investment Scam,355411.41,2026-07-21T23:42:20,Gwalior,Madhya Pradesh
30e558a7-ae8a-44a9-80ff-8db584b5c8a5,Isaiah Khosla,Kotak Mahindra Bank,8813-8389-3973,Digital Arrest,350431.22,2026-08-25T19:37:36,Agra,Uttar Pradesh
332709bb-cce8-49be-88f3-51c859b92d41,Ekavir Wable,Indian Bank,4961-8381-1299,Electricity Bill Scam,93153.96,2026-08-26T23:22:26,Solapur,Maharashtra
05c03faf-2e97-4511-bc17-3832454eda14,Jalsa Nadig,YES Bank,5132-5345-5912,Investment Scam,56420.14,2026-08-12T08:05:13,Firozabad,Uttar Pradesh
6d7ee5fb-47ba-4e2e-a183-0a943afe451e,Lila Salvi,Kotak Mahindra Bank,6251-8301-2322,APK Loan Scam,34749.81,2026-05-14T19:20:40,Gurgaon,Haryana
63ba28a6-3012-462f-8dfe-9f1c509cc187,Orinder Sinha,State Bank of India,1613-9336-9729,UPI Fraud,39826.13,2026-06-01T18:31:44,Kolkata,West Bengal
a3e2d936-547b-42f8-9b8d-440761aa1c46,Anay Bir,Central Bank of India,3948-7867-6905,APK Loan Scam,286886.44,2026-06-08T23:52:33,Agra,Uttar Pradesh
c71ee03d-f4c9-4e86-8181-0fedebc4f49f,Adweta Kale,IndusInd Bank,6150-9818-8629,Electricity Bill Scam,185499.31,2026-08-28T20:32:39,Kolkata,West Bengal
81d163c0-748f-4c97-8aa4-cf1e4f3121f8,Darpan Rao,Kotak Mahindra Bank,7219-4000-6539,Investment Scam,469972.5,2026-08-09T10:03:51,Vadodara,Gujarat
d8f23933-457c-4a54-a944-0268089268a4,Yachana Sagar,Federal Bank,6211-5256-1860,Romance Scam,140315.54,2026-07-21T05:27:37,Madurai,Tamil Nadu
348b6bdf-dbb2-4883-a28d-edd01171af12,Neelima Butala,Punjab National Bank,1287-8678-4132,Job Scam,30217.17,2026-06-21T11:10:00,Salem,Tamil Nadu
14e1b606-99ed-4481-8165-175cbd38a81b,Arunima Chacko,Bank of India,5828-8866-3031,Romance Scam,110391.71,2026-07-17T20:58:19,Patna,Bihar
2a5bb39c-4592-451f-933c-608afbd480be,Farhan Vaidya,IDBI Bank,9027-7354-9481,APK Loan Scam,174105.92,2026-06-21T19:00:43,Giridih,Jharkhand
fc14a15e-024d-4389-9060-3a7a0fa627a3,Nachiket Yadav,Kotak Mahindra Bank,3902-9229-9601,Romance Scam,15917.69,2026-08-13T22:11:03,Lucknow,Uttar Pradesh
6b08f4e5-20ea-4e8e-af84-eba53e91e475,Mahika Bhatti,Bank of Baroda,8530-5689-9437,Bank Impersonation,171564.57,2026-08-24T15:15:37,Madurai,Tamil Nadu
76ed089a-79b9-4f35-9bab-537aade6607e,Rajeshri Khare,Indian Bank,7780-2986-1974,Digital Arrest,132373.18,2026-06-29T07:53:51,Aizawl,Mizoram
ec4891ad-0967-44b0-9133-69a62b430c7a,Yash Chadha,Bank of India,1461-4325-4616,Digital Arrest,415162.91,2026-05-14T15:53:48,Firozabad,Uttar Pradesh
732527f2-a95a-4bc4-a36a-0c30c834d96d,Jack Setty,HDFC Bank,9723-8354-6181,Digital Arrest,440090.28,2026-07-05T17:19:23,Gwalior,Madhya Pradesh
064bd696-3d34-43aa-be65-a616a5ce7e53,Dayamai Gill,Canara Bank,6703-3609-6395,Job Scam,83300.87,2026-08-17T16:34:41,Jamtara,Jharkhand
64717af8-63e2-428a-bf76-19587790ff70,Advik Devan,YES Bank,4304-5001-4816,Investment Scam,360201.17,2026-08-16T07:52:52,Chennai,Tamil Nadu
1616dad2-6d4a-472c-a08e-23417d130138,Nihal Taneja,Central Bank of India,4790-8041-5726,Electricity Bill Scam,66023.23,2026-08-06T06:09:30,Durgapur,West Bengal
04e3e9d1-d537-4bc3-b013-9b2fc5760a01,Zansi Lad,Bank of Baroda,1541-1133-8891,Investment Scam,269386.96,2026-05-06T23:17:41,Ahmedabad,Gujarat
0e6bf532-0340-46c8-ab49-7131cf66a73b,Kamya Date,Bank of India,6061-3190-8470,Investment Scam,83548.22,2026-08-03T14:29:12,Bhopal,Madhya Pradesh
cdd594c1-3611-4c32-96b3-1c227b571c14,Jacob Balan,State Bank of India,8752-3949-5664,Romance Scam,75527.37,2026-05-16T20:28:50,Nashik,Maharashtra
e9a3be82-11bd-4f5b-9fd3-9d3572d65338,Pushti Magar,YES Bank,6093-2396-7911,Job Scam,229452.13,2026-05-26T12:09:48,Asansol,West Bengal
dfd86d87-0c3c-48ab-aae7-140a59c6ee2c,Adya Bose,Punjab National Bank,8239-7677-6074,Romance Scam,60646.54,2026-05-28T21:58:43,Ranchi,Jharkhand
7ca8b673-acae-4571-b869-7df39f34a519,Tamanna Vaidya,Canara Bank,3544-5639-4525,Job Scam,203120.9,2026-08-20T11:05:36,Guntur,Andhra Pradesh
b82ec496-c3d2-4081-b527-ec01b698f74f,Christopher Tata,Punjab National Bank,9906-9769-8279,Bank Impersonation,68235.45,2026-08-06T00:41:16,Tiruchirappalli,Tamil Nadu
324aee5f-aca5-4d8f-8ac2-fbefb7e8f9d3,Jhalak Dugar,Canara Bank,8788-3296-9920,Job Scam,106214.29,2026-06-09T18:21:28,Cyberabad,Telangana
b1608f49-71a0-4b9b-9fa3-9dfc7e26dc40,Harshil D’Alia,IndusInd Bank,5612-6692-8834,Investment Scam,404994.22,2026-08-15T10:49:49,Mathura,Uttar Pradesh
a35f3c60-b001-4b6a-b382-8865be777f54,Yashodhara Agate,Bank of Baroda,1925-5882-5307,Bank Impersonation,8505.05,2026-06-23T04:23:59,Bhubaneswar,Odisha
9414358c-06b7-444d-a7bd-a0307f542b17,Advik Konda,YES Bank,1436-8775-5350,Investment Scam,79537.85,2026-08-20T22:11:38,Patna,Bihar
968fa02e-b9f8-47d4-8a6c-55235ee0bf2b,Urmi Patla,HDFC Bank,4814-2654-7227,Investment Scam,97511.67,2026-06-05T12:21:41,Vijayawada,Andhra Pradesh
a2a32214-e243-47d9-a277-a8fb9c01c22e,Mason Gola,Indian Bank,2750-5114-5327,SIM Swap / KYC,197514.92,2026-07-02T15:06:07,Mathura,Uttar Pradesh
85cd9d73-069c-456e-83e5-323da593be5f,Oni Kapur,Indian Bank,3138-3336-9542,APK Loan Scam,309218.7,2026-07-14T03:11:13,Bengaluru,Karnataka
e1065400-a752-4525-ad73-a40366b0b544,Yuvraj Saha,Union Bank of India,4293-2285-9343,Romance Scam,119490.44,2026-08-14T21:08:28,Ludhiana,Punjab
0ac3f356-f3c4-4a21-ab2c-25d307e47b90,Anika Brahmbhatt,Indian Bank,5284-6963-5318,Electricity Bill Scam,136939.98,2026-06-21T05:46:13,Deoghar,Jharkhand
91246d2d-2ba0-4a0d-8fae-bd42b6e59bdb,Jagdish Thakkar,Kotak Mahindra Bank,3456-3335-1142,APK Loan Scam,25223.37,2026-05-01T17:51:09,Panihati,West Bengal
6192de83-25cb-411f-a8cf-fa3fd00a60bd,Praneel Kapoor,YES Bank,6406-2514-2804,Job Scam,292739.22,2026-07-30T16:56:03,Thiruvananthapuram,Kerala
b7ee38a6-6b19-4296-9842-9939b8408800,Nandini Biswas,Canara Bank,5171-1027-8042,Electricity Bill Scam,113460.81,2026-06-23T03:01:30,Tiruchirappalli,Tamil Nadu
c506e155-d885-44a8-bc5a-dcf0dc4e86e1,Barkha Mukhopadhyay,Federal Bank,1787-3422-7243,SIM Swap / KYC,81785.98,2026-06-10T17:45:55,Varanasi,Uttar Pradesh
b320030d-3b3e-4039-a27a-5977eb1c2529,Gabriel Shan,State Bank of India,9207-5569-7501,APK Loan Scam,186609.5,2026-07-14T16:10:22,Deoghar,Jharkhand
4cef3d6a-23b8-402b-87a5-36f8fc47dda9,Jyoti Iyer,ICICI Bank,2607-8947-6239,Bank Impersonation,39402.43,2026-05-24T15:49:57,Alwar,Rajasthan
81467ecd-f62a-4683-8b2c-9ca33f10a9d4,Daksha Kibe,State Bank of India,5476-9971-5462,SIM Swap / KYC,173543.43,2026-08-28T13:29:26,Thiruvananthapuram,Kerala
c1822630-b042-44d0-85d2-dbbad206d844,Jyoti Tak,YES Bank,4947-2569-6839,Investment Scam,412633.93,2026-07-09T15:27:47,Nagpur,Maharashtra
b2798232-c63c-477f-b70f-1abcf407b9fa,Yatan Dora,Punjab National Bank,2460-3044-2065,Romance Scam,60448.71,2026-06-30T18:50:19,Shimla,Himachal Pradesh
dcae7bfb-9cef-4420-aa8d-ad6a52da57b2,Nimrat Bajwa,Indian Bank,4429-5168-8551,SIM Swap / KYC,54398.53,2026-08-14T05:22:16,Cyberabad,Telangana
5bbb4678-37d0-49fc-b3b3-4f7c59a14cf3,Hiral Andra,Bank of Baroda,5991-3530-9568,Investment Scam,122167.2,2026-05-21T13:17:34,Bengaluru,Karnataka
afd0290b-f8f4-495a-a324-0a2e9553b8bf,Aarav Puri,Axis Bank,2330-9049-9023,Digital Arrest,194269.24,2026-07-08T10:31:56,Indore,Madhya Pradesh
1f7d360d-33df-4e20-a806-352527a96453,Hemang Jha,State Bank of India,8257-6292-5247,Romance Scam,6837.1,2026-08-18T12:19:56,Ludhiana,Punjab
5ee7d8ae-1223-42b9-be31-cd12c091cb68,Oni Swamy,HDFC Bank,1156-7247-2165,Investment Scam,164233.14,2026-07-26T18:51:51,Saharanpur,Uttar Pradesh
f57394b4-aa99-48ea-82d0-b213e9552851,Lucky Mammen,Federal Bank,4170-6107-5891,Bank Impersonation,33455.94,2026-05-10T02:50:35,Coimbatore,Tamil Nadu
fc948110-1f2d-4b57-9bcd-56dd00becf8e,Caleb Kata,Punjab National Bank,3689-3958-1032,SIM Swap / KYC,12959.97,2026-06-18T23:04:48,Jamshedpur,Jharkhand
f9746851-9993-4732-bece-28359f7e4a25,Kashish Shanker,Punjab National Bank,3689-3958-1032,APK Loan Scam,260174.8,2026-07-17T10:54:39,Jamshedpur,Jharkhand
5856d667-160a-423c-842d-de9a26aa0101,Girish Tiwari,State Bank of India,8752-3949-5664,UPI Fraud,24998.32,2026-08-07T18:04:22,Nashik,Maharashtra
6d426bea-d48f-446c-b3e7-2a9ab85463ba,Meera Borde,Indian Bank,3516-3693-9034,Investment Scam,211209.1,2026-08-02T12:56:16,Vadodara,Gujarat
3906bd0d-b358-4edd-b040-66f2d16d5564,Radhika De,Kotak Mahindra Bank,4450-8533-6381,Electricity Bill Scam,120941.33,2026-05-23T15:22:50,Madurai,Tamil Nadu
62799b5f-c230-4a7d-8f15-cd411e2ef721,Bishakha Lal,Indian Bank,7767-8915-1753,Romance Scam,57033.76,2026-07-06T14:35:48,Ghaziabad,Uttar Pradesh
33317ee7-40f4-4393-bf73-24601f731b11,Maya Narain,Punjab National Bank,7157-2473-6493,UPI Fraud,140935.7,2026-08-05T08:52:21,Hyderabad,Telangana
b750ed11-a9d5-45f2-86ab-6b94c50c1ab3,Sneha Magar,Bank of Baroda,2820-9227-7605,SIM Swap / KYC,76268.27,2026-07-17T03:19:53,Varanasi,Uttar Pradesh
b820241c-f0fb-49e7-982b-37a1cdd00c94,Falan Jain,Bank of India,5629-3689-6797,SIM Swap / KYC,175784.55,2026-06-05T14:54:28,Aurangabad,Maharashtra
db3a76f2-2047-49ff-ad1b-a807fa326b8a,Ikbal Dugal,YES Bank,8960-7850-8020,Investment Scam,150973.3,2026-08-03T03:06:30,Guwahati,Assam
857c1741-d6dd-4504-842c-5f9b403de81d,Nitesh Sengupta,Axis Bank,1900-4153-8146,UPI Fraud,40460.26,2026-07-01T20:28:26,Madurai,Tamil Nadu
adf93978-3709-4a38-b0f4-7ed271e7481a,Dipta Ray,Kotak Mahindra Bank,6925-4040-8995,APK Loan Scam,85619.71,2026-05-23T22:03:34,Srinagar,Jammu & Kashmir
ee5f85bf-3296-4729-8343-47eb713d1c51,Ishita Johal,ICICI Bank,4280-7009-8910,SIM Swap / KYC,144615.01,2026-06-23T16:33:19,Agra,Uttar Pradesh
d42d09dd-f179-4504-8e29-ec6cbf2673ca,Darika Sheth,Axis Bank,4561-5944-8519,UPI Fraud,45947.09,2026-07-11T16:17:12,Ghaziabad,Uttar Pradesh
8e8d6c9b-61d9-46cf-869d-0bcb72d60c2a,Jagdish Chana,State Bank of India,4337-9102-2546,Bank Impersonation,11753.48,2026-06-25T00:18:36,Bhusawal,Maharashtra
ff69b73b-7f1c-48c6-b074-069e43905565,Daksha Baria,Canara Bank,4114-9725-7871,Investment Scam,356464.85,2026-07-21T11:39:45,Nellore,Andhra Pradesh
27c3a695-7a22-45ec-a87d-b39e7631146b,Falak Divan,Federal Bank,1550-7814-2256,Digital Arrest,174416.19,2026-05-08T07:26:36,Firozabad,Uttar Pradesh
84a9a1ce-ca5e-4d1b-868d-3dff421e7d7e,Yuvraj Parekh,IndusInd Bank,5561-5676-9047,SIM Swap / KYC,150829.93,2026-08-03T02:58:42,Lucknow,Uttar Pradesh
164ba25f-8222-4b24-926a-c593206fd169,Yochana Bawa,HDFC Bank,3848-9619-4270,Job Scam,230799.33,2026-05-28T23:30:09,Madurai,Tamil Nadu
df0e3a6a-d29e-442e-8d6a-0a9825801c0a,Abha Ghosh,Axis Bank,4820-5259-2535,Investment Scam,491766.54,2026-05-16T20:35:43,Bareilly,Uttar Pradesh
9e8453a7-47ca-413e-b89b-3d3efda93482,Nidhi Sethi,Bank of India,8586-9185-3578,Job Scam,182923.73,2026-06-12T13:50:42,Agra,Uttar Pradesh
3dc6dc96-8d2f-4ab8-8665-75193f8b1d42,Girindra Shere,YES Bank,4996-7426-4283,Electricity Bill Scam,115772.64,2026-07-19T21:12:36,Mysuru,Karnataka
8c185c11-da3a-4a62-9017-aafcf2beda9e,Logan Dara,Indian Bank,3877-7467-2632,Job Scam,281270.38,2026-05-18T01:37:43,Mathura,Uttar Pradesh
46f3c7d4-cc10-48a7-b1a0-b7b083d66ccd,David Kapadia,IDBI Bank,3649-1509-2001,Digital Arrest,140009.99,2026-07-08T12:49:17,Giridih,Jharkhand
d1aba7b4-ff9a-4031-a267-7421870ed339,Rudra Rattan,Kotak Mahindra Bank,3625-6991-9668,Romance Scam,23258.91,2026-08-15T16:53:53,Bareilly,Uttar Pradesh
6aaba832-337e-4764-a6f9-5ffde438a11f,Frado Lad,Federal Bank,4073-9757-2371,Electricity Bill Scam,80247.16,2026-06-25T15:40:31,Jodhpur,Rajasthan
7d5cabaa-98ea-4579-9caa-0e3aa2b38e2a,Anthony Bhattacharyya,IndusInd Bank,5992-1676-3991,UPI Fraud,181855.15,2026-05-07T02:59:17,Ghaziabad,Uttar Pradesh
d1f2730f-e908-4112-8db4-c901ef7f581f,Sachi Dave,Canara Bank,9485-7437-4090,Bank Impersonation,57603.04,2026-07-30T23:52:02,Mathura,Uttar Pradesh
5fff1338-8f0e-4e1d-ab87-b49e644efc04,Garima Das,HDFC Bank,1166-3175-7726,Romance Scam,91247.43,2026-07-17T11:10:50,Amravati,Maharashtra
c2303720-1e2c-4b79-b214-003df3366cb8,Triya Bedi,Central Bank of India,7811-9785-5463,Romance Scam,74729.82,2026-08-18T06:40:47,Delhi,Delhi
c18a7dc3-513e-48f0-a8bc-2d1041f155c7,Rachita Rana,Bank of India,2010-9008-9796,Investment Scam,297444.19,2026-05-29T10:18:38,Raipur,Chhattisgarh
38426af8-89ab-4a5c-bc1c-60b67c4f2e9b,Ayushman Raja,Union Bank of India,8191-6799-8678,Bank Impersonation,123163.91,2026-06-02T12:39:50,Mathura,Uttar Pradesh
47a1dbde-0c70-4b14-95de-d0960aad7699,Orinder Pandya,Axis Bank,3101-8395-8367,Bank Impersonation,187549.35,2026-08-25T16:45:21,Salem,Tamil Nadu
4418334f-6f95-4c08-aeca-fd88a6e5fe29,Rachit Maharaj,Bank of India,9859-5766-7728,SIM Swap / KYC,26830.95,2026-08-06T11:33:40,Cuttack,Odisha
e0f1962f-ec70-421a-9f15-8bb722004f28,Sanaya Dixit,Central Bank of India,5528-9396-2852,SIM Swap / KYC,31127.26,2026-05-16T22:58:23,Dhanbad,Jharkhand
dea8caf6-a065-480b-bc55-03551a37859c,Yatan Merchant,Bank of India,2521-3982-2411,Job Scam,171674.67,2026-08-27T13:16:13,Deoghar,Jharkhand
b70d3e1b-0fd5-417b-ab1b-7779680f863e,Nisha Srinivas,HDFC Bank,9653-8021-5470,Bank Impersonation,149651.04,2026-06-18T17:53:26,Vadodara,Gujarat
72baffb7-6a6f-439a-b47e-41afe28250bd,Gagan Mammen,Kotak Mahindra Bank,6579-5246-8737,Romance Scam,167176.11,2026-06-09T19:11:33,Amravati,Maharashtra
7887306a-dbc9-42f4-aded-1de5dbf6304d,Laksh Saini,Punjab National Bank,9351-9603-2348,Investment Scam,68453.95,2026-06-30T07:43:36,Chennai,Tamil Nadu
9d29b915-31de-46e9-bd70-c3ab209b7607,Zaid Bahl,Federal Bank,5059-1413-9162,UPI Fraud,171817.8,2026-08-16T10:10:03,Nagpur,Maharashtra
22f1f116-ed9e-4329-afb9-d4a703742a71,Jagrati Srinivasan,Kotak Mahindra Bank,9105-5458-2633,Digital Arrest,236502.34,2026-05-12T23:08:48,Jaipur,Rajasthan
4821f666-4f71-4a2d-8721-92d2dca3a640,Hemangini Thakkar,State Bank of India,6293-6724-3691,Bank Impersonation,187996.66,2026-07-23T07:27:58,Guwahati,Assam
e228d0db-80ef-4c2f-b933-fec533b9240a,Lipika Madan,HDFC Bank,2299-4803-8745,Investment Scam,144577.38,2026-06-24T13:42:30,Bhusawal,Maharashtra
ba67623b-d292-4012-99e1-01d40dcfe417,Atharv Nagar,ICICI Bank,9182-8805-3835,APK Loan Scam,315398.46,2026-05-26T18:44:19,Jabalpur,Madhya Pradesh
4e8954d1-7289-4f2f-bb7b-d66de3d2a590,Ayushman Mand,Punjab National Bank,8896-6491-1709,Bank Impersonation,131524.69,2026-06-30T09:24:55,Indore,Madhya Pradesh
22bbdf81-aa95-44ad-838a-0e9466db93db,Urmi Wagle,ICICI Bank,3563-8021-8270,Romance Scam,8852.09,2026-08-10T23:58:44,Solapur,Maharashtra
fb829214-24fc-4eef-ba84-6c31ef43b7f1,Viraj Dutta,IndusInd Bank,2350-7251-4905,APK Loan Scam,162068.0,2026-06-10T05:53:24,Thiruvananthapuram,Kerala
1459b8a1-c612-47b6-97b4-a61dd4629c65,Yug Khosla,Indian Bank,9041-8843-4249,Job Scam,88730.2,2026-06-28T10:15:12,Giridih,Jharkhand
b2af9369-a021-4b00-974b-e32582a9f7e4,Daksh Kanda,IDBI Bank,8969-2358-4012,Investment Scam,373935.24,2026-08-06T06:42:47,Solapur,Maharashtra
0c3d4c52-f278-4787-9765-e9aea3f18ad7,Isha Ghose,Kotak Mahindra Bank,5442-5450-3249,Digital Arrest,112557.58,2026-08-09T08:57:12,Aizawl,Mizoram
0a4ec586-d878-439c-a20c-a563e7ad6a74,Warjas Nadkarni,Bank of Baroda,5325-9944-8255,Job Scam,194957.84,2026-07-20T03:34:22,Nashik,Maharashtra
a46b4b95-561e-4e3c-911a-e5172d9031f2,Ayaan Pandey,YES Bank,9587-6419-2010,Electricity Bill Scam,23175.52,2026-08-18T11:17:28,Nellore,Andhra Pradesh
389a7954-5ded-46c3-ad9c-ba458053f094,Raghav Tailor,Bank of Baroda,5537-8764-2412,APK Loan Scam,305793.09,2026-05-15T05:52:54,Kochi,Kerala
6341addd-eef4-4013-ae27-75a61cc95945,Parth Swaminathan,Bank of Baroda,8659-2221-1043,SIM Swap / KYC,122754.84,2026-05-31T10:01:50,Agra,Uttar Pradesh
9461ab39-8df3-470b-a0cd-7476e8b4001c,Gautam Bhalla,Bank of Baroda,2973-2750-2266,APK Loan Scam,318123.39,2026-08-21T01:05:40,Tiruchirappalli,Tamil Nadu
fba2beaa-a482-4a7e-96d2-9c602859789b,Theodore Bahri,Axis Bank,1659-9039-9498,Electricity Bill Scam,41529.28,2026-05-22T13:44:26,Kanpur,Uttar Pradesh
763b3d53-e643-4c50-98f2-d733f2c5c6ba,Aadi Narula,Kotak Mahindra Bank,6147-4014-4604,Digital Arrest,170479.08,2026-06-08T03:42:18,Noida,Uttar Pradesh
97939669-f7c5-4f62-85d4-183b10910e61,Kalpit Oak,Punjab National Bank,5635-9473-1648,Bank Impersonation,9360.49,2026-08-21T15:45:49,Jamtara,Jharkhand
0e31917e-cf26-4ad3-a478-9a7f72434d3e,Ekiya Bhargava,Axis Bank,4667-9238-8012,Investment Scam,325828.28,2026-06-03T17:06:08,Durgapur,West Bengal
6f185882-4aa7-45b1-b364-18ab465e2ff3,Manbir Dhar,Kotak Mahindra Bank,2126-6217-3150,Romance Scam,98805.63,2026-07-03T15:45:59,Allahabad,Uttar Pradesh
39250a71-bdf7-4a6e-ae85-6262590a1f0e,Janya Bora,HDFC Bank,1024-2327-2973,UPI Fraud,15699.87,2026-05-28T10:58:28,Tiruchirappalli,Tamil Nadu
7660747e-7b7b-4d25-8783-b7ed40d5b736,Meghana Chaudhuri,YES Bank,9660-3236-7675,Bank Impersonation,114906.1,2026-07-25T00:18:42,Bareilly,Uttar Pradesh
c49ccca8-525e-46dc-8e77-64ba5dc36171,Chasmum Naidu,HDFC Bank,3459-4646-4675,Digital Arrest,433770.24,2026-07-07T07:17:56,Coimbatore,Tamil Nadu
bbba44e9-ced5-4ea3-ac8b-d384ac504ca6,Nakul Sarkar,Bank of Baroda,6857-3102-3449,Digital Arrest,180856.75,2026-06-26T00:58:09,Firozabad,Uttar Pradesh
3ebf4c3b-ed9a-47b5-9d6e-99b72e8b3651,Edhitha Ghosh,YES Bank,7097-9912-7500,Electricity Bill Scam,32607.54,2026-06-17T22:21:59,Ghaziabad,Uttar Pradesh
ed9a2d88-3e88-4196-b232-ffcc96677512,Udant Gill,IndusInd Bank,9510-5392-1960,Investment Scam,117469.82,2026-07-11T03:18:31,Mysuru,Karnataka
be7e97f6-cfe4-4725-b926-7faef6cb5c34,Damyanti Menon,State Bank of India,5301-4547-1448,Job Scam,52275.08,2026-05-05T01:14:03,Mathura,Uttar Pradesh
b98fa512-acda-4b48-8e25-bbc9ec6cbfb8,Peter Agarwal,Central Bank of India,1055-6979-7796,APK Loan Scam,323140.94,2026-07-16T11:58:03,Bareilly,Uttar Pradesh
ba286980-fd90-4c0e-a167-bfd7771b5f95,Bachittar Gopal,Central Bank of India,9222-6014-4724,Job Scam,315437.84,2026-08-10T05:28:36,Asansol,West Bengal
69803341-c478-4b9e-b2ba-9ffe09e19673,Timothy Chawla,Bank of Baroda,7361-4688-5066,Electricity Bill Scam,194456.48,2026-06-18T23:39:12,Nagpur,Maharashtra
3e4790a4-41e7-4979-b3a6-c59d0526fdb2,Lohit Narula,Kotak Mahindra Bank,2477-8097-9291,SIM Swap / KYC,120387.29,2026-05-30T01:16:44,Kolkata,West Bengal
3b8b9977-dd44-4945-a903-241ed34e44a3,Wazir Palan,HDFC Bank,8489-4750-7983,SIM Swap / KYC,169680.91,2026-08-05T17:50:41,Gorakhpur,Uttar Pradesh
e6b3ab58-9000-47ce-8b3e-b734508d9b1f,Oliver Chakrabarti,Axis Bank,6116-5545-2189,Electricity Bill Scam,158951.88,2026-07-12T11:32:57,Bikaner,Rajasthan
030d8323-7bcf-4564-a007-a1ff423d27e9,Sanya Apte,Federal Bank,2563-5487-9786,SIM Swap / KYC,27007.87,2026-05-15T10:33:50,Aurangabad,Maharashtra
738c24e0-a6dc-4131-ab47-4bf50262e214,Shaurya Krish,Punjab National Bank,8857-2049-7192,Electricity Bill Scam,134207.53,2026-07-02T13:01:46,Vadodara,Gujarat
22163383-4ee3-4102-b507-4f34e5acb26a,Inaya Kunda,HDFC Bank,7563-2931-9054,Job Scam,241920.98,2026-06-11T21:44:16,Chandigarh,Chandigarh
c1f92e18-6bfd-4662-84ff-5f729d032e40,Aarav Bava,ICICI Bank,7033-4243-8424,Bank Impersonation,60692.73,2026-05-08T17:50:33,Kota,Rajasthan
ac1f3c3e-117d-4abf-a5b9-00f0e4f353e8,Raksha Saini,Central Bank of India,3018-9248-1125,UPI Fraud,135940.29,2026-05-13T08:17:09,Jabalpur,Madhya Pradesh
143eb101-32f8-43d9-83d6-0312270a28a7,Odika Tailor,Punjab National Bank,8504-4999-9577,Bank Impersonation,53522.99,2026-08-03T00:44:00,Gurgaon,Haryana
414a25d4-da3e-4a0d-9b82-59b3ed21054d,Indali Prashad,ICICI Bank,2544-6107-7518,Bank Impersonation,191417.91,2026-07-10T17:36:45,Pune,Maharashtra
07f8835d-5058-44d0-b172-cf9db5f9e396,Varenya Kar,Punjab National Bank,1506-4598-2057,Digital Arrest,181008.9,2026-05-12T06:09:16,Gorakhpur,Uttar Pradesh
25035433-5911-4b02-9d17-ba71d4573108,Siya Borah,Indian Bank,5126-5146-5526,Bank Impersonation,31415.65,2026-05-12T17:10:46,Bikaner,Rajasthan
36276bea-323a-4fa6-acbd-12bd2ce3ea4d,Chaitaly Bahri,ICICI Bank,7000-5545-5284,Bank Impersonation,189089.69,2026-08-01T13:38:20,Warangal,Telangana
c3d614d5-d9cd-4828-9a49-118938ae1e09,Advika Cheema,Axis Bank,3078-6283-1142,SIM Swap / KYC,124860.75,2026-08-11T19:15:31,Hyderabad,Telangana
a819c5ec-201c-4fbc-bce9-111fb85d3690,Hema Garde,Punjab National Bank,8905-2115-8812,Romance Scam,117327.01,2026-06-10T18:34:02,Mumbai,Maharashtra
ba0458ee-f25c-428e-9f81-dd74bc95fb10,Naveen Borde,Indian Bank,2902-6743-6881,APK Loan Scam,108284.14,2026-06-06T12:22:08,Amravati,Maharashtra
e59f916d-6848-4053-a629-59508f2043c0,Hamsini Subramanian,Kotak Mahindra Bank,1568-1761-5526,Digital Arrest,246000.21,2026-07-16T16:39:03,Kolkata,West Bengal
39236035-022e-45c7-b81c-90782e17b9e9,Raagini Gala,IDBI Bank,6010-9166-4917,Electricity Bill Scam,44682.63,2026-07-17T15:21:26,Warangal,Telangana
3cfd042a-301f-4e98-8c89-11d9fa0a7339,Naksh Bera,ICICI Bank,1875-2386-7923,APK Loan Scam,119953.36,2026-08-17T08:00:32,Chennai,Tamil Nadu
54b988dc-152d-41dc-b653-dc67ff2e14a0,Garima Jha,Central Bank of India,9187-9166-8983,UPI Fraud,19070.7,2026-07-04T02:44:00,Jabalpur,Madhya Pradesh
0e16d38b-c278-41ec-b3d9-8d7bb0b0849e,Nimrat Zachariah,Federal Bank,1661-4460-6848,Investment Scam,192633.33,2026-06-22T20:28:48,Bhilai,Chhattisgarh
52ca657c-f1ab-4075-aa51-c526a8db3eed,Baghyawati Mishra,Union Bank of India,8774-5704-1302,SIM Swap / KYC,35336.09,2026-07-04T09:40:52,Jabalpur,Madhya Pradesh
fd17056b-2ffc-450b-95d3-7141fec7f211,Gopal Bawa,IndusInd Bank,2655-6819-4949,Investment Scam,217930.79,2026-06-07T02:02:56,Bikaner,Rajasthan
3a8981d0-c47b-4d51-98ed-74393ede1c2b,Vritti Dube,Canara Bank,2707-4666-5761,Bank Impersonation,85390.18,2026-06-17T04:14:06,Siliguri,West Bengal
0eec45f6-30b7-43ad-9fbe-f07a15de8adc,Jalsa Aggarwal,Federal Bank,9222-3337-4697,Bank Impersonation,84772.13,2026-06-12T16:34:30,Nuh,Haryana
b0c389c7-5f40-49e3-956a-e13118f22b10,Gagan Menon,State Bank of India,5383-7855-6214,Romance Scam,143699.72,2026-08-21T05:11:18,Vadodara,Gujarat
b96030d5-b462-4db4-9dbc-c69a15c5cb7a,Ryan Chatterjee,ICICI Bank,9033-3549-6382,Bank Impersonation,6807.63,2026-05-24T10:53:00,Madurai,Tamil Nadu
6065e623-70ac-4dab-86a3-9a12deaaf582,Samuel Garde,Canara Bank,4861-9899-2821,Electricity Bill Scam,142923.82,2026-07-05T22:56:51,Jodhpur,Rajasthan
2ce84670-628d-4dab-80bf-92310ba68b16,Finn Solanki,Indian Bank,2952-7633-6430,Investment Scam,424932.01,2026-08-03T00:09:58,Nuh,Haryana
f8d584d8-da44-4b23-a189-6ec47c08aedc,Darika Rao,ICICI Bank,8225-4925-2019,Job Scam,274605.36,2026-08-15T05:53:10,Bikaner,Rajasthan
b08d1b14-366b-414b-aae6-23c17839361a,Vrinda Lanka,IDBI Bank,6712-1338-4315,Job Scam,110873.89,2026-06-03T09:26:33,Noida,Uttar Pradesh
10d4542d-9d2c-410d-9689-9fe926333d82,Lila Goyal,Canara Bank,3722-4114-7182,Digital Arrest,348669.57,2026-06-30T00:54:24,Dehradun,Uttarakhand
220cece5-5b61-4a52-815c-5417dff710bc,Lakshmi Pingle,State Bank of India,3517-1893-4783,Job Scam,230466.15,2026-07-13T15:54:53,Dhanbad,Jharkhand
52973d05-421b-44a9-b437-4359165764c7,Sanaya Basu,IndusInd Bank,5454-4432-6039,SIM Swap / KYC,122181.39,2026-07-11T22:19:02,Vadodara,Gujarat
0aedf19d-199b-46c8-98cd-bbcca86d96ac,Ria Shroff,Punjab National Bank,4182-8683-6387,Investment Scam,69800.71,2026-08-13T20:45:01,Bhopal,Madhya Pradesh
7df81994-63d9-45a7-af22-b55e8705e3ab,Upkaar Luthra,Central Bank of India,9222-6014-4724,UPI Fraud,77739.46,2026-05-14T07:04:10,Asansol,West Bengal
c30a66a6-d77b-4cec-bfc4-6e4be8518f01,Matthew Chatterjee,Union Bank of India,1762-6565-6053,Bank Impersonation,142191.95,2026-06-28T08:34:03,Bareilly,Uttar Pradesh
c1bcaa04-3b4b-4c45-8b0b-2fae50eacca5,Hemangini Sachdev,IndusInd Bank,3550-7043-2318,Bank Impersonation,16375.08,2026-06-10T02:46:20,Eluru,Andhra Pradesh
79dc11ad-c903-423c-959b-8d6d7b3b18f0,Darsh Ram,State Bank of India,7261-2368-9597,UPI Fraud,34964.5,2026-05-30T15:08:47,Noida,Uttar Pradesh
18389907-e410-4f72-b81c-b5624166007f,Vaishnavi Keer,Kotak Mahindra Bank,1756-3325-9019,Job Scam,146133.67,2026-06-21T17:59:58,Asansol,West Bengal
e2dce1c4-dc29-4940-81d9-a78a8df10145,Chandani Brar,Axis Bank,1289-6341-3657,Electricity Bill Scam,146191.14,2026-06-17T07:30:30,Dehradun,Uttarakhand
4b691169-3462-4300-ba38-6d593a5bccd5,Bakhshi Thakkar,State Bank of India,7054-5228-7626,Job Scam,22258.1,2026-05-03T18:03:07,Firozabad,Uttar Pradesh
43f6b8d3-1e47-47e2-bcea-833202847335,Jai Sen,State Bank of India,5341-9340-2940,Bank Impersonation,136516.13,2026-05-17T04:39:14,Aurangabad,Maharashtra
5a83867f-0a35-49d1-9b93-79508b89b3e6,Oliver Kakar,Federal Bank,8043-3467-6269,Digital Arrest,485055.01,2026-07-12T13:10:25,Jabalpur,Madhya Pradesh
cd2d47f3-d6e4-4572-86be-d03ff26080b7,Jonathan Basak,Canara Bank,3991-7800-2631,Bank Impersonation,59996.73,2026-06-02T05:43:42,Saharanpur,Uttar Pradesh
8d5882c8-cc4c-4eca-b376-357789547845,Farhan Saran,Federal Bank,4675-4177-1758,Bank Impersonation,154354.12,2026-05-21T14:45:08,Kochi,Kerala
cbd3dd98-9f7b-4b81-afe7-8643029c879b,Manbir Kuruvilla,ICICI Bank,7836-8519-5342,Investment Scam,107695.37,2026-06-14T22:53:58,Srinagar,Jammu & Kashmir
a23613a3-bdb5-4863-a7b2-0cfa96f4a9e7,Ekalinga Chahal,HDFC Bank,5294-1251-6998,Romance Scam,177703.29,2026-06-11T23:39:50,Solapur,Maharashtra
c417bac6-3be2-4da5-8e90-8aa7b90d4a93,Mekhala Nanda,Canara Bank,9344-8743-2238,Romance Scam,109014.53,2026-07-21T19:39:51,Bhusawal,Maharashtra
27100077-8e35-4cf7-9350-bcd05f99c5d2,Zinal Shanker,Central Bank of India,9091-7985-4466,Job Scam,254315.91,2026-06-21T18:39:30,Jabalpur,Madhya Pradesh
a4271557-8065-42d1-b861-4ccde9e700aa,Oni Chowdhury,Bank of India,4213-6493-5915,Bank Impersonation,42783.5,2026-06-16T23:25:27,Bhilai,Chhattisgarh
31023699-e81f-426e-a5c2-55acbda3f47f,Mason Divan,Kotak Mahindra Bank,4207-9023-3284,Digital Arrest,130681.63,2026-07-09T23:06:24,Jamtara,Jharkhand
a0619c3f-bde5-4b96-87f0-9651a5af8611,Hitesh Chaudhuri,IDBI Bank,1960-1030-3808,UPI Fraud,92520.2,2026-08-15T22:53:14,Srinagar,Jammu & Kashmir
aa31aa28-07b9-4503-8dd4-59c793f76409,Hemangini Roy,ICICI Bank,7758-2765-7171,SIM Swap / KYC,28440.02,2026-07-10T05:46:57,Dhanbad,Jharkhand
908585fb-af37-40cc-bb93-8621b0f12ca4,Leela Sunder,IDBI Bank,6956-4266-5848,SIM Swap / KYC,102705.83,2026-06-26T18:48:45,Sri Ganganagar,Rajasthan
7d7df02d-d47f-430e-8a5d-ebcce9486180,Baljiwan Gera,State Bank of India,3573-5624-3852,Digital Arrest,487578.64,2026-07-10T20:27:34,Noida,Uttar Pradesh
4f5e30ea-2a4c-48d4-90bf-ee257612e772,Neha Dhawan,YES Bank,9781-2552-7026,UPI Fraud,56803.79,2026-08-25T11:35:24,Alwar,Rajasthan
c2897c6a-f407-4568-88d7-ad4102116374,Balvan Randhawa,Union Bank of India,3657-9527-2544,Bank Impersonation,145371.98,2026-08-13T07:08:07,Mathura,Uttar Pradesh
6bf5598c-f873-4950-ad13-702a603f38d7,Wazir Bawa,Bank of Baroda,2890-2260-9050,Job Scam,125776.61,2026-06-28T12:19:35,Jamshedpur,Jharkhand
21b5740c-fc32-4365-b838-3933417123c2,Amruta Pradhan,ICICI Bank,2594-6892-1453,SIM Swap / KYC,119106.95,2026-08-06T10:08:06,Pune,Maharashtra
130e65dd-37d3-422a-9e30-9f1580150a0e,Geetika Mitter,Bank of India,8275-2142-2399,UPI Fraud,111570.25,2026-07-25T06:10:31,Bharatpur,Rajasthan
6a971790-fdb3-43d1-ba1d-53ab8e036353,Avni Swamy,ICICI Bank,3870-9659-5015,Digital Arrest,237299.91,2026-05-27T21:57:01,Bharatpur,Rajasthan
00722c99-47b1-4e7e-8031-1aacd8e993a4,Vedant Desai,Punjab National Bank,9374-1332-1658,Bank Impersonation,38308.22,2026-06-29T17:10:48,Bharatpur,Rajasthan
b3346568-1f50-40fc-8977-b95ace614964,Saanvi Nagi,Punjab National Bank,7756-9694-3638,UPI Fraud,197292.97,2026-06-10T09:15:35,Solapur,Maharashtra
59350777-9afb-4a46-89a5-312512d8a1e6,Omaja Chakraborty,Union Bank of India,1070-9121-7083,Bank Impersonation,89532.63,2026-05-01T06:14:17,Bhubaneswar,Odisha
a9c78a84-7db2-4594-8e6f-4a14579a5904,Riya Kakar,YES Bank,3689-2715-2969,UPI Fraud,169932.42,2026-07-14T18:41:25,Jamtara,Jharkhand
37a476d4-5aca-4048-a4b8-1455e4952aab,Vedhika Varty,ICICI Bank,1779-3868-7139,Bank Impersonation,167350.44,2026-07-28T18:36:21,Kota,Rajasthan
09381fe3-9bf9-4c6e-ad5d-e9bc421fe6b9,Daksh Varma,Union Bank of India,7708-8120-3772,SIM Swap / KYC,111760.7,2026-05-20T04:32:02,Vadodara,Gujarat
451a22f2-da47-4563-9805-4a867c8498d1,Dominic Mukhopadhyay,Canara Bank,9203-3211-6348,Digital Arrest,369769.93,2026-07-15T10:08:26,Warangal,Telangana
3837b5cf-5e55-4668-9b45-1c8a77561d09,Krishna Viswanathan,State Bank of India,6918-1621-5655,Job Scam,188929.87,2026-05-22T18:09:24,Mathura,Uttar Pradesh
3ebffb28-84b6-407f-86eb-61c426cbaff1,Oscar Hans,Bank of Baroda,7729-8718-2736,Electricity Bill Scam,186069.1,2026-08-27T04:02:36,Ranchi,Jharkhand
81c578d3-3158-4fb5-92a5-bee6852b681a,Dalbir Krish,Bank of India,9804-7223-1882,APK Loan Scam,73978.77,2026-08-14T06:17:35,Amritsar,Punjab
6def79f1-f5b0-4f40-ab3e-d2d7cf35f1ea,Tanmayi Bedi,IndusInd Bank,4248-3624-3222,Job Scam,34394.35,2026-06-24T01:34:30,Gurgaon,Haryana
f388ad3b-171f-4af0-97b7-199da5015437,Rushil Mahal,Union Bank of India,2817-4535-2927,APK Loan Scam,257694.31,2026-08-24T03:05:08,Jamtara,Jharkhand
83e5cc6b-b7ce-41d7-a13c-0db5c944b36b,Ucchal Tiwari,YES Bank,5681-8638-1485,Bank Impersonation,158202.13,2026-08-16T06:31:40,Bharatpur,Rajasthan
aac0fb29-d777-476c-96f7-ed38d733c64b,Jatin Balasubramanian,Central Bank of India,9304-9425-8685,UPI Fraud,113113.3,2026-08-15T07:22:23,Salem,Tamil Nadu
bbd2c79b-ebcb-41e6-b133-89846f8339da,Kashish Suresh,Punjab National Bank,6562-3458-1088,Digital Arrest,101798.95,2026-07-04T03:12:41,Warangal,Telangana
ba360cae-b272-444a-b83a-de6e1391c318,Peter Som,Bank of India,3815-1335-5866,Bank Impersonation,72828.83,2026-06-10T08:51:53,Sri Ganganagar,Rajasthan
54b434e7-e61d-461f-9380-03363e67559f,Hemangini Gade,HDFC Bank,9966-3897-6001,APK Loan Scam,17303.83,2026-05-12T07:02:19,Solapur,Maharashtra
011418cf-e4a9-4b94-8c26-7eee4f8623f5,Gautam Mane,Bank of Baroda,4981-3234-5362,Bank Impersonation,39316.74,2026-05-26T12:38:47,Nashik,Maharashtra
07d68f37-817b-4ed7-a020-c690fe367612,Libni Bawa,YES Bank,6312-4562-3155,APK Loan Scam,163564.83,2026-06-21T08:03:15,Jodhpur,Rajasthan
770ff991-5b62-4822-ac9f-02c3eaec0387,Tanish Kant,YES Bank,5892-8495-6384,Investment Scam,447770.69,2026-06-07T07:33:49,Durgapur,West Bengal
a8868e20-6011-4019-a109-7725b1e024df,Samuel Luthra,State Bank of India,5209-8454-4263,Romance Scam,50989.55,2026-06-04T18:51:23,Durgapur,West Bengal
e2c85d72-b4a4-42bc-984c-61323ebe5c0a,Yochana Bahri,ICICI Bank,5662-5681-4714,Romance Scam,23869.38,2026-05-13T16:26:05,Sri Ganganagar,Rajasthan
3e48931d-2445-4785-a813-0e3228274a33,Urvi Deo,Bank of India,6326-6168-3592,SIM Swap / KYC,190898.96,2026-06-08T19:37:46,Ludhiana,Punjab
6882e88b-1155-4860-afbc-16d34b8a801c,Abhiram Kapur,Central Bank of India,9382-3955-3043,Romance Scam,74943.33,2026-06-29T01:20:12,Siliguri,West Bengal
3c60e7ce-68af-448d-a0c8-62e437d44df9,Dalaja Maharaj,Punjab National Bank,8645-6365-7470,Digital Arrest,154621.22,2026-05-06T08:02:47,Nuh,Haryana
18b8f789-1fcd-44e2-80ca-fe6ff9f0b18b,Krisha Palla,ICICI Bank,5777-5777-3846,Job Scam,298829.88,2026-07-01T00:24:00,Bengaluru,Karnataka
7f778604-0d9b-4f4a-91ae-4d29485e7610,Zayyan Kamdar,State Bank of India,6966-7569-1836,Job Scam,235684.27,2026-05-23T13:34:06,Bhopal,Madhya Pradesh
88ef7fdf-6073-4242-aa94-2a796335c456,Chasmum Verma,HDFC Bank,8481-9094-5511,Romance Scam,44814.01,2026-07-05T22:57:37,Bikaner,Rajasthan
e923647a-e65c-47d7-8097-76d99af72095,Harsh Amble,Federal Bank,6179-8881-7097,Job Scam,164128.96,2026-07-07T00:52:13,Ranchi,Jharkhand
57d2a3c6-ef8d-4d08-8a44-737eae550667,Barkha Misra,HDFC Bank,4549-5630-1412,Job Scam,330059.25,2026-08-27T20:41:17,Bhusawal,Maharashtra
03055192-7c30-4946-a4a6-23052fd1cdda,Vasatika Bhatt,Indian Bank,7802-3886-6176,SIM Swap / KYC,94816.48,2026-06-22T08:37:03,Alwar,Rajasthan
fd162787-c276-4a08-9803-6c4f1a8451c5,Aradhana Nair,Bank of India,3960-8479-7948,Electricity Bill Scam,66601.51,2026-08-23T16:10:46,Chandigarh,Chandigarh
d8f82c83-6078-4444-9524-7c280c9559bd,Advika Misra,Axis Bank,2330-9049-9023,UPI Fraud,11035.61,2026-06-03T19:50:58,Indore,Madhya Pradesh
078236a1-22fb-4463-846c-ca23ff94221c,Mason Varughese,YES Bank,7167-9587-6447,Digital Arrest,341576.18,2026-06-19T04:58:38,Jabalpur,Madhya Pradesh
75e493f9-607c-439f-bc40-d39c2100a04c,Dakshesh Raval,Federal Bank,9664-3373-3705,APK Loan Scam,255188.56,2026-06-23T11:12:45,Gwalior,Madhya Pradesh
58b37b85-5e39-4c9f-9b00-1fe3fe42b2a7,Logan Bal,Bank of Baroda,5677-2249-9808,Romance Scam,26749.8,2026-08-26T16:57:54,Gurgaon,Haryana
0a8d16ee-6230-49cc-8c09-8b889703d163,Chakrika Lad,Bank of India,5769-1506-9354,Digital Arrest,168077.88,2026-05-21T19:15:55,Vadodara,Gujarat
6c739dac-5903-401c-a222-3d991dfb9cdd,Nidhi Rama,Bank of Baroda,4186-4770-8510,SIM Swap / KYC,152447.86,2026-08-14T14:42:44,Shimla,Himachal Pradesh
42c9c849-4290-4cf7-aa55-b76daa47cf2f,Ranveer Oza,Axis Bank,1971-5543-3078,Romance Scam,153468.33,2026-07-29T05:38:25,Nashik,Maharashtra
e6698170-fc2b-45ab-a69c-1695ce2fc57c,Vamakshi Parmer,Bank of Baroda,1456-6323-2347,Romance Scam,187831.02,2026-08-27T17:17:41,Agra,Uttar Pradesh
9ac14d30-e16c-48d4-ad33-d683690e6974,Onkar Golla,Axis Bank,7647-3752-5913,Electricity Bill Scam,108138.07,2026-07-27T15:55:11,Shahjahanpur,Uttar Pradesh
9f67c07f-e93e-41ef-8f3d-047f72bb95e2,Gunbir Sinha,ICICI Bank,1704-4852-4359,Investment Scam,146391.33,2026-07-31T20:32:52,Panihati,West Bengal
657587a2-6afe-43d0-9e62-b733f04689ac,Aarna Goswami,Canara Bank,6314-1027-1688,UPI Fraud,171353.96,2026-07-25T14:22:11,Kota,Rajasthan
22dc048b-12ef-4a55-9e65-1c2218969227,Gaurav Kapadia,ICICI Bank,3736-6802-9910,SIM Swap / KYC,75682.33,2026-08-16T04:34:41,Dhanbad,Jharkhand
dba12605-4c1a-4100-b05b-cccce7169c73,Udant Mohanty,YES Bank,4290-9401-6813,Investment Scam,359585.94,2026-06-01T16:15:27,Bareilly,Uttar Pradesh
2b3ae0d3-fd20-41f1-bc59-75a0e2f6c5b2,Garima Prabhu,Kotak Mahindra Bank,1060-5400-1985,Romance Scam,179246.44,2026-05-30T21:08:37,Coimbatore,Tamil Nadu
5e45f031-51b8-45ee-98b9-64887b270fc5,Chaitaly Sheth,Canara Bank,6703-3609-6395,Job Scam,69432.73,2026-05-21T18:59:48,Jamtara,Jharkhand
9ec6c98a-677d-4238-b1c7-64ce505044d2,Upma Bera,State Bank of India,3603-1375-5079,Romance Scam,171519.45,2026-06-13T20:00:59,Patna,Bihar
bd84ec52-5905-42e8-a7b9-565fd1f68b7e,Urmi Hayer,Indian Bank,4734-8427-3406,Electricity Bill Scam,103710.02,2026-06-15T07:57:50,Patna,Bihar
3423f6f3-e34f-4e4d-ab35-4b6ee39224a4,Lakshmi Wagle,Indian Bank,4852-7481-9679,Investment Scam,381898.05,2026-07-11T16:06:21,Aizawl,Mizoram
fca399c1-a747-4eb0-b830-3a9c7f352dfb,Odika Bhagat,Indian Bank,3970-7791-3151,Investment Scam,128457.66,2026-05-30T04:29:56,Bhopal,Madhya Pradesh
7e2c1772-d5ea-45d3-b26e-1b41ffcd1263,Laksh Iyer,Indian Bank,4342-8118-4350,Job Scam,168981.87,2026-05-30T16:57:03,Kochi,Kerala
908e3f81-e720-4eb9-903e-c7ad51b51aef,Nimrat Shankar,Punjab National Bank,8415-5691-7893,SIM Swap / KYC,71021.6,2026-05-12T02:27:24,Mysuru,Karnataka
808939fd-dc21-4431-a914-03938fcd9b50,Diya Gole,IDBI Bank,4054-5203-4228,Romance Scam,135256.49,2026-07-17T21:03:49,Durgapur,West Bengal
f9eeb33c-c707-4358-9a6c-b901d9c4e170,Vinaya Natarajan,Indian Bank,9707-2020-4398,SIM Swap / KYC,120519.38,2026-06-19T07:28:25,Agra,Uttar Pradesh
7a245e92-8f4c-42ba-b4d3-38ebe980929b,Dhriti Bhardwaj,Bank of Baroda,9909-8189-3547,APK Loan Scam,280639.33,2026-07-09T22:03:27,Bhiwandi,Maharashtra
a25c8e80-4533-4771-a31d-3f57a358d7a6,Siya Mahal,IndusInd Bank,8723-8891-3794,Bank Impersonation,44384.33,2026-08-14T16:53:35,Kanpur,Uttar Pradesh
bf8ac2d1-25e3-40ab-87d9-19fbc30aa75f,Om Dutt,Union Bank of India,9104-6387-3671,UPI Fraud,36037.71,2026-06-30T03:49:21,Dehradun,Uttarakhand
14949343-fafb-4887-9c54-ee64b4a59004,Gaurang Dayal,IndusInd Bank,6462-5392-1171,SIM Swap / KYC,86304.37,2026-06-29T03:36:38,Indore,Madhya Pradesh
ddb844c5-2dcb-440c-a45a-9714b3b0478f,Pushti Raval,Bank of India,6847-3071-3499,Job Scam,233366.87,2026-07-15T13:14:13,Firozabad,Uttar Pradesh
f7b7e86c-a286-4e18-8b0f-98e990db83e4,Vansha Rajagopal,Union Bank of India,9076-6595-3244,Digital Arrest,179098.27,2026-06-27T10:16:14,Varanasi,Uttar Pradesh
3cf2eb44-a7cd-43ee-a93f-0fc4d5820014,Baljiwan Walla,Bank of India,8413-9862-1695,Electricity Bill Scam,133256.38,2026-05-28T10:08:47,Ludhiana,Punjab
6acdfbc8-9db6-49d9-8a0a-1f34a68613ab,Kashvi Atwal,State Bank of India,5573-3787-3023,APK Loan Scam,77328.94,2026-05-28T16:15:59,Dhanbad,Jharkhand
7f59bfbc-a1f0-468a-a76f-c23087721320,Rayaan Badami,Kotak Mahindra Bank,3694-7366-5858,SIM Swap / KYC,8614.5,2026-06-30T03:26:08,Vadodara,Gujarat
3900bccc-410d-45ca-92fc-cf4a4e023251,Yuvraj Kara,Union Bank of India,6263-6320-3801,Romance Scam,68019.74,2026-06-17T17:58:09,Guntur,Andhra Pradesh
591b73b6-65ed-4f98-960a-377dc2a090b0,Devika Dayal,HDFC Bank,8790-5569-9903,APK Loan Scam,139152.33,2026-08-13T13:54:24,Pune,Maharashtra
2f126ace-8b23-457e-b940-82e2b2f8c1c7,Leela Thakur,Punjab National Bank,9722-2219-7282,Romance Scam,27120.81,2026-06-13T10:01:45,Saharanpur,Uttar Pradesh
15498099-f076-4dc0-bbe6-be1247145006,Oliver Bhattacharyya,Central Bank of India,9633-5540-7971,Bank Impersonation,195006.47,2026-05-19T21:07:46,Ranchi,Jharkhand
8705f85d-e1ba-4cf1-b0ed-7bbed04d9008,Chanchal Mannan,Indian Bank,3893-6996-5054,Bank Impersonation,25489.98,2026-08-16T05:58:29,Varanasi,Uttar Pradesh
d69cfef8-1087-4928-8680-73f264301f53,Zinal Viswanathan,Union Bank of India,9871-5314-5909,Investment Scam,67185.5,2026-08-16T03:23:53,Sri Ganganagar,Rajasthan
cc002800-7da4-46d8-ad18-02028333d6a3,Radha Desai,Kotak Mahindra Bank,3878-4652-3285,Job Scam,327051.03,2026-08-19T10:45:53,Nagpur,Maharashtra
cf08d81f-1a02-4ead-9695-4ddb52fe745e,Vrishti Parmer,ICICI Bank,8566-5398-8312,UPI Fraud,38491.81,2026-05-04T01:49:13,Hyderabad,Telangana
f659601d-4cb5-4d9c-bcf3-910ddc7d6c87,Nitesh Raval,Punjab National Bank,8337-1142-3749,Job Scam,284103.89,2026-08-09T21:44:27,Tiruchirappalli,Tamil Nadu
f8322118-d1fe-41b2-bdc4-134427907fb7,Vedant Kapur,Bank of India,1435-6413-5913,UPI Fraud,165944.51,2026-07-21T19:35:22,Amravati,Maharashtra
5e8bcfac-8d61-48ae-916d-c2d5c8be1145,Siddharth Bains,Union Bank of India,7797-1872-7495,Digital Arrest,208091.6,2026-07-27T21:06:37,Durgapur,West Bengal
763c591b-75c8-433c-b4c7-1e2eb00fb090,Jatin Peri,HDFC Bank,1820-7050-5134,Romance Scam,5551.73,2026-05-30T21:35:05,Ludhiana,Punjab
32994887-268d-48e4-a58b-16c847622211,Keya Kumer,Canara Bank,8292-5574-6172,SIM Swap / KYC,64400.9,2026-08-10T04:49:34,Durgapur,West Bengal
966dc9be-c4b8-48d3-a154-e1c237a5e5d9,Chanakya Chokshi,State Bank of India,4978-8142-8453,SIM Swap / KYC,71735.5,2026-05-13T18:26:36,Aizawl,Mizoram
354a09b5-a095-42d9-8d1b-c3d772876a6b,Chanakya D’Alia,Indian Bank,3458-2083-5551,Electricity Bill Scam,12170.11,2026-07-21T08:24:15,Saharanpur,Uttar Pradesh
1cb6a603-8571-46c4-bda5-fb7347101805,Sachi Rai,HDFC Bank,2210-2272-1205,Bank Impersonation,51419.87,2026-06-27T09:45:32,Siliguri,West Bengal
fdc777df-e5a2-492c-ac4a-241ea5634bcd,Zayyan Som,Central Bank of India,9677-7909-4738,Digital Arrest,317714.18,2026-07-06T04:43:14,Saharanpur,Uttar Pradesh
d1e8c2f5-2077-48f5-84dd-bddf2f2f13bf,Samesh Andra,Canara Bank,6101-6247-7448,Digital Arrest,390428.96,2026-06-20T21:20:00,Kanpur,Uttar Pradesh
e9aa6854-4a36-41ca-8934-22060321ccd2,Osha Chaudhuri,Federal Bank,9678-2098-5782,Investment Scam,123356.24,2026-08-08T01:36:40,Ahmedabad,Gujarat
da6a2157-398c-40ad-bf54-a15b0959e221,Laksh Sahota,Punjab National Bank,3594-6662-5745,Bank Impersonation,158080.0,2026-07-15T06:34:43,Jamshedpur,Jharkhand
57956bc3-f799-4306-9c08-711abc81b427,Yasti Dalal,IDBI Bank,8509-1573-2351,UPI Fraud,13880.23,2026-07-20T12:58:30,Aizawl,Mizoram
e60cfa06-e108-487e-989e-cb00e3275c70,Ishaan Cherian,YES Bank,1590-8375-9456,Digital Arrest,401312.8,2026-08-26T10:26:59,Guwahati,Assam
976e822a-6589-45d1-98e0-9cc528432da0,Rushil Iyengar,Central Bank of India,8644-3492-5559,Electricity Bill Scam,35758.17,2026-08-17T22:27:31,Amravati,Maharashtra
a4ef494e-1dd2-4870-855f-bcbf940f37bd,Saksham Parmar,HDFC Bank,6985-9990-2963,APK Loan Scam,20407.88,2026-05-10T20:37:05,Firozabad,Uttar Pradesh
8484bad4-bc56-45fc-8130-4354f7575bbf,Chakrika Dyal,Bank of India,4064-8573-9360,UPI Fraud,175822.87,2026-06-01T22:13:23,Dehradun,Uttarakhand
606deae2-9ef0-461d-b41a-ddc9bc314533,Watika Johal,State Bank of India,3346-9118-2876,Digital Arrest,430578.42,2026-07-16T06:45:08,Cyberabad,Telangana
6d832f62-1c94-46a2-b308-fd7a6fc704c7,Ganga Keer,ICICI Bank,6314-6890-1919,Bank Impersonation,191469.92,2026-06-10T06:38:04,Jamshedpur,Jharkhand
4007f09c-255b-4e6a-919c-ebbce1d79f78,Agastya Chakraborty,Union Bank of India,3167-4820-6950,UPI Fraud,79266.23,2026-05-10T01:29:07,Vijayawada,Andhra Pradesh
e1617d00-1482-4f7d-bbc9-bd094f4f36f9,Wakeeta Dixit,Bank of Baroda,3583-4600-9313,SIM Swap / KYC,134291.56,2026-07-16T06:39:16,Firozabad,Uttar Pradesh
46941e44-2341-4ed8-92ef-bc1f3321a550,Yasti Borde,Bank of Baroda,5802-9283-6389,APK Loan Scam,17676.76,2026-08-02T23:05:20,Coimbatore,Tamil Nadu
8a77dfa4-6f30-45f7-9aa2-1fe07b21c479,Aahana Kashyap,Canara Bank,4861-9899-2821,Digital Arrest,299558.77,2026-08-10T01:56:38,Jodhpur,Rajasthan
4a403866-3475-4035-8338-c7d26a5baa7f,Chaman Lalla,Punjab National Bank,2927-9719-7636,UPI Fraud,76961.86,2026-05-22T09:49:09,Saharanpur,Uttar Pradesh
43c62af7-123b-4460-8d28-c38d825623ad,Chandresh Chaudhry,YES Bank,6464-7924-6987,APK Loan Scam,195659.82,2026-05-14T13:52:19,Madurai,Tamil Nadu
5a30924e-329b-4b03-8568-002b24865152,Balveer Mannan,Kotak Mahindra Bank,2477-8097-9291,APK Loan Scam,269297.24,2026-06-02T13:24:43,Kolkata,West Bengal
1414847a-8f66-4997-887e-2cee01a2c33d,Dhriti Sandhu,Federal Bank,7260-9292-6769,Job Scam,41433.22,2026-08-16T05:00:56,Mysuru,Karnataka
e495c3aa-5984-4806-bef9-5ee10e969772,Girish Bath,Indian Bank,6598-5432-7974,Job Scam,149437.77,2026-08-02T17:45:59,Raipur,Chhattisgarh
905bc728-7ecf-49c2-af82-6b1c8bb2b7f3,Lakshit Garde,HDFC Bank,3718-1928-6687,Job Scam,168609.26,2026-07-18T16:37:36,Jaipur,Rajasthan
d3770601-14c1-412b-a51e-1bca5c6dc535,Ishita Sarma,Bank of Baroda,3050-8536-1014,SIM Swap / KYC,177602.54,2026-06-19T04:38:57,Nashik,Maharashtra
3b958988-959f-4d53-865e-24e13291b271,Girik Pradhan,Canara Bank,7313-9587-9217,Electricity Bill Scam,173052.88,2026-07-24T12:07:31,Jamtara,Jharkhand
260fa109-958e-4dc3-a8ee-72832ea7717a,Qadim Comar,ICICI Bank,3456-7638-7188,SIM Swap / KYC,90502.66,2026-05-21T10:30:07,Saharanpur,Uttar Pradesh
0243f753-2de7-4675-b75d-812977ab71b3,Mugdha Shan,Central Bank of India,9854-6542-4999,Romance Scam,21490.92,2026-07-09T08:59:43,Raipur,Chhattisgarh
aa4b9599-4496-45ea-9383-d47e7e3d1403,Lekha Sridhar,ICICI Bank,3041-5920-9308,Electricity Bill Scam,180705.04,2026-06-10T12:23:04,Salem,Tamil Nadu
85ba7585-9f7e-4cf1-85b0-83b61eec707e,Ojas Chowdhury,Bank of India,4495-9931-3910,Digital Arrest,412258.73,2026-07-07T10:21:47,Kanpur,Uttar Pradesh
d0eb13fe-0299-45f5-b3d2-8af2df78f311,Daniel Dutta,Union Bank of India,1205-2207-5327,Romance Scam,133028.56,2026-08-27T01:11:45,Bhopal,Madhya Pradesh
7b2b1df3-cfa2-4aa9-bf3e-86859e6780b9,Omaja Subramanian,HDFC Bank,8498-2102-5210,Digital Arrest,286890.81,2026-08-27T05:57:19,Cyberabad,Telangana
a17fd5c9-7c1a-4174-bece-8dbae383264a,Pratyush Raghavan,Central Bank of India,6610-7653-2735,Romance Scam,101558.9,2026-07-15T15:21:31,Allahabad,Uttar Pradesh
48bcb216-2d85-4e85-9e60-c5530741667f,Ayush De,Bank of Baroda,1825-5376-9543,SIM Swap / KYC,197545.12,2026-05-04T08:01:29,Siliguri,West Bengal
d146054a-087b-4b58-bd93-1f734edaab6c,Vinaya Chowdhury,Axis Bank,3306-4807-2713,UPI Fraud,11914.75,2026-06-01T15:34:08,Coimbatore,Tamil Nadu
ab56f77a-3e7b-42b7-9218-f60e5f64e72e,Ridhi Batra,ICICI Bank,4224-8658-2644,Digital Arrest,388832.19,2026-07-01T17:16:11,Siliguri,West Bengal
804135e4-360f-4538-ba3a-23a0bb61c10b,Advika Murthy,Axis Bank,3820-2840-4640,APK Loan Scam,49409.4,2026-07-14T02:38:16,Aurangabad,Maharashtra
1aa78121-be29-4724-994c-6d64630f750d,Udarsh Nigam,Central Bank of India,8414-5876-4984,APK Loan Scam,94106.19,2026-08-01T21:12:23,Lucknow,Uttar Pradesh
dd47cff8-f091-462b-af08-d8ccaad076dc,Rachita Kothari,Indian Bank,1178-5689-2559,Digital Arrest,362594.8,2026-06-30T03:38:54,Amravati,Maharashtra
85ed4f8b-9207-457c-9981-dfd31ce68322,Hiral Rajan,Bank of India,8751-8154-7361,Electricity Bill Scam,73084.06,2026-06-15T09:54:07,Jamshedpur,Jharkhand
d1db98e1-ed66-4faa-9f30-0a702238d1a5,Chatura Apte,Axis Bank,8541-2631-5012,Romance Scam,55954.17,2026-05-02T22:28:04,Agra,Uttar Pradesh
b082d3a2-bf9d-45f4-804f-acedd7551ee7,Yashasvi Singh,HDFC Bank,5294-1251-6998,Romance Scam,19285.9,2026-06-18T23:05:22,Solapur,Maharashtra
10a16766-27e8-4232-aa2a-7bfed349ef40,Noah Borde,Indian Bank,3881-3311-2231,Bank Impersonation,81072.59,2026-07-23T16:08:48,Bhubaneswar,Odisha
cb95f24d-0845-4749-8793-c4ed80669c3d,Ekani Khosla,Bank of Baroda,2449-4258-4782,SIM Swap / KYC,156906.47,2026-08-18T07:59:48,Amritsar,Punjab
c1d0c95d-c2ee-485a-bceb-f33146e59674,Arunima Bedi,Kotak Mahindra Bank,2076-6156-5872,Job Scam,82120.5,2026-06-25T16:06:24,Aurangabad,Maharashtra
7ef698ec-73d6-46ee-92da-1abc90eee071,Kritika Rau,Union Bank of India,7149-4763-5288,Bank Impersonation,112537.71,2026-07-19T04:05:32,Dhanbad,Jharkhand
88f878a8-af17-4632-8819-940dda1a317c,Farhan Sharaf,Federal Bank,2572-6189-2026,Job Scam,75925.91,2026-07-31T17:12:34,Kochi,Kerala
4148ebad-508c-4e7e-907f-7ec26898df60,Sara Chakrabarti,HDFC Bank,9966-3897-6001,APK Loan Scam,182155.34,2026-08-01T16:05:14,Solapur,Maharashtra
1ac43cf2-bae3-4f49-8244-7cec94af98c7,Sanya Mutti,Bank of India,4234-2916-4432,Investment Scam,445826.22,2026-06-29T05:13:08,Siliguri,West Bengal
1e8e7bbf-63c7-4f82-9362-b12fd40b19ff,Widisha Badami,State Bank of India,3255-3406-9278,Investment Scam,270224.3,2026-07-15T00:54:31,Gurgaon,Haryana
28d8bfbb-8033-464d-bd37-900009856871,Netra Sachar,IDBI Bank,8613-5257-9392,Digital Arrest,420792.62,2026-07-26T21:14:57,Nagpur,Maharashtra
851d412c-cfe4-48d2-b67c-a4a32db7e0e0,Aadi Chand,Federal Bank,5173-7110-2825,Digital Arrest,107733.8,2026-08-17T20:45:25,Kanpur,Uttar Pradesh
2a95d31d-b361-4c71-88e9-f4b0b4a2041e,Yashoda Jhaveri,HDFC Bank,2043-2290-8851,Romance Scam,129281.83,2026-06-01T22:39:03,Bengaluru,Karnataka
f9577608-417b-49bd-bae3-e380512d0272,Harita Patla,Federal Bank,1490-1697-9225,Job Scam,99388.43,2026-06-27T04:36:31,Ghaziabad,Uttar Pradesh
f98b0cd2-d60a-4956-934f-a97a5c9e5eb0,Udant Sha,Punjab National Bank,7187-5213-2958,Bank Impersonation,6308.93,2026-08-16T04:20:35,Jamshedpur,Jharkhand
b8a67989-193e-46e2-a682-18716a36ce73,Urvashi Patla,Punjab National Bank,3488-5616-3666,UPI Fraud,176761.62,2026-07-06T18:04:18,Amritsar,Punjab
74b6b048-0698-470b-a1da-7aa2aa0690a2,Ishaan Chatterjee,Bank of Baroda,6111-5039-2177,Job Scam,104299.83,2026-08-19T15:40:09,Dehradun,Uttarakhand
ff598c16-123b-40ef-8530-998bbf2d9838,Aarnav Om,IndusInd Bank,9444-2516-6671,APK Loan Scam,170537.75,2026-08-20T19:12:57,Srinagar,Jammu & Kashmir
41e66e59-58ec-4e27-8b43-4807273dd09f,Bishakha Vig,Central Bank of India,1631-2973-9524,APK Loan Scam,169158.66,2026-05-01T19:07:19,Ranchi,Jharkhand
67cee431-2097-4917-90c6-e9c36038a573,Hitesh Bath,IndusInd Bank,5150-8301-2481,Electricity Bill Scam,121213.21,2026-08-17T00:10:25,Bengaluru,Karnataka
42531da9-dacf-48af-86de-c828a40a248b,Waida Dey,Canara Bank,9876-5733-1452,APK Loan Scam,85776.34,2026-06-28T01:24:45,Bhilai,Chhattisgarh
4d8aa3e2-ce87-441b-812e-91388f80a004,Hredhaan Kumar,Axis Bank,2550-7396-8968,Electricity Bill Scam,104463.47,2026-07-22T23:17:33,Nellore,Andhra Pradesh
982c13bb-6cd6-47ae-a0e6-b8ba45d64371,Raghav Dara,YES Bank,1818-3034-3981,Job Scam,138251.46,2026-05-19T12:58:13,Dehradun,Uttarakhand
5a9e4f2a-eae1-4758-95f1-7bdf88b6cfbf,Tanveer Shankar,Central Bank of India,1312-2277-5989,Digital Arrest,498408.17,2026-05-21T09:24:47,Chennai,Tamil Nadu
d8341927-0efd-44d2-b3ee-9ff4e0c64e5c,Hamsini Chokshi,IndusInd Bank,1936-4553-5309,Romance Scam,116088.88,2026-06-29T00:42:26,Jamshedpur,Jharkhand
6218ad9a-325c-4601-8d29-8bf7f51a8717,Chakradhar Dasgupta,HDFC Bank,1494-7277-4673,Job Scam,88354.92,2026-07-23T17:16:45,Jamtara,Jharkhand
93b050c4-33e6-4df6-b620-abd75b72d26e,Tanvi Thaman,Punjab National Bank,8747-8544-3616,SIM Swap / KYC,177442.64,2026-05-09T16:24:27,Thiruvananthapuram,Kerala
b47e8889-af49-4764-9e24-0026aa237add,Wishi Agrawal,HDFC Bank,1919-8056-8808,UPI Fraud,96218.73,2026-08-22T18:43:56,Delhi,Delhi
7c223463-5a7b-4e29-800b-f9bbca70873c,Rachita Subramanian,Kotak Mahindra Bank,5033-4125-9766,Digital Arrest,54225.95,2026-06-28T07:42:50,Varanasi,Uttar Pradesh
ac1e4e7e-cb41-4628-a1b2-6c82ae7b47b4,Oscar Dave,IDBI Bank,3140-9246-2532,UPI Fraud,141855.48,2026-07-23T05:59:02,Allahabad,Uttar Pradesh
4bc11cf7-3e9d-4539-a2d9-75a7331036b7,Lila Nagy,Canara Bank,4146-3564-5985,Electricity Bill Scam,155842.18,2026-06-24T10:36:19,Delhi,Delhi
28265c01-f7ae-4c71-bf10-c6bca4aa0d9c,Omya Kothari,Bank of Baroda,1463-3494-6847,Job Scam,26160.97,2026-07-27T04:18:40,Nellore,Andhra Pradesh
43ffe006-c178-46bf-bf91-f2b9f5ca9be3,Mitali Oza,Kotak Mahindra Bank,8156-4495-9024,Bank Impersonation,11648.9,2026-07-02T09:08:55,Asansol,West Bengal
87e11854-b6fb-4354-ad55-ca139ffa7ab9,Sneha Deol,Federal Bank,5285-2100-6999,Romance Scam,171087.82,2026-08-11T03:23:57,Jaipur,Rajasthan
412cfbd8-8029-495f-a123-997607d316f2,Nitara Vala,Punjab National Bank,3820-1908-4196,Electricity Bill Scam,96999.18,2026-07-05T08:27:39,Bengaluru,Karnataka
2ce7d608-fc19-4c16-a162-376df588bf13,Dipta Kalla,Kotak Mahindra Bank,5409-1940-6854,Job Scam,185558.23,2026-08-12T15:05:24,Ranchi,Jharkhand
47b7acf5-4bab-42e0-8be1-7751d37f6729,Shaurya Mannan,Canara Bank,2867-7928-7440,SIM Swap / KYC,46205.91,2026-07-24T12:58:10,Lucknow,Uttar Pradesh
b682f347-1098-47f8-9408-b8bbf7b7870a,Kevin Gokhale,HDFC Bank,7148-6752-7612,Bank Impersonation,118110.35,2026-07-30T17:05:16,Allahabad,Uttar Pradesh
8914a238-fb1e-43c9-a7e6-70ff7cb35c5e,Jack Pandey,Federal Bank,8124-9463-5356,Bank Impersonation,129783.62,2026-05-06T10:49:51,Dehradun,Uttarakhand
d4654ad8-9fae-482b-b1bc-61bb7108c172,Omisha Walla,IDBI Bank,9832-5843-4440,UPI Fraud,151738.51,2026-06-12T10:31:47,Bhiwandi,Maharashtra
9ba9039d-ff0e-4b16-9ce4-b33a59499373,Pahal Arya,IndusInd Bank,5227-4383-7098,SIM Swap / KYC,184251.63,2026-07-08T23:17:59,Warangal,Telangana
39abb527-65f5-4956-a25e-5469eb5e2c83,Aryan Raj,YES Bank,9034-4498-3999,SIM Swap / KYC,178358.0,2026-07-06T12:32:29,Jaipur,Rajasthan
f23f33a6-ff6f-4608-9de7-8260679ac303,Chatresh Bhalla,Federal Bank,4757-1438-1363,Investment Scam,211536.44,2026-05-02T16:08:08,Ahmedabad,Gujarat
4d215da2-7847-48ea-9423-66036c6c08bd,Amara Dyal,IndusInd Bank,8957-7701-7650,Electricity Bill Scam,146528.54,2026-08-03T06:07:01,Cuttack,Odisha
0bc96419-611e-48a9-a6da-20891ef583ec,Zashil Dhingra,State Bank of India,1155-3517-6523,Job Scam,141912.5,2026-06-03T18:12:41,Ahmedabad,Gujarat
a3166d3e-0c4f-4a3b-b541-59cac6b26f49,Chakrika Jani,IDBI Bank,4254-2973-2963,Digital Arrest,174215.44,2026-05-25T13:32:22,Bengaluru,Karnataka
9ce2936a-feff-47ee-be96-72f7b752047b,Jagrati Sethi,Indian Bank,3029-3644-6387,Romance Scam,57727.55,2026-05-14T15:49:27,Amravati,Maharashtra
55b211fd-91d5-4e2a-80b5-c9ad94af32f2,Udarsh Ramachandran,Axis Bank,6805-2794-9090,Romance Scam,117585.64,2026-06-01T05:05:42,Jodhpur,Rajasthan
1c4e5998-75f3-41b8-baf3-7f50bb4ee675,Yasti Mani,Bank of India,4728-4652-1387,SIM Swap / KYC,196104.64,2026-06-23T08:51:25,Guntur,Andhra Pradesh
aa1c4bc2-c4dc-4a42-afea-19ea3d53e88c,Lakshmi Ram,Bank of India,4115-8454-3441,Investment Scam,402735.35,2026-06-22T03:25:52,Gorakhpur,Uttar Pradesh
227aa823-0015-4a96-8302-73f97176d326,Dhriti Bhagat,Bank of Baroda,9917-5354-3018,Job Scam,229770.14,2026-06-09T11:28:29,Bikaner,Rajasthan
ca251886-ad70-4ad4-8a83-212142475f16,Zayan Jain,Bank of India,3152-2982-3174,SIM Swap / KYC,152778.08,2026-05-01T09:54:10,Agra,Uttar Pradesh
7860e713-e19b-4fbf-9bc5-9e1d6c3e3d8d,Umang Pillai,Canara Bank,4787-1586-9363,Job Scam,129665.07,2026-06-03T17:55:45,Gurgaon,Haryana
3cc75afb-d020-46ef-8829-b1f022865087,Rishi Menon,Federal Bank,3425-3025-6727,Bank Impersonation,144102.66,2026-07-29T23:30:56,Asansol,West Bengal
5a0c15c0-8e28-45df-acde-506675b6ae61,Peter Borde,IDBI Bank,5464-5411-1572,Romance Scam,32446.57,2026-05-06T16:39:40,Dehradun,Uttarakhand
e490c330-9289-4607-b746-2b0295644448,Oscar Varkey,Federal Bank,1520-3775-3341,SIM Swap / KYC,118195.83,2026-08-23T00:11:27,Ahmedabad,Gujarat
451de6ab-54b8-4398-934b-51721e27ecd9,Krishna Baria,Central Bank of India,7349-6852-6012,Bank Impersonation,14988.01,2026-07-27T01:09:11,Jabalpur,Madhya Pradesh
d4eaf714-f2b0-424c-8341-efd86d87728f,Arya Lalla,HDFC Bank,2683-3426-5709,Digital Arrest,337895.65,2026-07-17T02:23:35,Ranchi,Jharkhand
394bf6ef-55b1-43f8-b832-b3317ac955df,Naveen Kumer,State Bank of India,7810-4263-2263,Job Scam,227841.39,2026-06-21T05:38:58,Gwalior,Madhya Pradesh
64438263-d7a8-486a-bb7e-90ab2de1c999,Ganga Shukla,Indian Bank,4574-7231-1154,Bank Impersonation,44464.95,2026-08-19T23:55:43,Dhanbad,Jharkhand
44e760b8-073e-40d8-9311-26045127bf09,Balveer Dube,Indian Bank,8314-9409-2968,Investment Scam,292267.65,2026-05-28T11:40:21,Jodhpur,Rajasthan
ac6f014c-b80c-47a4-92b1-b7f54e07e625,Charan Mitra,YES Bank,1572-9168-9123,Bank Impersonation,149217.4,2026-08-07T18:28:26,Varanasi,Uttar Pradesh
50a796ef-961b-465c-a592-01d7f8f1b754,Ishita Bora,IndusInd Bank,9656-2768-7233,Investment Scam,411981.91,2026-07-03T22:54:27,Nagpur,Maharashtra
4ef9e30e-2233-4792-b507-37dc8f39fa11,Thomas Gour,State Bank of India,4893-5479-9348,Digital Arrest,211024.23,2026-08-27T04:04:12,Sri Ganganagar,Rajasthan
e4494522-9590-45e2-8209-22c31c37ccbb,Yashasvi Dutta,Bank of India,2627-7018-9920,UPI Fraud,132631.09,2026-06-18T04:53:16,Dehradun,Uttarakhand
467e3259-92a5-4a31-b517-14bcae1adceb,Netra Chanda,Bank of India,3122-5155-7258,UPI Fraud,59009.24,2026-07-11T09:39:02,Ahmedabad,Gujarat
8aee87ce-c9b1-4ee1-9408-96613fbfde34,Timothy Kala,ICICI Bank,1081-5852-1689,Digital Arrest,403087.46,2026-08-28T01:50:48,Dhanbad,Jharkhand
df74947a-cf42-4686-8085-0fea9e497bba,Garima Patel,HDFC Bank,1389-2099-6583,Electricity Bill Scam,42185.97,2026-08-27T05:36:14,Kochi,Kerala
fc32d25f-2b95-4f54-9745-9731e7c59b0d,Tejas Wali,IndusInd Bank,1107-4921-4213,Romance Scam,76548.45,2026-05-31T04:19:01,Tiruchirappalli,Tamil Nadu
fea50813-89af-4f54-894e-0f3a48350f4a,Aditya Contractor,Punjab National Bank,6365-1176-2921,Job Scam,86060.24,2026-07-10T20:11:12,Coimbatore,Tamil Nadu
1c718f27-64c1-4819-9dcc-b9d27afbe019,Sanaya Khosla,Bank of India,3750-5071-7296,UPI Fraud,131547.69,2026-05-02T03:58:34,Nashik,Maharashtra
f400e8a6-940f-495f-b5b2-6384f4d5f753,Balveer Nagi,Bank of India,1900-1403-6944,UPI Fraud,174665.79,2026-06-07T04:13:58,Rourkela,Odisha
20ab06b7-1f8c-4504-8f01-5e35db940622,Ishaan Raju,Bank of Baroda,3459-3656-3369,Bank Impersonation,114562.99,2026-05-05T12:22:30,Salem,Tamil Nadu
92c6536c-9b54-43c8-a769-d5aab05211ab,Barkha Bakshi,State Bank of India,5226-8413-5512,APK Loan Scam,312719.8,2026-08-20T21:01:01,Ahmedabad,Gujarat
e1f3fbbc-99fd-484a-a7e3-e6bf9cdc25b4,Yoshita Trivedi,Punjab National Bank,6227-6570-6022,UPI Fraud,41279.66,2026-06-14T05:32:28,Chennai,Tamil Nadu
6d96f5de-e682-45ef-bc50-89c33322a88f,Vidhi Bassi,ICICI Bank,5717-5015-8273,Investment Scam,248449.83,2026-05-20T17:01:12,Thiruvananthapuram,Kerala
7fc70dc1-da63-49c9-82a1-029f892ad9fd,Reyansh Nagi,Kotak Mahindra Bank,2225-7909-8130,APK Loan Scam,26791.72,2026-08-01T20:45:11,Mathura,Uttar Pradesh
0f97658e-08d5-4ec7-9772-b3a5b0478a8f,Gopal Ganesh,Bank of Baroda,2973-2750-2266,Job Scam,168720.9,2026-07-15T08:57:22,Tiruchirappalli,Tamil Nadu
42006098-e7ce-46ab-8259-be9bec05aa89,Dominic Kade,Punjab National Bank,6994-1713-5312,Romance Scam,44991.3,2026-06-22T13:12:46,Ranchi,Jharkhand
5884771e-72d0-4dfd-9175-a394c64e29c9,Panini Chawla,Union Bank of India,9368-4510-3315,Job Scam,135327.3,2026-07-13T23:24:01,Madurai,Tamil Nadu
0ac5f3cd-b481-4fbf-8cb6-fc54303c8e0c,Radhika Bora,Punjab National Bank,6509-8952-3736,Bank Impersonation,67746.26,2026-06-19T13:36:19,Jamtara,Jharkhand
128b7175-895f-4e3e-9d15-43db19d1f95b,Arjun Sharaf,Punjab National Bank,7552-2019-2738,Investment Scam,153502.86,2026-05-27T18:09:48,Bhilai,Chhattisgarh
4c77a308-2d58-4f1b-ade8-587255036634,Baljiwan Chahal,Kotak Mahindra Bank,6011-6305-8795,Job Scam,260949.22,2026-08-24T18:43:26,Chennai,Tamil Nadu
0645c1bd-bef6-451e-920d-bff3071064ad,Chatura Gokhale,IndusInd Bank,5770-5689-9732,APK Loan Scam,181705.38,2026-07-04T19:17:44,Jaipur,Rajasthan
958f5696-08ca-4632-8cb8-ed546553a906,Ekavir Kari,Punjab National Bank,1214-5174-6160,Romance Scam,104130.01,2026-08-01T00:14:56,Ghaziabad,Uttar Pradesh
dff42051-4b68-421e-8c49-eada08865cfc,Nikita Rama,Central Bank of India,1401-1516-6878,Electricity Bill Scam,193180.61,2026-07-19T00:15:36,Deoghar,Jharkhand
c390d042-fb68-40da-bea8-d4569efe4af1,Nidhi Sant,Kotak Mahindra Bank,5182-2635-8408,APK Loan Scam,285601.7,2026-06-04T01:18:57,Mysuru,Karnataka
e6a2ce36-fda5-4b48-8fe7-631337f2954c,Anay Ramachandran,Axis Bank,5127-4325-8686,APK Loan Scam,339780.74,2026-06-23T01:12:06,Chennai,Tamil Nadu
9c461889-7440-45af-91cc-c1bd00e62ec2,Abeer Bhatnagar,Bank of India,1276-9983-1030,Investment Scam,217176.64,2026-06-19T15:43:42,Hyderabad,Telangana
b34100ad-ef2c-4da6-ace5-718dfa11a909,Elijah Parmar,Canara Bank,8788-3296-9920,Digital Arrest,60729.93,2026-05-24T21:45:24,Cyberabad,Telangana
2851a038-d388-4c33-be5c-37351d6d4b7c,Bimala Mitra,Indian Bank,9851-8571-9845,Investment Scam,302758.58,2026-05-15T00:52:07,Indore,Madhya Pradesh
27ca5f1f-2057-46fe-b84a-23d07c8bced8,Baghyawati Sarma,Punjab National Bank,5030-2643-7756,Digital Arrest,275000.9,2026-08-21T14:11:25,Patna,Bihar
4e819b39-f3e8-42d3-80d9-1df45556acdd,Megha Balasubramanian,Union Bank of India,7124-8170-1188,Job Scam,224531.44,2026-05-01T13:20:10,Deoghar,Jharkhand
b9ba8307-242d-434d-83ac-de0c47554b92,Naksh Walla,ICICI Bank,1898-9797-4392,Job Scam,124106.21,2026-05-12T07:50:57,Solapur,Maharashtra
3889bb5f-8e3c-48bf-94f5-33a430a09653,Laban Raman,Indian Bank,4232-9115-4048,Digital Arrest,330373.83,2026-06-01T11:22:41,Bhubaneswar,Odisha
f4494c47-fb09-4424-a952-175430cf0e95,Maanas Misra,State Bank of India,8196-3753-2154,Bank Impersonation,153247.4,2026-05-14T01:00:05,Noida,Uttar Pradesh
ae3753af-ed50-4dfb-ac94-2c878dd04b43,Advay Dhaliwal,Kotak Mahindra Bank,5988-5953-2745,Electricity Bill Scam,11858.75,2026-07-30T04:40:21,Guwahati,Assam
058c6129-5f4b-4573-8dab-8efd1474115a,Benjamin Ahluwalia,Canara Bank,7837-4659-4192,Romance Scam,30475.35,2026-08-23T21:52:21,Gorakhpur,Uttar Pradesh
9d46b6b2-928e-42f6-8514-c0f987930e6b,Frederick Mody,ICICI Bank,2977-6133-6552,Electricity Bill Scam,65771.35,2026-08-18T18:12:47,Jodhpur,Rajasthan
05f99c6d-9ded-4c8d-b6fa-7ad6bb54a3d5,Hemangini Kakar,HDFC Bank,8603-5950-2427,APK Loan Scam,256244.21,2026-07-20T13:49:43,Kochi,Kerala
90af0e97-bb6d-4d43-948b-21e5ba8abe3f,Yauvani Dhar,Central Bank of India,1577-3900-5755,Job Scam,89660.44,2026-05-21T21:42:01,Indore,Madhya Pradesh
35c7f84f-602c-4d29-9540-6833a8dc7b59,Qarin Kant,Union Bank of India,1979-7128-4385,Electricity Bill Scam,9704.78,2026-08-11T12:47:46,Jamshedpur,Jharkhand
9fadfae6-8c31-4d6b-9c29-ca10d77954ac,Rishi Contractor,Canara Bank,5773-5823-6036,Romance Scam,107118.55,2026-08-21T22:45:17,Srinagar,Jammu & Kashmir
6373cb72-7cdd-4b17-b619-5d3901b8c6d5,Chatura Shenoy,IndusInd Bank,1393-7069-7869,Electricity Bill Scam,57847.87,2026-05-12T22:08:31,Kochi,Kerala
8a844d30-cd79-4321-801a-633228ea4a74,Bina Bhavsar,Kotak Mahindra Bank,6772-4438-3394,Investment Scam,277301.51,2026-06-03T05:32:56,Solapur,Maharashtra
3d2e6fd1-3691-4211-88ea-a72f9d182e4d,Guneet Hora,ICICI Bank,1727-5065-9412,Romance Scam,88747.05,2026-05-19T01:23:59,Panihati,West Bengal
f752a010-64db-4c87-b3e6-0bc32a532aa8,Ganga Parikh,Bank of Baroda,1313-7719-1004,Digital Arrest,288712.89,2026-07-28T14:07:55,Amritsar,Punjab
ea1683e4-d2d8-4984-a7e4-da73cbfc7bea,Wahab Chaudhry,Bank of India,8909-4548-2366,Romance Scam,128678.99,2026-07-17T03:04:58,Madurai,Tamil Nadu
5563e265-6435-46c9-8a5c-3ba0c299e280,Ekaraj Hari,Federal Bank,3397-7647-2257,APK Loan Scam,192407.66,2026-05-30T05:29:49,Bhilai,Chhattisgarh
e534f7dd-c76e-4736-a42c-46092ee609c2,Vedika Seshadri,Union Bank of India,6870-1157-4057,Bank Impersonation,12756.67,2026-06-22T16:44:40,Allahabad,Uttar Pradesh
37c30485-b831-4cad-8b7b-2effbda0fa8a,Damini Dua,ICICI Bank,4237-6227-8405,UPI Fraud,30862.91,2026-05-07T04:25:39,Indore,Madhya Pradesh
961d210f-6632-4aeb-a1fe-04579ab1f94a,Diya Sangha,Punjab National Bank,1573-8072-7225,Bank Impersonation,123562.19,2026-05-11T21:05:11,Solapur,Maharashtra
6fcbfae4-473b-4fd4-baa0-91af3bdc5f7e,Aayush Munshi,Union Bank of India,1079-4832-5047,SIM Swap / KYC,128454.34,2026-07-14T21:06:30,Allahabad,Uttar Pradesh
699ecf18-ea35-421c-b408-48f5faa79a9f,Timothy Sarin,Indian Bank,9761-1003-6766,Digital Arrest,417851.26,2026-05-06T22:25:24,Shahjahanpur,Uttar Pradesh
fbaf7a5a-6f8c-4c10-bc27-c3edc0492c37,Jagvi Desai,Federal Bank,6103-7969-8651,Job Scam,228073.54,2026-05-21T17:09:46,Ahmedabad,Gujarat
1eb5c1fa-2bea-48ad-a498-fa78662b7718,Varsha Shere,State Bank of India,5914-2666-2510,Electricity Bill Scam,186286.38,2026-06-14T09:05:30,Dehradun,Uttarakhand
91226a98-7af7-4869-9126-e318447d510d,Jagrati Mody,Punjab National Bank,3415-9167-4206,Digital Arrest,85037.44,2026-07-28T11:18:43,Madurai,Tamil Nadu
7aa5467e-3f88-4a7c-86fc-3eb1cac4735a,Ikbal Gill,Federal Bank,3346-3216-7055,Electricity Bill Scam,126676.01,2026-07-15T21:49:21,Bhilai,Chhattisgarh
2e728caa-8c67-4712-a9a6-25725b53c776,Avni Dey,Federal Bank,4447-1783-8231,UPI Fraud,95635.51,2026-07-21T14:15:11,Jodhpur,Rajasthan
cc0a0d89-6bd6-401e-b029-6c414ad8767f,Adya Bose,Federal Bank,9948-8428-6198,UPI Fraud,153919.94,2026-06-25T07:15:17,Mysuru,Karnataka
0b4a8ee1-f8d6-4b53-bee6-8e06096df4c9,Anirudh Tripathi,Bank of Baroda,2244-8137-9156,APK Loan Scam,26265.35,2026-07-13T02:13:25,Jabalpur,Madhya Pradesh
cd2543fb-af0a-4676-ab47-62a14d24a388,Nidhi Kala,Kotak Mahindra Bank,2529-8023-1119,Romance Scam,55231.35,2026-06-09T03:42:39,Warangal,Telangana
aebfb42d-2a64-4817-95a4-391a4e01352a,Abha Zacharia,Federal Bank,7538-4557-3354,Investment Scam,28128.01,2026-05-18T00:43:29,Chandigarh,Chandigarh
975b7199-667a-4fb5-a651-e746b8ac48cb,Manthan Pau,IDBI Bank,9478-2870-9704,SIM Swap / KYC,142226.49,2026-06-03T17:18:19,Vadodara,Gujarat
1464c56e-0cbf-4d35-9f28-21f11659f380,Udant Mannan,Kotak Mahindra Bank,3744-7637-4076,Job Scam,295095.85,2026-06-30T14:12:37,Shahjahanpur,Uttar Pradesh
6418b72f-267d-44fb-8618-d278a7bd031d,Ucchal Thaker,IndusInd Bank,6974-1154-2973,Job Scam,175923.5,2026-05-25T03:04:25,Rourkela,Odisha
f8a60c20-139b-4188-b1ff-d2bf285bb714,Mekhala Patla,IndusInd Bank,7722-8249-7018,Job Scam,68041.85,2026-07-12T15:31:40,Guntur,Andhra Pradesh
72592ccd-eef9-4357-97e0-db5c101e837e,William Gandhi,HDFC Bank,5947-9468-1935,UPI Fraud,60465.71,2026-07-06T17:56:53,Kanpur,Uttar Pradesh
7e4a2bd6-bde1-49d0-87db-79a5c3819a45,Sanaya Dutta,Axis Bank,7677-6449-5053,APK Loan Scam,173682.79,2026-07-27T08:45:30,Bikaner,Rajasthan
cd352aac-e075-4188-b13c-e0411c3d9db6,Madhav Sule,Punjab National Bank,3034-9488-3507,Bank Impersonation,97285.85,2026-08-22T21:33:35,Kochi,Kerala
41311fa9-d792-484f-b177-e25333319ff6,Banjeet Kanda,Indian Bank,5178-1355-8600,APK Loan Scam,80403.01,2026-05-23T04:30:35,Jaipur,Rajasthan
c85f2092-91e7-4eaa-8df4-b6f9e0af5ca1,Vincent Bhatnagar,Kotak Mahindra Bank,2955-8277-7907,Electricity Bill Scam,98741.2,2026-08-15T07:42:46,Firozabad,Uttar Pradesh
1c6172a7-2069-4d15-958b-c27a68893594,Kala Kaur,HDFC Bank,9392-4980-7761,Romance Scam,164167.32,2026-05-17T00:23:23,Aizawl,Mizoram
860de4ae-f4e2-4031-965e-520b0a3e40a7,Samuel Vasa,Canara Bank,7013-2963-2983,SIM Swap / KYC,61658.83,2026-07-05T15:46:51,Kanpur,Uttar Pradesh
df835e3c-84c8-4c6d-8a23-bf615dbe587f,Lipika Singh,Kotak Mahindra Bank,1733-7473-4748,SIM Swap / KYC,69916.69,2026-08-07T11:42:40,Hyderabad,Telangana
79ebd5a6-8f7c-457e-8f14-bc7930c60791,Chakradhar Baral,ICICI Bank,5009-5259-6610,SIM Swap / KYC,24805.82,2026-05-17T04:49:14,Asansol,West Bengal
a1611551-9b20-4398-83db-53b42228f4fb,Harshil Verma,State Bank of India,8043-7876-9982,Job Scam,178834.93,2026-05-19T05:57:49,Gorakhpur,Uttar Pradesh
37dbca6e-1727-48f3-b622-85dba00bb668,Adya Ghosh,Kotak Mahindra Bank,6408-5230-4875,Electricity Bill Scam,175063.58,2026-06-05T12:49:37,Raipur,Chhattisgarh
6a5ecbf9-0f8a-4ce4-85b4-43d361c9c8b8,Kritika Pau,IDBI Bank,2206-5926-1943,APK Loan Scam,60931.66,2026-08-18T17:10:58,Saharanpur,Uttar Pradesh
6cf2edc9-33d7-40dc-b5b9-270a0dbcf06f,Zansi Krishnamurthy,Central Bank of India,5346-9118-8790,Bank Impersonation,33175.23,2026-05-31T12:31:25,Ghaziabad,Uttar Pradesh
59adc5cb-1324-47b2-af93-f8dc6d083777,Udant Varty,Bank of Baroda,3766-9849-2374,Electricity Bill Scam,27341.96,2026-06-25T19:42:08,Solapur,Maharashtra
004c71d3-4ed9-47ab-b980-d6d4fb524af4,Ira Pai,Kotak Mahindra Bank,8842-9775-3614,UPI Fraud,173243.05,2026-05-23T11:22:43,Deoghar,Jharkhand
d67c2be1-76c4-4920-acc7-9a94647c2472,Vasatika Ahuja,Canara Bank,8629-4539-5772,APK Loan Scam,247078.88,2026-05-22T21:13:17,Bhusawal,Maharashtra
48ccf50c-774d-4c9c-824c-f47df7c78fb0,Ria Gandhi,Central Bank of India,7326-1817-7460,Digital Arrest,220268.27,2026-05-04T07:24:34,Aurangabad,Maharashtra
a8589b9e-291b-496c-974e-4f6b40a02335,Faraj Varkey,YES Bank,7308-1334-5752,Investment Scam,28841.21,2026-06-04T06:41:31,Kolkata,West Bengal
aa4bd205-e99e-4584-b6a2-f0697bafe512,Siddharth Doctor,IndusInd Bank,8923-9454-2871,Bank Impersonation,185673.08,2026-06-29T09:27:27,Deoghar,Jharkhand
9b12a2d8-7873-46d1-b05b-98b098fd38bb,Nakul Pathak,HDFC Bank,2341-9807-8776,Bank Impersonation,56034.91,2026-07-11T14:53:19,Siliguri,West Bengal
f87e0994-ee5f-4bf4-b7e5-6a9ce35e9604,Victor Sachdeva,Indian Bank,8550-7566-3629,Electricity Bill Scam,76364.19,2026-07-13T06:29:38,Warangal,Telangana
fb50a3f8-364a-4736-8c65-f62a622b711f,Ishaan Subramaniam,Bank of India,7311-5198-8509,Electricity Bill Scam,126915.61,2026-06-07T07:03:27,Madurai,Tamil Nadu
7a7625a3-faff-4d0c-b008-a5624c0efd03,Varenya Kade,Federal Bank,1930-9210-9164,Job Scam,289782.41,2026-07-28T10:44:09,Vadodara,Gujarat
bd2c73c8-3b96-4acb-94aa-983c550c8fbf,Nirja Bains,HDFC Bank,3246-8545-4697,Romance Scam,181886.17,2026-07-26T07:32:29,Chandigarh,Chandigarh
88008997-8254-4753-9496-0f8ba2724e62,Caleb Datta,Punjab National Bank,7954-8227-9453,UPI Fraud,114795.94,2026-08-01T00:56:07,Firozabad,Uttar Pradesh
b088cd27-b0ea-47a8-a22d-381d31f153af,Krish Vala,Canara Bank,5068-8905-8699,APK Loan Scam,104712.39,2026-05-14T03:29:51,Sri Ganganagar,Rajasthan
d55690b1-4ca2-4fa8-bbb6-edb9159bf9df,Manan Bhalla,Bank of India,2343-9993-9286,APK Loan Scam,110170.08,2026-07-28T13:11:04,Mysuru,Karnataka
ad0433ef-e07f-43ff-a6eb-6b2c74f2ee2d,Aarna Gole,Bank of Baroda,7767-8402-2296,Romance Scam,32007.5,2026-07-09T04:31:33,Chennai,Tamil Nadu
a63684d3-b43e-4cc4-a551-cc2c9467f12e,Anirudh Mander,Bank of India,8446-4018-7274,APK Loan Scam,215455.95,2026-06-26T15:11:46,Jamtara,Jharkhand
5bec0db3-4835-4fe8-9277-7cf1ab3bb3af,Tarak Sen,Indian Bank,7037-2415-5513,APK Loan Scam,117274.76,2026-05-29T06:44:01,Bareilly,Uttar Pradesh
e0b15466-bc17-4b55-a3de-3068ab552060,Vasatika Garde,HDFC Bank,7380-1878-1116,Electricity Bill Scam,101429.58,2026-08-15T19:07:53,Salem,Tamil Nadu
d62b36c8-ed1d-4141-be31-ccad428b3e6c,Nirja Dhar,YES Bank,3744-5400-3948,UPI Fraud,193852.9,2026-08-16T00:35:07,Jodhpur,Rajasthan
c1888ad6-58b4-405a-b190-f582e39a4d2e,Yasti Lalla,YES Bank,7845-4117-2838,Job Scam,293255.06,2026-05-09T10:41:56,Coimbatore,Tamil Nadu
f4b3de37-2122-4a13-9a25-0f73b70b8c08,Hema Setty,IDBI Bank,8256-8576-4310,UPI Fraud,13434.18,2026-05-23T10:41:55,Mathura,Uttar Pradesh
4c62f75f-bb95-46b0-962a-7a153d2e5bbb,Victor Radhakrishnan,Bank of India,1021-4201-9149,SIM Swap / KYC,38637.42,2026-05-13T17:51:03,Deoghar,Jharkhand
d091e96c-2f37-4f27-9d87-051db3df4518,Kevin Chopra,Union Bank of India,3185-9769-3134,Digital Arrest,181264.17,2026-08-01T16:12:09,Deoghar,Jharkhand
856f14c1-90ba-4b7e-bfb9-1c7d6874782c,Samaksh Virk,Federal Bank,6027-3388-5741,APK Loan Scam,177474.18,2026-08-25T20:49:08,Panihati,West Bengal
cd1ddc44-2707-444c-947a-4861345032f2,Mason Char,ICICI Bank,4983-5034-2461,SIM Swap / KYC,48439.58,2026-05-27T20:54:22,Warangal,Telangana
bd422561-9d03-4a5a-abe3-303a8f7910cb,Vamakshi Barad,Axis Bank,2170-3091-3434,Electricity Bill Scam,46844.93,2026-06-14T23:32:41,Firozabad,Uttar Pradesh
8704ea85-dae4-4a2b-ad62-456f237d8fec,Girik Subramaniam,Federal Bank,4654-3808-2569,Romance Scam,103927.79,2026-07-28T13:29:51,Varanasi,Uttar Pradesh
e71c6943-c257-44ed-a1aa-29b38ed2bae2,Aarav Sankar,Axis Bank,7237-2535-2415,Digital Arrest,276085.59,2026-06-17T18:54:20,Kanpur,Uttar Pradesh
389dd216-4c22-4334-8000-6dae9fae673d,Kamala Bassi,IndusInd Bank,9888-2414-7735,Electricity Bill Scam,148008.41,2026-06-02T07:52:35,Dehradun,Uttarakhand
23b42631-bb93-43dd-a759-62fce3a8b319,Veer Subramaniam,Central Bank of India,3083-5700-4854,Job Scam,274673.14,2026-05-20T08:52:26,Pune,Maharashtra
388d28ea-c8de-46dd-bac2-d7ed9a9b9084,Inaya Chaudhari,IndusInd Bank,8997-6907-1717,Electricity Bill Scam,83171.52,2026-06-07T08:43:40,Bhopal,Madhya Pradesh
7ded2398-07cb-4f62-a85e-237dd7a52861,Krish Kumar,Punjab National Bank,8838-2102-2854,Bank Impersonation,99316.97,2026-05-12T21:14:31,Amravati,Maharashtra
2a13ea2a-3809-48d2-8465-feeb3f34c667,Viraj Chacko,IDBI Bank,6010-9166-4917,Bank Impersonation,164564.12,2026-08-13T09:53:59,Warangal,Telangana
ad129643-a791-4890-859c-ba7b37541e30,Nilima Kurian,Punjab National Bank,1445-8051-5155,Job Scam,151708.0,2026-06-17T02:29:15,Dhanbad,Jharkhand
c1dec2fc-4fc1-45db-9b07-3155ef000d01,Abdul Amble,State Bank of India,7719-7793-9333,Digital Arrest,344671.99,2026-05-19T13:57:53,Delhi,Delhi
8d45f114-abe6-4a7f-9d3d-4b76565d3d5d,Zinal Amble,Union Bank of India,9442-4223-8567,Bank Impersonation,159045.37,2026-08-14T23:36:46,Panihati,West Bengal
94e9e1ad-f0f8-4e98-96ba-99624c9f2807,Samesh Mutti,HDFC Bank,8351-1815-8170,APK Loan Scam,106340.5,2026-05-08T10:39:02,Cuttack,Odisha
1baa2a5c-02ea-4f67-9e51-2c2ed57cae67,Janaki Chhabra,Indian Bank,1699-3687-9124,Digital Arrest,412924.9,2026-07-11T14:22:44,Kolkata,West Bengal
732eb55f-f80c-4073-9790-047f1452becf,Pooja Kulkarni,Kotak Mahindra Bank,8003-9650-5377,Job Scam,110011.36,2026-07-29T15:13:34,Shahjahanpur,Uttar Pradesh
9e97fde9-2511-4af7-a223-129d1444cd29,Pallavi Pau,ICICI Bank,3765-3722-8066,APK Loan Scam,168448.58,2026-07-25T16:41:06,Bhiwandi,Maharashtra
f4b29164-cd9c-444f-a908-02f66555a4f6,Mekhala Jani,YES Bank,9090-5660-4308,Romance Scam,182682.42,2026-05-17T15:54:18,Lucknow,Uttar Pradesh
85bf3f53-6b10-44f4-84cd-8aede884d6a7,Vasudha Gola,Federal Bank,9225-7000-9983,Bank Impersonation,119489.28,2026-08-16T18:34:11,Dehradun,Uttarakhand
215db2a2-3f06-4909-8ea9-4e495610573d,Veda Kulkarni,HDFC Bank,5257-2948-6899,APK Loan Scam,162070.66,2026-06-14T22:10:52,Eluru,Andhra Pradesh
33c3759f-dbec-4102-a19b-87017097e6b6,Hemangini Rao,Indian Bank,2877-1024-6128,Digital Arrest,213118.74,2026-05-16T03:05:02,Hyderabad,Telangana
8bdc0406-988b-44bc-af08-2e02abd89e03,Jagat Karpe,Bank of India,1578-2353-4353,Job Scam,78552.91,2026-07-05T12:43:41,Tiruchirappalli,Tamil Nadu
77fa4662-82b1-4c7f-867f-3991c90e11f2,Neel Chaudhry,YES Bank,4641-4198-3044,Romance Scam,161898.29,2026-05-01T10:26:19,Vijayawada,Andhra Pradesh
0b231396-ef01-4a90-992e-1a2d676b86c8,Yashoda Rattan,YES Bank,2357-5994-1482,APK Loan Scam,157674.17,2026-05-21T17:16:26,Noida,Uttar Pradesh
258935e3-3ef2-4c86-a60a-525e975696db,Charles Dyal,Bank of India,7845-9772-7719,Electricity Bill Scam,37021.37,2026-08-23T11:44:13,Bhubaneswar,Odisha
3eb71e07-7e1a-4e9b-8409-0e7d78a65f69,Abdul Chand,Axis Bank,1855-9854-1842,APK Loan Scam,175674.49,2026-07-20T15:10:00,Raipur,Chhattisgarh
bdc14946-971c-4adf-88cb-0acf3ebfd670,Urishilla Saran,YES Bank,6471-6198-6697,Investment Scam,203923.6,2026-05-22T17:10:49,Cyberabad,Telangana
2a64363c-fc9e-43b3-ba0e-57e92da3a343,Devansh Lall,Bank of India,8823-3644-9408,SIM Swap / KYC,111717.72,2026-07-11T05:24:49,Panihati,West Bengal
197cd967-da02-4131-9d05-902811ecb97e,Kamala Buch,Kotak Mahindra Bank,7226-4029-4886,Job Scam,62733.52,2026-08-07T12:35:15,Patna,Bihar
a87705aa-e6fc-4740-8bb6-47becb2e8e78,Leena Rattan,Bank of Baroda,9108-6233-3848,Digital Arrest,151128.11,2026-06-11T15:45:22,Indore,Madhya Pradesh
3d969f20-ecc9-45e1-b866-d02cb36dcb0b,Dakshesh Gill,Federal Bank,5720-5772-1922,Bank Impersonation,132865.82,2026-07-23T23:56:13,Panihati,West Bengal
b796ea4b-8d55-4e9f-a151-981426e196f9,Reva Anne,Bank of Baroda,2156-4301-6923,SIM Swap / KYC,96261.14,2026-06-30T20:03:03,Allahabad,Uttar Pradesh
eaf256e9-b755-4b95-b945-c450ede6c153,Zarna Mangal,Bank of Baroda,9092-7634-6326,Job Scam,308667.96,2026-06-17T07:11:42,Mathura,Uttar Pradesh
8776c35f-3097-49e4-83ac-934aa4a41cae,Bahadurjit Uppal,Bank of Baroda,9902-8832-3017,APK Loan Scam,163902.66,2026-07-01T16:12:35,Panihati,West Bengal
e2554baf-f364-4bf8-a82d-ede75ac6dd84,Omkaar Banik,Indian Bank,9961-3907-3725,Job Scam,185059.06,2026-07-21T13:05:34,Nashik,Maharashtra
8d907413-cf21-43fd-87b5-2f3cf0b1482a,William Acharya,Central Bank of India,7214-2107-8801,SIM Swap / KYC,182371.76,2026-08-27T17:22:35,Gorakhpur,Uttar Pradesh
51fa4e09-3235-414a-9c2a-5288b9f0d7f5,Gabriel Majumdar,ICICI Bank,7610-2751-2025,Electricity Bill Scam,186646.3,2026-07-07T19:41:00,Cyberabad,Telangana
fe694ba7-2bca-4b6e-90bb-d53c7bd0dac8,Ira Rana,Central Bank of India,7176-7231-3397,UPI Fraud,145608.79,2026-07-26T13:34:22,Aurangabad,Maharashtra
219d2435-c553-44f5-96dd-304b54e1032d,Sai Vasa,Axis Bank,1431-2119-1475,Romance Scam,191225.54,2026-06-15T10:48:35,Patna,Bihar
f33b0a06-e1c9-4a4e-a106-d7fa5d9e04d2,Ekapad Chana,Indian Bank,8982-3295-3699,Bank Impersonation,169066.05,2026-05-11T08:17:52,Jabalpur,Madhya Pradesh
301ae66d-5a08-40c2-8dc4-adec2aa2161f,Ijaya Palan,HDFC Bank,3157-9030-9681,Job Scam,205521.53,2026-08-10T16:20:35,Jamshedpur,Jharkhand
da070f62-f415-429a-b8e6-e2100866328a,Upkaar Hayer,Bank of India,2194-3628-8887,Romance Scam,56404.87,2026-05-31T15:38:46,Aurangabad,Maharashtra
f1b8127c-21b6-4729-abad-7e317111bce3,Netra Agrawal,Bank of Baroda,8017-3512-9478,Romance Scam,94650.68,2026-08-04T17:40:50,Deoghar,Jharkhand
c29a0105-830e-4af1-8925-c6b27bb1409d,Parth Ray,Canara Bank,2473-4364-8851,Electricity Bill Scam,51596.15,2026-08-09T09:29:32,Bhusawal,Maharashtra
919f6985-ec0b-4eae-8f37-0190d112df26,Elijah Thakur,Bank of India,1540-3448-1551,APK Loan Scam,24707.97,2026-08-12T06:16:51,Giridih,Jharkhand
10bbd4ab-818b-477c-9c66-58b21fa856a8,Harini Dada,Federal Bank,9447-8231-2192,SIM Swap / KYC,121840.01,2026-07-16T13:53:57,Siliguri,West Bengal
d1aabf80-6ffb-4957-a373-7e9fb506e9aa,Zashil Savant,Bank of India,6831-8955-3839,Job Scam,172099.31,2026-07-14T07:22:09,Shahjahanpur,Uttar Pradesh
c3c7a3b3-ef57-4c97-875e-f26a3ac84d88,Veda Kohli,Punjab National Bank,9665-7137-3358,SIM Swap / KYC,11472.79,2026-07-02T00:21:17,Nuh,Haryana
226081d6-90f7-4975-a779-6cb215b1857f,Tara Sharma,HDFC Bank,1174-1314-5959,Electricity Bill Scam,141933.82,2026-07-26T04:43:15,Agra,Uttar Pradesh
69ed83f7-fa26-4da6-82fe-37a2e69e16b4,Vasatika Dada,IDBI Bank,7692-8303-3603,Bank Impersonation,109437.82,2026-05-23T19:05:34,Jamshedpur,Jharkhand
312509af-fc40-4ab5-8b93-fb19ca0237a2,Ekansh Raja,State Bank of India,6651-8865-5799,Digital Arrest,123414.99,2026-06-13T19:40:42,Raipur,Chhattisgarh
67a5c112-3b6e-4c56-bcb8-e8c1397eb8d2,Victor Mutti,Indian Bank,5497-4549-9190,Romance Scam,6816.6,2026-08-10T23:05:31,Jamshedpur,Jharkhand
c45befaa-110d-47db-941c-0b7bb322f00f,Ira Varty,Axis Bank,2823-4992-6563,Job Scam,84015.93,2026-08-02T02:40:12,Ghaziabad,Uttar Pradesh
d41294c8-f2a1-495d-8dcf-498fc3f9eb48,Adya Kothari,Union Bank of India,6809-8345-8090,Romance Scam,183111.9,2026-06-22T14:16:16,Cyberabad,Telangana
2e4a7187-22ab-4ffa-b365-f2fee744dc3e,Girik Rastogi,ICICI Bank,6576-3402-1821,Electricity Bill Scam,77099.49,2026-06-02T06:12:16,Rourkela,Odisha
db3d42b0-c4c8-4c58-a254-75aaa6afdfb5,Faqid Gokhale,IndusInd Bank,4684-7574-3051,APK Loan Scam,202236.71,2026-05-27T12:40:50,Bikaner,Rajasthan
6b60bac3-ff05-449f-bf56-916987aa0ff0,Dipta Pandya,State Bank of India,5689-7994-1438,APK Loan Scam,338297.5,2026-08-17T02:24:33,Bareilly,Uttar Pradesh
270509ef-a807-4806-a130-7e8edb979b40,Amruta Goswami,YES Bank,6629-5926-3452,Digital Arrest,393014.85,2026-07-04T14:56:03,Firozabad,Uttar Pradesh
a5ef1ba9-e43e-4aeb-946c-e4aac056468a,Wishi Iyengar,Federal Bank,5644-8678-6580,Electricity Bill Scam,72578.18,2026-05-07T22:03:35,Bengaluru,Karnataka
65a60d00-570a-42a6-aecf-c299b7f0636e,Wyatt Lanka,Bank of India,3224-8309-3126,APK Loan Scam,56137.85,2026-07-25T05:40:58,Shahjahanpur,Uttar Pradesh
02be2518-9e07-484b-b508-ae4a512cfb16,Veer Jain,Federal Bank,2027-8883-5658,Romance Scam,196689.07,2026-08-11T10:52:48,Delhi,Delhi
f7411463-cfc5-4386-aa39-fae0f44c0cb6,Ishani Dugal,Axis Bank,5303-6843-3513,UPI Fraud,121748.17,2026-08-04T17:15:46,Srinagar,Jammu & Kashmir
48c2f41e-d46d-4db9-97ec-63aa6db9173b,Jagdish Brar,Central Bank of India,6769-3387-8091,Investment Scam,328544.59,2026-08-02T05:56:37,Ghaziabad,Uttar Pradesh
522265ad-b8eb-491f-b9f5-f1758431e374,Abeer Basak,Punjab National Bank,8712-8564-3447,Electricity Bill Scam,15729.66,2026-07-11T15:48:49,Aizawl,Mizoram
201d057e-b9e4-4ba2-a148-d375fdb7c9d6,Kamya Murty,HDFC Bank,1016-3916-8599,SIM Swap / KYC,42070.35,2026-07-18T10:35:32,Nagpur,Maharashtra
2b8c382a-9160-4ffa-94f5-97f900199ec2,Anvi Swaminathan,Axis Bank,5149-8317-7242,APK Loan Scam,311156.7,2026-05-19T12:35:28,Jamtara,Jharkhand
d3cdb0f7-84ec-4920-b533-ebb29474682e,Yasti Mammen,HDFC Bank,6227-6596-9213,Job Scam,309558.4,2026-08-03T11:13:51,Chandigarh,Chandigarh
4bb3138b-5ca5-4172-a3e3-de823284333d,Tristan Dave,Central Bank of India,1462-9113-4339,Investment Scam,420431.61,2026-07-27T17:32:43,Kanpur,Uttar Pradesh
60b648b0-bc2b-45a9-ad8d-b9fb68134c58,Pallavi Sridhar,Punjab National Bank,1294-2689-7523,Investment Scam,466985.79,2026-08-01T08:27:10,Jamshedpur,Jharkhand
ebfc4a24-62e5-4c76-a721-f0dd085bc468,Yadavi Palan,IDBI Bank,1778-9313-7033,Electricity Bill Scam,143342.28,2026-05-25T11:13:22,Durgapur,West Bengal
da397b1c-31bb-48f8-8f64-7f5a06b2caaf,Owen Shankar,Bank of India,3297-4520-3136,Electricity Bill Scam,52134.66,2026-08-19T12:40:50,Bengaluru,Karnataka
aa1fc45b-a8ee-42e9-9a41-249bcdd886ae,Zarna Sharma,Central Bank of India,7190-2825-6760,Electricity Bill Scam,183411.44,2026-05-16T05:44:43,Varanasi,Uttar Pradesh
5acc0f0c-7079-471a-9186-f785c43a0688,Abhiram Arora,Punjab National Bank,8550-4516-7389,Digital Arrest,172414.46,2026-07-03T16:46:16,Ranchi,Jharkhand
094b6535-17fc-4fc3-8321-4ad80d931f97,Ladli Chaudhuri,Punjab National Bank,4677-3332-9510,Electricity Bill Scam,68138.66,2026-05-31T09:24:45,Solapur,Maharashtra
68ae52e9-e99b-40f9-8942-8ce71e84f0b9,Janaki Lad,YES Bank,4674-2175-2546,Electricity Bill Scam,191431.26,2026-08-17T22:41:17,Rourkela,Odisha
b51b21ac-5359-4710-bc2e-98ccb524072f,Adya Khalsa,Axis Bank,7579-7886-8240,SIM Swap / KYC,111764.19,2026-06-28T10:23:31,Deoghar,Jharkhand
06dc16fc-a801-4c5d-8a1b-9e07926107ad,Urishilla Oza,State Bank of India,5168-6232-6914,Romance Scam,150089.34,2026-06-09T20:48:40,Bharatpur,Rajasthan
e71df684-0a4a-4a0c-859e-ce4d2addd999,Qarin Tara,State Bank of India,9187-1242-3040,Electricity Bill Scam,147329.83,2026-06-12T00:15:29,Mumbai,Maharashtra
418353aa-ef79-4d53-9929-f76084ad9d01,Shivansh Saini,ICICI Bank,8695-7867-8021,Electricity Bill Scam,119346.44,2026-08-23T12:31:56,Chandigarh,Chandigarh
eedfff20-f48e-4d2f-a1c0-a377680cacf2,Janya Rattan,Kotak Mahindra Bank,5018-3856-4191,Digital Arrest,434101.92,2026-06-16T09:44:30,Bikaner,Rajasthan
7147d6ef-54c9-4c52-811a-2a6b134b86b4,Shravya Gole,Punjab National Bank,5564-2841-4952,APK Loan Scam,280553.03,2026-07-03T05:22:19,Dehradun,Uttarakhand
ba21ac56-cd03-4e6a-87c0-f75f979d3d4e,Veer Chaudhry,IDBI Bank,4596-8415-1523,Investment Scam,42028.41,2026-07-02T22:13:10,Bhubaneswar,Odisha
9247c9a0-cc6d-459f-8b62-99639bd4bd7d,Warinder Sankaran,Bank of Baroda,4225-2336-8329,Digital Arrest,267306.26,2026-05-21T09:25:29,Raipur,Chhattisgarh
832b2ebc-11be-4f1a-8d5d-db1c4d881374,Rohan Dhingra,Central Bank of India,8289-1953-9303,Job Scam,238929.12,2026-07-15T05:52:13,Allahabad,Uttar Pradesh
bd868da0-2c2f-4c57-b427-2806991ab93b,Urvashi Andra,Axis Bank,1056-6459-2836,APK Loan Scam,132583.64,2026-07-25T12:17:20,Bhilai,Chhattisgarh
267114bd-3352-4aaa-9bfd-1cba2b13fa75,Oviya Tata,Indian Bank,7792-8363-7289,APK Loan Scam,110824.29,2026-08-17T05:01:15,Aizawl,Mizoram
6abbc492-4a7b-4ec6-af43-65cb3989c776,Zansi Walla,Bank of India,9486-6940-4876,SIM Swap / KYC,196053.73,2026-06-06T16:17:31,Indore,Madhya Pradesh
0b5549ce-9f1f-42a9-8ae8-4d26c2d87d2a,Vidhi Mital,IDBI Bank,7882-1540-2115,Digital Arrest,438126.31,2026-07-25T07:40:20,Gorakhpur,Uttar Pradesh
726657ae-a5f3-4318-90c6-59a520c8134b,Champak Rao,Union Bank of India,5030-1952-6716,Investment Scam,430068.17,2026-08-12T17:37:57,Warangal,Telangana
6dba6473-860f-4459-af05-4a7be2824dd9,Nihal Bhasin,Bank of Baroda,2375-1574-8613,Digital Arrest,139449.18,2026-07-27T14:59:46,Rourkela,Odisha
176693c3-c387-4e39-ae51-5263d04279d3,Aachal Soni,Federal Bank,7971-3184-4246,Electricity Bill Scam,86393.02,2026-07-15T22:32:15,Cuttack,Odisha
2c9fe910-03aa-4c94-a8fd-c25ff9d846da,Shivani Natt,Federal Bank,5046-6135-9025,Romance Scam,151591.91,2026-07-31T17:43:02,Tiruchirappalli,Tamil Nadu
b1feb5d1-5a13-49c8-82e0-6259b688801b,Jalsa Parsa,IDBI Bank,6493-1443-2231,Electricity Bill Scam,34031.81,2026-05-22T14:50:18,Patna,Bihar
8f20000f-44e1-4371-bebd-710a17894b9d,Hemangini Bahri,Punjab National Bank,1506-4598-2057,Romance Scam,6609.3,2026-05-28T08:33:13,Gorakhpur,Uttar Pradesh
b15273ae-4292-4b6c-9937-412ea0f51137,Jairaj Panchal,Punjab National Bank,5707-1007-6691,Investment Scam,404589.77,2026-07-02T21:26:01,Durgapur,West Bengal
5c4d3a30-f414-438c-9038-4d1443751b88,Owen Mane,Bank of India,4467-8449-6355,Electricity Bill Scam,19928.79,2026-06-27T14:35:29,Amritsar,Punjab
3bd470f4-c82c-43e6-85b7-a6f9fdde8f84,Ekta Uppal,IDBI Bank,5702-2385-5251,UPI Fraud,156797.17,2026-07-20T15:33:51,Rourkela,Odisha
d7ef67ef-2581-449a-96b2-019fae0078d2,Sanya Brar,State Bank of India,5675-4654-7756,SIM Swap / KYC,142485.72,2026-05-20T18:09:59,Mumbai,Maharashtra
566fa3c8-a0f7-41db-a2af-bbeb5cc669c4,Bhavini Sheth,Kotak Mahindra Bank,2125-7163-6406,APK Loan Scam,21534.74,2026-07-19T18:50:34,Vadodara,Gujarat
60c6a616-d9ef-48d3-9c73-805c92586200,Oliver Nazareth,Kotak Mahindra Bank,1712-9541-1625,Job Scam,167411.03,2026-06-01T12:43:12,Guntur,Andhra Pradesh
5717543f-3cce-46b8-a297-cacb86f599ba,Nidhi Bora,Indian Bank,1483-2311-9070,APK Loan Scam,53224.58,2026-05-08T19:26:48,Jaipur,Rajasthan
70052149-86cc-4923-a3df-345e863a389b,Neel Oza,Axis Bank,9419-5990-9980,Bank Impersonation,114134.9,2026-05-27T01:24:01,Chennai,Tamil Nadu
409237c4-1b05-4544-996f-877ecf7a4c6a,Dipta Nadig,IDBI Bank,3354-1211-3243,UPI Fraud,188215.21,2026-08-20T22:24:06,Indore,Madhya Pradesh
ece39dcf-0369-4cdf-acc2-b5a2cea347ef,Amara Rana,IndusInd Bank,3161-8143-9666,Investment Scam,395603.47,2026-08-04T15:08:54,Vadodara,Gujarat
22f28193-2681-434e-8b6f-704f1a2066a5,Sai Patil,IDBI Bank,1226-3873-8496,Job Scam,316339.7,2026-06-10T22:33:16,Aizawl,Mizoram
5c079f4a-8c2f-45c6-9e57-1ffbc980b6d7,Odika Ganesh,Indian Bank,8245-4601-2335,Job Scam,73809.22,2026-05-17T04:30:16,Amritsar,Punjab
35449a3a-1007-4326-a6b6-99b492f585b7,Arin Dass,Bank of India,9444-4580-7301,Digital Arrest,461544.95,2026-08-19T09:47:47,Pune,Maharashtra
be4c4703-bdc1-44ec-b149-c1d99363394e,Zayan Buch,Canara Bank,5888-4099-5249,Job Scam,271890.53,2026-05-29T10:30:20,Jaipur,Rajasthan
9081fe83-3f92-4d61-bf09-9cfc2d4a5def,Ojas Ranganathan,Kotak Mahindra Bank,5018-3856-4191,UPI Fraud,115261.93,2026-07-17T22:36:32,Bikaner,Rajasthan
19410fcd-bc1e-4a6c-a81f-229e79ba214f,Girish Bhatt,Axis Bank,1098-7208-5116,Job Scam,164122.37,2026-08-19T20:56:56,Bikaner,Rajasthan
a4f8e988-9ab1-49aa-831e-3dee43b8767e,Chatura Bal,State Bank of India,7624-3704-8657,Job Scam,76737.85,2026-07-28T03:06:44,Amravati,Maharashtra
0893cc03-c8d2-486c-831d-c5dd7f42c95b,Fiyaz Chawla,HDFC Bank,5861-8044-7093,Digital Arrest,332481.8,2026-07-27T09:14:08,Cuttack,Odisha
af1ff822-6a6a-479b-b64d-c2be6bc1ce24,Nachiket Chad,Punjab National Bank,8689-5317-7547,Digital Arrest,375985.71,2026-08-27T07:31:46,Agra,Uttar Pradesh
be96c37e-4edf-41d8-af45-4823d69dbf51,Dayamai Karnik,Federal Bank,9308-5977-6825,SIM Swap / KYC,145744.31,2026-07-01T05:37:46,Varanasi,Uttar Pradesh
9bd160fc-69be-4f75-8fd4-d1341a2aaf5b,Bhanumati Savant,Federal Bank,8480-6505-7625,UPI Fraud,108596.04,2026-08-09T13:55:44,Rourkela,Odisha
2d359806-63ec-4e2e-ad79-c7ff04a365f9,Karan Vyas,Axis Bank,4004-7891-7722,Electricity Bill Scam,19417.0,2026-08-14T02:01:12,Ghaziabad,Uttar Pradesh
43a350e8-9140-47d4-8ee5-bc37b950a9d7,Ayush Banerjee,Kotak Mahindra Bank,6371-2377-4666,Bank Impersonation,18519.17,2026-06-15T00:17:21,Amravati,Maharashtra
223736c4-e2e9-41a1-b9de-996e6d9033b8,Eshana Soni,Bank of Baroda,8911-3115-3839,SIM Swap / KYC,33639.26,2026-07-07T19:26:56,Coimbatore,Tamil Nadu
2e2c1499-27b4-468f-9636-871c767eda5c,Anita Saxena,YES Bank,5714-2878-5834,Electricity Bill Scam,80264.65,2026-05-25T17:13:54,Nagpur,Maharashtra
730c594b-a9af-41e7-a82f-3c78553380ad,Peter Shan,IndusInd Bank,6122-4543-2782,SIM Swap / KYC,70277.05,2026-08-28T17:52:07,Bikaner,Rajasthan
906ea3d0-9898-403c-be92-c392652c43a9,Dayita Palan,Punjab National Bank,3616-2763-6763,UPI Fraud,85671.15,2026-05-14T19:54:51,Agra,Uttar Pradesh
f60fcf15-58a2-4993-8cab-1290c1363343,Utkarsh Chakraborty,IDBI Bank,9822-7367-6731,SIM Swap / KYC,166704.59,2026-08-28T16:56:12,Mathura,Uttar Pradesh
80c79a05-d03e-4cb0-8fc8-a7ea8e03d96d,Darika Pau,Union Bank of India,6239-8535-8009,Job Scam,150883.16,2026-06-17T00:57:27,Vijayawada,Andhra Pradesh
b8cc671b-bb0c-4c93-8d5e-d5ebfcc9f8fe,Abha Dugal,Axis Bank,6240-8617-4122,Investment Scam,332205.78,2026-08-23T07:29:01,Chennai,Tamil Nadu
1a47fa02-8981-4ddc-9626-e2cc0f806230,Advaith Acharya,Canara Bank,5974-1701-8843,Investment Scam,404048.99,2026-06-05T11:07:40,Bhubaneswar,Odisha
0078c5a5-43f2-45fe-ac99-268d62f94b4b,Hemangini Mangat,Indian Bank,8966-3380-2758,Bank Impersonation,48638.95,2026-08-08T12:11:50,Chandigarh,Chandigarh
cf514080-3631-401d-8bfe-05512935a040,Abhiram Swamy,Union Bank of India,4009-8147-5377,Investment Scam,166735.09,2026-08-07T15:40:46,Srinagar,Jammu & Kashmir
1bf68c7f-ded3-4cf6-898b-fd95ed7aeaaf,Chandani Andra,Bank of Baroda,3037-2352-4511,Digital Arrest,293549.77,2026-06-05T11:14:47,Srinagar,Jammu & Kashmir
dff7779f-2dd4-4ffd-952a-363c992c614b,Brinda Kashyap,Federal Bank,9611-8549-4617,Digital Arrest,313625.12,2026-08-18T08:39:13,Chandigarh,Chandigarh
e2b473ff-0af0-49e1-a17e-04c5edef3d98,Kashvi Gulati,Axis Bank,2748-5626-2561,Electricity Bill Scam,180162.49,2026-05-23T14:05:45,Dehradun,Uttarakhand
3227e351-cf37-4249-a610-9c290e60cd5c,Rajeshri Rana,HDFC Bank,9653-8021-5470,Electricity Bill Scam,38907.73,2026-06-14T09:29:06,Vadodara,Gujarat
4100c1c6-ea32-48ff-a901-1f733d3ace7b,Nihal Ramakrishnan,YES Bank,6715-3343-2940,Investment Scam,312009.06,2026-07-21T18:44:21,Alwar,Rajasthan
d08f58e1-a2aa-4b8a-9525-7a453e6b4afb,Thomas Lall,HDFC Bank,3663-5856-6009,Job Scam,254195.94,2026-06-17T23:02:40,Jamshedpur,Jharkhand
d7860325-00ec-4792-a848-8b85861e9aac,Pahal Khatri,Union Bank of India,4768-2496-6984,SIM Swap / KYC,191029.42,2026-06-27T09:50:49,Dhanbad,Jharkhand
f241701f-bf60-4769-9647-9626a9b61ce2,Bhavani Wali,Union Bank of India,7905-4394-7810,UPI Fraud,9203.45,2026-07-20T19:23:41,Patna,Bihar
fc615f51-23a5-479a-a500-9034c2a78bb6,Nitara Guha,IndusInd Bank,7994-3089-6206,Investment Scam,86574.13,2026-08-21T11:50:31,Ludhiana,Punjab
5ff20003-0117-452d-b37a-df67a5404348,Qabil Deshpande,Union Bank of India,6791-3151-8901,APK Loan Scam,78177.51,2026-06-19T06:32:00,Ghaziabad,Uttar Pradesh
3380e540-88df-4a09-adfb-3f6380cddddf,Indrajit Shah,State Bank of India,7952-3780-5649,Electricity Bill Scam,44754.69,2026-07-13T03:16:25,Asansol,West Bengal
9ea0780b-5933-4dd3-b3ae-9dbe2a1330e0,Anita Swamy,Union Bank of India,8438-6512-8905,Job Scam,108293.42,2026-05-08T19:13:55,Gurgaon,Haryana
157ffd9a-977f-4689-9345-47d720fc1e27,Ekani Bahl,YES Bank,9725-6778-9985,Electricity Bill Scam,74657.6,2026-06-20T08:42:38,Sri Ganganagar,Rajasthan
f3a50f48-79a2-4d32-a9ab-14837abdf520,Chandran Warrior,Axis Bank,1773-9838-6372,UPI Fraud,107678.83,2026-08-05T01:32:21,Nuh,Haryana
93e802a4-c1fe-494f-85cc-90ed85529658,Quincy Chaudry,Bank of India,8446-4018-7274,APK Loan Scam,278762.28,2026-05-27T20:55:32,Jamtara,Jharkhand
28bd9a47-1c0f-4b80-af9d-67e9e35cd2d8,Amruta Dass,YES Bank,4375-3006-5744,Job Scam,122042.23,2026-06-12T07:35:59,Delhi,Delhi
32fe0930-1168-4944-bbb0-38d0a4889724,Abhiram Kaul,Indian Bank,3008-2859-8200,Job Scam,48948.07,2026-08-04T07:23:52,Bhusawal,Maharashtra
76521ccb-7fcd-40f2-9b7c-0a5446c3a249,Matthew Aurora,Axis Bank,7472-4123-5388,Digital Arrest,305543.3,2026-08-22T07:40:39,Bhusawal,Maharashtra
e97d3498-bfcc-4a63-88ae-057c0b501ee7,Teerth Oommen,ICICI Bank,7879-7148-6137,UPI Fraud,174496.16,2026-08-10T11:43:47,Shimla,Himachal Pradesh
9141eaf7-7d89-4668-8ebd-d2579dd8a733,Devika Tara,Bank of Baroda,6867-9923-3401,Bank Impersonation,10869.09,2026-06-29T16:41:31,Gurgaon,Haryana
bd895826-cefc-4f27-a035-ec68efef8d6b,Ubika Balay,IndusInd Bank,7493-4506-7640,Job Scam,275501.45,2026-08-11T03:54:52,Jodhpur,Rajasthan
fa30ebd7-c370-45b8-98f0-143a5dc2dc3d,Faris Dhingra,Canara Bank,5265-7432-2952,SIM Swap / KYC,105287.13,2026-05-11T23:50:58,Mathura,Uttar Pradesh
ecbf5be8-7a35-4df3-9a4a-99ec81c6c96e,Amaira Ramanathan,State Bank of India,9939-7797-5606,SIM Swap / KYC,130154.5,2026-06-21T19:14:32,Ludhiana,Punjab
b74f35a9-732f-4ddd-95c2-4340ae487c82,Upma Golla,State Bank of India,4754-1551-7785,Digital Arrest,164889.33,2026-05-29T04:59:18,Ranchi,Jharkhand
b4c866ee-841d-4e02-a17c-96285e5a28b8,Zashil Raj,Axis Bank,2822-3936-4455,Investment Scam,418379.32,2026-07-22T12:45:40,Raipur,Chhattisgarh
dee56ada-be6d-47ef-b385-ebd8e3b9e746,Jairaj Kothari,Kotak Mahindra Bank,2003-9138-5514,APK Loan Scam,349316.13,2026-06-23T23:59:33,Kota,Rajasthan
38cd6a20-ca32-4dae-98d1-aace49a72f93,Saanvi Kota,Central Bank of India,1166-4969-9645,Job Scam,27131.52,2026-05-29T13:23:09,Madurai,Tamil Nadu
b61e1072-7c0b-4632-94c5-6ad73b72f1d4,Rushil Sharma,Bank of India,8329-6591-5767,UPI Fraud,128729.36,2026-06-09T08:29:40,Pune,Maharashtra
56d05845-b868-4060-9ce9-90b1e6d1bc19,Sathvik Solanki,Indian Bank,1319-2547-1670,Investment Scam,370964.34,2026-06-05T13:32:58,Vijayawada,Andhra Pradesh
b1698fbd-b337-4ac7-94e8-e639ab624fd5,Devika Naidu,Federal Bank,9788-4637-2656,Investment Scam,168372.18,2026-05-23T08:21:04,Tiruchirappalli,Tamil Nadu
4547e72f-a23a-4cf8-91ad-3b70a797d78c,Brijesh Verma,Federal Bank,2686-8892-4591,Bank Impersonation,155811.8,2026-07-17T21:42:02,Ranchi,Jharkhand
9232912e-2027-4e14-bde6-0f6c1a93b730,Zehaan Srivastava,Axis Bank,9938-3060-2489,Investment Scam,301311.83,2026-08-02T14:07:49,Patna,Bihar
b66cdb71-29df-48c1-b08a-5b5d571396cc,Rushil Patel,State Bank of India,6143-6918-8304,Investment Scam,199609.31,2026-07-25T07:46:17,Nashik,Maharashtra
8536a93e-68b2-4425-b296-fe0e5220c6f1,Tejas Chowdhury,Bank of India,4145-6809-2927,SIM Swap / KYC,169049.37,2026-06-01T10:13:41,Jabalpur,Madhya Pradesh
fe48766d-1320-4bdb-86c6-23cf93a1c37e,Radha Nair,Canara Bank,4353-9689-7242,Bank Impersonation,34836.57,2026-07-28T05:54:22,Jodhpur,Rajasthan
b3ac8198-f098-482e-ac21-125dfb605c36,Oliver Majumdar,YES Bank,7423-4320-3423,APK Loan Scam,203112.53,2026-06-09T07:55:48,Lucknow,Uttar Pradesh
5ac2d8dc-65aa-4fb5-99f3-d569d66deb0a,Meghana Kibe,Axis Bank,2972-9693-5378,Electricity Bill Scam,64346.75,2026-07-11T21:16:24,Coimbatore,Tamil Nadu
e4ccd9be-ba12-4bb7-abaf-f477f77cd92b,Brijesh Soman,State Bank of India,3064-5675-4389,Job Scam,175968.28,2026-05-17T23:58:07,Vijayawada,Andhra Pradesh
34d4d663-6bdc-40ff-bd74-9b3c5e19eaaa,Kamya Chakraborty,Kotak Mahindra Bank,8638-3403-1902,SIM Swap / KYC,163820.7,2026-08-19T16:10:27,Alwar,Rajasthan
a6d813a8-f43d-4d29-b048-21a0d15e05ed,Nakul Tata,Indian Bank,8210-9020-7830,Job Scam,70957.99,2026-06-02T11:33:15,Kota,Rajasthan
a5e56fd2-b542-498f-bea0-a81e7cc02a9f,Hamsini Bhasin,Federal Bank,3697-7209-1035,Digital Arrest,297722.84,2026-08-25T19:29:27,Jabalpur,Madhya Pradesh
bdc2397c-766f-47fb-825f-311c13a70e55,Ishani Dube,HDFC Bank,9993-3086-7959,Bank Impersonation,186956.12,2026-06-27T15:03:47,Eluru,Andhra Pradesh
7bbecf58-9964-44fd-8d3b-832787c7110e,Jeremiah Sura,Central Bank of India,3809-1792-2412,Electricity Bill Scam,153521.43,2026-05-22T13:23:25,Madurai,Tamil Nadu
0337891f-392b-4001-9bc9-5c24b22116a2,Edhitha Palan,State Bank of India,9743-7821-6772,Investment Scam,120709.32,2026-06-22T13:17:34,Kanpur,Uttar Pradesh
8eb48768-2563-41c4-90d8-8e5754ded131,Reyansh Bail,Federal Bank,5113-5267-1963,Romance Scam,47742.27,2026-07-06T01:25:30,Bhubaneswar,Odisha
1bf9ec6b-3513-419c-86a0-923ecfc9e40a,Ishita Desai,Kotak Mahindra Bank,9036-2408-5656,Electricity Bill Scam,126601.42,2026-06-23T13:12:24,Srinagar,Jammu & Kashmir
daac32b4-e20a-4c5d-a482-fbbc97a06b09,Balveer Sundaram,Union Bank of India,5342-1278-6782,Bank Impersonation,142451.03,2026-06-10T11:10:22,Aizawl,Mizoram
ac7291de-1893-485b-8e33-fc0afa0c0a8e,Chaitaly Suri,Axis Bank,8009-1521-8130,Electricity Bill Scam,62774.56,2026-07-24T04:23:23,Lucknow,Uttar Pradesh
a74f582e-341a-4ca2-b037-5e8001c0ec2d,Rachit Pall,IndusInd Bank,4477-8956-5986,Investment Scam,217749.25,2026-07-20T14:48:30,Jamshedpur,Jharkhand
8e712119-4579-459e-968f-c0aab5b964cd,Upadhriti Maharaj,Punjab National Bank,9034-9501-2158,Electricity Bill Scam,132817.6,2026-08-26T21:36:25,Coimbatore,Tamil Nadu
290f3c37-78b1-454a-b94a-c835fd630137,Ekapad Wali,Bank of India,5026-5835-9173,APK Loan Scam,43506.9,2026-08-04T21:29:16,Varanasi,Uttar Pradesh
bcf523ba-333e-49e0-8f55-64706ce89651,Shivani Merchant,Bank of Baroda,8993-9534-4624,Electricity Bill Scam,30947.82,2026-06-14T15:57:52,Bhopal,Madhya Pradesh
04e5906d-a37f-4515-a18c-7fc6c83153b0,Jeevika Setty,Bank of India,6072-8303-3989,APK Loan Scam,90258.47,2026-07-06T11:49:35,Noida,Uttar Pradesh
cead4eaa-0922-4447-96eb-08a6851695e4,Yashawini Raghavan,ICICI Bank,3765-3722-8066,Investment Scam,484168.25,2026-06-07T18:30:27,Bhiwandi,Maharashtra
90377b99-03b7-4983-9c66-067b6e1157c0,Anirudh Patla,Central Bank of India,1442-8172-5045,Romance Scam,120075.68,2026-05-21T04:36:23,Ahmedabad,Gujarat
69396744-077b-40a4-8ec7-4ae3ccef31e4,Ekani Bhatnagar,IndusInd Bank,2009-2692-1085,UPI Fraud,118226.52,2026-05-08T16:25:00,Jamshedpur,Jharkhand
f42159bb-4c10-4c58-8b5a-37eb2653fa1f,Ranveer Viswanathan,Punjab National Bank,9146-9852-1120,UPI Fraud,23364.86,2026-06-11T14:36:28,Patna,Bihar
746b8e2c-8218-4be5-8a2d-8e4dd4f497e6,Mitesh Mandal,HDFC Bank,8084-4774-1512,Bank Impersonation,157724.36,2026-06-25T03:43:11,Kolkata,West Bengal
bf691d68-77c7-47c0-abd2-62695c35f71d,Nimrat Nagy,IndusInd Bank,8361-1268-1606,UPI Fraud,80187.78,2026-05-08T15:16:21,Gurgaon,Haryana
13a33195-6ab3-4f3f-8960-bd8b9ce3b10f,Gopal Virk,Bank of Baroda,5609-3379-7952,Digital Arrest,185129.65,2026-05-05T21:08:03,Nagpur,Maharashtra
39ea757c-f96a-4bd5-847c-b529ca8c88ba,Caleb Dayal,Federal Bank,7030-2286-3702,Electricity Bill Scam,66473.9,2026-06-24T21:25:48,Sri Ganganagar,Rajasthan
7f26703a-fe74-4804-a880-98bbeb813597,Azad Jaggi,Central Bank of India,2160-1237-6937,Investment Scam,337197.41,2026-06-20T03:20:49,Hyderabad,Telangana
138da1ef-3d4f-4782-8b7a-8ecfffd0a0e6,Vedika Handa,IDBI Bank,8586-3842-4274,SIM Swap / KYC,102656.5,2026-07-11T03:03:46,Mumbai,Maharashtra
37c48dde-e0fc-4f2b-8427-a0dfc1a0048e,Azad Rama,IDBI Bank,4934-7029-6833,Romance Scam,139654.52,2026-06-08T04:16:39,Ranchi,Jharkhand
22e9b5d1-61d0-4787-ba35-384ab87448fc,Aahana Bawa,Central Bank of India,3813-8887-2505,APK Loan Scam,176708.52,2026-07-27T13:44:33,Tiruchirappalli,Tamil Nadu
e3129cc5-ccfd-42bb-9230-1b7133bbb6f2,Timothy Bobal,State Bank of India,1786-7620-7640,Job Scam,298376.26,2026-08-26T07:13:12,Bareilly,Uttar Pradesh
c2119baa-5e2b-4575-8f4b-10b791be5b4d,Sathvik Swamy,Bank of India,8235-8376-7681,UPI Fraud,187226.7,2026-08-20T18:14:45,Cyberabad,Telangana
6f75d459-d0f1-486d-99f7-9e02a57566ce,Upadhriti Bhat,Central Bank of India,6366-3983-8388,Electricity Bill Scam,157626.52,2026-06-26T13:33:49,Amravati,Maharashtra
86112198-c942-44f9-967f-2797c65aebb8,Ojasvi Pillay,Bank of Baroda,4955-8809-7642,Job Scam,148396.69,2026-05-29T09:25:23,Vadodara,Gujarat
1017af86-fb32-4cc6-9e97-9badb268bb08,Amaira Wadhwa,State Bank of India,8728-4330-7586,Investment Scam,153885.56,2026-05-28T19:32:25,Guntur,Andhra Pradesh
ff8b96f8-b54d-4043-b24b-3b52692fd696,Ekavir Modi,YES Bank,9725-6778-9985,Digital Arrest,293923.05,2026-07-18T13:17:30,Sri Ganganagar,Rajasthan
f328ecb2-b2ce-4fca-a457-c4250d7a426a,Tarak Venkataraman,Punjab National Bank,7951-9684-8317,Investment Scam,328972.31,2026-07-08T16:11:22,Saharanpur,Uttar Pradesh
6f9dd659-2c90-4b57-815d-352066f2b2b7,Harrison Kashyap,Punjab National Bank,9936-4895-2148,UPI Fraud,63440.19,2026-08-21T05:27:12,Guntur,Andhra Pradesh
bc5ab245-469f-4f88-8b7d-7c48e7ced0c2,Ranveer Hans,Canara Bank,6648-6016-5498,Bank Impersonation,114099.15,2026-07-19T14:44:53,Ranchi,Jharkhand
963096a1-a56d-42ed-895e-03867f143a3e,Praneel Sagar,IDBI Bank,4853-3352-3270,SIM Swap / KYC,188238.29,2026-07-27T18:00:22,Bikaner,Rajasthan
13cf6d92-863a-4efb-8f47-6ba1826db579,Ishita Shanker,Bank of India,5741-2415-6281,Digital Arrest,469709.18,2026-07-07T16:44:55,Jabalpur,Madhya Pradesh
058daa41-b490-4af8-b809-902c72a53fa0,Hemang Ganesan,IDBI Bank,9446-5963-8323,UPI Fraud,153204.11,2026-07-04T21:49:49,Durgapur,West Bengal
d4f4a90d-bd13-4b76-85b7-9a5332b73885,Neelima Thaman,Kotak Mahindra Bank,3845-5417-8020,SIM Swap / KYC,122702.99,2026-07-17T11:22:48,Asansol,West Bengal
66213c6e-0ed3-4b0e-9162-a6f4fe7efefd,Nakul Walla,HDFC Bank,1295-1249-7133,Electricity Bill Scam,18684.16,2026-07-10T14:22:25,Asansol,West Bengal
3b191b0b-73cb-42aa-9818-6a52f26309de,Indira Murty,IndusInd Bank,2184-2690-7945,Electricity Bill Scam,18847.34,2026-07-07T10:50:09,Agra,Uttar Pradesh
bd41de71-d674-4ffe-ae62-58f3245af81d,Kamya Sachar,Axis Bank,4752-8500-4751,Romance Scam,195755.35,2026-05-16T11:00:16,Gwalior,Madhya Pradesh
bdc6f245-08ce-4b23-950e-4f26b26638da,Ekiya Khosla,Punjab National Bank,8550-4516-7389,Job Scam,264923.46,2026-08-25T07:01:05,Ranchi,Jharkhand
dd29f0b2-451b-4742-8408-8c6ac41a7c41,Keya Kumar,Federal Bank,7186-3568-3380,Bank Impersonation,43039.32,2026-05-25T21:07:37,Allahabad,Uttar Pradesh
3deba1ca-99cd-4446-8101-c42ffe1e11f8,Sneha Sem,Axis Bank,1418-5012-9029,APK Loan Scam,246645.21,2026-05-24T04:31:32,Bharatpur,Rajasthan
296df387-c17c-40ec-a064-096941b0a373,Aadi Banerjee,Kotak Mahindra Bank,6593-1130-2311,Romance Scam,160856.44,2026-05-27T02:12:44,Bikaner,Rajasthan
b2ecb15b-f3dd-4a8f-9c27-5869b98af656,Amol Vasa,Union Bank of India,3381-8748-5380,Electricity Bill Scam,159547.9,2026-07-30T04:53:08,Warangal,Telangana
91f4dc23-f967-497e-8df6-077409e25c25,Chasmum Ahuja,ICICI Bank,9557-7242-3073,Investment Scam,409960.83,2026-07-16T02:00:45,Siliguri,West Bengal
0d7f1f3b-1ac4-4bea-800a-ffe2734293a0,Tristan Kala,IndusInd Bank,1568-8197-4906,Job Scam,36068.68,2026-07-01T11:56:55,Varanasi,Uttar Pradesh
24e609e3-ad6e-4d39-80ef-04e0054fd76f,Anthony Majumdar,Kotak Mahindra Bank,6251-8301-2322,APK Loan Scam,143337.44,2026-05-13T05:04:49,Gurgaon,Haryana
522c6974-40bb-4903-95ac-51c051563879,Girindra Barad,Punjab National Bank,9447-2245-2481,Romance Scam,128051.71,2026-06-25T15:36:31,Nashik,Maharashtra
d291a3c9-b8dd-45f9-ae00-454a60b82507,Ishani Dugal,Canara Bank,4861-2609-3786,APK Loan Scam,166545.36,2026-08-11T11:40:33,Firozabad,Uttar Pradesh
ae9d9fcc-8f69-4f9d-b974-49eabd029bbe,Alka Peri,Punjab National Bank,6941-1009-7759,Romance Scam,150633.92,2026-07-03T03:15:25,Aurangabad,Maharashtra
939eea61-abaa-4f29-b68d-27252dc705e5,Viraj Kunda,HDFC Bank,6467-1904-7653,Electricity Bill Scam,91660.04,2026-06-20T15:41:23,Amritsar,Punjab
19ed0aad-1913-45ea-9c61-cca0f8eb22ce,George Ratta,HDFC Bank,4960-2781-2862,Romance Scam,99003.94,2026-08-19T18:01:50,Indore,Madhya Pradesh
b64a761b-5be2-4898-8ade-376e0e7b26d8,Faras Nair,Union Bank of India,2607-7805-5184,UPI Fraud,102890.0,2026-06-30T09:35:32,Tiruchirappalli,Tamil Nadu
26628635-ef46-4ed1-8ae1-2835c2a9dd4a,Oscar Sura,IndusInd Bank,4425-7380-4107,Investment Scam,336122.38,2026-06-09T07:46:56,Coimbatore,Tamil Nadu
f9cc9330-0af5-4ffa-8f76-7da8c02a6e4c,Charita Barad,Union Bank of India,6658-2788-4082,Job Scam,183135.32,2026-07-03T09:02:11,Mathura,Uttar Pradesh
9d232eb3-c1da-44b8-9290-e5bee47e7f83,Farhan Bhalla,IndusInd Bank,5934-5272-8844,Job Scam,272864.27,2026-08-19T14:43:44,Vijayawada,Andhra Pradesh
71e23880-9222-4999-ad59-a0038bfa4ef6,Ijaya Saraf,State Bank of India,9416-6077-5741,Electricity Bill Scam,76522.87,2026-08-21T15:21:05,Nashik,Maharashtra
7704c183-810e-4af7-91ac-490614ddf01b,Jai Karan,Kotak Mahindra Bank,3297-8649-7798,APK Loan Scam,323913.02,2026-07-24T02:12:32,Eluru,Andhra Pradesh
9f5586fe-9c97-4d1c-9634-af10486a5fad,Lavanya Bhagat,Union Bank of India,5642-8827-3072,APK Loan Scam,258010.35,2026-05-29T01:19:18,Bhusawal,Maharashtra
4276de47-e6d2-4475-94cb-0948e17a6289,Benjamin Nagar,Indian Bank,9714-3708-4130,UPI Fraud,104229.67,2026-05-10T01:10:07,Ludhiana,Punjab
79e64998-de51-44b3-a05a-72f38b114779,Eta Thakkar,Bank of Baroda,5339-9514-5560,Investment Scam,114406.11,2026-06-24T16:46:40,Hyderabad,Telangana
b948e6e2-cfa6-4be1-92e2-2f5773d3a9b0,Michael Bedi,Punjab National Bank,3221-2615-1703,Investment Scam,443220.68,2026-05-22T16:00:47,Shahjahanpur,Uttar Pradesh
40437178-8971-4822-bcb4-e39631cc96b8,Sanaya Thaman,State Bank of India,2666-8142-2552,Romance Scam,131894.93,2026-07-27T23:32:50,Kanpur,Uttar Pradesh
0e1a789e-4d5c-4575-a2fb-1cc8fe0773f0,Tristan Sankaran,Bank of Baroda,1925-5882-5307,SIM Swap / KYC,154821.04,2026-06-13T01:02:43,Bhubaneswar,Odisha
8d9efdd0-6677-48d1-8fe7-0bf9a47470d1,Meera Divan,Axis Bank,5153-5015-6755,Romance Scam,45436.92,2026-07-02T15:40:16,Ahmedabad,Gujarat
9eeae32e-3671-4033-ac3d-973c0864d5b0,Gayathri Butala,IndusInd Bank,8993-4799-1994,Job Scam,322124.06,2026-08-10T19:55:48,Chennai,Tamil Nadu
4eb24771-68e3-473c-be34-2c076698da78,Chandran Rastogi,ICICI Bank,5635-6430-5618,Investment Scam,337016.27,2026-07-16T02:31:08,Chennai,Tamil Nadu
cabb154b-b668-4f5a-8af8-5323cd9d4ca6,Frederick Rastogi,Axis Bank,3628-4355-5792,Digital Arrest,415628.85,2026-08-10T02:20:31,Dhanbad,Jharkhand
2057b620-e9cb-42b6-90dc-fa4fa24157ac,Kalpit Deshmukh,Punjab National Bank,9933-5087-5790,Investment Scam,47283.5,2026-05-21T16:20:34,Guwahati,Assam
9fc3e20e-b6e2-400d-b761-8d15745ea5de,Rudra Sura,IDBI Bank,8418-6737-1819,Job Scam,324216.82,2026-08-19T11:58:31,Tiruchirappalli,Tamil Nadu
401c81f7-334d-427d-a688-3d10f4b1c0d9,Rohan Viswanathan,Central Bank of India,4207-2191-4341,APK Loan Scam,285645.76,2026-06-17T22:29:31,Amravati,Maharashtra
35de3b7b-c7b2-452d-810c-3c94366e72e8,Xavier Bora,Kotak Mahindra Bank,6358-4905-3694,Investment Scam,107084.26,2026-06-24T06:22:53,Nashik,Maharashtra
12a21558-e22e-4f86-9b73-befdc9493360,Qushi Naik,Central Bank of India,3139-8973-6180,Romance Scam,184921.71,2026-08-06T17:41:57,Tiruchirappalli,Tamil Nadu
b385fdc0-bc51-45f6-acd6-11ad6a2a0918,Isaiah Sachdev,IndusInd Bank,4922-1670-5433,APK Loan Scam,249481.1,2026-06-14T15:37:21,Warangal,Telangana
a88c754c-1a85-4cae-933f-56dc2d3c6da2,Jasmit Pall,State Bank of India,6429-7763-9242,UPI Fraud,176846.8,2026-05-22T10:41:09,Tiruchirappalli,Tamil Nadu
8eac2988-8e34-493c-80db-54626240f0c2,Ekani Padmanabhan,State Bank of India,4514-9005-9800,Digital Arrest,370234.23,2026-08-06T01:04:51,Alwar,Rajasthan
23ab5c30-cb80-4d1b-9830-0749dc2f241a,Dalaja Gara,Federal Bank,3258-3606-3690,APK Loan Scam,119963.07,2026-08-08T18:20:46,Thiruvananthapuram,Kerala
4ab02301-0bb2-4304-9d68-c5dd71c8878d,Riya Dhingra,Canara Bank,5665-2424-3526,Digital Arrest,361060.24,2026-05-07T04:12:22,Amravati,Maharashtra
2837a940-c49b-49f3-a943-3b2159cdddc3,Chaitanya Kaur,ICICI Bank,1518-9807-9649,Electricity Bill Scam,137166.17,2026-07-27T13:42:50,Ghaziabad,Uttar Pradesh
96014b2c-b419-48ff-89dd-07d987073d16,Kashvi Dugal,HDFC Bank,4477-6800-3589,UPI Fraud,72782.21,2026-07-19T21:36:35,Gurgaon,Haryana
8ff247e4-f0f0-4339-a302-2009493794f1,Isaiah Bhagat,Kotak Mahindra Bank,9328-6351-7927,Electricity Bill Scam,93426.04,2026-05-12T14:52:10,Bareilly,Uttar Pradesh
7ea0e4eb-2b16-4786-9afa-c4c592ec48a5,Manbir Mani,Canara Bank,5086-5029-9500,Romance Scam,60529.26,2026-06-22T03:08:38,Salem,Tamil Nadu
54f8544e-3a5d-4fbb-8ad7-da66ff5a32ac,Hemal Choudhry,Punjab National Bank,3490-6721-7853,Romance Scam,53093.09,2026-08-27T14:27:01,Ludhiana,Punjab
491b71ba-757f-478e-9e04-3554ab203686,Shivani Sinha,Indian Bank,4030-7608-4653,Investment Scam,74782.84,2026-07-12T18:55:59,Bengaluru,Karnataka
943b8445-3071-4267-9b4e-7af22dd11d07,Garima Kadakia,Federal Bank,5055-8904-5896,APK Loan Scam,60999.22,2026-06-22T04:23:07,Eluru,Andhra Pradesh
7fe361a1-08b7-4c3a-b4c3-50955d7fe358,Samar Virk,State Bank of India,8817-8539-7637,Romance Scam,43653.65,2026-08-21T19:22:02,Delhi,Delhi
2de33114-46bf-48ea-82d7-d5254f7eec60,Vasudha Dhaliwal,HDFC Bank,2257-7919-3616,Digital Arrest,151425.74,2026-06-29T11:57:06,Vadodara,Gujarat
d5bcaa27-eee6-4a7b-9110-cc691c29eac0,Krisha Vyas,Federal Bank,8758-6733-1564,Bank Impersonation,11414.24,2026-06-16T19:20:24,Nashik,Maharashtra
2dbc20fc-3683-4357-954c-c8da14b87a58,Aadhya Garde,Central Bank of India,8101-9848-9180,Digital Arrest,304397.75,2026-05-21T17:56:16,Amravati,Maharashtra
df9ab897-1c83-4c67-909b-fb4a28538879,Bhanumati Iyer,Punjab National Bank,8548-9856-3810,Digital Arrest,452993.84,2026-08-01T00:30:29,Hyderabad,Telangana
58ad609b-ae1c-4446-9bb3-774fd0a06940,Chatresh Shroff,Kotak Mahindra Bank,3644-1422-4009,Bank Impersonation,94428.6,2026-07-20T07:56:32,Bhusawal,Maharashtra
00d70c34-fb54-4487-a587-9b35031bc2df,Ekalinga Rama,Axis Bank,6725-7023-7169,Digital Arrest,219167.46,2026-07-23T06:21:18,Amritsar,Punjab
58a8b42f-7d4f-4959-b356-5e49ba588ce0,Jagvi Chokshi,Punjab National Bank,4875-7068-2536,UPI Fraud,110495.05,2026-06-10T14:56:39,Amritsar,Punjab
41b73c3f-c379-456d-914b-03cdd8525956,Brinda Raju,HDFC Bank,5025-3030-5137,APK Loan Scam,153897.97,2026-05-09T19:41:26,Asansol,West Bengal
df99bf05-e5d0-41ba-a2ea-5f897e240d08,Lajita Trivedi,HDFC Bank,7962-1128-2546,Job Scam,82222.98,2026-07-13T23:16:48,Guwahati,Assam
2cca97d7-7f17-411a-a5a4-23e152a0bcc6,Diya Sundaram,IDBI Bank,3078-4007-9331,SIM Swap / KYC,59833.14,2026-06-18T18:13:55,Thiruvananthapuram,Kerala
cb99763e-e331-4f37-89ad-d16063989d3b,Quincy Issac,ICICI Bank,7934-1884-6682,Electricity Bill Scam,87498.29,2026-07-28T08:48:11,Firozabad,Uttar Pradesh
2221dc50-ad75-4c8f-bd9e-aac40996ec54,Anthony Baral,Kotak Mahindra Bank,9130-7626-6027,Digital Arrest,464659.75,2026-05-21T22:40:18,Salem,Tamil Nadu
29019cae-2d36-455b-9d8f-ac77fa7f348c,Dalaja Nath,YES Bank,4629-9169-7333,APK Loan Scam,279179.2,2026-05-09T21:25:21,Shahjahanpur,Uttar Pradesh
479985ec-564a-4814-b043-6bfcd82747f6,Maya Dugar,Kotak Mahindra Bank,4614-6312-5403,SIM Swap / KYC,11412.74,2026-06-24T10:11:36,Mathura,Uttar Pradesh
3c253d78-76a0-4e50-b656-2a40cfd224fb,Idika Pandey,HDFC Bank,6452-4925-1011,Job Scam,26994.1,2026-06-06T00:46:32,Asansol,West Bengal
96491b5e-d0e5-4784-b9f5-dbf1048d64f1,Chasmum Keer,IndusInd Bank,3879-2166-9560,Bank Impersonation,193868.79,2026-07-12T15:39:12,Eluru,Andhra Pradesh
31aeb0ea-5990-4bc6-9905-1bb1b9fb0dc7,David Kurian,IndusInd Bank,9537-7654-1061,Electricity Bill Scam,197961.51,2026-05-09T02:11:57,Durgapur,West Bengal
15ef4ce4-f265-4e0e-b59e-d189fad329f3,Ayushman Mammen,Bank of Baroda,4041-5453-3704,Digital Arrest,150510.72,2026-08-24T23:46:40,Dhanbad,Jharkhand
9bb36d21-806a-49aa-9516-377a86bbe81e,Max Om,IDBI Bank,4037-7770-9627,SIM Swap / KYC,54949.16,2026-05-15T04:04:39,Chandigarh,Chandigarh
0a0e8550-0870-4c3b-9a25-67d118b713d3,Laksh Chahal,Bank of India,4081-1071-1782,Romance Scam,25132.73,2026-08-18T12:08:30,Firozabad,Uttar Pradesh
a5037b75-c118-4214-ad49-f50718875b1f,Utkarsh Sahni,Bank of India,4720-9970-7001,Bank Impersonation,19035.59,2026-07-24T20:47:48,Bhiwandi,Maharashtra
47ae3768-70a7-4373-8ae1-dbb0e1e50a24,Michael Sandhu,IndusInd Bank,4589-6094-3622,SIM Swap / KYC,11108.7,2026-07-04T15:59:00,Deoghar,Jharkhand
631b9d0f-b049-4abc-80ef-8a53e096de35,Forum Sen,IDBI Bank,7816-9315-3282,UPI Fraud,37893.72,2026-05-11T19:48:05,Mathura,Uttar Pradesh
2e826812-f319-4008-93eb-31079afcbb67,Samuel Devi,Bank of Baroda,6122-1045-1757,Electricity Bill Scam,189694.91,2026-08-23T03:32:32,Kota,Rajasthan
b96c28e4-dacc-4704-8f00-ee3243543d56,Lakshit More,Bank of India,2002-2142-7589,Investment Scam,459893.03,2026-06-01T08:54:27,Hyderabad,Telangana
01f40770-bc42-4334-8a5f-c9bfb4a79be1,Qushi Dhillon,HDFC Bank,7741-2464-9622,Romance Scam,171046.29,2026-07-24T06:13:34,Thiruvananthapuram,Kerala
070abd95-f09b-401e-93c2-4cf921435118,Eesha Bir,Kotak Mahindra Bank,3441-6097-8212,APK Loan Scam,47184.74,2026-06-18T02:58:14,Deoghar,Jharkhand
7b762773-40ec-4a1a-ab39-5f1481bef6cd,Qarin Nadkarni,Union Bank of India,1418-2547-9829,Job Scam,280247.86,2026-06-14T14:07:44,Tiruchirappalli,Tamil Nadu
ee9fd15c-d712-4d21-9982-0a115795a196,Ayushman Nagar,Punjab National Bank,7643-8858-5781,APK Loan Scam,12465.17,2026-08-09T10:14:04,Asansol,West Bengal
28a8c380-249c-4a70-a69b-d03cb527deed,Nisha Mitter,IndusInd Bank,1568-9226-9467,UPI Fraud,58121.39,2026-07-19T07:58:27,Kanpur,Uttar Pradesh
6d709226-22f8-431b-9f52-74babddcdb90,Anusha Doshi,HDFC Bank,5113-9754-3279,Electricity Bill Scam,108519.76,2026-05-08T12:14:41,Jamshedpur,Jharkhand
0c68d498-6ac9-4f52-b494-af552679f311,Hredhaan Deep,Bank of Baroda,3616-6341-5609,Bank Impersonation,32929.79,2026-06-08T19:59:01,Guntur,Andhra Pradesh
9143f61c-0b18-423c-912a-28ffa8200370,Atharv Loke,Federal Bank,6360-4351-4252,UPI Fraud,147749.28,2026-05-19T06:50:03,Kota,Rajasthan
7efe7764-7cfa-40dc-922a-2d71f1f35604,Vincent Kashyap,Bank of India,8874-9489-8337,Bank Impersonation,42383.49,2026-06-25T11:23:26,Tiruchirappalli,Tamil Nadu
db103ab9-bbbe-4822-b9ad-dcfdaec913ac,Jagrati Buch,Indian Bank,1250-8724-7760,UPI Fraud,94792.69,2026-05-20T20:00:28,Bengaluru,Karnataka
4dc72932-bf1c-4c3c-9a2d-d1b7464c4ca5,Krish Thakkar,Punjab National Bank,6988-2044-3952,Romance Scam,31856.44,2026-06-29T23:09:12,Thiruvananthapuram,Kerala
df5cbc7f-d0a5-465f-8ed5-d28cc4fa6f24,Kashvi Gour,Canara Bank,7552-7586-9172,UPI Fraud,39155.2,2026-05-13T12:00:54,Jabalpur,Madhya Pradesh
32093e4c-e0b0-43b7-a27b-ee0e4d4e2206,Vyanjana Som,State Bank of India,6762-3929-2867,APK Loan Scam,173773.82,2026-08-04T09:38:24,Bhopal,Madhya Pradesh
3197613f-5841-4d91-8919-c8a99a7b33ea,Nihal Hans,Canara Bank,9485-7437-4090,Digital Arrest,142472.22,2026-05-09T21:27:15,Mathura,Uttar Pradesh
81a7a1ce-5dab-43c4-9dd2-218b8cd6f346,Bachittar Rege,Bank of Baroda,9159-4657-4653,Bank Impersonation,94097.59,2026-08-02T04:22:04,Salem,Tamil Nadu
c4ea00ff-79d8-4b04-b169-2b9b127fd527,Anamika Sachar,Indian Bank,1912-4371-7604,UPI Fraud,30926.08,2026-05-25T14:16:16,Jaipur,Rajasthan
e3096622-cbf1-444f-9761-d71ce6ee3f1d,Samaksh Jayaraman,ICICI Bank,9076-2618-4823,APK Loan Scam,334617.59,2026-07-12T08:22:31,Raipur,Chhattisgarh
f0236e61-f8da-44ec-ba67-2f19017e09e9,Peter Sarna,Indian Bank,2761-6353-6370,SIM Swap / KYC,94794.11,2026-07-07T09:08:20,Mysuru,Karnataka
839c9744-b207-4d2c-80a8-fa1ed7243d4b,Ekta Shankar,ICICI Bank,1913-1352-6299,Investment Scam,381845.04,2026-08-22T03:18:03,Guwahati,Assam
8365e725-dcef-4b63-b8f0-87aa452ee9bd,Prisha Ravel,Federal Bank,3798-4572-2640,Electricity Bill Scam,122882.45,2026-08-15T08:02:16,Dehradun,Uttarakhand
86b63fd6-4ade-4779-b78e-893930189266,Lajita Munshi,YES Bank,1821-3506-2469,APK Loan Scam,335068.05,2026-08-17T15:07:31,Vadodara,Gujarat
43b93077-24a8-46ab-bcaf-476260535fec,Balvan Verma,Bank of Baroda,2538-4571-4959,Bank Impersonation,118186.79,2026-08-18T11:56:33,Kolkata,West Bengal
775967ed-87d0-4716-bd2d-45e8143d08e8,Siya Shan,ICICI Bank,3646-1633-3466,UPI Fraud,72950.04,2026-05-11T07:44:10,Hyderabad,Telangana
9d9c1858-be2c-446c-a66e-ab8c3a5f4f90,Yatan Venkataraman,IndusInd Bank,4182-1286-3877,Investment Scam,149551.54,2026-06-23T02:39:28,Ranchi,Jharkhand
fd3769fc-cc35-489d-91ba-8ac8020048b5,Balveer Ram,Union Bank of India,6478-8916-5935,Romance Scam,108390.37,2026-08-13T08:30:28,Dehradun,Uttarakhand
f7923612-eed1-4f5b-8bb6-32665072b1b0,Ranveer Manne,IDBI Bank,6885-2345-1690,APK Loan Scam,205098.25,2026-08-09T07:16:02,Aurangabad,Maharashtra
68c47b4a-f3d3-429f-9997-d7dd83f98baf,Mitali Modi,Union Bank of India,2790-6104-3001,Job Scam,45774.91,2026-05-28T16:19:27,Jamtara,Jharkhand
fbcf6c6e-018b-4f4c-938d-cc48068b62ac,Triya Ganesan,HDFC Bank,2371-2962-9303,Job Scam,65911.99,2026-05-30T07:12:16,Aizawl,Mizoram
8ec307c7-2f8f-4721-a97a-805b1ef915b3,Chaitaly Bhagat,Bank of India,9984-1291-2429,SIM Swap / KYC,72262.4,2026-06-14T09:53:32,Sri Ganganagar,Rajasthan
9ae0c181-e8df-4a7c-838f-8c7384383766,Ubika Seth,Bank of India,9739-9358-4730,SIM Swap / KYC,115616.97,2026-07-12T03:50:59,Mumbai,Maharashtra
c1f73ea0-9c87-4452-84a7-cbbb4fdbdc09,Xiti Chowdhury,IDBI Bank,7536-3643-1475,Romance Scam,36704.52,2026-06-07T08:42:51,Kanpur,Uttar Pradesh
045236bc-5268-4ba2-bccf-79438231be5b,Krishna Ramaswamy,Punjab National Bank,1987-1594-6783,APK Loan Scam,310909.81,2026-06-03T02:36:30,Agra,Uttar Pradesh
e1551f7d-ddfa-41d5-9e12-e515801ca9b0,Ekiya Seshadri,Punjab National Bank,4845-4814-9720,APK Loan Scam,330959.59,2026-05-07T18:08:17,Saharanpur,Uttar Pradesh
e4a540f9-39e6-4fd0-9a84-8750386eb573,Praneel Setty,IndusInd Bank,1986-7267-9548,Investment Scam,292691.23,2026-06-05T14:15:06,Jodhpur,Rajasthan
25a3ec55-80c6-420a-bfbc-fc02e3bde164,Suhani Chana,Central Bank of India,8716-7848-4676,Digital Arrest,131341.34,2026-07-13T04:51:50,Chennai,Tamil Nadu
264a38bf-1fa9-44fc-b008-43cc1d0e4bf6,Ekiya Gade,YES Bank,7550-8654-9742,SIM Swap / KYC,159960.38,2026-08-15T17:03:11,Panihati,West Bengal
8e9c51e5-f61f-4b82-a9c4-d0ab6646e23b,Gavin Comar,Bank of Baroda,8292-7501-3278,UPI Fraud,105488.22,2026-07-06T17:53:10,Nellore,Andhra Pradesh
97ef636f-5951-46fa-a863-5a75348eddbd,Janani Chada,IDBI Bank,9813-8695-6940,APK Loan Scam,234038.73,2026-08-19T19:37:30,Bhopal,Madhya Pradesh
af296d43-a909-4212-b24f-2a502a631c0d,Yasti Dutta,IDBI Bank,1228-2807-1268,Investment Scam,442119.89,2026-06-07T12:29:41,Delhi,Delhi
4571db42-58b6-4144-939e-cacde23c1b33,Lajita Bassi,YES Bank,3366-3947-8037,APK Loan Scam,72852.56,2026-07-24T13:33:17,Chandigarh,Chandigarh
4eefabd7-8ea2-45ed-b01a-31a404cbdba9,Gautami Doctor,IndusInd Bank,7948-3135-9418,Romance Scam,127499.75,2026-05-06T12:22:09,Gurgaon,Haryana
c8604c03-9d4a-42ef-babd-5b7519a01311,Maanav Gola,ICICI Bank,7145-3815-7483,SIM Swap / KYC,179033.22,2026-05-30T02:00:07,Panihati,West Bengal
65e1bbea-e24e-432d-b0d6-6cf0d8b9b954,Oni Morar,IDBI Bank,2182-6364-3453,Digital Arrest,469297.42,2026-07-03T17:35:39,Bengaluru,Karnataka
a2c5aaf7-b035-4b86-baac-2f890daf45e4,Sanaya Mani,HDFC Bank,9574-4110-4066,Job Scam,276191.71,2026-08-11T23:52:31,Delhi,Delhi
6a3b7f70-1dc4-4847-a86f-5da2f53769bf,Jacob Deep,Kotak Mahindra Bank,3963-7140-6194,Job Scam,194343.57,2026-08-17T07:12:44,Bikaner,Rajasthan
d57dea29-e7c1-4f3c-a3c6-86bea7c767c1,Aarush Kulkarni,HDFC Bank,7339-3245-3832,Digital Arrest,428951.79,2026-05-02T15:52:07,Nuh,Haryana
2ec76adb-138c-4a49-8bfb-bd477476537a,Tara Tank,Indian Bank,6165-6034-1140,APK Loan Scam,48832.99,2026-06-03T21:58:48,Bhusawal,Maharashtra
34c0af84-4ec6-4e2c-90d8-7e617b2aecb0,Abdul Tak,Bank of India,6213-7209-8227,SIM Swap / KYC,186919.39,2026-08-09T09:26:56,Agra,Uttar Pradesh
59d61fa6-3ee1-4b58-b46c-d609952d25d8,Teerth Soni,ICICI Bank,4057-8655-3682,UPI Fraud,91395.46,2026-07-27T15:06:27,Amritsar,Punjab
6ac93b38-7f80-4fb3-b2b7-37137248565b,Nimrat Sathe,Bank of India,2237-2766-5382,SIM Swap / KYC,103698.06,2026-05-18T18:58:12,Kochi,Kerala
c4143b4a-64b0-4dc3-9caa-094c9b730709,Abeer Konda,Federal Bank,7788-4907-5183,UPI Fraud,97132.87,2026-05-14T09:14:26,Ahmedabad,Gujarat
b75d2bc6-823c-4441-9780-f1a1f083ce1e,Sarthak Bawa,Punjab National Bank,5112-8396-4991,UPI Fraud,100744.47,2026-07-13T14:09:16,Mumbai,Maharashtra
b42a37a6-246f-4559-a3f2-e30961fb0fab,Manbir Bhakta,Bank of India,9310-1875-8077,Investment Scam,116712.98,2026-05-23T14:59:48,Bareilly,Uttar Pradesh
7382455a-6c6d-4687-bb58-ed817f9ed05f,Balhaar Dhillon,Axis Bank,5435-3544-1504,UPI Fraud,141729.66,2026-06-25T09:59:27,Mysuru,Karnataka
910c6208-a4af-49a2-8e97-44c17ac6e896,Chanchal Narula,Punjab National Bank,2396-4932-9757,Digital Arrest,436694.94,2026-06-22T00:08:01,Nagpur,Maharashtra
b55800b2-514b-4979-b287-3f2f76e9e13c,Chandran Chopra,HDFC Bank,7540-9865-6324,APK Loan Scam,289138.24,2026-07-06T03:27:16,Indore,Madhya Pradesh
b3145edf-a575-4dd2-a9b9-58eccd7836c1,Pranav Edwin,Central Bank of India,2033-1302-2791,UPI Fraud,121755.95,2026-06-16T09:09:29,Rourkela,Odisha
bce8d147-23cb-4716-aecd-234c20856513,Peter Shah,Union Bank of India,4343-6226-6188,SIM Swap / KYC,169436.04,2026-05-26T15:27:57,Bikaner,Rajasthan
1d84a18b-4f0f-4a22-8793-9e82b7b83e3a,Balendra Chander,ICICI Bank,1842-2677-3496,Digital Arrest,248362.9,2026-08-03T02:18:15,Mysuru,Karnataka
e2e32542-2bb8-46d8-8479-9984c30f4eb8,Ekantika Pillay,Canara Bank,3225-4155-9047,SIM Swap / KYC,141072.7,2026-06-26T01:58:52,Patna,Bihar
cc9f5cf3-c93d-41f6-a76b-9a56abd63672,Ekansh Sane,Federal Bank,8161-8476-9986,SIM Swap / KYC,40119.75,2026-06-13T04:33:35,Guwahati,Assam
448e2620-08b4-48e4-a27a-26809194553d,Brinda Sinha,Federal Bank,1659-3656-3401,SIM Swap / KYC,83002.36,2026-08-02T03:34:02,Mumbai,Maharashtra
95c1938d-8251-4280-90e6-cda2a02b24ef,Jairaj Maharaj,YES Bank,5892-8495-6384,Bank Impersonation,65100.83,2026-08-20T13:48:27,Durgapur,West Bengal
b5d9f698-cc00-4e0d-b5af-f04a8a2106b2,Odika Vohra,YES Bank,7810-7207-8648,Bank Impersonation,127296.93,2026-07-12T00:06:46,Kochi,Kerala
be6c57e5-3692-4e5c-8dbe-35fd1c61ce50,Shaurya Bhardwaj,Bank of India,6979-3082-3501,Bank Impersonation,56077.55,2026-05-20T21:05:47,Eluru,Andhra Pradesh
5b2ad143-75ec-4e72-8433-3f98c201355f,Gagan Sule,Kotak Mahindra Bank,2116-6380-1284,Romance Scam,10950.94,2026-06-22T09:18:45,Eluru,Andhra Pradesh
d0923243-567b-4a8a-8e62-218478ace8b2,Prisha Nadig,Axis Bank,5994-4709-9391,Electricity Bill Scam,41178.99,2026-06-29T23:35:49,Salem,Tamil Nadu
8612cc7a-7442-4ceb-9325-ab37c20b582e,Irya Dayal,Bank of Baroda,6215-6819-7684,UPI Fraud,192637.08,2026-08-08T11:32:09,Mysuru,Karnataka
ab5c7964-147d-4f50-b9c9-a786f8b48f01,Zinal Tank,Central Bank of India,8640-1051-2567,UPI Fraud,100977.07,2026-06-09T14:39:09,Ghaziabad,Uttar Pradesh
0ce61826-2801-42f8-9151-5a866760f4ef,Pranit Kaul,Kotak Mahindra Bank,2142-9448-2698,Job Scam,145957.31,2026-08-23T04:32:10,Kanpur,Uttar Pradesh
9a052270-0956-47fa-9ea4-c7c0466f0f5b,Rishi Agarwal,Punjab National Bank,5224-2188-7068,Romance Scam,183887.7,2026-05-11T00:14:43,Jodhpur,Rajasthan
5397968d-8434-4838-a96a-c01b3aece664,Arjun Shroff,YES Bank,6790-7335-7515,UPI Fraud,45869.83,2026-08-07T08:16:13,Bhusawal,Maharashtra
5e38e8d7-20ea-4f2c-be15-3fd64a175192,Sarthak Sachdeva,Federal Bank,1423-9536-3404,Romance Scam,39750.49,2026-07-27T07:14:34,Dhanbad,Jharkhand
53769335-5002-48cd-b0c3-d1e971c3f536,Chakradev Nath,IDBI Bank,5466-4410-5389,APK Loan Scam,139202.32,2026-07-12T06:46:07,Srinagar,Jammu & Kashmir
757bd0cd-84e4-428e-b4d9-0da22468ee66,Simon Apte,IDBI Bank,8832-2503-5895,Electricity Bill Scam,194846.64,2026-08-17T23:23:07,Cuttack,Odisha
48eaa1d0-f6ef-4712-a7bf-2fdad74c5148,Baghyawati Kumar,Canara Bank,2359-6149-7205,UPI Fraud,12940.89,2026-06-07T21:27:56,Salem,Tamil Nadu
d4c234c8-2acc-4c75-a554-a6ff709ac820,Darika Mital,Central Bank of India,5994-6041-7576,Investment Scam,343076.96,2026-05-18T10:29:08,Chennai,Tamil Nadu
4e3b0137-ed8c-416e-9493-c8a08d776a49,Abeer Comar,HDFC Bank,2356-2340-2910,APK Loan Scam,104049.33,2026-07-08T06:55:49,Allahabad,Uttar Pradesh
c052627c-c23f-49cc-b905-35373c7bd852,Harita Randhawa,Canara Bank,7616-4222-7749,Bank Impersonation,137521.11,2026-08-03T11:01:40,Mathura,Uttar Pradesh
0054ef8e-61e6-4bf4-ac98-41c7ad73b5ac,Parth Hari,Federal Bank,2102-3560-8074,Job Scam,331143.05,2026-07-28T04:40:09,Ludhiana,Punjab
0f5c2682-7db6-435a-9490-fcf3e69417dc,Hamsini Srinivas,Bank of Baroda,6311-8897-7475,Digital Arrest,105709.35,2026-08-12T11:35:15,Mysuru,Karnataka
3f4c689f-d890-44b1-8e33-d8357a63839b,Balendra Deshpande,Union Bank of India,4367-7599-8495,Romance Scam,147325.32,2026-05-18T17:16:10,Warangal,Telangana
21913692-7d97-44d3-bc8a-f3c3a7abb92a,Nachiket Sharma,Axis Bank,3246-6344-7536,Electricity Bill Scam,171856.95,2026-08-02T16:27:02,Kolkata,West Bengal
40ed9b60-4241-470f-86fa-7047d3f90769,Turvi Sachdev,IndusInd Bank,2041-7930-2552,Electricity Bill Scam,22943.81,2026-08-20T21:28:42,Gurgaon,Haryana
9f135b79-b65b-49fd-932f-42d1af8d69c7,Chandani Mutti,HDFC Bank,6851-3910-2285,Romance Scam,161297.63,2026-07-06T11:46:33,Noida,Uttar Pradesh
b5e8a5fa-191a-48f9-bae5-d30059736ffc,Sathvik Narula,IDBI Bank,8157-5501-2930,Investment Scam,349501.92,2026-05-24T09:01:44,Bhiwandi,Maharashtra
0e8927c4-5482-40c5-996b-967ed9aa667d,Dominic Dixit,State Bank of India,1613-9336-9729,UPI Fraud,122227.74,2026-07-21T05:54:45,Kolkata,West Bengal
a2424b50-7764-4722-90dc-9a5c641438fd,Azaan Nori,Punjab National Bank,5811-8581-2465,SIM Swap / KYC,14226.72,2026-05-18T14:56:55,Alwar,Rajasthan
a19d968a-4fa9-48ad-b300-7ff9cc755ac8,Noah Ramachandran,YES Bank,5649-3590-2634,Electricity Bill Scam,24318.5,2026-08-28T08:22:22,Bengaluru,Karnataka
468ff2be-378f-482a-b529-d8d7ead45a00,Jackson Morar,Bank of Baroda,5197-6893-7122,UPI Fraud,185757.9,2026-05-29T18:54:43,Vijayawada,Andhra Pradesh
d426bbe9-ee73-4c92-bf60-2975f42087bb,Azad Magar,Kotak Mahindra Bank,5740-5199-4939,Electricity Bill Scam,156306.58,2026-05-05T23:24:26,Nashik,Maharashtra
163b8282-94f6-4200-9161-e29ebbac1e1a,Gabriel Taneja,Kotak Mahindra Bank,9024-5631-1980,Bank Impersonation,118329.97,2026-05-05T08:44:04,Madurai,Tamil Nadu
75f8b753-ab02-446e-becc-7902b4c357bb,Kamya Seth,Union Bank of India,4367-7599-8495,Job Scam,202523.75,2026-06-29T20:24:39,Warangal,Telangana
1ebb8585-d116-47e0-8fbe-55c7390a263a,Tarak Vohra,Bank of Baroda,6796-7691-8696,UPI Fraud,96704.1,2026-08-20T11:38:37,Chennai,Tamil Nadu
771d6ba1-576e-4a53-a696-44b81e5a9115,Parth Choudhury,HDFC Bank,3523-8660-4719,APK Loan Scam,46938.14,2026-07-23T04:32:25,Giridih,Jharkhand
fc71c2a4-9aba-4d32-b470-9444bde7f423,Baljiwan Jaggi,Indian Bank,8764-8569-6525,Digital Arrest,417753.57,2026-08-05T17:05:05,Nuh,Haryana
70765459-8734-4911-b2f2-94b3baae70fd,Sachi Toor,IDBI Bank,1353-8332-1731,UPI Fraud,154996.93,2026-05-23T15:44:37,Jamshedpur,Jharkhand
29a810a0-9d0f-4881-a7d3-3de7dee3f915,Vasudha Tella,ICICI Bank,9856-9725-2183,Romance Scam,154533.78,2026-06-17T21:04:26,Guntur,Andhra Pradesh
b36a6943-ae60-4b85-80e2-476ad4051d95,Ranveer Oak,Bank of Baroda,6285-7412-1874,Job Scam,158047.51,2026-06-25T18:50:50,Ludhiana,Punjab
20272bef-ed54-42a2-a208-97c2ed909385,Dayita Narang,Federal Bank,3701-6533-9499,Job Scam,202667.92,2026-05-28T19:12:21,Mumbai,Maharashtra
6830392b-0431-492e-b549-5b9771b23794,Guneet Varty,Kotak Mahindra Bank,3729-3433-2712,Bank Impersonation,92791.78,2026-05-25T21:05:30,Bikaner,Rajasthan
276053b3-dfd5-40fc-ada5-d56b43b818c3,Samesh Bansal,Bank of Baroda,5765-6897-3891,Electricity Bill Scam,156376.46,2026-07-24T19:57:36,Siliguri,West Bengal
2921a0a5-a991-49e4-a73d-3d70061ad5db,Lila Vig,Kotak Mahindra Bank,7562-1351-6999,SIM Swap / KYC,188282.87,2026-06-09T15:17:05,Bhopal,Madhya Pradesh
100be133-f7b6-4016-8c2e-a859cc392ea4,Aayush Mukhopadhyay,YES Bank,4637-5748-1887,Romance Scam,162032.97,2026-08-21T05:16:24,Madurai,Tamil Nadu
528236e0-f547-443b-804f-2acce8b8cf9c,Gagan Nath,Central Bank of India,2729-1333-9676,Romance Scam,109826.58,2026-05-03T23:04:29,Asansol,West Bengal
3bf4f1f6-4287-41d3-978b-8842701ead71,Chakradhar Chauhan,IndusInd Bank,1816-5249-3270,Digital Arrest,471439.29,2026-06-04T14:04:12,Deoghar,Jharkhand
5d4311d0-a93d-414a-b32b-6dce631e1567,Arin Muni,Axis Bank,6240-8617-4122,Bank Impersonation,180314.74,2026-07-23T18:37:45,Chennai,Tamil Nadu
eb035b6e-36b5-41fa-a7f5-f5ed8dad3d27,Ekani Iyer,HDFC Bank,5683-7251-3217,Digital Arrest,363988.56,2026-08-05T06:42:02,Madurai,Tamil Nadu
1660a922-1944-46ca-bf3a-f44a16777d90,Bhavini Malhotra,Canara Bank,5995-4394-3398,Digital Arrest,138457.63,2026-08-05T21:12:04,Shimla,Himachal Pradesh
6c8b09e1-5919-45e6-a610-fad16c119441,Ridhi Dalal,Punjab National Bank,6432-9225-9714,SIM Swap / KYC,99172.98,2026-06-12T00:52:13,Firozabad,Uttar Pradesh
b4029060-914c-436b-8ba1-66b60f2ac78e,Manthan Dugar,Bank of India,7021-8421-5138,Investment Scam,63598.97,2026-07-11T17:18:01,Cyberabad,Telangana
5f2fd03e-2d75-4b59-9ce3-191b39db124b,Ishwar Aurora,ICICI Bank,3775-2340-6758,Job Scam,311559.95,2026-06-29T22:18:24,Thiruvananthapuram,Kerala
4135094f-e119-4644-8008-b7cf67b44da5,Samuel Palla,ICICI Bank,2823-3582-2101,APK Loan Scam,223455.33,2026-08-28T02:25:06,Pune,Maharashtra
fe342596-b8ef-4ad9-a631-4c1b211d54a4,Anika Dhaliwal,Bank of India,3288-3342-3794,Job Scam,32408.6,2026-05-15T17:03:33,Sri Ganganagar,Rajasthan
da2330ca-792c-45e7-858a-0ebff6f26896,Yash Garg,Indian Bank,7952-7710-9959,Job Scam,192736.02,2026-07-27T20:24:00,Mathura,Uttar Pradesh
19723d14-bf43-401d-a154-bf055f5a9969,Deepa Nigam,Bank of India,5836-1374-4991,SIM Swap / KYC,87231.78,2026-06-28T20:25:23,Bareilly,Uttar Pradesh
9e58908b-57ea-43bd-adfc-0065d3b53ed5,Chandresh De,Canara Bank,9800-8974-5618,Digital Arrest,445609.85,2026-07-12T14:10:19,Jodhpur,Rajasthan
693d08df-b70c-4f39-ad9a-d4d4c11e3fa9,Urishilla Bedi,State Bank of India,2765-3016-1919,UPI Fraud,136264.42,2026-05-06T06:18:20,Varanasi,Uttar Pradesh
30c1f7ae-8d68-43c8-b132-a7892a41ddd2,Leela Bhagat,Canara Bank,8821-2137-4114,Digital Arrest,160485.14,2026-07-19T05:12:44,Shahjahanpur,Uttar Pradesh
ce2dcf8c-6add-47bd-bbaa-e2588020e22b,Pooja Ramanathan,HDFC Bank,6022-3637-6613,Bank Impersonation,189997.79,2026-06-06T21:16:24,Bhusawal,Maharashtra
850a29e5-2aad-4167-a4d4-9fa1d79922f8,Sanaya Parekh,HDFC Bank,2272-4094-5199,Bank Impersonation,106590.47,2026-05-18T12:07:11,Asansol,West Bengal
e4613806-5d85-45a3-a2b1-7c37d538c5b8,Gaurangi Hora,Bank of India,4375-5956-4707,Romance Scam,82751.06,2026-07-29T14:47:08,Hyderabad,Telangana
799fa3b2-1b38-4002-bf87-aed5cfc6c685,Udyati Deep,HDFC Bank,2044-6806-2071,Job Scam,215405.99,2026-06-16T13:26:26,Guntur,Andhra Pradesh
20052b52-dc88-4fd5-814b-0b65902a54b4,Upadhriti Chatterjee,Union Bank of India,9447-1578-2393,Investment Scam,352356.69,2026-08-09T09:21:48,Ghaziabad,Uttar Pradesh
1d5d82fa-3bf9-4372-9279-2d4467a930e3,Dayita Shroff,State Bank of India,7358-9189-4253,APK Loan Scam,188843.79,2026-06-30T23:16:02,Bharatpur,Rajasthan
7bf9d26b-dc0d-45b6-964b-5730b740e32f,Vincent Kapur,ICICI Bank,1467-3095-4782,APK Loan Scam,272320.79,2026-08-19T15:35:49,Chennai,Tamil Nadu
9997a15f-fb57-4157-8ca9-c3120c70e4c7,Aarna Patla,Canara Bank,1779-4783-5446,SIM Swap / KYC,23572.96,2026-05-01T01:19:02,Firozabad,Uttar Pradesh
5a0afcf9-efcb-4de4-9101-5e6955729f1e,Qadim Narayanan,Punjab National Bank,9573-8254-6714,Digital Arrest,236525.66,2026-06-22T23:55:26,Kota,Rajasthan
8f368ebc-352e-4621-8dc7-035c2cec629f,Sudiksha Sura,HDFC Bank,5536-3505-9219,Electricity Bill Scam,58273.76,2026-07-17T10:44:05,Kota,Rajasthan
7599de64-900c-457e-af3a-55ed1822ff16,Dhruv Soman,IDBI Bank,8494-3671-9861,Electricity Bill Scam,194369.4,2026-06-16T12:53:59,Gurgaon,Haryana
9f8105ab-4de4-4325-827e-9469e2dcd5b1,Indali Srinivas,ICICI Bank,5440-9879-3732,APK Loan Scam,347251.9,2026-07-20T19:31:32,Raipur,Chhattisgarh
2587f653-c892-4b84-885e-34bc55960c28,Onkar Mandal,Union Bank of India,7873-2430-5349,APK Loan Scam,341893.4,2026-08-24T08:12:15,Eluru,Andhra Pradesh
8d5e7fab-fab9-4383-8e1e-e4707a76d71b,Joshua Trivedi,Indian Bank,7356-3531-6818,Job Scam,58784.81,2026-06-30T17:35:55,Sri Ganganagar,Rajasthan
56b7accb-e851-4185-a1e9-28618577c9e1,Nidra Chhabra,Central Bank of India,7422-9440-6115,Electricity Bill Scam,89998.51,2026-07-08T20:25:55,Bhubaneswar,Odisha
87987262-fd2c-487d-87e9-1541ad30c7b1,Ekavir Mittal,Punjab National Bank,9468-9658-3812,Bank Impersonation,71285.86,2026-06-17T13:19:42,Gwalior,Madhya Pradesh
42928016-fbbd-4b72-a9d8-1b59b0d08f11,Nandini Sachdev,Kotak Mahindra Bank,6695-5718-5718,UPI Fraud,152982.61,2026-05-14T07:51:31,Gurgaon,Haryana
5fa302c9-f2a1-47e6-90d5-89b7e1d614d4,Yagnesh Dutt,Canara Bank,1778-2426-4972,Bank Impersonation,161923.32,2026-07-16T02:10:17,Eluru,Andhra Pradesh
6fe2b786-7828-463b-a0de-68a6fe058d1a,Leena Bhatti,HDFC Bank,1259-9073-4015,Digital Arrest,92187.71,2026-07-17T06:56:13,Madurai,Tamil Nadu
1bf91b50-4a1e-447d-9481-7fab8c0563cd,Sathvik Sankar,Punjab National Bank,1506-4598-2057,Digital Arrest,328493.06,2026-06-19T00:52:13,Gorakhpur,Uttar Pradesh
bcb82f2d-e4c4-47e9-9f11-001b381f4a2d,Hema Keer,Federal Bank,2245-4376-2089,Electricity Bill Scam,85687.15,2026-06-02T15:39:23,Panihati,West Bengal
07de0b00-8794-40eb-82af-908395467c79,Faras Sur,Bank of India,9365-2740-2097,Bank Impersonation,73538.43,2026-07-24T19:55:05,Guntur,Andhra Pradesh
fd59cc92-b730-4970-971c-1fd1d8d329a2,Ubika Nanda,Canara Bank,1577-7385-3479,Job Scam,186842.29,2026-08-28T14:18:31,Mysuru,Karnataka
ab8b241a-087b-4aa1-a847-038075e68a5c,Sai Goda,Kotak Mahindra Bank,5659-1785-1038,Investment Scam,488768.31,2026-07-27T21:53:14,Bhiwandi,Maharashtra
14671dbc-7536-43c3-bd64-9171ed51ec2a,Nidra Boase,HDFC Bank,6467-1904-7653,Digital Arrest,229251.16,2026-05-10T02:30:07,Amritsar,Punjab
c4371a11-9051-4fa2-b582-0919e0103f25,Ladli Narang,ICICI Bank,7495-2423-1236,Digital Arrest,126160.67,2026-06-23T01:47:39,Aurangabad,Maharashtra
244a83a5-352a-40a6-8cb9-bc67c0df1b3f,Darsh Chana,YES Bank,7414-5841-7127,UPI Fraud,141696.88,2026-06-08T00:09:13,Chennai,Tamil Nadu
bf670495-e4a8-423e-bdb1-16dce14fab08,Liam Acharya,Axis Bank,1148-3756-2705,UPI Fraud,199664.6,2026-07-06T13:42:59,Bhilai,Chhattisgarh
bbd5eb4e-5f60-4456-b93f-2098c87f5f77,Manthan Sethi,ICICI Bank,5216-8405-5165,Digital Arrest,158329.41,2026-07-22T16:48:16,Mathura,Uttar Pradesh
a255d4d3-98aa-4d9e-886d-bfcda6cffbb7,Madhavi Sekhon,IndusInd Bank,2407-9817-9695,APK Loan Scam,131119.89,2026-05-26T21:12:59,Aizawl,Mizoram
21ce4c55-1c5c-469a-bc94-eb7c2e2f661f,Samesh Nadig,IDBI Bank,3777-3968-1804,SIM Swap / KYC,78312.87,2026-08-20T06:08:41,Salem,Tamil Nadu
ee4bed06-5edc-45c6-b934-1a45a11cf890,Daksha Saran,Canara Bank,5476-5153-4835,UPI Fraud,73214.82,2026-05-08T10:14:24,Bengaluru,Karnataka
c0fc661c-fd70-4ed4-96ca-b66ca6035bbb,Gaurav Anand,Punjab National Bank,2151-5100-9524,UPI Fraud,175902.5,2026-06-16T01:09:03,Nagpur,Maharashtra
91599d4f-d64e-46be-abac-7074b95bc388,Joshua Menon,Union Bank of India,6203-7022-5389,Electricity Bill Scam,191449.77,2026-07-26T12:41:31,Cuttack,Odisha
cc8a249a-77ca-404e-84d9-bd8a7dda5bd0,Kala Bera,HDFC Bank,1826-5223-3227,Romance Scam,162922.05,2026-06-05T01:03:40,Guntur,Andhra Pradesh
fff41078-d85f-4d7f-ba87-d9f1afbaf746,Jagrati Choudhary,Central Bank of India,9546-8123-4105,Electricity Bill Scam,99121.36,2026-08-13T02:27:20,Ludhiana,Punjab
948dde8d-09a1-4593-89f6-d13c657b1538,Azaan Keer,YES Bank,3987-1355-2538,UPI Fraud,17207.22,2026-08-06T12:03:13,Vadodara,Gujarat
32b01553-49fb-4d5d-b044-7eb95861e1b5,Meera Nadkarni,ICICI Bank,1672-2898-5557,APK Loan Scam,127539.91,2026-08-22T17:51:38,Shahjahanpur,Uttar Pradesh
33bf5a10-d18b-44ed-aa5b-f4b5f75b1a66,Nidra Raj,Indian Bank,1103-6139-6769,APK Loan Scam,287209.77,2026-06-05T09:37:02,Indore,Madhya Pradesh
a5623619-6e1d-4d18-8df3-2af9c8188aaf,Siddharth Ghose,Central Bank of India,9304-9425-8685,Investment Scam,42530.48,2026-06-28T01:15:34,Salem,Tamil Nadu
9858d1a3-40e7-49ea-a8bf-207202066fcf,Liam Guha,Canara Bank,2618-8287-3090,APK Loan Scam,321011.56,2026-05-04T10:18:41,Allahabad,Uttar Pradesh
f6d422d3-b9cb-4666-a2b1-b29657b72153,Jagvi Sahni,Central Bank of India,5704-8665-2492,Digital Arrest,307354.03,2026-05-05T11:56:23,Asansol,West Bengal
eb7d09f9-b18a-4af0-b5e0-fdd0f2981e00,Bhavya Dass,Union Bank of India,2010-7687-5200,Job Scam,234351.46,2026-07-12T09:57:56,Kolkata,West Bengal
452bab5b-8a2a-4e9b-bd68-4e5ce5cc402d,Advay Bora,HDFC Bank,7572-5386-2084,Romance Scam,152946.94,2026-06-15T05:07:15,Vijayawada,Andhra Pradesh
88793513-8ae4-4435-9b12-5eccfa3d56f4,Maanas Sur,Bank of India,1875-5117-8777,Electricity Bill Scam,70867.64,2026-08-20T21:34:45,Nagpur,Maharashtra
3ad63377-28d6-4800-b028-277ca1aad4fe,Laban Chad,Indian Bank,6596-7573-5374,Digital Arrest,424130.19,2026-06-12T19:07:59,Delhi,Delhi
b5c4c362-c2f3-4fec-b35b-b475ce63e453,Ojasvi Shah,Kotak Mahindra Bank,8541-7496-3546,Romance Scam,73220.23,2026-06-20T13:55:36,Agra,Uttar Pradesh
4290a722-b05c-4c34-8a51-1079c015e4d9,Pranit Sha,IndusInd Bank,2520-2875-5271,APK Loan Scam,280759.42,2026-07-15T02:48:19,Nuh,Haryana
907bd9a2-0b31-4385-807d-41d7d37c2aa4,Shivani Rajagopalan,Axis Bank,7267-7531-7209,Job Scam,237605.42,2026-08-01T02:24:31,Coimbatore,Tamil Nadu
1b113c57-bbb9-4822-93fc-65aed4d913ef,Upkaar Grewal,Kotak Mahindra Bank,4776-3077-7088,APK Loan Scam,171098.94,2026-06-18T07:58:36,Salem,Tamil Nadu
4fc8c395-4040-4c81-853c-4a8b4bff75a5,Abhimanyu Tara,Indian Bank,8562-1235-8009,Job Scam,329493.93,2026-08-23T05:10:57,Saharanpur,Uttar Pradesh
25f6d81f-a9f9-45cc-84fc-142bfaf11cdf,Yachana Luthra,Bank of India,7137-8674-1669,Romance Scam,188310.49,2026-07-13T08:40:37,Dehradun,Uttarakhand
96b51335-74d6-4fbd-95c9-88c0d9659460,Jeevika Bandi,Union Bank of India,7841-1903-5424,SIM Swap / KYC,150921.15,2026-08-24T10:23:05,Bikaner,Rajasthan
ab9afc38-41ad-44ce-8452-061c50257986,Vasudha Pillay,State Bank of India,7352-4393-6788,APK Loan Scam,225720.73,2026-07-27T05:36:44,Bengaluru,Karnataka
b806d1ae-15ab-44b1-853d-fae322fbb5a1,Vasatika Buch,Kotak Mahindra Bank,3335-1154-5346,SIM Swap / KYC,26106.08,2026-07-01T04:38:36,Kochi,Kerala
f52fd7e9-6c2b-4fd1-ae82-08e6ffbaf032,Ati Shroff,Punjab National Bank,3124-2598-7471,Electricity Bill Scam,120762.68,2026-07-14T04:44:59,Raipur,Chhattisgarh
deb9bca5-ad85-4e3f-b3f9-20faceb9c1e8,Gaurang Korpal,Kotak Mahindra Bank,3416-4937-4201,Electricity Bill Scam,87236.8,2026-06-14T03:14:50,Dhanbad,Jharkhand
17fde8b7-85a5-46e9-b15f-2f62e61c5812,Faras Zacharia,Axis Bank,9045-9204-1791,UPI Fraud,164427.13,2026-07-21T03:50:28,Indore,Madhya Pradesh
cb85e548-9e36-489b-ba0a-e2081985a184,Chatresh Oza,Punjab National Bank,6824-7434-5194,UPI Fraud,163232.26,2026-05-02T18:26:47,Guntur,Andhra Pradesh
b42b8dff-6b8a-4242-893d-4f4a623bb9e1,Upasna Setty,Bank of Baroda,9649-5806-8531,Digital Arrest,444371.83,2026-05-18T16:40:25,Gorakhpur,Uttar Pradesh
872c1e78-90a3-4777-9a9d-7ef6d089e3ba,Garima Sama,Bank of Baroda,6394-7303-8079,Electricity Bill Scam,5277.35,2026-05-30T11:49:01,Gurgaon,Haryana
cdf87a1d-2db9-4357-b848-a93f540780fc,Chaitaly Mann,Bank of India,2658-4832-9505,APK Loan Scam,311853.71,2026-07-29T19:15:27,Siliguri,West Bengal
450bf603-1dcf-4b66-8e4a-7139fafb0cec,Balendra Modi,YES Bank,3580-5483-2875,Job Scam,166797.72,2026-05-25T22:29:38,Dehradun,Uttarakhand
b5fee470-6555-425b-9336-5c12bd46e9d1,Darsh Solanki,Federal Bank,7631-8925-4093,Digital Arrest,59051.37,2026-08-03T19:44:00,Bharatpur,Rajasthan
8ea21b58-2253-4338-bfc6-f3d341666a11,Charan Manne,HDFC Bank,9574-4110-4066,APK Loan Scam,344467.51,2026-07-17T11:14:02,Delhi,Delhi
28d0027b-d3b1-42fd-84e6-766ceee8d39e,Bhavini Sundaram,Axis Bank,8908-4300-8164,Job Scam,45951.1,2026-07-19T03:30:31,Bengaluru,Karnataka
43dbb137-0273-477d-96a0-90f4c0ee33fb,Jonathan Tiwari,Union Bank of India,1566-9384-4056,Romance Scam,125718.06,2026-07-17T17:56:58,Chandigarh,Chandigarh
47f7436e-8772-436d-aa69-776fd969ab40,Arunima Krishnan,IDBI Bank,9354-1262-2015,Bank Impersonation,20158.06,2026-08-01T20:37:03,Sri Ganganagar,Rajasthan
8b7e86f6-5f04-4820-855e-d8fc8730392b,Avni Maharaj,Punjab National Bank,1916-8731-1254,UPI Fraud,127209.49,2026-06-20T22:08:52,Shimla,Himachal Pradesh
0e33aaf1-f3ae-4e7e-96d9-4b6e523dfdec,Akshay Choudhury,Bank of Baroda,2534-2422-4640,Romance Scam,102696.58,2026-08-08T21:26:50,Nashik,Maharashtra
eef57233-2c6e-480b-a897-7a6c971c9814,Matthew Sekhon,IndusInd Bank,5201-8685-4964,APK Loan Scam,128753.37,2026-07-05T01:02:22,Bengaluru,Karnataka
a6e1ff5b-8d6d-454a-97b8-bc018d9623e7,Parth Lal,Federal Bank,8434-2143-4857,Bank Impersonation,170529.89,2026-07-21T11:00:13,Jodhpur,Rajasthan
3acd5156-d086-451d-b915-fb49b7800f1b,Vedhika Golla,Bank of India,4730-7398-9325,SIM Swap / KYC,118912.05,2026-05-28T05:40:51,Deoghar,Jharkhand
db51b000-2a32-4426-9399-829956ae1ea5,Hemal Chad,HDFC Bank,8854-9158-5621,Electricity Bill Scam,176350.97,2026-05-14T15:40:05,Chandigarh,Chandigarh
c6d3ffd9-7b66-4f15-b22e-c30ad1e0d3c2,Mitesh Tandon,Bank of Baroda,9779-4672-9547,Digital Arrest,297546.41,2026-06-09T12:51:22,Dhanbad,Jharkhand
dd655351-5de1-451c-b115-159a5d32da0b,Leela Khanna,Canara Bank,8498-8515-8727,Bank Impersonation,176033.41,2026-07-10T10:00:43,Guntur,Andhra Pradesh
8b732a62-37fe-4f6e-b46e-4759de433d7e,Oliver Kade,Canara Bank,9395-8588-9328,Investment Scam,433395.82,2026-07-08T18:25:04,Sri Ganganagar,Rajasthan
f680e782-847f-4789-9931-18a7f64a7de2,Chatura Lalla,Axis Bank,2556-3084-9355,Digital Arrest,271739.91,2026-06-29T09:39:33,Pune,Maharashtra
73cccbd2-476b-4aea-8450-b93803a913c8,Charles Ganesh,Canara Bank,7382-5926-9888,Investment Scam,434903.34,2026-06-11T06:11:19,Kanpur,Uttar Pradesh
2671f030-52b9-4e39-8a86-c7b907dd5ad5,Mohini Soni,IndusInd Bank,3121-3767-7313,Electricity Bill Scam,106619.36,2026-05-01T02:57:49,Mathura,Uttar Pradesh
1d1d103b-f7b8-44f9-bf32-0fdf32a001e0,Vamakshi Walia,Bank of Baroda,6698-8122-3875,Job Scam,316984.07,2026-05-03T01:47:34,Varanasi,Uttar Pradesh
9100acc8-e732-46f4-8aa8-178d3d691067,Ladli Ramakrishnan,Axis Bank,7584-9804-4226,Digital Arrest,454305.07,2026-07-17T20:27:09,Shahjahanpur,Uttar Pradesh
e9ceaf15-4b66-4996-a4c3-fc312b48f063,Adweta Dhillon,Indian Bank,3135-9726-2200,SIM Swap / KYC,86961.82,2026-07-12T18:52:46,Indore,Madhya Pradesh
2675e3af-69d4-4d70-ab38-447134b266f5,Advik Mani,ICICI Bank,7836-3558-2761,APK Loan Scam,282098.94,2026-07-30T07:43:32,Patna,Bihar
edbccc70-600e-4237-9e5a-101ac4eb16e8,Lavanya Mutti,HDFC Bank,4925-4495-1096,Digital Arrest,207383.02,2026-06-09T04:32:38,Bhilai,Chhattisgarh
14669173-bbb6-4f9f-b948-b7899a6e2074,Gunbir Wali,Bank of India,9921-1349-8472,UPI Fraud,55186.68,2026-07-24T02:12:45,Lucknow,Uttar Pradesh
fa799eb6-0510-442e-81c6-fc6a60a3daa1,Rachana Mahajan,Central Bank of India,5618-6588-7117,APK Loan Scam,265205.94,2026-08-20T14:56:59,Giridih,Jharkhand
1621f6cf-51f5-4e6b-ab83-e1aa87f839ab,Anamika Loke,State Bank of India,4888-6081-3389,SIM Swap / KYC,41763.22,2026-05-18T00:53:51,Bhilai,Chhattisgarh
8710edca-9f73-4ef9-a5f5-a37e0984bfbb,Aadhya Raman,YES Bank,6846-3338-1707,APK Loan Scam,155407.48,2026-07-04T21:00:33,Jaipur,Rajasthan
6a451038-5d10-4ad6-a0d8-4b0ad71fef4a,Wyatt Hayer,Punjab National Bank,3543-4394-8191,Investment Scam,315153.13,2026-06-21T05:32:17,Nellore,Andhra Pradesh
9f7518cd-4b90-4454-95d1-f4717e387ee0,Pranit Munshi,HDFC Bank,2245-5666-4330,Romance Scam,135062.97,2026-07-19T12:52:14,Aizawl,Mizoram
af80653d-4ee4-406e-b95b-25debeb2dbf0,Abhiram Bir,Canara Bank,8101-4981-9188,Job Scam,218876.77,2026-08-18T23:37:20,Jodhpur,Rajasthan
bce14eb5-27c5-4045-bb56-d47176c95eeb,Nisha Chaudhari,IndusInd Bank,1936-4553-5309,Bank Impersonation,196350.44,2026-05-21T20:03:37,Jamshedpur,Jharkhand
b01c3edf-5dca-45ef-8905-1b3f8dac17d7,Sanaya Panchal,Punjab National Bank,5811-8581-2465,UPI Fraud,62861.93,2026-07-19T05:00:34,Alwar,Rajasthan
7b4d4a6c-a21e-4d07-853b-86396967426f,Bhanumati Krishnamurthy,Canara Bank,7137-1143-3838,Romance Scam,148099.39,2026-06-20T13:41:20,Eluru,Andhra Pradesh
2ddb6a9a-5671-4de1-95bd-9f433e39df2e,Bahadurjit Bajwa,Central Bank of India,3563-7307-5183,SIM Swap / KYC,63932.37,2026-06-30T15:53:11,Kolkata,West Bengal
9137423e-1529-41ad-949c-f1be3f0b4561,Dakshesh Kalla,Bank of Baroda,5265-6414-9090,UPI Fraud,90249.51,2026-08-18T15:32:54,Amritsar,Punjab
eee8bcd5-46c0-4eae-9bc5-3bf0e8f80b39,Jagdish Chadha,Axis Bank,7517-1953-6840,Bank Impersonation,55141.09,2026-08-25T04:52:54,Ghaziabad,Uttar Pradesh
911e070e-ee22-4b8f-a915-a7a97d2952a6,Keya Goyal,Punjab National Bank,9556-5331-8298,Electricity Bill Scam,40887.28,2026-06-18T09:52:09,Bhubaneswar,Odisha
e1978a7b-19b4-4b88-be5a-744973ff2a99,Qarin Kulkarni,Federal Bank,1101-6685-9404,SIM Swap / KYC,120687.59,2026-06-28T09:29:27,Asansol,West Bengal
9d461f39-4980-4f0c-9db0-224d27eaa2a0,Unni Borra,ICICI Bank,3446-6941-1321,APK Loan Scam,171212.97,2026-07-25T11:42:07,Coimbatore,Tamil Nadu
d658914f-0acb-4acc-aa38-96f0ebc52fdf,Aradhana Sane,Indian Bank,2886-3380-2619,Romance Scam,53949.97,2026-07-17T15:59:18,Noida,Uttar Pradesh
6c484fad-c820-4768-9746-8981dc0c2eb5,Aarini Edwin,Bank of Baroda,1245-2100-4683,SIM Swap / KYC,97108.82,2026-08-25T11:46:38,Aizawl,Mizoram
763456f1-7b76-4d65-a2f1-b748d7f4e6ef,Aradhana Bhatia,YES Bank,1436-8775-5350,Job Scam,217623.52,2026-05-30T23:49:42,Patna,Bihar
3f776011-6eec-42ae-b656-df17d653b8c7,Lipika Natarajan,Union Bank of India,3239-4925-7028,Digital Arrest,178043.08,2026-06-26T05:32:47,Mumbai,Maharashtra
6f96e92f-49ac-4ce7-a4b2-a62e63572aea,Aarna Lanka,Bank of India,8975-1808-4592,Electricity Bill Scam,5018.76,2026-07-27T22:49:53,Amravati,Maharashtra
b3f65345-e3a7-43e5-a750-cbb4de2e96c2,Ridhi Boase,IDBI Bank,7481-7008-2299,Investment Scam,169048.73,2026-07-31T08:33:54,Amravati,Maharashtra
27c2f00f-c29a-4e98-b7ca-d9bbb2ee4c55,Sai Ramaswamy,Bank of India,6334-3708-3971,UPI Fraud,96262.78,2026-06-03T15:01:29,Varanasi,Uttar Pradesh
e401f25c-92ba-4399-8a0e-88cdeba85ede,Vyanjana Chopra,Union Bank of India,8468-7901-5778,Electricity Bill Scam,58583.9,2026-08-28T02:09:38,Jaipur,Rajasthan
c2cebcd8-859b-42df-ab82-792d7839dc6d,Raagini Kamdar,Bank of Baroda,4904-8799-3989,Digital Arrest,376262.43,2026-08-20T05:52:59,Madurai,Tamil Nadu
7b76c3e0-926c-4911-b8de-5ede0ceb831a,Riya Lad,Bank of Baroda,2090-3688-8702,Electricity Bill Scam,195810.2,2026-07-25T12:27:05,Solapur,Maharashtra
b26e4601-1800-446e-b181-a4a574016c67,Bakhshi Bora,HDFC Bank,9664-6140-7330,Electricity Bill Scam,48900.93,2026-05-01T22:03:12,Aizawl,Mizoram
96310708-0932-4a6c-82f4-0695356d61d3,Zashil Sehgal,IndusInd Bank,1903-4955-2570,Electricity Bill Scam,193541.33,2026-06-19T00:20:27,Jamshedpur,Jharkhand
0d4954cd-4898-4803-8f50-7e11e5c816b8,Widisha Dixit,IDBI Bank,3246-2978-7072,Bank Impersonation,14451.88,2026-07-23T10:20:46,Dehradun,Uttarakhand
0fc193a6-d654-4bc6-b029-4da86433da38,Baljiwan Ramakrishnan,Union Bank of India,2948-6787-3964,Investment Scam,263747.18,2026-07-18T15:16:27,Srinagar,Jammu & Kashmir
5e4d4c9b-cd35-4cfa-be96-0df7739c0b2b,Max Narayan,Punjab National Bank,3058-1788-3751,Electricity Bill Scam,47476.59,2026-05-05T05:06:43,Agra,Uttar Pradesh
eedca5c2-768f-43c3-bc16-1ce1dd15c909,Aarush Varma,State Bank of India,9474-1715-5036,Electricity Bill Scam,157226.55,2026-05-08T10:20:10,Bhubaneswar,Odisha
e7cb4a16-e3a8-419b-ac8d-08a29e1883de,Vanya Sarin,Central Bank of India,9315-8077-6949,UPI Fraud,38211.93,2026-06-20T10:53:05,Srinagar,Jammu & Kashmir
cecf0f85-e57d-4678-81f1-d2e5059fa302,Ekaraj Zachariah,IndusInd Bank,4403-8839-2166,Investment Scam,380340.96,2026-07-24T20:17:27,Gwalior,Madhya Pradesh
9dc10688-f1d3-4fd9-a74a-ae857e9bc780,Aarush Rajagopalan,ICICI Bank,5096-4812-6253,SIM Swap / KYC,62219.65,2026-05-28T04:39:15,Bhiwandi,Maharashtra
0417a664-c2f5-4660-836e-735324499703,Jairaj Wason,Bank of Baroda,1508-4124-9302,APK Loan Scam,89509.5,2026-05-19T19:32:53,Cyberabad,Telangana
e4dcd1c1-8bd7-4884-8ee8-342cd93e55d2,Gauri Mitter,Indian Bank,3008-2859-8200,Job Scam,295071.35,2026-05-24T05:11:17,Bhusawal,Maharashtra
44c3ddc9-47c1-4897-a510-73ce91805ec6,Christopher Chana,Punjab National Bank,8404-3749-8380,Digital Arrest,398646.69,2026-05-19T14:34:03,Varanasi,Uttar Pradesh
95013aa2-394d-4319-acd7-239be7a9274a,Harini Buch,YES Bank,7738-5656-4160,Electricity Bill Scam,85781.72,2026-06-22T20:47:32,Cuttack,Odisha
57d303b2-ce7e-4f1c-924e-a46c47e5ff7a,Bimala Jain,HDFC Bank,7109-7000-5876,Romance Scam,182314.16,2026-05-27T13:45:47,Shahjahanpur,Uttar Pradesh
bd5eeed5-09f2-4ea1-85d2-c005c3c28d11,Balveer Rajagopalan,IndusInd Bank,9696-5540-4547,Digital Arrest,136498.48,2026-05-28T04:38:33,Nellore,Andhra Pradesh
0bedb8af-6aa0-45bd-9689-d22d6b02e95a,Chandani Ramakrishnan,State Bank of India,2679-9935-2424,APK Loan Scam,34320.3,2026-08-15T16:35:34,Chandigarh,Chandigarh
205b5cee-0c15-4e13-b3f9-c398c5066be0,Jagrati Sur,Central Bank of India,5398-1766-6351,SIM Swap / KYC,35876.28,2026-05-08T20:47:20,Deoghar,Jharkhand
88ff114d-e92d-47f3-8e64-be1ecee97746,Raksha Gupta,Axis Bank,5497-1131-5595,Bank Impersonation,116180.81,2026-08-20T09:20:30,Sri Ganganagar,Rajasthan
b55cfe11-0688-498b-8a87-8624eba051cd,Balendra Hans,Punjab National Bank,3330-5587-2793,Electricity Bill Scam,139921.23,2026-08-04T04:49:20,Thiruvananthapuram,Kerala
c11c95c2-a8c2-4e0a-a122-fed57d1466f4,William Suresh,Canara Bank,5668-6300-7150,APK Loan Scam,82416.71,2026-08-18T22:12:09,Srinagar,Jammu & Kashmir
478cb18c-1ac6-4c97-8413-210353e6fe93,Dev Zachariah,ICICI Bank,5980-7473-4054,Electricity Bill Scam,133371.67,2026-06-25T22:58:20,Cuttack,Odisha
9b9e33f1-8273-4c0d-88bd-1f07606c1a8a,Xalak Walla,Central Bank of India,6706-6931-2518,Investment Scam,115557.6,2026-08-25T17:19:33,Bharatpur,Rajasthan
2c8ef635-8e7f-4f78-b7ff-760e0ddb7dfd,Amol Bansal,Union Bank of India,4202-9659-6051,Bank Impersonation,92009.64,2026-05-04T16:40:00,Deoghar,Jharkhand
47f9ce56-f1c5-4f6d-8d36-af184d3adbe6,Daksh Nazareth,Bank of India,9620-7921-8994,UPI Fraud,30211.45,2026-06-10T23:44:10,Raipur,Chhattisgarh
3701ecff-eced-4159-930d-d6514fbcf3ab,Nidra Dani,IndusInd Bank,2687-1375-7870,Investment Scam,348163.93,2026-08-06T08:06:51,Kanpur,Uttar Pradesh
bd551581-a33a-44a8-ba75-dcb001568979,Tara Yadav,Union Bank of India,5277-7525-2959,Electricity Bill Scam,92303.62,2026-05-29T04:54:25,Thiruvananthapuram,Kerala
e6a5952e-c83b-45ee-a858-b30530195dce,Viraj Bora,YES Bank,1020-9375-5463,Bank Impersonation,40809.22,2026-05-01T23:17:38,Nuh,Haryana
06bbb7c6-8956-4453-ade3-ef163f25bb79,Lohit Suresh,Canara Bank,7616-4222-7749,Job Scam,166111.73,2026-06-18T09:45:38,Mathura,Uttar Pradesh
60afcb0b-aecb-498f-82f1-c4ab140b3382,Urishilla Bath,Union Bank of India,5153-7638-6925,Job Scam,339271.44,2026-06-03T05:22:13,Tiruchirappalli,Tamil Nadu
8c6dd410-2d47-4fbf-87df-7fd9043631da,Kalpit Atwal,YES Bank,4985-5944-9034,UPI Fraud,85084.59,2026-08-18T09:58:58,Bharatpur,Rajasthan
a27aff69-943b-4bb1-bc45-b7d44d4ece48,Chandresh Mohanty,Kotak Mahindra Bank,1755-9893-7337,UPI Fraud,142075.12,2026-05-22T03:10:40,Allahabad,Uttar Pradesh
950a6dad-11a2-4160-a1b9-0c28c9803b1f,Tanmayi Garde,Union Bank of India,4679-7252-5220,UPI Fraud,61611.47,2026-05-30T12:08:32,Guntur,Andhra Pradesh
ac3abaa2-0eed-4a78-9145-34575ff0e1aa,Hitesh Comar,ICICI Bank,4001-5335-6218,Job Scam,14156.87,2026-07-05T09:59:58,Bikaner,Rajasthan
9d862109-4cb1-4778-bccc-3556b423278b,Thomas Bhatnagar,HDFC Bank,5737-5301-3446,Investment Scam,293521.0,2026-08-01T01:04:38,Amravati,Maharashtra
5943278a-877e-43b8-856a-d2f5f39ffe13,Pooja Nazareth,Bank of India,7359-9776-1798,Job Scam,29251.68,2026-08-10T03:48:33,Jaipur,Rajasthan
87c5d7f1-6f0b-40a2-9ac8-abdd7ca81a08,Ekta Dara,YES Bank,1305-9832-9004,Digital Arrest,426427.94,2026-05-12T04:26:57,Varanasi,Uttar Pradesh
598ba65b-09c0-4075-831c-b0f836287742,Ekanta Kala,Axis Bank,2923-7909-1475,Bank Impersonation,107225.15,2026-07-10T14:25:33,Aurangabad,Maharashtra
054e2dac-b870-4361-bbc6-a4717b655523,Oscar Nayak,Central Bank of India,9854-6542-4999,Investment Scam,180027.84,2026-08-15T14:48:22,Raipur,Chhattisgarh
a8ac65c8-df17-408d-9b63-a8402d0b55b5,Jai Mahal,Bank of India,9743-7570-6552,Romance Scam,141974.22,2026-05-18T02:31:37,Eluru,Andhra Pradesh
495fa0b4-4069-4276-b236-bdedd43c6dc3,Ojasvi Ganguly,IndusInd Bank,6549-6888-6451,Romance Scam,33864.57,2026-08-27T18:40:01,Asansol,West Bengal
83b57e18-561f-4740-a0d5-8cb0e3c23d7c,Nitesh Sarna,Punjab National Bank,4725-2195-8561,Digital Arrest,401759.06,2026-05-09T14:59:34,Mumbai,Maharashtra
d7a6fd0f-ee04-4375-b4e2-a58698f4816a,Banjeet Deol,ICICI Bank,5769-3795-6796,UPI Fraud,44394.4,2026-05-23T18:33:18,Lucknow,Uttar Pradesh
028ef9a6-2987-4a81-91f7-7a83b38bfb4c,Krisha Dugar,Bank of Baroda,1421-4311-8303,Bank Impersonation,145181.8,2026-05-28T20:28:23,Cuttack,Odisha
4ab7b01f-83ff-4d7d-9a71-dc3c57bfd552,Vidhi Buch,Bank of India,3215-5677-6740,APK Loan Scam,193004.07,2026-08-21T03:14:01,Nashik,Maharashtra
9d816f93-a150-445b-af65-f16e917720b0,Abhimanyu Gola,Kotak Mahindra Bank,9644-3030-5835,Electricity Bill Scam,53819.89,2026-08-24T10:46:31,Guwahati,Assam
0bece4d6-b711-4c64-b01f-92e90ac6629d,Bhanumati Saha,Central Bank of India,9893-9843-6286,APK Loan Scam,226942.24,2026-05-14T11:16:16,Mumbai,Maharashtra
f334fd60-e3e0-4580-b612-0e25b777b299,Jonathan Jhaveri,YES Bank,6616-3348-7875,Job Scam,129662.62,2026-05-19T09:36:26,Siliguri,West Bengal
a6872e85-f006-49c9-be8c-c0ad2b79dde6,Anika Virk,Kotak Mahindra Bank,9589-3780-1175,Job Scam,13466.25,2026-07-03T03:46:05,Jabalpur,Madhya Pradesh
b2495499-41c7-4b85-90b7-c20a2a7195ff,Nisha Khare,Canara Bank,7029-8997-5832,Digital Arrest,319686.91,2026-08-10T10:52:30,Vijayawada,Andhra Pradesh
4f3f0ba0-901c-423d-9b9a-fcc7b6f5e5f4,Baljiwan Gole,YES Bank,2027-7591-7118,APK Loan Scam,122763.91,2026-07-11T18:00:45,Kanpur,Uttar Pradesh
ff1e6bba-3182-4582-bb68-ab12ff651ea5,Gaurang Mitra,Union Bank of India,7985-8570-4798,Electricity Bill Scam,81890.49,2026-07-13T14:33:47,Nellore,Andhra Pradesh
1d1122c5-4d75-4adb-bdc1-f77bf48420d2,Omya Agrawal,Canara Bank,9821-6547-7145,SIM Swap / KYC,133458.43,2026-07-24T21:22:54,Indore,Madhya Pradesh
71f5b43e-23dc-4115-91ea-0047af4b596f,Rehaan Dalal,IndusInd Bank,6093-5673-6569,Electricity Bill Scam,179608.55,2026-05-28T11:29:42,Gwalior,Madhya Pradesh
75457131-bcad-4e0e-b671-c9aad23dcc0a,Janaki Zacharia,ICICI Bank,8200-5826-3328,Bank Impersonation,10498.37,2026-08-25T11:20:25,Raipur,Chhattisgarh
7802c210-b2c6-493b-a2a8-72efb4bf4d62,Ucchal Joshi,YES Bank,6235-4617-2745,Bank Impersonation,66374.6,2026-05-15T03:37:41,Giridih,Jharkhand
0161aa66-9335-41d5-9168-7259330a2b5b,Chatresh Hari,Bank of India,2508-3132-2457,Romance Scam,145096.59,2026-06-13T03:43:10,Jamtara,Jharkhand
21f4fe36-4ef0-43ba-a925-7c613f727a6e,Manthan Som,Kotak Mahindra Bank,3755-6348-1751,Bank Impersonation,105841.56,2026-08-24T11:18:11,Ahmedabad,Gujarat
7f369875-2dcc-47d5-b812-7cd527d3aab9,Patrick Dutta,Bank of Baroda,1864-1841-3862,Bank Impersonation,39649.02,2026-07-18T21:22:52,Aizawl,Mizoram
fd8d0626-e4e0-4611-a46a-54c9fe0df411,Chatura Patla,IndusInd Bank,4166-5717-5083,Bank Impersonation,27961.52,2026-07-25T00:41:00,Srinagar,Jammu & Kashmir
7887bafa-959e-47d7-9f40-7e3356bf64b8,Shaurya Saran,YES Bank,2712-8504-9401,UPI Fraud,117467.44,2026-05-23T20:30:48,Asansol,West Bengal
0c225cae-6694-41bd-a075-b5b97943d5e7,Gaurika Setty,Punjab National Bank,1518-2212-4772,Electricity Bill Scam,36066.23,2026-06-19T02:19:00,Cyberabad,Telangana
35c3bcdb-c3dc-4c01-bcca-e50e8b0a4fc3,Hemang Ben,State Bank of India,8303-6449-5222,APK Loan Scam,236425.2,2026-08-09T07:36:22,Nagpur,Maharashtra
7c18c808-8392-4d8d-b274-c851f3f21389,Nakul Balakrishnan,Union Bank of India,1252-8617-3822,SIM Swap / KYC,79729.4,2026-07-15T04:58:09,Ludhiana,Punjab
e11e50b4-6959-4540-a3a3-6896af8cedf9,Yutika D’Alia,IndusInd Bank,5552-5129-3171,Electricity Bill Scam,148881.94,2026-07-13T13:24:29,Shimla,Himachal Pradesh
ac23cebb-f0ea-4534-8a1f-2be3c986b7c8,Wahab Saxena,IDBI Bank,4281-7957-6031,Electricity Bill Scam,21769.1,2026-07-22T13:41:48,Guntur,Andhra Pradesh
64927eba-d3b7-40f3-a232-08d2f29179d4,Oni Issac,Axis Bank,6032-7431-7808,Job Scam,119556.9,2026-08-07T21:28:58,Eluru,Andhra Pradesh
77c86734-5e3d-43c0-9838-27f7bc2748fd,Victor Choudhary,ICICI Bank,2637-1790-1263,Investment Scam,268953.19,2026-08-14T21:09:38,Ranchi,Jharkhand
acf1a1a6-9dd2-45fd-a03f-e5ed9b1370ef,Vedant Chaudhari,Bank of India,2077-3901-7200,Job Scam,14465.43,2026-08-22T11:22:45,Rourkela,Odisha
fb022a13-7d41-4e0c-ae23-ead6d38de56c,Nitara Iyengar,State Bank of India,7841-3484-7994,Investment Scam,377004.69,2026-08-11T05:20:12,Nashik,Maharashtra
b1098382-cc59-4104-94e2-49ce6cffabc9,Thomas Borah,YES Bank,7923-7404-6219,APK Loan Scam,249024.68,2026-07-09T18:56:54,Giridih,Jharkhand
a69fb6a1-dd5b-4cc5-9522-2cffa208b251,Vedhika Bhagat,YES Bank,5352-7697-7898,UPI Fraud,112772.93,2026-05-05T20:08:09,Eluru,Andhra Pradesh
80871661-e15b-4f9d-9dff-664faf5fdcfc,Maanav Kalita,YES Bank,9603-8567-5233,Electricity Bill Scam,106759.25,2026-06-17T23:16:19,Mathura,Uttar Pradesh
016d5626-bc94-477e-bece-7c1189bcb1e4,Pranav Ram,Bank of India,3603-1560-6662,Romance Scam,152168.8,2026-05-20T06:07:46,Ludhiana,Punjab
d34180ee-68ec-42e3-b773-48300aa234b8,Laban Shankar,Axis Bank,6922-6970-2015,Investment Scam,97563.93,2026-07-27T18:29:37,Nashik,Maharashtra
811e829f-c5c2-48fe-a317-2093b942e484,Jagrati Madan,Central Bank of India,8126-6722-3293,SIM Swap / KYC,25888.29,2026-07-06T22:09:01,Gwalior,Madhya Pradesh
fa5810ea-17e1-41b2-9856-363554b4352c,Gautami Datta,Punjab National Bank,3918-3178-6885,APK Loan Scam,162096.82,2026-08-08T01:22:04,Lucknow,Uttar Pradesh
fb3dab35-a3ad-4032-a56b-55cf37dcb8f8,Darpan Mand,Punjab National Bank,5697-6024-8860,Romance Scam,98262.59,2026-07-08T20:39:47,Aizawl,Mizoram
40b2080a-75ab-4476-a517-c0be860761ca,Indrajit Shroff,YES Bank,7035-7063-6574,UPI Fraud,44606.92,2026-08-05T01:50:48,Bareilly,Uttar Pradesh
02b2ff7b-95d4-4e42-8075-cdddd9cd83f5,Omya Garg,IDBI Bank,4710-9297-9409,SIM Swap / KYC,124442.66,2026-05-01T07:29:04,Lucknow,Uttar Pradesh
7ecc9c56-eb48-4a2f-81fc-0bb11c28f26e,Thomas Merchant,Canara Bank,1621-1910-8083,Electricity Bill Scam,196439.59,2026-08-06T01:53:25,Vadodara,Gujarat
d958f3c9-6277-43d9-b6c3-ffb8efde419e,Onkar Karpe,IDBI Bank,2218-7843-5001,Bank Impersonation,28793.11,2026-08-09T10:50:17,Cuttack,Odisha
0bffd559-5b64-46fc-840c-ef8a023566e8,Nisha Vig,Bank of Baroda,6944-9239-3639,APK Loan Scam,119243.47,2026-05-06T22:52:22,Bhusawal,Maharashtra
6b7b813b-0459-4978-9fa7-66fb1b13b787,Tarak Solanki,YES Bank,2870-8362-6946,UPI Fraud,135185.58,2026-08-13T07:35:15,Srinagar,Jammu & Kashmir
33cd87d3-ab34-41df-802e-1aa62850d6a0,Arya Atwal,IndusInd Bank,3463-8613-1081,Electricity Bill Scam,194600.23,2026-07-08T08:29:43,Solapur,Maharashtra
d90c5ce4-69d6-4ac2-be66-48ecb3c8d922,Yatin Kota,Kotak Mahindra Bank,1182-7144-5395,Job Scam,103593.74,2026-07-25T02:22:33,Mumbai,Maharashtra
8cce82ea-357b-4ca8-822f-50fd5cd39198,Radha Kapadia,Canara Bank,6714-7957-9144,Digital Arrest,217042.44,2026-05-11T07:51:01,Rourkela,Odisha
353a6077-bc06-4d58-aad2-3274a2eeee98,Abdul Sahni,Axis Bank,6236-2783-5809,Bank Impersonation,115167.67,2026-06-26T08:56:18,Gorakhpur,Uttar Pradesh
cce3d01b-0acf-4500-98c3-f553d66d9bd9,Banjeet Singhal,ICICI Bank,4573-6023-1638,Job Scam,258817.98,2026-05-06T20:50:04,Bikaner,Rajasthan
584b614f-aa8f-46a5-aa6c-01af31e01bec,Pavani Wali,Central Bank of India,7322-6111-8735,Bank Impersonation,129602.86,2026-05-01T15:23:56,Bengaluru,Karnataka
7d6ec433-6d9d-4009-93d5-e4a3f1af2681,Varenya Chaudhari,Canara Bank,6823-6091-4702,APK Loan Scam,215909.76,2026-08-19T05:51:06,Delhi,Delhi
40dd21a4-039e-4c98-9a36-a8c06004488c,Warhi Khosla,Union Bank of India,8941-8167-3737,APK Loan Scam,209951.03,2026-08-01T21:46:34,Sri Ganganagar,Rajasthan
2998f4ee-8bd3-40ea-a111-5eeada62a42c,Advik Ray,Kotak Mahindra Bank,5219-6282-1230,Job Scam,343159.1,2026-08-02T12:05:53,Ranchi,Jharkhand
33a8901c-0c9f-4010-9601-23a8beab4bae,Kevin Parmer,Axis Bank,3553-2471-2077,Bank Impersonation,5364.91,2026-07-22T08:57:42,Bhubaneswar,Odisha
92a5ddbe-523e-4fcd-9676-00bf869c0469,William Chana,IDBI Bank,9449-1022-8834,Bank Impersonation,150007.7,2026-06-15T01:24:24,Allahabad,Uttar Pradesh
6a16b5e3-0439-4535-a012-95d7d9ed8de8,Varsha Mody,Punjab National Bank,9804-3838-3733,Investment Scam,254422.12,2026-05-22T09:15:23,Deoghar,Jharkhand
f1c57e43-be62-4e7c-b70d-5939072ea549,Tripti Bajwa,Bank of Baroda,3566-4909-5574,Job Scam,259493.39,2026-06-05T05:16:35,Bareilly,Uttar Pradesh
acf4f34b-a7d0-47cb-8b25-8327eb0faacf,Ubika Devi,Axis Bank,5435-3544-1504,Job Scam,77270.07,2026-06-21T05:38:56,Mysuru,Karnataka
362e9870-c1c7-4a7a-9ad8-69214348f7c6,Qasim Prabhakar,Union Bank of India,1425-2254-3691,Investment Scam,325507.26,2026-08-24T00:30:01,Vijayawada,Andhra Pradesh
645af8ec-e709-4d66-a3dd-8c756fb6a971,Aarav Bobal,Bank of India,2985-6976-5788,UPI Fraud,70226.27,2026-06-19T16:31:31,Dhanbad,Jharkhand
23125a2f-e05d-4eec-8838-300658f191f2,Gaurangi Wali,Bank of India,8525-4865-4727,Electricity Bill Scam,21302.18,2026-07-07T22:51:01,Noida,Uttar Pradesh
8ab2de5f-f079-4cb1-aead-50414a4b8747,Chaman Sandhu,Bank of Baroda,5858-9618-5607,SIM Swap / KYC,58749.8,2026-08-13T00:04:03,Jodhpur,Rajasthan
53c52d85-788c-432b-bb44-f00e3a28c531,Sarthak Buch,Bank of Baroda,2063-7482-1701,Electricity Bill Scam,24844.71,2026-06-01T18:32:33,Ranchi,Jharkhand
96f9cbee-38c8-4696-b38f-92466233eebc,Christopher Varma,Kotak Mahindra Bank,5647-3368-6085,Bank Impersonation,101369.98,2026-08-24T03:34:48,Bikaner,Rajasthan
c8d175f8-91d2-4ecc-b4ef-81b59460b924,Charan Choudhry,IDBI Bank,2218-7843-5001,SIM Swap / KYC,172632.38,2026-06-19T12:32:47,Cuttack,Odisha
83ae9485-3f7c-45e7-9052-83dc87d07207,Jasmit Shroff,Bank of Baroda,3174-5388-1161,APK Loan Scam,88671.34,2026-08-14T10:49:48,Kolkata,West Bengal
ea94fa3b-1f5d-45a7-8676-09a06a4ccab6,Jasmit Peri,Union Bank of India,3033-6589-1608,Bank Impersonation,191812.83,2026-08-12T19:37:40,Kanpur,Uttar Pradesh
04e60199-0e14-47e7-84e9-df8a7f20e816,Ekalinga Jayaraman,ICICI Bank,5033-3671-3543,Investment Scam,179850.63,2026-06-15T16:17:58,Warangal,Telangana
b5dd6102-4ec0-4f6b-91fb-8b7ac2c6937c,Gaurika Khare,IDBI Bank,3524-5872-9858,APK Loan Scam,273213.66,2026-08-02T11:59:15,Bareilly,Uttar Pradesh
b315208c-1268-45b9-811a-85639e4f2796,Vanya Kadakia,Kotak Mahindra Bank,7240-3951-1388,Digital Arrest,359520.25,2026-07-05T22:08:19,Firozabad,Uttar Pradesh
08ec6b37-1593-4908-86ed-cbaa77e21d28,Ekani Pandit,YES Bank,6616-3348-7875,Romance Scam,108487.14,2026-08-03T12:22:36,Siliguri,West Bengal
dbd42f68-f901-4a8c-9236-bc0588fc42c1,Yahvi Sampath,IDBI Bank,5737-9856-8897,Bank Impersonation,111053.82,2026-08-08T07:28:14,Jodhpur,Rajasthan
57134e5b-f288-48cf-9557-80c7184b65d0,Chatura Bhatnagar,IndusInd Bank,9119-4043-8639,UPI Fraud,12045.55,2026-05-13T03:44:41,Kota,Rajasthan
946819b6-228f-4170-918b-f120c31ce185,Hemani Sethi,Bank of India,6453-2607-5892,Bank Impersonation,126684.1,2026-06-16T06:48:20,Ranchi,Jharkhand
6c9d3efa-4030-471f-9fbe-2859767abba9,Yachana Vyas,Canara Bank,4922-2044-5331,UPI Fraud,109845.89,2026-05-24T16:27:00,Lucknow,Uttar Pradesh
fc4edef0-cb23-4fd0-842e-b81101c244d6,Upma Wali,State Bank of India,2991-8515-9056,Investment Scam,72544.92,2026-07-06T23:46:11,Srinagar,Jammu & Kashmir
93ee581f-0ee5-4e5d-8ce2-0b860d058113,Siya Pillai,Kotak Mahindra Bank,5647-3368-6085,APK Loan Scam,141920.06,2026-07-17T11:11:08,Bikaner,Rajasthan
b27973fc-c812-4c08-963d-4aa6d0808466,Raghav Shankar,YES Bank,1020-9375-5463,Bank Impersonation,105362.87,2026-07-15T22:27:32,Nuh,Haryana
d2732329-51f3-472e-a142-9bcd6023adc4,Faris Raman,Indian Bank,6602-7715-9871,Investment Scam,120844.87,2026-06-25T05:13:13,Rourkela,Odisha
bef9a520-bdc9-4ce7-9b28-2fbee84f484c,Bhavya Bose,IDBI Bank,9866-4961-7385,APK Loan Scam,200235.26,2026-05-27T05:08:47,Kochi,Kerala
b60deab5-1af7-455d-a368-c250cded4f6e,Nitesh Majumdar,State Bank of India,2906-7302-8278,Digital Arrest,217002.49,2026-07-11T18:37:44,Shahjahanpur,Uttar Pradesh
45c6e296-c271-4331-adbf-786b4996febd,Manbir Taneja,Bank of India,5057-7114-4534,Bank Impersonation,175758.76,2026-07-08T15:38:19,Bhusawal,Maharashtra
7d2e5c8b-b8d7-4884-bec2-9c9a8868e96b,Samarth Verma,HDFC Bank,7674-7599-7144,Investment Scam,208079.02,2026-05-24T16:29:21,Nashik,Maharashtra
a5576c88-ffbe-4186-9d29-4685418e7e16,Chaaya Saha,Kotak Mahindra Bank,4069-5107-1316,Investment Scam,127087.29,2026-05-17T04:16:59,Guwahati,Assam
ef00787a-d8a4-4479-bb10-6c4883992b9a,Urvi Palan,Central Bank of India,9899-6311-1802,Bank Impersonation,27641.52,2026-05-13T06:48:04,Bareilly,Uttar Pradesh
b949e701-2843-400d-b3ac-d0e69879a59d,Sachi Bail,State Bank of India,4673-2124-1659,Digital Arrest,211305.76,2026-07-04T19:50:51,Bhusawal,Maharashtra
39a84998-8383-48a2-8282-c7eaffe8b1ba,Ranbir Bhatnagar,Punjab National Bank,4370-4657-2672,APK Loan Scam,340946.12,2026-06-26T06:02:38,Bikaner,Rajasthan
0c548236-8931-48e5-aa8a-f6fba59c52f2,Vincent Venkatesh,ICICI Bank,3695-5805-5782,Investment Scam,477824.4,2026-07-12T04:17:48,Dehradun,Uttarakhand
4d9c9ec1-74db-46f4-ba40-15ce69cde3ce,Nisha Oza,IDBI Bank,3649-1509-2001,SIM Swap / KYC,47302.47,2026-05-18T10:37:53,Giridih,Jharkhand
1da8ec74-899e-4069-9e0b-2a2ceaed04fd,Vedika Wagle,YES Bank,8282-5203-5241,Romance Scam,181509.44,2026-05-14T15:36:42,Jabalpur,Madhya Pradesh
e105123f-3678-4c94-928a-4128ab787a3e,Tanvi Modi,ICICI Bank,7857-5407-2660,Bank Impersonation,102173.34,2026-06-30T10:21:40,Jaipur,Rajasthan
8d7c9b15-12a7-42fe-92d7-4cf92a2e48e1,Damini Garg,State Bank of India,9799-6499-4078,SIM Swap / KYC,114011.55,2026-06-02T08:27:08,Dehradun,Uttarakhand
2a6594b3-4ab3-4ce0-86a3-4cbfca43cc14,Utkarsh Sule,Union Bank of India,7434-4596-3882,UPI Fraud,110321.79,2026-05-05T07:41:42,Nuh,Haryana
97e7f2ce-89f5-4e41-8389-954669d7abb6,Bhavya Batta,Union Bank of India,4036-3337-3737,APK Loan Scam,324306.53,2026-05-17T11:38:38,Shahjahanpur,Uttar Pradesh
ba8a107e-8dce-4314-90b3-0b8c5d59d840,Ira Mane,ICICI Bank,2102-9700-8786,Digital Arrest,489293.34,2026-07-22T03:19:46,Nuh,Haryana
859634ef-f7cf-454f-b8cc-22d7edab95b9,Ojas Dyal,IDBI Bank,2013-8212-4939,Investment Scam,328671.25,2026-05-17T10:16:22,Jamshedpur,Jharkhand
5e643904-dfe3-401b-853b-254bfaae461e,Qabil Gill,Indian Bank,5758-4020-6147,Electricity Bill Scam,29680.66,2026-07-23T06:34:14,Ahmedabad,Gujarat
340db6ce-8b29-4478-ad7a-c9a55d8c23d0,Neel Khanna,Canara Bank,1460-3577-9153,APK Loan Scam,61473.19,2026-07-20T18:20:43,Mysuru,Karnataka
b1e1c9fa-594a-4dfe-9ab3-5755ed7ea4fa,Benjamin Nadig,Central Bank of India,3820-2892-9307,Romance Scam,20652.62,2026-05-13T13:50:23,Bharatpur,Rajasthan
4a2189ef-6fca-475c-a645-5222b28b8014,Ridhi Lad,IDBI Bank,8509-1573-2351,Job Scam,148054.04,2026-06-13T10:27:01,Aizawl,Mizoram
09cdc224-1c23-454a-bfc4-52fc308bf0a0,Qarin Jha,Union Bank of India,5625-9694-3862,APK Loan Scam,153381.05,2026-07-19T22:07:49,Jamtara,Jharkhand
b7c085bb-e9db-4635-88a5-e60e26742c32,Edhitha Padmanabhan,HDFC Bank,6742-7258-5419,Electricity Bill Scam,197321.86,2026-08-26T17:00:45,Siliguri,West Bengal
16a940d2-5d42-408c-a7ff-ffdd2f8d15c0,Kashish Sen,Bank of India,9860-6942-2637,Investment Scam,107739.67,2026-05-11T12:48:28,Vijayawada,Andhra Pradesh
5e090fa6-1d4e-42ed-b7c3-33fec4d93deb,Charvi Dara,Punjab National Bank,4870-5167-6264,Job Scam,90973.17,2026-06-07T00:06:00,Varanasi,Uttar Pradesh
d5644076-0464-4f65-862d-d944c2aed134,Nidhi Tata,YES Bank,9899-5318-1192,Electricity Bill Scam,66073.6,2026-07-31T15:33:23,Vijayawada,Andhra Pradesh
5288741f-e23d-4405-9a01-03328d03e517,Tara Nagarajan,YES Bank,5056-9663-6391,APK Loan Scam,216929.85,2026-05-22T07:06:05,Bhopal,Madhya Pradesh
cb556267-53ba-4000-bb0a-4d69c9f63416,Aayush Tripathi,Indian Bank,3243-5060-4574,Electricity Bill Scam,146347.64,2026-05-17T19:31:24,Noida,Uttar Pradesh
cd7185d9-92b8-401f-8ab1-dd154a84cb99,Chakrika Som,ICICI Bank,6390-9062-2103,Investment Scam,96936.42,2026-08-01T23:34:21,Bikaner,Rajasthan
d7c319ed-bb3a-4b04-8a5d-94c3214c459b,Manan Sathe,Axis Bank,3955-6888-9211,Romance Scam,167645.07,2026-07-01T19:01:58,Chandigarh,Chandigarh
33ddbc45-8d03-4324-9892-3b20c3765adc,Isaiah Srinivas,Bank of India,6496-8651-6055,Electricity Bill Scam,21930.91,2026-06-18T18:38:38,Jamshedpur,Jharkhand
16e7fd94-6bf0-4814-9e6f-b59f2200727a,Liam Dada,Bank of Baroda,8335-4371-6212,Digital Arrest,198264.76,2026-06-03T15:44:35,Gorakhpur,Uttar Pradesh
dd9d0450-0d79-43c0-97f2-85817036ec25,Aryan Ratti,HDFC Bank,6924-4155-2595,SIM Swap / KYC,69929.62,2026-06-27T14:56:46,Bareilly,Uttar Pradesh
ddcede6b-89eb-441e-a7ad-71ba624c0d17,Sanaya Parikh,Punjab National Bank,8820-3610-6647,Romance Scam,192292.69,2026-07-09T09:53:07,Cyberabad,Telangana
082323d6-884d-419e-b1eb-e68b34cb073f,Eta Bhakta,IDBI Bank,3467-1733-4674,UPI Fraud,155139.75,2026-05-18T10:31:04,Ranchi,Jharkhand
130f87cc-436d-4b15-81c2-1b8fdec3772a,Tristan Mall,IDBI Bank,8078-3830-6050,APK Loan Scam,249776.86,2026-07-03T08:30:51,Gwalior,Madhya Pradesh
04e3389b-d5b1-408c-a2c2-a81fc6f14790,Arin Chacko,Central Bank of India,2891-2659-4911,APK Loan Scam,67566.82,2026-05-14T21:44:53,Vadodara,Gujarat
1e89e62b-3c9a-44df-bea1-ab8435eac170,Gagan Vala,Canara Bank,3824-7354-9870,Bank Impersonation,176219.7,2026-07-23T03:13:41,Siliguri,West Bengal
2882cdff-6ab9-4a7c-acc0-a96fe5a2e612,Robert Swaminathan,Union Bank of India,3894-2406-4107,SIM Swap / KYC,125507.21,2026-07-24T07:28:16,Guntur,Andhra Pradesh
e56816c8-83d9-4f0d-8666-a4da2249f0ad,Yasti Bhalla,IndusInd Bank,3116-3695-3917,UPI Fraud,135640.55,2026-06-08T00:07:44,Agra,Uttar Pradesh
4536da5b-0203-4fd5-91ec-4ab3e70a6117,Mitali Divan,Canara Bank,8141-6090-3534,Investment Scam,469938.61,2026-07-21T07:02:48,Jodhpur,Rajasthan
d95f87f3-974a-446a-8637-1414a80cffa1,Kala Raju,Federal Bank,3511-9733-7643,Job Scam,296187.71,2026-08-01T20:07:14,Cuttack,Odisha
8551f7ff-c79f-48cc-9a98-8e62ecde1ded,Advik Mane,Federal Bank,7075-7913-4935,Digital Arrest,301137.37,2026-06-08T17:14:32,Coimbatore,Tamil Nadu
2320c48a-1065-4f77-8e98-d0aa1ffe2f62,Indali Morar,ICICI Bank,9847-8811-5705,Digital Arrest,460366.66,2026-06-29T11:44:07,Bhusawal,Maharashtra
3bfd19f4-bb3b-4d9b-bf6d-edcc34b9393d,Gagan Kale,Indian Bank,2880-6053-6309,Bank Impersonation,96173.95,2026-05-13T18:37:32,Nuh,Haryana
259040f1-a536-4b38-befa-66c62309b41f,Ojasvi Savant,HDFC Bank,4003-3164-4980,Digital Arrest,230134.47,2026-06-29T17:01:55,Nuh,Haryana
29d7c5bf-8aec-4b01-815c-213b58edb5e2,Nihal Samra,Indian Bank,4303-6012-9786,APK Loan Scam,205586.36,2026-08-28T03:31:48,Rourkela,Odisha
d83158c3-9af7-4f9c-900e-dd8e6179ef30,Liam Chadha,IDBI Bank,5641-9224-3540,Electricity Bill Scam,121176.16,2026-08-05T21:06:52,Delhi,Delhi
bd703cc4-dc47-4b1a-99fa-098587e7330d,Sarthak Mitter,Bank of Baroda,1960-8483-4886,SIM Swap / KYC,89909.3,2026-05-09T05:40:33,Kota,Rajasthan
d08043ff-72e1-4b7b-8c08-460bb1047a47,Gautami Bhatti,Axis Bank,4816-1961-7245,Bank Impersonation,199527.79,2026-06-04T23:56:29,Amravati,Maharashtra
ef73f16a-a696-4d4f-a8f5-844dab0850e6,Gaurang Ahuja,Central Bank of India,2843-7776-7939,Job Scam,116644.69,2026-07-08T22:03:47,Bhubaneswar,Odisha
fe67af1c-85f4-489f-9d20-d4c306fce135,Anjali Sachdeva,Canara Bank,6129-9267-9822,Electricity Bill Scam,195729.59,2026-05-05T17:22:46,Gwalior,Madhya Pradesh
569e7ea6-6fc6-4e56-bc44-d3d190b33411,Turvi Devan,Indian Bank,8316-3909-1578,Romance Scam,127338.25,2026-05-10T17:44:39,Saharanpur,Uttar Pradesh
59ab0dc6-ce75-44ae-84ed-2f3fcb2906ed,Quincy Raj,Indian Bank,3583-7943-5807,Romance Scam,173535.58,2026-07-23T17:29:30,Coimbatore,Tamil Nadu
32264b09-cd0a-4a23-b93e-c7f566a7d284,Vritti Basak,Punjab National Bank,6787-7065-3416,SIM Swap / KYC,63171.01,2026-06-15T20:37:35,Chandigarh,Chandigarh
020f4b9b-773c-411f-ac03-9a84fc3bb233,Daksha Tak,Central Bank of India,5615-5263-4105,Investment Scam,230051.64,2026-06-29T12:41:45,Dehradun,Uttarakhand
2865492b-aa59-425c-a37a-d7f102f8fa00,Udarsh Bala,Federal Bank,2172-5891-5786,Investment Scam,223160.83,2026-08-03T08:54:37,Bharatpur,Rajasthan
1658b9ca-48c2-48fc-9a09-0f3103117e69,Mitesh Lala,HDFC Bank,1601-6352-6792,Electricity Bill Scam,196530.43,2026-08-11T17:54:30,Jabalpur,Madhya Pradesh
ff4300fc-e816-4c6a-88a7-697cf790033a,Urmi Dash,ICICI Bank,7549-3266-2694,Investment Scam,229041.3,2026-07-12T03:57:13,Mathura,Uttar Pradesh
e664a632-c405-4a79-b096-c21cf4498423,Omisha Gola,Central Bank of India,2310-3463-1113,APK Loan Scam,161474.01,2026-06-23T19:19:49,Shahjahanpur,Uttar Pradesh
402b03fd-6e51-4377-bb3a-115ad26ff8ab,Yash Balakrishnan,Union Bank of India,6083-8478-3645,Bank Impersonation,162828.05,2026-07-07T20:14:20,Gurgaon,Haryana
6033fad1-aa36-481a-87d7-eed99c6ea2ea,Aradhana Tailor,Indian Bank,4874-2061-5563,APK Loan Scam,130771.62,2026-07-31T11:34:45,Kochi,Kerala
d60bd9f6-05d2-4871-87a7-5faa209bd698,Janaki Srivastava,IDBI Bank,7083-8698-7264,Romance Scam,7382.83,2026-08-19T07:30:02,Shahjahanpur,Uttar Pradesh
a7f97b4e-b04e-4925-a06c-3b3c78b207ac,Aarna Soni,ICICI Bank,5096-4812-6253,Bank Impersonation,178066.96,2026-07-31T12:08:36,Bhiwandi,Maharashtra
bdde6c4f-d88e-4410-b62a-5aed9caad3e0,Kashvi Vala,IDBI Bank,6493-1443-2231,Investment Scam,92705.29,2026-08-07T18:37:06,Patna,Bihar
0e7fc44a-81f1-4d7f-beae-66fc6090794d,Aashi Gaba,Punjab National Bank,4082-7716-7541,Investment Scam,430009.33,2026-08-10T22:47:03,Deoghar,Jharkhand
80ee811b-66ee-4037-9f36-d31bd6d62e04,Madhav Nagarajan,Punjab National Bank,3185-8646-6501,Bank Impersonation,17405.52,2026-06-17T16:30:05,Nuh,Haryana
b4dfbc65-40ed-4713-8036-165f81929bc3,Krishna Parikh,Central Bank of India,3508-5768-8694,UPI Fraud,171482.44,2026-06-30T16:14:33,Asansol,West Bengal
02db6255-5e34-497d-9ee6-2b5de6c90661,Chatresh Mahajan,Central Bank of India,1741-6303-7352,Romance Scam,9269.61,2026-06-23T13:05:11,Aurangabad,Maharashtra
214fa051-bbce-4d9b-a9a4-44cec7fd8625,Oni Parekh,HDFC Bank,1302-7988-6735,Job Scam,344000.84,2026-07-11T09:11:05,Pune,Maharashtra
1beae418-c881-4839-90e3-8e111a3e572a,Bimala Manne,Axis Bank,5931-7645-4956,Bank Impersonation,111179.4,2026-07-18T03:00:47,Ludhiana,Punjab
04e52e07-32ce-42d0-bc2a-414c10033c6d,Yoshita Hari,Axis Bank,5326-2647-8986,Bank Impersonation,107181.45,2026-07-20T13:23:54,Thiruvananthapuram,Kerala
8595024f-fee7-43da-bba6-0cc780c7e08c,Girindra Ganesh,Bank of Baroda,9603-2707-2944,Electricity Bill Scam,10441.29,2026-06-23T19:41:58,Madurai,Tamil Nadu
18e4b13d-f60c-4c7d-88f7-497cb229d9a1,Diya Mitra,State Bank of India,6566-1865-5624,SIM Swap / KYC,72294.65,2026-05-23T20:36:45,Asansol,West Bengal
82114623-f376-4433-82ab-fdc321276314,Janani Char,HDFC Bank,9565-8663-1125,APK Loan Scam,119841.03,2026-06-15T21:54:26,Coimbatore,Tamil Nadu
cdba7366-ee7c-4a50-b150-91825f3beb87,Maanas Arya,IndusInd Bank,6409-1534-3274,Electricity Bill Scam,51061.17,2026-07-30T05:15:22,Kochi,Kerala
5da96faa-ce79-4273-ba62-2261ea8aae89,Zarna Manda,Kotak Mahindra Bank,6559-2787-7125,APK Loan Scam,14896.0,2026-08-18T18:10:31,Patna,Bihar
dc28d99d-6787-420e-bc2c-596b9624231f,Vedhika Sabharwal,Kotak Mahindra Bank,3701-1042-9746,SIM Swap / KYC,159342.8,2026-05-31T04:29:08,Patna,Bihar
af4534be-15ba-4018-9357-167fb688d348,Nicholas Chaudry,Kotak Mahindra Bank,6924-7889-8913,APK Loan Scam,83616.51,2026-05-15T04:54:26,Panihati,West Bengal
78443ba7-7514-4d49-947c-1c5b1ec9feba,Mohammed Thakur,Bank of India,1306-6967-8761,SIM Swap / KYC,171004.5,2026-08-22T04:44:13,Gorakhpur,Uttar Pradesh
0aa001ba-504f-4fce-83b6-e495ebd7e719,Raghav Vora,Canara Bank,4688-1234-4347,Job Scam,196472.23,2026-06-06T17:50:17,Bharatpur,Rajasthan
63914252-a83f-45e2-b627-fe6b99e8aa7a,Omisha Sharma,Canara Bank,4463-9090-5285,Digital Arrest,202848.54,2026-05-28T12:59:37,Saharanpur,Uttar Pradesh
420e098c-27e7-4df7-8a49-9dcdd67cdc0b,Jackson Deep,Federal Bank,5301-6507-6018,APK Loan Scam,201632.91,2026-06-23T23:23:41,Bharatpur,Rajasthan
798c2038-8869-48b5-ad96-340e54d32818,Varsha Pall,Central Bank of India,7564-5115-3360,UPI Fraud,84612.29,2026-07-05T15:04:07,Jabalpur,Madhya Pradesh
38f6d42e-0b9f-4837-b840-ea4e42a1ff0a,Janani Dewan,State Bank of India,2992-4304-2122,Romance Scam,59532.03,2026-08-13T07:50:05,Bhiwandi,Maharashtra
9a19f87b-b90f-4973-9069-2d812c143b78,Hema Gera,Punjab National Bank,6549-2840-8847,Bank Impersonation,39856.62,2026-06-10T10:42:24,Jamtara,Jharkhand
08ac6983-5df5-4863-b958-0e4748cf31d6,Ayush Dani,Kotak Mahindra Bank,4325-5321-7595,Job Scam,261974.23,2026-05-28T07:39:44,Patna,Bihar
e0d6c6ba-3e21-4f4b-b07b-e6e21758fa5a,Kabir Dhar,YES Bank,5478-4228-2968,Job Scam,173984.93,2026-07-20T01:43:15,Nellore,Andhra Pradesh
e3ec6906-65b8-4483-b8aa-e4dced7601df,Damyanti Dass,HDFC Bank,8803-3219-6347,Digital Arrest,477591.15,2026-06-01T01:34:49,Jamshedpur,Jharkhand
6bcea1b9-0f07-4f88-9bdc-51bccdd9470b,Kalpit Brar,Indian Bank,1490-5414-8202,SIM Swap / KYC,30112.92,2026-08-01T18:54:25,Dhanbad,Jharkhand
01e3bcb0-c544-471b-bc27-a0e73a008c7e,Isaac Brahmbhatt,Bank of India,8557-3466-1846,Job Scam,96270.6,2026-06-01T02:42:52,Thiruvananthapuram,Kerala
cab92db7-f0a2-4c76-b86f-309c8f960bde,Veda Sankar,IndusInd Bank,1143-6640-2160,Electricity Bill Scam,97765.7,2026-08-11T09:23:42,Chandigarh,Chandigarh
1b9c72fc-6ce8-4aeb-b7df-42ff13c8ac1e,Ronith Chokshi,Axis Bank,1971-5543-3078,Electricity Bill Scam,65388.89,2026-08-03T04:50:28,Nashik,Maharashtra
05375f9f-d603-45de-a5b0-1ab4fdf52ce8,Yochana Bhargava,IndusInd Bank,7702-8602-2955,Job Scam,332200.31,2026-06-14T11:50:42,Srinagar,Jammu & Kashmir
ec1870d5-9f2c-4403-88c7-8d4f441d83fe,Jagat Kulkarni,ICICI Bank,5268-7744-5776,APK Loan Scam,342672.49,2026-05-02T18:05:37,Srinagar,Jammu & Kashmir
0a0cf22f-badb-4768-a75f-ac9cd5b02f0d,Dominic Mitra,Central Bank of India,8685-1198-3096,SIM Swap / KYC,161428.03,2026-05-11T09:18:53,Gorakhpur,Uttar Pradesh
c08bded4-5ccd-4266-9858-99c318546781,Gopal Dasgupta,Axis Bank,2280-5845-2230,Romance Scam,146191.13,2026-06-28T23:50:23,Mathura,Uttar Pradesh
40d73c31-2891-47e4-9e5e-b0b2c69d1c0d,Ryan Goyal,YES Bank,7175-8002-9563,UPI Fraud,29166.0,2026-08-24T09:43:19,Tiruchirappalli,Tamil Nadu
38183f89-f32e-4dee-9ee4-c9898338de5e,Ayush Chana,YES Bank,6547-3870-5747,SIM Swap / KYC,172040.86,2026-08-05T03:35:09,Nuh,Haryana
c14826f7-a29b-4b7d-be6e-3e6c214cdef5,Arunima Pall,IndusInd Bank,5148-5365-9182,SIM Swap / KYC,184784.82,2026-08-01T07:21:01,Cyberabad,Telangana
c2333c26-df9a-4f10-ae8c-f234b7721e5a,Naveen Tella,Canara Bank,6994-9697-9221,UPI Fraud,30637.0,2026-07-30T20:22:59,Agra,Uttar Pradesh
87fe6d1b-0047-4cfc-8c25-aa95d6ce26a3,Yashasvi Bir,Axis Bank,1345-2239-9179,Job Scam,90741.27,2026-06-08T20:00:34,Bikaner,Rajasthan
88b6cb04-cfaf-487f-824c-7cb78effaab1,Akshay Wadhwa,Axis Bank,3203-8052-6892,Bank Impersonation,104240.02,2026-07-29T07:53:43,Vijayawada,Andhra Pradesh
f26ec677-ea80-49a8-bacc-9724e9edbdef,Rehaan Manda,ICICI Bank,5606-4094-4891,Bank Impersonation,170992.28,2026-08-16T02:32:00,Coimbatore,Tamil Nadu
d48cb5ba-a769-4496-bd32-c664fa203f45,Aayush Chaudhary,Bank of India,5629-3689-6797,Job Scam,45805.08,2026-06-18T06:19:52,Aurangabad,Maharashtra
f90160fe-168b-47c1-8de2-08a36d3dab2a,Yamini Soman,State Bank of India,1913-6141-4272,Romance Scam,162988.77,2026-05-07T05:58:32,Shimla,Himachal Pradesh
ecb8e4e3-bf04-4afe-a8cc-37edff7c5127,Qasim Sarraf,Union Bank of India,1453-8314-5581,Investment Scam,129603.87,2026-05-27T06:39:30,Bengaluru,Karnataka
19611106-0b65-43aa-8512-64174b9ca1d5,Pratyush Pant,HDFC Bank,8351-1815-8170,Digital Arrest,135354.89,2026-07-29T20:59:43,Cuttack,Odisha
c1faccba-ffbe-490d-93cf-4a8022d9a32e,Panini Kala,Bank of Baroda,1479-1738-6726,Bank Impersonation,92958.29,2026-08-20T11:10:02,Gurgaon,Haryana
cb2a19e5-d579-4d23-8391-67c7ee4dfb00,Nikita Chowdhury,Bank of India,8015-3091-4542,Bank Impersonation,187360.4,2026-08-02T08:08:51,Vadodara,Gujarat
cf8ae0f4-6384-40c5-abbd-7e45c567a17d,Jatin Shukla,HDFC Bank,8498-8401-6253,Job Scam,287460.87,2026-07-28T04:11:53,Jamshedpur,Jharkhand
78acf8aa-7b0b-48f2-9160-f2de7356389e,Zinal Deshpande,Axis Bank,6582-8089-8396,Job Scam,305889.04,2026-06-17T03:18:02,Bharatpur,Rajasthan
12a17d2e-ae13-4c68-ac6b-1b52e635eeff,Jalsa Mani,Central Bank of India,5297-5328-5754,APK Loan Scam,228296.5,2026-05-09T16:59:32,Allahabad,Uttar Pradesh
fde46446-2613-4999-9297-034cd57c00d5,Fitan Narang,Union Bank of India,7498-6395-1389,Job Scam,348521.28,2026-06-08T23:12:11,Gwalior,Madhya Pradesh
4bfd26ee-24b7-4d05-a1ca-39d987554504,Jack Rajan,Federal Bank,1804-1990-3558,SIM Swap / KYC,158121.57,2026-06-25T03:14:32,Eluru,Andhra Pradesh
340d8a1c-99ba-4d31-95e2-eada5052229e,Tanmayi Muni,Central Bank of India,2169-6650-5714,Bank Impersonation,160100.88,2026-07-24T17:04:58,Aizawl,Mizoram
0a0c190e-ed5b-4fa6-bdf1-6bf5a48533ec,Upkaar Reddy,Union Bank of India,8334-3200-5056,Digital Arrest,470505.49,2026-07-02T22:49:46,Indore,Madhya Pradesh
f18cb122-d2fd-42d6-a9fc-1f96f49bdd73,Priya Gulati,Canara Bank,6422-8959-6089,Investment Scam,68698.36,2026-07-14T07:54:48,Bharatpur,Rajasthan
8958e241-7844-4ce8-9ea7-b54c90fdaad7,Vamakshi Pillai,HDFC Bank,3785-1139-4402,APK Loan Scam,315894.26,2026-05-10T10:40:11,Tiruchirappalli,Tamil Nadu
2287b5da-d8d1-430d-8294-cf621cdd698a,Agastya Swamy,Punjab National Bank,6199-1024-4335,APK Loan Scam,37826.78,2026-06-29T20:14:41,Srinagar,Jammu & Kashmir
1b175429-a2c7-4a3e-aca9-6aa4a54ba51c,Meghana Sarma,Kotak Mahindra Bank,8309-1192-2091,Electricity Bill Scam,38853.94,2026-06-01T14:49:25,Kota,Rajasthan
55580a8f-b763-45d2-b0d6-212acdb113f2,Jagdish Dhar,Axis Bank,9677-8266-3586,Electricity Bill Scam,188061.79,2026-06-19T23:20:12,Nuh,Haryana
1464ccab-6525-4e90-b4f5-3d88ee2b2e8a,Nandini Chaudry,Canara Bank,2599-1282-8777,SIM Swap / KYC,84779.31,2026-06-27T07:33:39,Durgapur,West Bengal
64ab3ded-e595-4419-88f1-53619dd68df1,Dhruv Patla,Axis Bank,4023-9394-4062,SIM Swap / KYC,117491.02,2026-06-24T09:16:31,Hyderabad,Telangana
3535aaef-efc1-4f21-9394-00a0007bc634,Hamsini Iyer,Bank of Baroda,5939-5962-7680,Digital Arrest,62127.79,2026-05-03T13:08:54,Ghaziabad,Uttar Pradesh
21f00acf-0390-45f0-8589-966e7fc99805,Jason Kaul,Bank of Baroda,7759-7207-8475,Bank Impersonation,15777.65,2026-06-30T07:15:43,Solapur,Maharashtra
67d88ce4-5514-4d71-8e00-2330237ce28b,Xalak Mallick,YES Bank,1818-3034-3981,UPI Fraud,127483.52,2026-06-28T23:27:21,Dehradun,Uttarakhand
9b60249f-99e8-4bb7-9905-e9bab535e177,Mugdha Parekh,YES Bank,7990-3848-7615,Digital Arrest,362319.21,2026-08-06T17:33:25,Guntur,Andhra Pradesh
274e9580-14d9-4909-8388-18a879672c23,Nidhi Sundaram,YES Bank,5467-3581-7985,Bank Impersonation,67881.66,2026-08-18T13:10:33,Panihati,West Bengal
e97ce2ca-a81d-4f67-8687-ecc5aebce85c,Manan Sha,Punjab National Bank,9977-2868-7919,UPI Fraud,25501.78,2026-06-18T10:18:40,Bengaluru,Karnataka
4cb635c3-1e9d-406b-bfa8-45cc1141ef58,Jason Krishna,Punjab National Bank,1056-3303-3854,APK Loan Scam,322337.02,2026-07-14T11:24:21,Warangal,Telangana
9cace751-3f43-4e66-9d72-9320c06c76bc,Widisha Kashyap,Bank of India,2016-8267-2342,Job Scam,138969.23,2026-05-30T21:16:23,Jodhpur,Rajasthan
0441bc34-2c0a-464a-8a92-52685729ff49,Ayushman Chaudhary,Punjab National Bank,2052-3305-7089,SIM Swap / KYC,192077.59,2026-07-04T15:18:53,Salem,Tamil Nadu
754274a8-4eb3-4ef6-b383-4b1046b4e12e,Ekansh Tara,Indian Bank,2761-6353-6370,Bank Impersonation,182019.43,2026-06-04T11:44:55,Mysuru,Karnataka
304c2b22-ec76-4512-a566-947fc2a7257c,Praneel Raja,Federal Bank,9444-5692-2686,UPI Fraud,50655.48,2026-08-18T02:41:57,Pune,Maharashtra
209e46e1-5ace-41f2-add5-c703f4ee909d,Michael Mitter,Punjab National Bank,7110-7232-6190,Job Scam,186941.75,2026-07-23T09:20:47,Saharanpur,Uttar Pradesh
e46bd566-9934-4b28-97cf-7d38af45a456,Faraj Venkatesh,HDFC Bank,9723-8354-6181,Investment Scam,28061.59,2026-05-25T01:40:08,Gwalior,Madhya Pradesh
938842ac-142c-4146-ab99-3a04c2409027,Unnati Jaggi,Central Bank of India,3297-5798-8932,APK Loan Scam,208561.25,2026-08-11T13:28:08,Solapur,Maharashtra
9068febb-713d-4f39-99be-7eb01ce9b655,Widisha Swaminathan,Kotak Mahindra Bank,3215-3521-1387,Digital Arrest,292652.57,2026-07-20T15:59:27,Jabalpur,Madhya Pradesh
bb72d203-2447-42e0-82fc-9c5476fa47c4,Hemal Zachariah,Indian Bank,3817-1934-6040,SIM Swap / KYC,71125.27,2026-05-13T10:27:17,Mumbai,Maharashtra
75df017a-1acd-4259-9708-863269a1815f,Azad Sani,IndusInd Bank,1450-2635-6393,Investment Scam,264321.17,2026-05-10T21:35:52,Solapur,Maharashtra
bd8c6c20-78b0-4143-a6af-e7ac261a9f27,Leela Sengupta,Union Bank of India,8420-6959-4199,Bank Impersonation,118590.88,2026-07-30T11:45:03,Giridih,Jharkhand
1b1ed357-a0c8-4332-800f-efbefc0e527e,Krisha Savant,IndusInd Bank,8578-9486-2640,Bank Impersonation,94223.94,2026-08-02T17:25:34,Kota,Rajasthan
5e9eeed0-5599-4182-9fe0-301c0dbd0499,Balendra Bali,IndusInd Bank,5186-2095-8750,Digital Arrest,286541.47,2026-06-06T16:55:52,Chennai,Tamil Nadu
fc1f6705-91e4-45ab-8e37-d438b601eaf1,Chavvi Gala,IndusInd Bank,8598-4677-6502,Investment Scam,192348.39,2026-06-01T08:26:22,Bharatpur,Rajasthan
d5c7e6e9-bb41-40db-91d0-3b44fd3ece63,Raagini Desai,Bank of India,2638-9227-6970,APK Loan Scam,40639.18,2026-07-31T06:06:56,Kochi,Kerala
3873b566-7d5b-4a6c-bf5a-c2dfc5e965dd,Lopa Sura,Canara Bank,9568-2991-7735,Digital Arrest,243189.75,2026-07-22T16:40:31,Lucknow,Uttar Pradesh
6b2ebf5b-e54c-4c3c-bc06-b402d86ecb80,Vritti Zacharia,Punjab National Bank,7635-1936-7177,Digital Arrest,110649.75,2026-05-23T15:41:55,Amritsar,Punjab
cb177327-c57e-4a49-9e10-341acef5c72e,Vamakshi Dugar,State Bank of India,1181-2194-9081,SIM Swap / KYC,58922.81,2026-07-03T07:10:42,Jabalpur,Madhya Pradesh
6fa384cb-d870-4323-8610-00981f24f171,Mahika Lall,State Bank of India,2666-8142-2552,Electricity Bill Scam,187577.83,2026-05-19T19:59:03,Kanpur,Uttar Pradesh
657febfe-350f-4528-be30-545c974235bd,Krishna Pandit,Kotak Mahindra Bank,6772-4438-3394,Job Scam,140061.32,2026-08-13T10:03:21,Solapur,Maharashtra
114eba4c-5875-43f8-aff7-9a81664002db,Ekani Bhat,Canara Bank,7762-2399-6938,Digital Arrest,77504.56,2026-06-03T21:52:33,Patna,Bihar
4465e60f-45c4-419d-9c92-f070b9666aaa,Chakradev Dave,Bank of Baroda,3174-5388-1161,Job Scam,296853.42,2026-06-30T23:41:51,Kolkata,West Bengal
4a8de102-cd86-432f-802a-d1de1534a53c,Ikshita Bala,Indian Bank,1450-2050-8995,Romance Scam,135715.87,2026-07-13T17:25:54,Bhopal,Madhya Pradesh
06c0e85f-e446-4b36-8ccc-8e07337baf30,Lajita Chatterjee,Bank of India,2146-6811-5142,Investment Scam,165169.91,2026-06-08T01:41:35,Bareilly,Uttar Pradesh
a41c5535-7cfc-4621-be9d-1d9a359c47e2,Hemani Parikh,IndusInd Bank,5391-6912-7122,Electricity Bill Scam,104307.9,2026-08-06T13:23:54,Patna,Bihar
6d48b2fb-9176-468d-aba1-547e78d9bd03,Indali Bhalla,Bank of Baroda,5772-4717-8971,SIM Swap / KYC,102451.02,2026-07-09T16:06:07,Agra,Uttar Pradesh
a172c7a0-9122-431c-8575-b184926d226c,Yug Keer,Axis Bank,1056-6459-2836,Digital Arrest,177292.34,2026-07-16T15:27:19,Bhilai,Chhattisgarh
a14447a5-0571-4eb4-aa09-8c0dd6109fa9,Frado Bhatti,HDFC Bank,6056-6767-8968,Job Scam,327162.23,2026-07-24T12:23:38,Nashik,Maharashtra
c737c4a0-5019-47e4-8d99-f8313a73307b,Ishwar Nazareth,YES Bank,3709-4895-2120,APK Loan Scam,15328.58,2026-07-23T08:13:36,Kota,Rajasthan
9c802c50-7814-4c0d-b64e-d271ab32d839,Anmol Yohannan,Axis Bank,9248-4041-5244,Investment Scam,262679.44,2026-06-13T02:21:55,Dhanbad,Jharkhand
5c9801d8-832c-46ef-9234-9bd45d3966a3,Baljiwan Sharma,ICICI Bank,9915-5776-5793,Electricity Bill Scam,135666.04,2026-06-15T01:35:11,Bhiwandi,Maharashtra
d66f822e-49fe-44e7-a43c-f6e7b61b9c12,Yutika Sama,State Bank of India,4268-4384-4189,Job Scam,345459.03,2026-05-27T22:10:07,Patna,Bihar
e2694e60-fb22-4d75-9cd9-d7e65a198efb,Anmol Singh,HDFC Bank,4349-1443-3923,Investment Scam,426764.4,2026-08-27T10:35:17,Bengaluru,Karnataka
888224b8-156e-47e1-823f-09ee487a79bf,Edhitha Purohit,ICICI Bank,8187-1747-7616,Job Scam,117364.13,2026-08-17T23:00:09,Gurgaon,Haryana
71ff55f0-1d23-4cbb-8f2c-3d50b4a2de11,Ekantika Chaudhari,Canara Bank,1553-4498-9721,APK Loan Scam,260307.76,2026-07-01T18:28:29,Guwahati,Assam
9d094fe0-1086-4bcf-abcf-54b9615e3368,Harish Jha,HDFC Bank,6625-8510-3819,Investment Scam,378777.02,2026-08-11T15:23:16,Asansol,West Bengal
74d79221-6314-450e-841c-40e64eacd0d2,Watika Thakkar,ICICI Bank,5674-3789-7067,Investment Scam,382215.05,2026-05-22T18:00:26,Varanasi,Uttar Pradesh
8ec9e82b-39a6-4bbf-b1b0-cadba3815d3f,Ojas Mistry,Indian Bank,6820-3107-2252,Digital Arrest,61996.19,2026-06-22T20:23:03,Gwalior,Madhya Pradesh
d93ab3a2-7901-44fc-8aaf-755147277c4a,Rajata Jaggi,IDBI Bank,2479-4471-5298,Electricity Bill Scam,159495.2,2026-07-22T18:58:08,Thiruvananthapuram,Kerala
a5b21559-8186-45ef-a775-38e2fa52f78d,Faqid Wason,Canara Bank,8089-8877-6116,UPI Fraud,38577.63,2026-08-20T03:13:09,Thiruvananthapuram,Kerala
f16bdf85-a6f0-4186-beb5-e463c733445a,Bhavna Lanka,Axis Bank,2966-8963-2102,APK Loan Scam,345308.25,2026-07-09T14:42:07,Jamtara,Jharkhand
95c1b162-e5a1-40ed-ac40-02138be8db16,Chameli Ratti,IndusInd Bank,4928-2197-4561,UPI Fraud,198643.17,2026-07-08T07:52:06,Bhiwandi,Maharashtra
99a30cfc-1036-4eb1-b7a6-8813167c3562,George Chandran,Axis Bank,8102-8992-9183,Digital Arrest,100069.74,2026-07-02T01:21:12,Ranchi,Jharkhand
57b1cfff-3e80-412f-a797-50c58f255462,Anjali Bhavsar,Canara Bank,9414-1953-4004,SIM Swap / KYC,131321.39,2026-07-05T22:59:17,Ranchi,Jharkhand
1ba5e5a3-1622-489e-aa2d-2e1a9e1f7fe5,Prisha Kadakia,YES Bank,3663-6926-8755,Bank Impersonation,12704.81,2026-06-20T16:28:26,Alwar,Rajasthan
16d0c1da-a15d-4630-a014-3640fa6136e8,Faraj Mittal,Kotak Mahindra Bank,6144-4068-7333,Romance Scam,131315.32,2026-08-27T14:55:14,Bareilly,Uttar Pradesh
a2158b79-fab7-4cd1-9d3b-792cc1e487c2,Rachita Zacharia,YES Bank,1864-5576-2585,Romance Scam,93521.3,2026-06-05T01:46:38,Aizawl,Mizoram
7e43c806-e6b7-49a2-8f98-09cba8df3106,Ryan Sachdeva,Canara Bank,5516-3399-3700,Electricity Bill Scam,125410.29,2026-07-14T18:57:50,Lucknow,Uttar Pradesh
520a88b0-d348-445f-a831-1b814a181580,Zayan Varma,YES Bank,8374-1861-2489,Romance Scam,177967.68,2026-05-09T18:06:30,Mysuru,Karnataka
99b6653b-eb60-46ee-a254-b293aee36717,Pranit Bahl,State Bank of India,5506-1329-6638,Romance Scam,105970.76,2026-05-04T01:00:11,Aurangabad,Maharashtra
f2a141f8-776b-4f90-8df1-0930384c8fb2,Xalak Kala,YES Bank,2517-4249-4170,Bank Impersonation,87277.43,2026-05-05T02:54:15,Coimbatore,Tamil Nadu
076b57a1-cbe2-430a-9192-4ee8a539f7be,Amrita Walia,Punjab National Bank,1584-2878-9423,Job Scam,94261.41,2026-06-09T01:48:34,Bharatpur,Rajasthan
2e0ca824-eaad-46cb-a3b6-e5664eefb98d,Darpan Vig,YES Bank,3034-4104-8785,Job Scam,296748.78,2026-08-11T09:36:05,Panihati,West Bengal
c3cd53e4-0929-40b6-8b83-34d5defc83c8,Janya Shere,Kotak Mahindra Bank,6104-7636-2543,Investment Scam,408675.69,2026-05-26T17:45:47,Guntur,Andhra Pradesh
d291c835-948d-4fce-8033-6d9d141e15fa,Wridesh Dora,Bank of Baroda,7293-5559-2652,Job Scam,194463.26,2026-05-20T01:01:40,Cuttack,Odisha
d96ad967-ac12-45b1-aab6-0fc0c05b3838,Radhika Roy,HDFC Bank,5995-7771-5443,Job Scam,107458.22,2026-08-18T13:57:56,Alwar,Rajasthan
ee92da42-e2ba-48f7-9244-81ceb7710baa,Devansh Jani,HDFC Bank,6924-1789-1357,Bank Impersonation,155368.74,2026-06-27T08:48:19,Thiruvananthapuram,Kerala
8faff6c6-4887-48c7-8eab-35f4dc8060dc,Amara Mangat,ICICI Bank,6966-2308-1008,Romance Scam,80086.64,2026-08-26T16:51:16,Solapur,Maharashtra
edd4e810-a080-4505-914b-a956f8ea96fc,Aahana Keer,Federal Bank,6676-9569-1131,Romance Scam,82380.13,2026-07-11T00:44:22,Shahjahanpur,Uttar Pradesh
b2099b51-2fd4-4f48-8199-5eca20f62b1a,William Comar,Bank of Baroda,6111-5039-2177,Digital Arrest,271985.93,2026-05-28T13:16:04,Dehradun,Uttarakhand
ce0045ae-12c9-4f6b-84b7-63f42ce03157,Rehaan Bala,ICICI Bank,7045-2184-6397,SIM Swap / KYC,168183.83,2026-07-31T10:29:04,Indore,Madhya Pradesh
e65c6d67-cddc-48b8-a73e-86177875a426,Dayita Shetty,Bank of Baroda,2771-4095-2040,Digital Arrest,408842.03,2026-06-21T02:58:54,Sri Ganganagar,Rajasthan
584de401-3546-4587-9df1-66615d7258c5,Rajata Sami,Union Bank of India,1762-6565-6053,Romance Scam,170295.19,2026-08-12T19:54:52,Bareilly,Uttar Pradesh
5d8a7656-e5b6-4304-a429-df89eaee476d,Saksham Dutta,Central Bank of India,8669-7336-3534,APK Loan Scam,156409.25,2026-07-19T06:06:59,Patna,Bihar
d7df3276-3194-4d74-ab7b-3991ad6222c5,Laban Balakrishnan,ICICI Bank,5010-3677-8573,Romance Scam,82259.26,2026-07-16T21:57:58,Mathura,Uttar Pradesh
679ddf2e-2a6e-4805-a33d-7ed4dd0cf82d,Arunima Goda,IndusInd Bank,3115-5506-5965,Bank Impersonation,51874.41,2026-07-22T11:32:21,Bharatpur,Rajasthan
0e627a9d-7782-4552-8ad3-ef4b692aa9f9,Vedika Bahri,ICICI Bank,1427-6945-4960,Bank Impersonation,16376.85,2026-06-10T07:47:15,Allahabad,Uttar Pradesh
b8a994f4-cc2f-41f1-9ba1-4d08bfdf6654,Fiyaz Murthy,Bank of India,1355-6691-3672,APK Loan Scam,334367.88,2026-07-12T13:13:55,Guwahati,Assam
c18507b2-d328-4994-9376-998f15db8842,Devansh Ray,State Bank of India,4590-8186-4965,Job Scam,154566.86,2026-05-09T03:23:44,Lucknow,Uttar Pradesh
2f29fc0d-72c3-4816-aa5a-8ce59d5278a7,Gautam Ranganathan,Bank of Baroda,3542-5008-5948,UPI Fraud,152024.11,2026-05-16T06:14:57,Siliguri,West Bengal
fd88cdd9-dff4-4e93-b313-79ebff6d3b09,Warinder Choudhury,Federal Bank,5272-8278-6546,Electricity Bill Scam,42345.48,2026-08-23T14:04:52,Nashik,Maharashtra
314c80b1-323e-4862-b73c-61486cdb3e04,Zayan Taneja,Bank of Baroda,6961-8956-9019,APK Loan Scam,247657.78,2026-05-20T20:25:31,Agra,Uttar Pradesh
8968317c-1faa-41ae-8850-0c43cdcc8153,Wazir Das,ICICI Bank,7702-7643-6261,UPI Fraud,115878.88,2026-07-03T05:18:34,Deoghar,Jharkhand
0b381278-5f14-46bf-96be-18fe553f23fb,Forum Ramakrishnan,Bank of Baroda,4122-7315-3589,UPI Fraud,23405.05,2026-07-13T17:39:57,Mumbai,Maharashtra
e34b0894-4e5e-4463-bfad-6e6ef8651f7f,Pallavi Kamdar,IDBI Bank,3953-5437-3903,SIM Swap / KYC,120685.15,2026-08-04T22:25:13,Hyderabad,Telangana
93d69674-dbf6-49ca-b4a1-dc34ce599c32,Hredhaan Gill,Axis Bank,9870-2325-2163,SIM Swap / KYC,26577.3,2026-07-29T04:13:27,Chandigarh,Chandigarh
ce6ec367-4b7c-469c-be5a-1873b393ead2,Anvi Sarraf,IndusInd Bank,9870-9482-3707,Bank Impersonation,54235.93,2026-08-19T08:32:10,Mathura,Uttar Pradesh
f743fe48-6f36-4f8e-99c0-9a7a1682ada4,Aachal Bhalla,IndusInd Bank,7003-1974-6700,Investment Scam,117301.3,2026-07-14T12:56:22,Vijayawada,Andhra Pradesh
c2761633-3fc9-46eb-bcd1-1b20f4f5302a,Kavya Chowdhury,Axis Bank,8461-4881-4108,APK Loan Scam,305739.65,2026-06-23T03:45:14,Tiruchirappalli,Tamil Nadu
82c16f65-5adb-4277-a1cc-b7d65f230723,Pallavi Soman,Canara Bank,7651-8393-5096,Job Scam,133207.54,2026-06-28T10:24:07,Shimla,Himachal Pradesh
ef7ed98c-663d-4827-af0f-31c80efe5f22,Arunima Dhillon,Punjab National Bank,5808-2477-6989,Electricity Bill Scam,31604.21,2026-06-22T04:19:59,Ranchi,Jharkhand
b37a79ad-c5de-4fe1-8bbf-785188f58ea7,Vaishnavi Pillai,Indian Bank,1250-8724-7760,UPI Fraud,132513.94,2026-08-27T13:30:13,Bengaluru,Karnataka
dd89dd54-1346-4331-87d3-b14c9d4e96c7,Ansh Banerjee,Canara Bank,3348-3700-8790,Job Scam,85271.26,2026-05-14T16:12:58,Nagpur,Maharashtra
2e5696c1-f335-4af6-ac9a-23678e1b6cd7,Wriddhish Kulkarni,IndusInd Bank,7335-2956-9378,Job Scam,48665.57,2026-07-22T13:16:55,Amravati,Maharashtra
9a53ee12-62c8-4264-8c44-fbd5d1a1bc93,Dayamai Patil,YES Bank,8517-4002-7459,Bank Impersonation,194145.79,2026-07-05T03:34:54,Indore,Madhya Pradesh
b616ca8a-fbd6-4e2e-8bde-7894cd805b40,Warjas Savant,Kotak Mahindra Bank,2889-9471-4054,APK Loan Scam,332871.4,2026-05-08T06:55:13,Jabalpur,Madhya Pradesh
cd00220e-b1e7-4f97-a78e-99825aea2481,Abhiram Ramaswamy,Punjab National Bank,8679-2680-8193,Investment Scam,184460.31,2026-07-12T05:37:51,Durgapur,West Bengal
3cd00c1c-c998-4a65-a22c-a5b4f2a9dade,Charvi Chana,Bank of Baroda,9295-6613-4033,Digital Arrest,446367.33,2026-05-25T21:57:50,Gorakhpur,Uttar Pradesh
30f7f801-7bc5-4dce-a288-0370958985c3,Chameli Kade,Bank of Baroda,9406-6580-7596,Electricity Bill Scam,46399.06,2026-06-27T11:27:27,Jabalpur,Madhya Pradesh
b481bcbf-c77e-43b2-b677-67c63c82e770,Reva Nadig,YES Bank,5035-4506-4153,Digital Arrest,438522.51,2026-05-05T04:20:34,Bharatpur,Rajasthan
6e09603a-ae1a-4560-821e-7b132e4c080e,Bahadurjit Mahal,IndusInd Bank,8005-9879-5151,Bank Impersonation,71487.15,2026-05-05T03:01:38,Coimbatore,Tamil Nadu
1f381e44-12a6-4f28-8ad9-f8077194e0eb,Vyanjana Sinha,HDFC Bank,2795-1452-7122,Bank Impersonation,46919.88,2026-05-02T01:12:51,Sri Ganganagar,Rajasthan
e7ab0020-17c2-444c-a34a-509de0ea0c0f,Gaurangi Sami,Indian Bank,2448-6473-1571,UPI Fraud,105427.69,2026-06-10T10:57:17,Jamtara,Jharkhand
bc137eb8-abaa-4b7d-bdeb-334d3854bee3,Naveen Lal,Indian Bank,4584-1413-7099,APK Loan Scam,41367.48,2026-07-01T17:31:50,Bikaner,Rajasthan
2fc50b10-a6da-4076-9cd1-1d2e7fca19f7,Indira Salvi,State Bank of India,1456-2155-5574,Electricity Bill Scam,179173.13,2026-06-14T17:11:12,Siliguri,West Bengal
3bacf0f3-aa10-4c21-a703-989dd1c2cf1f,Sudiksha Bala,Axis Bank,8997-2870-4284,Investment Scam,182283.82,2026-08-23T03:41:05,Aizawl,Mizoram
60adaf29-9f50-4f20-927f-00cc8d36947c,Qarin Sawhney,State Bank of India,1306-7799-5703,UPI Fraud,94473.58,2026-05-16T11:37:48,Ranchi,Jharkhand
3680541b-67a4-4291-b994-8a4dc22bd8a7,Aarush Rattan,Bank of Baroda,6857-3102-3449,Romance Scam,146226.33,2026-08-12T09:37:29,Firozabad,Uttar Pradesh
ba4c855f-fad6-4177-918d-80d97baa6e26,Dalaja Murthy,Indian Bank,7056-6807-2928,Job Scam,85130.19,2026-05-09T22:53:11,Hyderabad,Telangana
94eccd54-b370-4475-b9d6-92e66f282bf4,Indrajit Dugar,Canara Bank,8292-5574-6172,SIM Swap / KYC,147352.56,2026-06-19T20:34:13,Durgapur,West Bengal
b7906f37-cbba-4b01-aeba-7b5675f0bae6,Zaitra De,YES Bank,6515-6710-4048,Bank Impersonation,24851.66,2026-07-12T16:00:34,Ranchi,Jharkhand
8e6abf46-2710-4dc4-ba5f-98813de67b30,Ekaja Seth,HDFC Bank,8068-3075-7213,Bank Impersonation,58911.93,2026-06-01T13:40:42,Asansol,West Bengal
688a23b4-38e4-4dfd-9ba1-1759b1ae88f1,Kiaan Lad,Canara Bank,2244-8554-5021,Electricity Bill Scam,65161.71,2026-08-14T10:54:42,Pune,Maharashtra
bc32d988-2783-469b-b004-56d1a9344e0e,Falak Manda,State Bank of India,9481-3893-2407,UPI Fraud,85299.74,2026-08-18T17:04:24,Sri Ganganagar,Rajasthan
2ffe6d88-c6f0-4363-85f1-ddbea7271225,Frado Sachdeva,IDBI Bank,2525-6154-7729,Romance Scam,195117.63,2026-07-15T18:46:36,Firozabad,Uttar Pradesh
344d105b-f481-491d-bed1-c230a0432a93,Qabil Ramaswamy,YES Bank,6796-1195-5811,Digital Arrest,329504.21,2026-06-03T11:37:27,Dehradun,Uttarakhand
11eff8a5-34ba-47ad-9ea8-d010badc1659,Udarsh Bail,Federal Bank,1212-9028-7652,Investment Scam,128363.16,2026-08-12T13:06:52,Agra,Uttar Pradesh
9ac8d806-56c7-4c10-a56b-b87d8c160098,Veer Chakraborty,Central Bank of India,8681-8250-6840,UPI Fraud,45354.24,2026-06-03T18:48:32,Nellore,Andhra Pradesh
d91dc124-759b-4091-a9d6-6a59639d1858,Rushil Lala,Indian Bank,8281-5857-3744,UPI Fraud,32911.57,2026-08-19T09:17:02,Raipur,Chhattisgarh
3f474a36-6cf2-40fc-8465-f364f792afa5,Chandran Rattan,Canara Bank,7798-4287-5554,Investment Scam,472000.26,2026-06-10T11:38:27,Salem,Tamil Nadu
0cfbb73d-ce7d-4e37-a585-67a433eb5769,Abha Dixit,Central Bank of India,9188-5099-6168,Romance Scam,168177.73,2026-06-08T05:14:08,Hyderabad,Telangana
0e85980f-d7cc-4b9d-8b85-81124162dbf0,Jhalak Garde,Union Bank of India,8593-6238-2943,APK Loan Scam,311224.31,2026-07-03T17:07:59,Asansol,West Bengal
06c45834-194e-4a61-976b-c056fd7fac6e,Akshay Vora,Indian Bank,5423-4509-1230,UPI Fraud,38535.23,2026-08-05T17:32:00,Gwalior,Madhya Pradesh
1a88a6ca-f2c4-4437-aba3-c96300a0da37,Sudiksha Talwar,Axis Bank,3908-7172-8192,Job Scam,52860.99,2026-05-14T03:50:04,Nashik,Maharashtra
9cf85c9f-61ee-4aff-b9c4-b25914202c62,Udarsh Jani,HDFC Bank,4003-3164-4980,Digital Arrest,490760.44,2026-08-15T02:40:59,Nuh,Haryana
6af2d6a4-3a27-4771-a838-c37e5afaded8,Amaira Mani,Central Bank of India,1231-7442-2567,APK Loan Scam,292164.35,2026-05-05T02:07:49,Salem,Tamil Nadu
de664087-310c-4b2f-8416-7162ffda2cbc,Lavanya De,Union Bank of India,5890-8085-6926,Investment Scam,371174.93,2026-07-12T15:30:50,Rourkela,Odisha
ceacc3f9-6358-4c66-89ab-eb42e308252b,Samuel Kale,Bank of India,9622-2743-6385,Bank Impersonation,143021.66,2026-05-12T11:52:35,Kochi,Kerala
fbf05520-a7ef-4357-8cad-37bc357491d7,Ranbir Sahota,HDFC Bank,4601-4947-5351,Bank Impersonation,94490.83,2026-07-31T03:38:16,Asansol,West Bengal
40d01c4e-1dae-4189-b5e3-543c15e9eab1,Nilima Dhingra,Central Bank of India,1329-6339-8940,Romance Scam,174186.03,2026-06-22T13:57:54,Gwalior,Madhya Pradesh
ba620f91-ac36-465c-bf75-7d2983cea145,Bina Lala,HDFC Bank,8260-4796-5886,Investment Scam,134332.8,2026-08-13T12:57:49,Indore,Madhya Pradesh
225035ed-3847-4845-8631-ba2b4972979f,Shravya Kothari,IndusInd Bank,9369-9085-6100,Investment Scam,289380.61,2026-06-07T01:03:55,Eluru,Andhra Pradesh
5a7470fd-7a37-4619-9992-cca15bffb1a8,Tara Chada,State Bank of India,8136-9293-9125,SIM Swap / KYC,145603.29,2026-06-03T23:37:23,Kota,Rajasthan
8edd3c7a-373b-4a0b-b60b-ddcc5d68caba,Upasna Deol,Federal Bank,7693-2448-1444,Investment Scam,244973.84,2026-07-10T00:06:10,Bhilai,Chhattisgarh
932123a9-f306-490f-a0e7-1e5409dfe3bb,Mitali Kala,Canara Bank,1445-4063-1687,Bank Impersonation,72925.21,2026-05-03T13:30:13,Guntur,Andhra Pradesh
7c5e2a89-ea14-4776-978c-9f9af11902f2,Pallavi Kunda,Bank of India,5761-2220-8406,SIM Swap / KYC,151903.68,2026-07-21T01:45:51,Solapur,Maharashtra
b7048510-4b38-4c48-9d8e-d7a7c8fc5df7,Girish Bhargava,State Bank of India,1244-2165-9128,Job Scam,221880.33,2026-08-03T20:11:37,Raipur,Chhattisgarh
b4d38b91-28f7-4195-b2cc-9a802a48b8f5,Gaurangi Keer,Indian Bank,1185-4179-9113,Electricity Bill Scam,184594.06,2026-05-22T08:46:43,Mathura,Uttar Pradesh
fa2838b8-6b84-420d-af06-b929597ba98f,Irya Bath,Indian Bank,4292-2280-1298,Digital Arrest,360708.1,2026-07-19T07:30:10,Saharanpur,Uttar Pradesh
9d2cd27f-7fce-4a1e-aec7-6456d2f91126,Zehaan Thaman,Federal Bank,9652-3753-8473,SIM Swap / KYC,82579.96,2026-05-09T19:10:56,Agra,Uttar Pradesh
12664997-fd6a-4c47-8c88-911e5e5482d5,Chasmum Rana,IDBI Bank,5017-3532-5000,Job Scam,240248.67,2026-05-25T20:22:45,Madurai,Tamil Nadu
1767f68a-3e92-4abe-8a64-08dcc11e3e5e,Kevin Barman,Kotak Mahindra Bank,7149-6500-6674,Electricity Bill Scam,144801.06,2026-05-03T22:34:01,Srinagar,Jammu & Kashmir
ec9899dc-0bf4-457d-8818-255b25d37e26,Abha Gara,Federal Bank,1736-6030-5991,Investment Scam,487514.5,2026-05-12T22:36:19,Madurai,Tamil Nadu
e58eba20-52cd-4e2e-9827-a37038ef5315,Harinakshi Sidhu,Axis Bank,2762-3622-6370,Digital Arrest,300388.75,2026-05-10T20:28:48,Alwar,Rajasthan
9a2a1d3d-224e-45d8-bd32-5f467d433563,Gaurav Nadig,IDBI Bank,7810-5217-2394,Bank Impersonation,107277.82,2026-06-05T15:56:12,Firozabad,Uttar Pradesh
03b0c42d-84d5-4098-a13d-25d8618c0d81,Lucky Lad,Central Bank of India,4283-9832-2007,Job Scam,63155.21,2026-08-19T20:07:19,Panihati,West Bengal
99be0008-910d-4509-8b24-6eaecf1346e8,Dhriti Basu,Indian Bank,9961-3907-3725,SIM Swap / KYC,67034.81,2026-07-13T02:10:56,Nashik,Maharashtra
ee2de4f1-a95e-4a65-93b4-686a3238e79c,Xalak Mand,State Bank of India,6652-1838-1123,APK Loan Scam,57450.31,2026-07-25T01:43:22,Sri Ganganagar,Rajasthan
1b77e8cc-3fca-4fc7-bcb0-dd05b7999fa4,Qushi Mandal,Axis Bank,2401-9670-2908,Bank Impersonation,46897.36,2026-08-13T18:42:39,Asansol,West Bengal
0e2bcfb1-88b8-4278-a402-335e5c053452,Aishani Varughese,IDBI Bank,6121-3782-9526,Bank Impersonation,116915.8,2026-05-19T17:54:26,Raipur,Chhattisgarh
bb6b5bc6-ad13-4e00-a5bf-fc0a8d6b0d9d,Rajata Gala,Kotak Mahindra Bank,6250-4629-2465,Bank Impersonation,26999.69,2026-06-14T08:07:34,Gwalior,Madhya Pradesh
3f831941-4663-4143-8bc3-5afbcd56d9e3,Vyanjana Dora,ICICI Bank,6966-2308-1008,Investment Scam,317387.68,2026-06-14T13:35:31,Solapur,Maharashtra
2d797cd8-29e9-40b9-b60a-05de4412a196,Chatresh Gulati,Canara Bank,9108-3572-7607,Electricity Bill Scam,133425.65,2026-05-08T01:20:54,Lucknow,Uttar Pradesh
b1239ff7-5fc5-4b40-9c8e-d45affce0b4d,Chatura Karpe,State Bank of India,1249-1254-6257,Romance Scam,101922.66,2026-06-04T01:04:32,Dehradun,Uttarakhand
88887471-14f6-4336-a0a1-ea1c80a23eac,Balendra Singhal,Indian Bank,9266-3787-4356,UPI Fraud,46429.37,2026-07-25T08:05:10,Amritsar,Punjab
c32d0e69-1b61-47ea-b050-70d451d2c98c,Nihal Sibal,Kotak Mahindra Bank,9284-8828-2379,SIM Swap / KYC,102260.02,2026-08-20T13:09:25,Aurangabad,Maharashtra
b95f94d2-f0af-4c50-9812-f74a69df32b8,Jack Talwar,Union Bank of India,2011-5093-4606,Bank Impersonation,61458.52,2026-07-07T05:49:59,Agra,Uttar Pradesh
7b401ad8-26e6-4977-8d57-de25889cd292,Riya Parikh,YES Bank,7500-2541-7239,Job Scam,142324.39,2026-07-08T03:27:12,Gorakhpur,Uttar Pradesh
355ae4d8-623f-47be-95e6-05867847d53e,Tanvi Tailor,Union Bank of India,2350-8112-6111,SIM Swap / KYC,58948.55,2026-07-30T12:54:51,Dehradun,Uttarakhand
80d8b154-2a46-410d-bce6-73430e299d97,Manbir Dasgupta,Union Bank of India,9398-2365-1772,UPI Fraud,119375.06,2026-05-22T23:38:37,Mathura,Uttar Pradesh
6b5b9841-c702-4708-bf7d-cbca3a7d50e7,Girik Jani,IndusInd Bank,9177-1269-8918,Romance Scam,74461.16,2026-07-23T16:37:55,Bhusawal,Maharashtra
7d8daea4-c37e-4e8b-a775-7d4b42a85d14,Pranit Ganguly,Bank of Baroda,8286-9752-9021,Digital Arrest,319314.8,2026-07-10T05:01:23,Bhopal,Madhya Pradesh
abe82a6f-616e-4d4c-bba5-177320aac707,Simon Agrawal,YES Bank,8869-4206-3735,Romance Scam,12775.85,2026-05-14T05:10:10,Jodhpur,Rajasthan
b3bae5d3-7b35-4607-b389-af169c7b5ff4,Omaja Bose,HDFC Bank,2900-6061-4170,Bank Impersonation,187876.98,2026-05-01T18:00:18,Jaipur,Rajasthan
8a2933c9-6f7e-4e7f-907c-1833e80a539d,Wishi Chandra,IndusInd Bank,7427-2605-8503,Investment Scam,297657.55,2026-05-28T06:26:57,Mysuru,Karnataka
b29aed9b-9ffd-481c-b0e4-b4b0e1631a01,Atharv Mane,Bank of India,2673-3660-9436,APK Loan Scam,76736.02,2026-05-03T12:38:58,Asansol,West Bengal
8d3b94af-0132-49a1-a9dd-029f7ee216b4,Meera Prakash,HDFC Bank,7489-5762-2645,Bank Impersonation,198090.45,2026-07-13T11:39:30,Bareilly,Uttar Pradesh
56805591-6997-4e67-9b99-932195f44cca,Ekiya Dube,IndusInd Bank,2851-1784-3561,UPI Fraud,145033.43,2026-06-07T03:34:26,Firozabad,Uttar Pradesh
18b4d11b-ce75-48ab-a7e8-8a6c56d7ab53,Finn Sharma,Federal Bank,8100-6931-9208,Job Scam,263295.77,2026-07-10T10:26:36,Mysuru,Karnataka
c3ac4897-2ee9-43be-a796-165f1d4c17c9,Sudiksha Luthra,IndusInd Bank,3829-7489-6115,Digital Arrest,465918.27,2026-06-30T17:36:42,Eluru,Andhra Pradesh
a2af210d-afb6-462d-8dd0-da5d849d5920,Forum Bassi,Bank of India,1639-5576-1303,Bank Impersonation,152091.95,2026-05-04T22:57:50,Cuttack,Odisha
c02ad2aa-695f-45c2-bb1c-b127918929de,Ekta Dayal,YES Bank,3381-2168-4217,UPI Fraud,137212.79,2026-06-18T00:23:50,Bhiwandi,Maharashtra
1d380a26-3fbe-4836-b299-852d0e810a35,Chanakya Mandal,Bank of India,2136-4288-4552,SIM Swap / KYC,195073.78,2026-08-24T17:37:14,Firozabad,Uttar Pradesh
8155d124-7928-45e6-a1e7-3ad5d7b1b49c,Christopher Bobal,Bank of India,6593-5367-8100,Investment Scam,381208.63,2026-08-22T08:01:10,Firozabad,Uttar Pradesh
93f7cc40-c0c7-4c61-977e-6f8877e8ea28,George Rastogi,IDBI Bank,7906-4390-7292,APK Loan Scam,208410.05,2026-05-04T08:38:12,Varanasi,Uttar Pradesh
ec386654-b0cf-444e-88de-73a887251c99,Pranav Khatri,Indian Bank,9677-4754-4962,Digital Arrest,285928.49,2026-08-22T02:42:52,Dehradun,Uttarakhand
01cd0561-f5c1-4bbb-82eb-31af64157e69,Gaurav Bail,HDFC Bank,8036-1082-4040,UPI Fraud,194243.04,2026-07-15T21:16:36,Cuttack,Odisha
58d7c606-15bc-4d01-94e2-9da437c777e1,Nicholas Rama,Union Bank of India,4680-6245-1957,SIM Swap / KYC,188344.96,2026-06-14T16:28:28,Gorakhpur,Uttar Pradesh
782f76a0-5a69-465a-a74d-74f1dcc6cbb3,Bhavani Dube,Bank of Baroda,6865-9364-8960,Investment Scam,460096.59,2026-08-23T01:31:36,Nellore,Andhra Pradesh
1b5dbbe5-7239-4034-866c-2c1269585133,Chanchal Swaminathan,Union Bank of India,3190-1067-6483,Romance Scam,26810.83,2026-05-13T10:25:52,Bikaner,Rajasthan
ad508399-7434-4bee-a187-750925566389,Dayita Deep,HDFC Bank,3326-1332-8377,APK Loan Scam,260625.76,2026-05-10T12:53:44,Bhusawal,Maharashtra
6e6c0379-2a2b-4a5d-b6b0-34f3002824b8,Gopal Pillai,Bank of India,1727-5985-8300,Romance Scam,138794.7,2026-07-24T21:49:22,Jamtara,Jharkhand
bdd2b0fb-83b9-4d83-a5d7-836ee2af994f,Vrishti Sehgal,ICICI Bank,2451-3880-7927,UPI Fraud,166813.06,2026-08-05T20:17:03,Asansol,West Bengal
2c126d7f-6eea-448d-9de1-466aebf1a4bc,Vamakshi Loyal,Federal Bank,4913-9807-6751,Job Scam,106574.2,2026-05-21T03:29:12,Amravati,Maharashtra
9dd75f5a-a96c-449a-bfcb-f15a72cf460f,Gautam Sami,Bank of India,1184-6071-6814,Investment Scam,46509.48,2026-08-27T22:12:14,Coimbatore,Tamil Nadu
f77d4e7a-9429-4413-b472-9de0b794c501,Quincy Saraf,Kotak Mahindra Bank,3297-8649-7798,Romance Scam,37838.51,2026-06-23T08:38:51,Eluru,Andhra Pradesh
e5f1b404-5bad-4b34-b082-5f5600e9db19,Girik Baria,Kotak Mahindra Bank,7668-3026-9978,APK Loan Scam,207256.38,2026-05-06T17:17:45,Patna,Bihar
b723b9b2-b9c7-4983-af23-119f9896f39b,Ubika Kapur,Indian Bank,4207-6179-5353,Romance Scam,134385.49,2026-08-22T02:10:18,Tiruchirappalli,Tamil Nadu
32c015b2-d7eb-409b-9a7b-4a9419bce75b,Warhi Vyas,Axis Bank,8761-1403-9287,Investment Scam,83008.75,2026-05-28T09:29:18,Nellore,Andhra Pradesh
dc6efa25-a8a6-4ad0-95e5-cd50bf37b781,Bina Sidhu,Bank of Baroda,8349-8267-3046,Bank Impersonation,110429.46,2026-08-14T00:34:16,Amritsar,Punjab
b47fb691-334e-48b2-90dd-62705bef9182,Fariq Sridhar,ICICI Bank,9974-7810-9408,Investment Scam,328136.83,2026-06-19T23:14:36,Panihati,West Bengal
112a3865-704d-4680-8d05-177a5cfdb45c,Manthan Datta,Union Bank of India,9733-3073-2740,Electricity Bill Scam,121333.63,2026-06-07T00:27:06,Salem,Tamil Nadu
6879bf77-3dfa-4a22-a23c-f1fffb59410d,Yuvraj Virk,Union Bank of India,9563-9191-1651,Investment Scam,258530.14,2026-05-21T04:41:45,Indore,Madhya Pradesh
e408d830-908e-4e37-a15d-70e1054d47f1,Chakrika Batta,Bank of Baroda,7172-9128-6959,UPI Fraud,178718.43,2026-05-11T05:35:49,Jabalpur,Madhya Pradesh
11795dec-b4af-4b5f-a749-0ee2ade1c939,Chakradev Varghese,Punjab National Bank,6005-8658-5230,Job Scam,183515.41,2026-06-07T15:26:44,Kolkata,West Bengal
dfe066fc-a663-4eaf-bd76-8135bb2d5781,Yashvi Sandal,Union Bank of India,8420-6959-4199,Investment Scam,125654.31,2026-08-05T04:43:43,Giridih,Jharkhand
4da5f6ff-4786-4c9b-a36f-a35939a8e61e,Girindra Shetty,ICICI Bank,8052-6562-8385,Job Scam,159283.1,2026-06-05T23:34:00,Patna,Bihar
3f1b4caa-b9ae-4484-ba7e-c44e11d3940b,Isha Kumar,Punjab National Bank,3782-1918-3481,UPI Fraud,77842.44,2026-07-07T19:46:30,Bhusawal,Maharashtra
b5c89f99-322f-4138-978c-58c00f6d113b,Yahvi Babu,IndusInd Bank,9673-9142-8653,Digital Arrest,142701.02,2026-05-14T00:05:51,Giridih,Jharkhand
d554b1c8-bae6-493b-aa77-e397d3b41931,Turvi Gola,Kotak Mahindra Bank,7922-7033-4053,Romance Scam,199538.93,2026-06-20T14:00:02,Jamtara,Jharkhand
f30b5256-190e-4604-b347-415080e2e04f,Maya Bath,HDFC Bank,2246-8519-3823,Job Scam,212908.56,2026-05-16T02:40:10,Srinagar,Jammu & Kashmir
edbe73c7-83c7-414a-b8f0-55ec56e5a84b,Omaja Mishra,YES Bank,5809-8614-2066,Bank Impersonation,33395.11,2026-08-12T19:53:00,Delhi,Delhi
1cb2eaca-7ee6-4d4c-8510-0fde55bd818b,Suhani Sengupta,Federal Bank,5405-4159-1583,Romance Scam,129893.53,2026-05-04T02:59:49,Nuh,Haryana
a8818653-a504-4fee-8179-3d0e4302fa35,Harita Grover,Bank of India,4057-8243-4748,Digital Arrest,155283.51,2026-08-12T13:07:40,Coimbatore,Tamil Nadu
220a893d-9ffb-43d1-992e-6f8efdee9d3f,Qasim Brar,State Bank of India,8016-8077-8661,Digital Arrest,495490.2,2026-07-05T22:29:01,Nagpur,Maharashtra
60f454af-bbe4-4f8a-80cb-282f7d985d96,Hitesh Saraf,Axis Bank,8248-3503-2771,SIM Swap / KYC,11432.95,2026-05-06T14:14:27,Warangal,Telangana
7d22c20e-7510-4240-81a7-308d89da2380,Abdul Rana,Canara Bank,8161-2158-2717,Romance Scam,88797.81,2026-06-22T06:57:08,Jamtara,Jharkhand
f68fba25-9162-479a-9049-60441728b5ac,Agastya Garg,Axis Bank,6922-6970-2015,Romance Scam,19132.05,2026-07-23T05:53:50,Nashik,Maharashtra
70afca4a-30b7-44b2-83a1-0e76eda26e9f,Triveni Ravel,IDBI Bank,7810-5217-2394,Job Scam,285168.43,2026-08-21T23:54:08,Firozabad,Uttar Pradesh
ccc46e68-98d8-4ea4-abd2-5be284c060ca,Chavvi Patel,YES Bank,4924-9934-1377,Electricity Bill Scam,79069.18,2026-05-30T00:13:36,Bhilai,Chhattisgarh
7a58958e-8413-43c6-b292-f25f6a9bcd87,Chasmum Chahal,Punjab National Bank,2978-9695-1180,Romance Scam,76621.45,2026-08-28T01:56:43,Dehradun,Uttarakhand
532114d1-3791-40c2-b13e-b17f0aa85dfc,Krishna Atwal,Canara Bank,2944-9334-5230,Electricity Bill Scam,168612.88,2026-07-20T17:25:57,Jamtara,Jharkhand
e2290fc5-583e-4532-8635-84704b4b2262,Isaac Babu,IDBI Bank,5601-3368-5225,Investment Scam,142766.37,2026-05-30T21:36:43,Solapur,Maharashtra
6078fbc7-e510-4bdb-bf19-e4f8867ea477,Avi Kadakia,YES Bank,9482-3264-6242,Bank Impersonation,26639.05,2026-07-26T13:04:55,Bharatpur,Rajasthan
7aa1f254-0ed0-4334-a557-47694905fa18,Maanav Khurana,Indian Bank,2319-9325-9449,APK Loan Scam,220118.56,2026-08-05T22:39:30,Guwahati,Assam
7b4df4ac-89dc-4f9c-90f9-b86ce53bd985,Rayaan Chadha,HDFC Bank,2355-7920-8524,Electricity Bill Scam,180207.78,2026-06-19T21:47:49,Warangal,Telangana
ae6a8208-6872-4ea0-b06e-beb2f7c81038,Ubika Divan,Federal Bank,5152-1831-5749,SIM Swap / KYC,69523.75,2026-07-27T07:33:13,Durgapur,West Bengal
6b9fc10b-72e0-466d-bb24-8b2869d7c8cd,Pahal Bains,IDBI Bank,7785-8737-2093,UPI Fraud,105993.68,2026-07-31T18:18:55,Firozabad,Uttar Pradesh
8bd940a9-9abc-4ff4-adff-6b9718b633d1,Ojas Dua,IndusInd Bank,5319-3704-5225,Digital Arrest,75076.89,2026-05-04T01:00:47,Shimla,Himachal Pradesh
4df2021e-d06b-4459-a233-c2fb4469d216,Vedhika Sinha,Canara Bank,2471-8948-8119,Electricity Bill Scam,146214.68,2026-07-02T04:36:45,Allahabad,Uttar Pradesh
84c4822c-297d-40ed-a4b3-dcf0c05bb6ca,Shivani Kibe,Punjab National Bank,5962-1247-6389,Bank Impersonation,177502.99,2026-05-04T21:09:19,Bareilly,Uttar Pradesh
62b603ce-3e11-4016-9ee8-06eb79148e42,Chaitaly Ramanathan,IDBI Bank,8447-6975-5167,Electricity Bill Scam,102544.24,2026-07-23T03:12:40,Allahabad,Uttar Pradesh
4cc6636b-a271-4bdd-8592-139b2df10cdf,Gauri Anand,Kotak Mahindra Bank,5006-9476-6510,Investment Scam,103613.55,2026-06-13T22:46:57,Bhusawal,Maharashtra
bb5636fe-d08d-47cc-a222-874d0ad3578b,Rachana Sagar,HDFC Bank,5774-3777-3766,Investment Scam,392626.54,2026-06-12T13:55:20,Asansol,West Bengal
27711a83-e31f-47b4-88f1-b7172a016cd0,Bina Bansal,Central Bank of India,6135-9897-1107,Investment Scam,202307.4,2026-05-04T03:58:45,Thiruvananthapuram,Kerala
97925674-b38d-473a-bfbd-d09b7fa8038d,Mugdha Sunder,HDFC Bank,8190-5779-3327,SIM Swap / KYC,135251.65,2026-06-20T01:36:21,Deoghar,Jharkhand
25326bfa-4a74-4ab1-b21b-1d0d91a80145,Vincent Bhat,IDBI Bank,7619-3065-6741,Romance Scam,12039.83,2026-07-27T09:37:04,Cyberabad,Telangana
40c7c67b-4916-4587-9a6f-dc9a205638a9,Pahal Mutti,Federal Bank,6151-7032-1035,Electricity Bill Scam,57898.43,2026-07-03T18:58:10,Gurgaon,Haryana
71c843a7-0010-4adc-8635-62d0bfb511e7,Amrita Sahni,Axis Bank,6916-1561-5440,Investment Scam,257325.53,2026-07-02T09:42:35,Bhubaneswar,Odisha
4f15b882-d0a2-40e2-b1f1-83b3be33fe10,Jackson Talwar,Punjab National Bank,9331-6928-1298,Romance Scam,9585.86,2026-05-23T09:37:10,Eluru,Andhra Pradesh
a9ca3b3c-5515-467c-a232-36da34781770,Saumya Sarin,Bank of Baroda,9649-5806-8531,Electricity Bill Scam,154863.3,2026-08-22T00:28:33,Gorakhpur,Uttar Pradesh
a053397d-dae2-48ba-a1eb-c87152cf0a6d,Neel Mani,Bank of Baroda,3017-5997-5409,UPI Fraud,90114.38,2026-06-30T06:23:29,Mysuru,Karnataka
5895b2b3-a34c-48d4-856c-3a729ad8c76e,Upasna Padmanabhan,Axis Bank,4351-5345-5509,UPI Fraud,10944.85,2026-06-19T02:56:27,Vadodara,Gujarat
fd0e70e4-5f88-45cf-b692-676725daf9e3,Vincent Tripathi,Canara Bank,9326-3346-7262,Electricity Bill Scam,172057.38,2026-07-25T19:38:46,Solapur,Maharashtra
fcb6fb9f-0d88-4761-a7ea-4351f0fa2e39,Harinakshi Sidhu,Bank of Baroda,6854-8866-6510,Digital Arrest,175829.93,2026-06-30T18:42:26,Kolkata,West Bengal
a7fdbea3-7f29-43a0-acd7-e4e659ebd692,Chaaya Ramakrishnan,IndusInd Bank,1107-4921-4213,SIM Swap / KYC,50815.42,2026-07-04T08:21:40,Tiruchirappalli,Tamil Nadu
3ca6828a-8034-48a5-b595-5bd8442e5d27,Jagvi Sodhi,ICICI Bank,5635-6430-5618,Bank Impersonation,98616.82,2026-08-04T09:36:31,Chennai,Tamil Nadu
e079e510-a4fd-4457-9ea1-e62358280545,Sarthak Mandal,Canara Bank,6922-9637-9902,APK Loan Scam,254740.43,2026-08-11T07:28:59,Madurai,Tamil Nadu
5b29ca95-c734-4294-afd2-d323e7094a40,Vasudha Dayal,Union Bank of India,6870-1157-4057,Electricity Bill Scam,5751.21,2026-07-27T20:20:22,Allahabad,Uttar Pradesh
cd056726-4c53-493b-93ff-a6423b344ea3,Ryan Dugar,Central Bank of India,1619-4413-8486,APK Loan Scam,254941.18,2026-06-02T05:40:25,Raipur,Chhattisgarh
b3ea96d0-b7c0-429c-aff7-da84a37e4e0d,Harrison Sagar,Central Bank of India,6845-4263-1742,Electricity Bill Scam,76950.9,2026-05-30T06:27:18,Gwalior,Madhya Pradesh
dcfdd772-02a3-4a1a-abcb-a720edcc074b,Chavvi Keer,IDBI Bank,4865-5988-9504,Job Scam,81827.24,2026-07-27T11:14:22,Ahmedabad,Gujarat
823fbbcb-d951-452d-ba7e-2d92ce578b67,Champak Badami,Indian Bank,6965-4912-6254,APK Loan Scam,40791.29,2026-05-02T06:18:05,Amritsar,Punjab
d5a04d48-c1e7-4685-8408-1df803e96ee0,Advika Parikh,Axis Bank,1856-7493-8601,Investment Scam,262628.39,2026-08-03T10:39:53,Cyberabad,Telangana
9112a37f-16f7-4144-b0a6-ec738a4fb187,Owen Thakur,IDBI Bank,3253-2982-1395,Digital Arrest,327590.1,2026-06-16T08:46:59,Siliguri,West Bengal
4cd3fa17-5d79-4665-8928-f6ec69817d9a,Devansh Nazareth,YES Bank,5182-5720-7671,Electricity Bill Scam,158850.78,2026-05-05T12:14:05,Hyderabad,Telangana
070eac2e-f8bb-48f0-8130-9e7fde6892b3,Ishaan Karan,Bank of Baroda,2462-2401-7645,Electricity Bill Scam,38070.69,2026-06-21T13:01:33,Bhubaneswar,Odisha
b743c651-0a48-4e9c-b814-4dacd8e3f267,Udarsh Sur,IndusInd Bank,2857-1777-6093,Job Scam,20246.74,2026-08-13T09:11:50,Cyberabad,Telangana
5ea2fe8f-74a3-4acf-9af0-78273a42b5c2,Harini Pant,HDFC Bank,8790-5569-9903,Investment Scam,98056.01,2026-08-08T07:52:01,Pune,Maharashtra
4f79f961-e175-4dd0-8aa9-2dc8cf152b93,Amara Dora,IndusInd Bank,9491-6441-2047,Bank Impersonation,117362.8,2026-06-22T22:46:23,Salem,Tamil Nadu
80f7a503-1ace-4db0-805d-3701483ea762,Chandresh Sarma,Central Bank of India,4330-3820-1560,SIM Swap / KYC,100466.27,2026-05-10T01:13:07,Deoghar,Jharkhand
da91b741-6da1-4ed3-872f-e3081be11417,Indrajit Cherian,IndusInd Bank,9671-5877-1754,Investment Scam,431165.5,2026-05-29T04:50:15,Jabalpur,Madhya Pradesh
5281324e-913e-4298-b2d5-2f4d7691e912,Benjamin Tripathi,Central Bank of India,4212-5146-5914,Electricity Bill Scam,45699.94,2026-07-23T02:02:49,Jodhpur,Rajasthan
39d2059e-32e2-4853-b11f-a3f3d9ea9d51,Oliver Dalal,Canara Bank,3082-9490-1584,Electricity Bill Scam,118468.57,2026-06-20T11:09:57,Nagpur,Maharashtra
fd7d287e-6449-4482-a88e-8c91b8d1e890,Janaki Dugar,Union Bank of India,9205-3743-1077,Investment Scam,481672.01,2026-05-04T01:17:48,Dehradun,Uttarakhand
d678a9e3-37dc-4e57-bc00-7e9bb4e41294,Riya Toor,ICICI Bank,8428-2025-4513,Digital Arrest,450049.91,2026-07-14T20:07:41,Hyderabad,Telangana
754f2ed7-4bbc-4acc-9651-8a3429b15009,Hardik Dube,Punjab National Bank,6005-8658-5230,APK Loan Scam,232965.57,2026-06-08T01:13:08,Kolkata,West Bengal
3fd15b47-fa02-4be7-ad80-6527c3cec6f7,Gaurika Devi,Kotak Mahindra Bank,2627-8656-8916,UPI Fraud,163201.58,2026-07-25T13:48:29,Guntur,Andhra Pradesh
3f6b27b8-f97b-4dad-a56d-16bf666893bc,Saksham Sarna,HDFC Bank,5845-3235-6921,Job Scam,71512.37,2026-08-28T08:49:36,Bareilly,Uttar Pradesh
708901f7-8d0d-4687-88b8-338231df952a,Abeer Korpal,Axis Bank,3404-9948-4647,Electricity Bill Scam,198270.02,2026-06-04T14:08:29,Ludhiana,Punjab
a1c6dc86-7447-477f-8a4b-cde66c4c8d6d,Harita Mangat,Federal Bank,3496-1814-5866,Electricity Bill Scam,71152.2,2026-08-22T21:34:33,Rourkela,Odisha
192563dc-6811-4aff-b151-935f84766936,Frederick Lata,State Bank of India,9579-2731-2190,Digital Arrest,329623.77,2026-06-19T21:42:15,Nellore,Andhra Pradesh
ebf22172-7138-4478-ad75-c3a37e132da3,Oeshi Patel,IDBI Bank,8752-3395-6966,SIM Swap / KYC,9049.75,2026-07-08T18:42:51,Pune,Maharashtra
e9943d5a-f14b-4087-99db-03cdd3678cac,Max Wagle,Bank of India,8665-1972-4262,Romance Scam,91925.45,2026-05-27T11:00:01,Shimla,Himachal Pradesh
14786ad8-aed2-45ac-9257-abe8d7e5815c,Vedant Devi,IDBI Bank,4297-7581-2416,Investment Scam,28698.67,2026-06-13T13:10:20,Noida,Uttar Pradesh
3392fb5a-0b2f-447b-8595-cf0f0ff49a7f,Odika Rout,HDFC Bank,1416-5932-7375,Job Scam,211588.28,2026-05-15T05:22:33,Srinagar,Jammu & Kashmir
ca530d49-aea7-47bf-9fb8-42ecc5a96c95,Zaitra Pathak,YES Bank,7457-1938-2958,SIM Swap / KYC,103722.77,2026-06-07T19:11:50,Bhilai,Chhattisgarh
905c56ea-1f5c-49e6-9eac-010c9b933870,Saanvi Dhingra,Federal Bank,6476-6754-8078,Electricity Bill Scam,9952.99,2026-05-25T02:46:53,Gorakhpur,Uttar Pradesh
63f8e65a-ce47-4f56-a5ef-edeeb823878f,Zansi Boase,Federal Bank,6374-3346-6995,Romance Scam,152110.09,2026-07-19T10:59:54,Shimla,Himachal Pradesh
353a7ee7-da9b-4557-a5bf-41911ed24174,Hamsini Murty,IndusInd Bank,2855-7243-9624,Bank Impersonation,24424.07,2026-08-17T17:26:44,Bharatpur,Rajasthan
5867e959-d337-4a28-a5a4-1739c8530979,Nitesh Saraf,YES Bank,6257-6661-3521,SIM Swap / KYC,31076.55,2026-07-23T16:55:53,Mysuru,Karnataka
a7b1a5a1-7348-4f9b-aaba-315ac488c039,Maya Bansal,Federal Bank,2254-5144-6043,Electricity Bill Scam,186019.33,2026-05-20T20:00:04,Amritsar,Punjab
93bc769f-b79f-4d58-9ca7-0b4b1d62e7e0,Dalbir Venkatesh,Indian Bank,4084-4747-4926,Romance Scam,27685.53,2026-08-02T10:00:36,Gwalior,Madhya Pradesh
8f23e764-79f2-437d-816f-b86708dbe4c7,Oni Ratti,Union Bank of India,1316-5719-6336,APK Loan Scam,82965.69,2026-07-11T14:16:43,Amritsar,Punjab
39c3e58f-9a5b-4340-9104-3ef1d3e04255,Dipta Padmanabhan,Canara Bank,8402-4819-7111,Job Scam,180288.89,2026-07-13T16:39:47,Thiruvananthapuram,Kerala
96b96145-bac5-4bcd-a7c2-d4ba5798bc13,Ati Wable,ICICI Bank,9485-3206-1829,Investment Scam,102111.56,2026-06-01T18:22:47,Sri Ganganagar,Rajasthan
578335e0-9847-4b74-9af2-c6ed54cfa1a0,Netra Sehgal,Canara Bank,8545-4355-3151,Digital Arrest,211468.77,2026-07-16T08:15:52,Varanasi,Uttar Pradesh
e0010280-b0c9-4262-b275-6f917c68326d,Riya Pai,YES Bank,5268-4898-5590,Job Scam,82690.57,2026-07-17T17:34:06,Eluru,Andhra Pradesh
f50acfc6-6d3a-493d-bc41-6f119cd8e96f,Rudra Mitra,IndusInd Bank,8780-7172-3272,Job Scam,257883.25,2026-07-21T21:22:15,Mumbai,Maharashtra
53ad3596-8a6b-4a4c-969f-6e89467ed5e1,Balhaar Yogi,Bank of Baroda,1103-3873-1393,SIM Swap / KYC,64963.23,2026-08-22T10:05:40,Hyderabad,Telangana
951dda73-9884-4a14-b3ff-00b6ec298e9a,Madhavi Date,Punjab National Bank,1605-8331-8581,Investment Scam,206928.36,2026-06-22T21:47:44,Aurangabad,Maharashtra
70f666cc-1ed6-41de-989f-0b371c76a7fa,Tanay Chander,Federal Bank,5905-9207-6321,Electricity Bill Scam,39787.26,2026-06-11T03:04:56,Nellore,Andhra Pradesh
f0a11933-9ba0-4ada-9790-fdb5aa8e258a,Harini Dutta,Kotak Mahindra Bank,3297-8649-7798,SIM Swap / KYC,143093.74,2026-07-03T07:56:15,Eluru,Andhra Pradesh
40252dd7-caf1-4c91-9097-45cebbd68714,Ayaan Zacharia,Federal Bank,1185-3339-1345,UPI Fraud,92853.64,2026-06-16T10:33:56,Coimbatore,Tamil Nadu
acdfab22-19cd-42f5-8bce-7ac71402f57a,Wyatt Modi,Bank of Baroda,7009-6853-2433,Romance Scam,79847.06,2026-08-09T09:23:30,Chennai,Tamil Nadu
11201db2-4071-42ee-af8d-908bebc51484,Yashasvi Choudhry,Indian Bank,9964-8951-7267,SIM Swap / KYC,187916.72,2026-08-22T21:21:14,Varanasi,Uttar Pradesh
ecdc3d11-b2c9-4428-93b1-44622febf3c2,Kashish Lad,Bank of India,8508-1321-1065,Bank Impersonation,197331.32,2026-08-28T23:28:35,Coimbatore,Tamil Nadu
ca337ac5-dae9-4caa-99c9-87f7ec12b866,Jatin Batta,Axis Bank,5007-4972-5234,Romance Scam,175782.53,2026-06-22T15:02:54,Noida,Uttar Pradesh
3a49f6c8-673a-4daf-8229-b9ee5ab1944c,Saumya Misra,Federal Bank,1002-3196-4676,Digital Arrest,318392.55,2026-08-05T03:22:38,Aizawl,Mizoram
232506dc-1b18-42eb-8ec3-7b8e90b67b4a,Sudiksha Nori,Punjab National Bank,7877-5706-3873,Digital Arrest,138713.58,2026-06-13T08:54:22,Siliguri,West Bengal
2be8e0ea-e65d-4be6-9e08-206517ce5e2d,Vivaan Palla,Indian Bank,9223-5604-9576,Digital Arrest,455604.54,2026-08-26T06:54:21,Nagpur,Maharashtra
9096a48c-6c6c-4d12-96e3-d71ed1f239c8,Bhavani Dey,Federal Bank,1695-5450-8560,Bank Impersonation,146671.13,2026-07-13T12:27:40,Eluru,Andhra Pradesh
765df555-2fe9-455e-aab0-56b74a5ac8aa,Zinal Kota,Kotak Mahindra Bank,2017-7028-6817,Electricity Bill Scam,182410.78,2026-05-27T10:43:50,Bhopal,Madhya Pradesh
73fbe20e-5e9e-4a73-86e7-cce0c5264129,Falak Varty,Union Bank of India,6075-9798-4834,APK Loan Scam,173272.74,2026-07-19T08:17:44,Lucknow,Uttar Pradesh
a40ebee7-4bd0-4894-8537-30364be4fe02,Jalsa Sha,Kotak Mahindra Bank,2379-5265-4154,Job Scam,128000.78,2026-06-23T17:47:22,Durgapur,West Bengal
938f2b2e-b58e-471b-a395-86df40fd3736,Manan Sandal,ICICI Bank,9381-1918-6915,Digital Arrest,340442.62,2026-08-06T06:02:07,Sri Ganganagar,Rajasthan
1c1566dd-99c6-44f7-80c5-ed4cfa81e838,Finn Chanda,Axis Bank,9091-5804-3067,UPI Fraud,121803.36,2026-06-23T06:08:14,Kota,Rajasthan
0bec899d-9fcc-4f5d-96a1-d895424873e5,Pavani De,Punjab National Bank,1287-8678-4132,Digital Arrest,169163.01,2026-08-26T15:27:56,Salem,Tamil Nadu
dafd4690-2c18-4d67-b645-1912493b1ddb,Tanish Sehgal,Union Bank of India,2957-1775-7128,APK Loan Scam,33410.42,2026-08-08T12:39:46,Warangal,Telangana
2e5e272a-16e0-4384-bf0a-5c4c25b73266,Kala Vora,Punjab National Bank,2377-7816-4189,Investment Scam,351837.49,2026-07-20T01:28:54,Saharanpur,Uttar Pradesh
ca287a59-8a89-4621-9f36-f7c5f4a5ec82,Zilmil Rana,Indian Bank,1672-7309-1159,Investment Scam,85543.27,2026-08-27T21:27:35,Durgapur,West Bengal
c3d57921-4b0e-411d-a41d-c01ce72c3888,Wishi Sampath,State Bank of India,6882-9030-4502,Job Scam,213508.9,2026-05-26T04:06:48,Warangal,Telangana
3544d340-4e6c-427c-9ccf-4c94eb93d1b6,Vrishti Saha,HDFC Bank,9675-8854-7524,Electricity Bill Scam,14334.85,2026-05-23T00:52:02,Panihati,West Bengal
ff77e65f-532f-40fb-ba98-551f34bfc88a,Maanas Tiwari,Union Bank of India,9543-5941-8504,Electricity Bill Scam,190588.55,2026-06-08T00:54:56,Giridih,Jharkhand
7585efaa-74b5-41f4-a0e7-e379c0f2719a,Vedhika Shankar,Bank of Baroda,4034-2818-3249,Job Scam,284868.4,2026-06-16T13:13:34,Saharanpur,Uttar Pradesh
be779280-52ee-4681-b447-261537843d7d,Yochana Wadhwa,Federal Bank,3747-3815-7613,Electricity Bill Scam,129000.62,2026-06-20T12:10:19,Dhanbad,Jharkhand
c8c3c468-322a-4ad2-b7d1-ded0ab6e2d2e,Simon Shah,Federal Bank,2816-7848-1899,Romance Scam,134785.01,2026-07-21T11:38:35,Chennai,Tamil Nadu
1bd4733a-3a43-4757-b36c-e8dda81c2c67,Bachittar Dugar,Punjab National Bank,5432-9435-9936,UPI Fraud,105005.12,2026-07-17T22:11:49,Deoghar,Jharkhand
8a1e6805-60e4-4dee-b8e6-e10630997de9,Jagat Rege,Canara Bank,3345-2674-9503,Job Scam,340097.06,2026-06-10T01:59:06,Shimla,Himachal Pradesh
1b562eba-56a9-4049-92a2-731120ab289a,Jai Pingle,ICICI Bank,7873-1059-7439,Digital Arrest,87163.14,2026-07-01T00:02:33,Bharatpur,Rajasthan
b4b40b78-29da-4aa9-b3c0-06c79f4763df,Banjeet Virk,Indian Bank,7743-5681-4782,UPI Fraud,52870.44,2026-06-28T13:40:20,Sri Ganganagar,Rajasthan
9073724b-489b-4680-8282-03011d026574,Jacob Prabhu,HDFC Bank,5779-2311-9757,Romance Scam,123614.49,2026-07-13T06:57:12,Cuttack,Odisha
e7d1485b-e207-488d-9786-369d4a0e0b24,Kavya Mitter,State Bank of India,1707-3956-8558,Job Scam,60074.11,2026-05-27T20:20:28,Sri Ganganagar,Rajasthan
f2fc344a-3a61-48d7-b83c-79831a2c1333,Vedika Bala,Kotak Mahindra Bank,4554-6137-2520,Romance Scam,194710.89,2026-06-22T00:14:47,Bengaluru,Karnataka
97bdf782-7d95-4639-800a-e329d3885e97,Lucky Sama,HDFC Bank,8048-2480-7008,Job Scam,205162.5,2026-05-30T09:54:34,Delhi,Delhi
b3080265-0d9b-4eae-87ce-4365d96776dc,Dalaja Mander,State Bank of India,3326-2956-6529,APK Loan Scam,245318.24,2026-05-20T22:48:01,Ahmedabad,Gujarat
f98706bf-4696-49bb-a040-c1b1fbcdda95,Qadim Suresh,HDFC Bank,1508-2761-8133,Electricity Bill Scam,45754.81,2026-08-10T23:19:39,Raipur,Chhattisgarh
d10f5226-5842-44c9-bc5d-820181cca4f4,Jason Palla,Kotak Mahindra Bank,3515-1215-6832,Job Scam,330972.87,2026-08-06T17:11:59,Ranchi,Jharkhand
ef15bbeb-d95b-4bc3-8ffa-6df7efe56a9f,Chaitanya Sahni,ICICI Bank,7747-6617-2120,Bank Impersonation,30892.89,2026-07-28T09:26:33,Jamtara,Jharkhand
1e3fb398-145d-4bc2-a686-cfa978f3eb49,Dayita Sethi,Canara Bank,7448-1458-1540,Bank Impersonation,10539.39,2026-08-26T23:29:53,Jamshedpur,Jharkhand
f10c6ec0-0e34-4440-9b64-7ae0360e8118,Krishna Soman,Axis Bank,7684-3156-5877,Romance Scam,84203.03,2026-07-19T13:59:16,Alwar,Rajasthan
2e3db19b-5d1f-4f54-a18d-22ccf011671a,Lakshit Thaman,Federal Bank,1911-8429-3161,Job Scam,267679.38,2026-07-25T16:03:05,Nagpur,Maharashtra
e78a904a-a36f-4b24-8599-07a1bd077797,Shivani Sen,Union Bank of India,4385-9725-5504,SIM Swap / KYC,67658.66,2026-07-03T20:08:16,Madurai,Tamil Nadu
7f7f1cc4-6389-4571-a514-5c89ebbaae03,Eshana Chakraborty,Bank of India,3151-1801-8675,APK Loan Scam,76830.73,2026-06-29T12:33:54,Jaipur,Rajasthan
c12916e8-8d9e-45e9-bc37-b0f29b6d7dda,Lila Kaul,Bank of India,3007-9087-4056,Bank Impersonation,138634.75,2026-08-28T15:19:14,Patna,Bihar
6e316653-1722-4f8c-aa8b-1e3b149c4da3,Harinakshi Zachariah,Punjab National Bank,2912-3877-2267,Investment Scam,217012.23,2026-05-31T00:55:30,Ranchi,Jharkhand
8993f433-cca9-438e-b765-c03c60c28175,Saanvi Mall,Union Bank of India,1015-8244-7739,Digital Arrest,88072.39,2026-05-15T04:22:18,Bareilly,Uttar Pradesh
23024c22-76ed-4878-873c-8257dc9ba0b0,Noah Bakshi,HDFC Bank,5270-1998-2851,Digital Arrest,417569.11,2026-05-04T15:54:27,Raipur,Chhattisgarh
444ee58f-8afe-4796-9bfb-0881e1abf86c,Jatin Chada,Punjab National Bank,8182-3533-5359,Electricity Bill Scam,68836.0,2026-07-18T11:31:59,Lucknow,Uttar Pradesh
01b8d4c8-d696-418d-9e5a-fbb09c671196,Chatresh Vig,Bank of India,8770-2658-8406,Digital Arrest,497744.43,2026-08-17T21:38:27,Salem,Tamil Nadu
7fb4877d-0dd5-4b8e-b2d4-1640526b1c68,Vamakshi Thakkar,Punjab National Bank,8896-6491-1709,Bank Impersonation,63631.38,2026-08-17T06:44:46,Indore,Madhya Pradesh
bfef8711-1cea-495d-a405-079fee60d819,Jai Wali,Federal Bank,2027-8883-5658,APK Loan Scam,232861.21,2026-05-29T21:48:53,Delhi,Delhi
804af106-d909-44ad-b3b8-2ed1c20547bd,Anirudh Maharaj,State Bank of India,1053-1002-1006,Digital Arrest,438443.8,2026-05-06T12:55:44,Shimla,Himachal Pradesh
f9ca38c8-1036-42d1-9292-9daa4b25dc99,Yatan Sawhney,Central Bank of India,1584-2238-5266,Investment Scam,58687.83,2026-08-23T16:41:58,Bhubaneswar,Odisha
8542beb9-26ac-4bf9-b289-45757395b781,Ekani Ratti,Canara Bank,3812-9478-7496,SIM Swap / KYC,60802.06,2026-06-28T09:49:38,Ghaziabad,Uttar Pradesh
d75cc990-0a96-4c9e-967e-f3972fb0eef0,Vyanjana Bajaj,ICICI Bank,2386-3043-9292,Investment Scam,444008.0,2026-08-20T21:38:54,Cyberabad,Telangana
744bbdd0-81c1-4c76-ad67-b30980cec78c,Rajeshri Gole,Bank of India,9463-8719-9516,SIM Swap / KYC,163825.63,2026-05-30T02:18:27,Nagpur,Maharashtra
ab38938b-9153-44c1-84f1-584621a06c9d,Arjun Wable,YES Bank,3472-7714-6600,Job Scam,49102.45,2026-07-29T03:27:20,Dehradun,Uttarakhand
3c5ac433-4762-41a3-bc7d-2712032c8084,Lavanya Kurian,Central Bank of India,2070-7390-5595,Electricity Bill Scam,188390.41,2026-05-22T03:25:14,Gorakhpur,Uttar Pradesh
74d6d623-2de7-4b88-80ad-a23db6815e09,Ishwar Chaudhary,Axis Bank,2950-5286-1970,APK Loan Scam,40232.33,2026-08-09T23:33:30,Delhi,Delhi
1e7b779d-ac5b-4e7e-b691-59b94474d477,Bhavika Dhawan,Union Bank of India,5235-7474-8856,Job Scam,185434.02,2026-08-06T18:26:47,Giridih,Jharkhand
4b97d04e-6e79-474d-bc8e-3631145d522d,Aadhya Chakraborty,Bank of Baroda,7579-3776-9106,UPI Fraud,10069.75,2026-05-27T03:57:27,Giridih,Jharkhand
9abf57d3-8bad-4c3c-980d-53cfe0370602,Damyanti Reddy,HDFC Bank,9515-1676-5983,Romance Scam,122297.3,2026-07-23T21:48:55,Rourkela,Odisha
a7c5a8ee-e6da-4af5-9247-41787cee5220,Daniel Nanda,Bank of Baroda,2891-6486-9485,Digital Arrest,69335.65,2026-08-21T23:02:45,Vijayawada,Andhra Pradesh
a2f9963a-7df6-49e5-9e8d-7076586eb0b2,Avi Bhardwaj,Bank of Baroda,5747-1799-9009,Romance Scam,143221.69,2026-06-18T14:53:58,Jabalpur,Madhya Pradesh
fc3359e0-6108-4857-93f5-9a39bbc5cfc1,Madhavi Chaudhary,Central Bank of India,2973-4092-3822,UPI Fraud,85163.04,2026-07-26T01:50:15,Bengaluru,Karnataka
be8b591d-bc94-4002-a3e5-430cdc80710e,Lucky Sachar,Federal Bank,9222-3337-4697,Romance Scam,121332.31,2026-06-18T15:08:38,Nuh,Haryana
709b8602-54d4-4ddb-be33-c368645e7809,Aarna Prashad,YES Bank,1073-3435-1007,APK Loan Scam,255322.21,2026-06-04T05:20:33,Alwar,Rajasthan
4c3ee6ac-c159-44fc-b531-188056370179,Charles Jain,Canara Bank,1107-8296-9926,Job Scam,336314.88,2026-06-13T10:34:03,Nellore,Andhra Pradesh
0bc1935f-a6f4-47b6-8758-f7355df9775e,Warjas Tailor,Kotak Mahindra Bank,5212-8954-8856,Romance Scam,47758.24,2026-08-06T19:26:45,Guntur,Andhra Pradesh
b2395fbc-09dc-4149-afbf-c8feb9d34faa,Ishwar Luthra,Punjab National Bank,5703-9581-2018,Digital Arrest,298461.5,2026-05-17T17:00:45,Bengaluru,Karnataka
0f8ecc1b-b96a-4568-9d58-a62829d107c5,Eesha Shetty,Central Bank of India,4287-6270-8049,APK Loan Scam,131199.82,2026-07-03T13:01:41,Warangal,Telangana
bc856862-14e6-46ba-9db5-0c7b35d00403,Dominic Sule,YES Bank,3381-2168-4217,Bank Impersonation,152070.64,2026-07-09T16:50:55,Bhiwandi,Maharashtra
4dad936c-6fab-423a-a876-805b1e192f2d,Nikita Kaur,Punjab National Bank,1096-1706-3234,Job Scam,165762.88,2026-07-23T02:12:01,Ludhiana,Punjab
32820a65-6287-4656-80ef-de4bceca2a18,Amruta Chaudhuri,Bank of Baroda,1429-8525-1636,Bank Impersonation,61292.37,2026-08-01T12:09:33,Indore,Madhya Pradesh
02b0c6ab-20f7-4b52-8a2a-c3665ac8b50b,Jeremiah Modi,IDBI Bank,9453-7240-2767,Investment Scam,274192.09,2026-06-07T00:38:20,Nagpur,Maharashtra
bcc15dbc-9833-430c-b0e7-8eb2fd978814,Sanaya Chacko,Kotak Mahindra Bank,4349-9804-6703,Digital Arrest,57710.85,2026-08-09T11:33:41,Nuh,Haryana
abe463e6-e7f1-426e-89a5-b90877e59a4d,Lucky Prakash,IDBI Bank,9965-7933-5387,Investment Scam,302357.43,2026-08-19T20:50:19,Madurai,Tamil Nadu
bc67ce29-5b59-4a2d-b592-e4f5a80751df,Yatan Yogi,Canara Bank,3971-2392-3838,APK Loan Scam,44056.53,2026-05-15T18:02:29,Ludhiana,Punjab
825bb288-cbcc-4cd4-b7e6-5a6b1f7e5d1a,Siya Barman,Kotak Mahindra Bank,5898-9396-2518,Job Scam,304678.46,2026-08-22T12:31:10,Nashik,Maharashtra
8109fedb-9298-452b-a054-9ebb4da6d9e7,Ucchal Mann,Union Bank of India,5334-4567-2201,Bank Impersonation,143083.77,2026-05-11T15:02:50,Vijayawada,Andhra Pradesh
e7732cf0-68a4-4552-9d10-a383c971b894,Aadi Bhasin,Central Bank of India,2668-9138-5352,Electricity Bill Scam,120792.13,2026-08-04T20:45:27,Varanasi,Uttar Pradesh
431047b8-b19f-4ec1-9834-fce8b6c51e41,Anjali Krishna,YES Bank,7751-4508-1836,Job Scam,186926.86,2026-07-13T06:26:29,Aurangabad,Maharashtra
c8025d50-ced5-457a-83e1-98375d5cf9a1,Indali Kala,Canara Bank,4253-5505-9714,Bank Impersonation,90659.01,2026-07-31T20:51:15,Pune,Maharashtra
3a1222ca-fc7a-4f19-ac9d-c6a2b5ef2e38,Chakradev Edwin,IDBI Bank,2804-6981-6222,APK Loan Scam,69383.04,2026-05-20T19:08:42,Bareilly,Uttar Pradesh
84345b0d-b4eb-474b-aa8d-1301bc863cdb,Charita Chakraborty,Bank of Baroda,6924-1625-9736,SIM Swap / KYC,10837.01,2026-06-21T04:34:55,Dehradun,Uttarakhand
772210c0-d0b4-4bdc-b889-c59c501ba561,Jason Dey,Bank of Baroda,3289-7257-5314,APK Loan Scam,203489.31,2026-06-22T21:13:20,Bengaluru,Karnataka
6ffe1b73-24a6-4f02-9b97-bfe8f11acdc3,Rachana Kade,Axis Bank,7899-2695-4190,Digital Arrest,139706.54,2026-06-15T12:28:31,Mumbai,Maharashtra
3f182b5e-dae8-4a14-9436-2a9f90918293,Hema Lal,HDFC Bank,9122-7319-7358,Digital Arrest,55558.62,2026-07-08T10:51:50,Thiruvananthapuram,Kerala
9815d8eb-f183-4950-8af8-fcb2fac3ed82,Anjali Korpal,Punjab National Bank,5703-9581-2018,UPI Fraud,19901.21,2026-05-07T08:38:55,Bengaluru,Karnataka
8d80cc0f-15b2-44ac-807e-79ba91e362d4,Harita Kade,ICICI Bank,7951-9476-7920,Job Scam,277265.79,2026-07-08T19:37:19,Bhopal,Madhya Pradesh
c312a723-c283-4fbd-9cc3-e2feef08f471,Falguni Babu,Central Bank of India,1857-6243-1575,Electricity Bill Scam,165223.32,2026-08-27T01:48:06,Indore,Madhya Pradesh
c6cf113b-a080-4510-9702-2aefa91a9b12,Aarnav Soni,Indian Bank,3068-3104-4213,Investment Scam,335866.73,2026-07-02T17:51:41,Firozabad,Uttar Pradesh
e4d09588-f086-43ff-a97c-c6e0b35674f5,Aditya Ghose,Punjab National Bank,9354-6212-6432,Investment Scam,455468.25,2026-07-15T02:32:41,Nashik,Maharashtra
32f9f972-4434-4cdd-93ec-0750eec099d5,Vrinda Ramaswamy,ICICI Bank,8652-9123-8144,APK Loan Scam,221646.72,2026-05-28T06:18:53,Guntur,Andhra Pradesh
437ae5eb-a262-44da-8c8a-1f630241af9e,Faras Yohannan,Axis Bank,5839-2565-4648,APK Loan Scam,78912.95,2026-05-12T16:38:25,Noida,Uttar Pradesh
b9bc1ab6-04b2-4081-9c4c-973a572df510,Sai Dasgupta,YES Bank,7736-1312-4138,Romance Scam,99009.19,2026-08-04T04:13:31,Amravati,Maharashtra
9a5adbd2-4ec8-4268-9ad7-a4fe2dd4604c,Krisha Parmar,Union Bank of India,7671-1848-7313,UPI Fraud,43614.69,2026-07-31T19:45:12,Nellore,Andhra Pradesh
fa4ebb27-0a22-4bb6-897e-485924549e7a,Peter Anand,Punjab National Bank,4047-4753-7708,Bank Impersonation,153860.36,2026-07-22T01:11:39,Solapur,Maharashtra
7e4f7790-3b46-4b42-a44f-93288f71dbce,Turvi Prabhakar,Indian Bank,8586-5649-2144,Investment Scam,196882.2,2026-07-04T20:45:09,Mathura,Uttar Pradesh
37de3366-5d37-40f3-b21a-cacb68bb8213,Sai Andra,Indian Bank,6718-6105-8049,Electricity Bill Scam,21889.12,2026-08-13T13:39:52,Kota,Rajasthan
9791116a-2b7b-4de2-838c-b2e6c6855018,Anmol Mand,HDFC Bank,3468-4423-3132,Romance Scam,58262.43,2026-05-25T18:15:12,Jaipur,Rajasthan
aedc93de-9aee-4542-b7c2-01fafce4a051,Rehaan Chana,Bank of India,6193-7201-8885,Digital Arrest,459989.68,2026-06-15T17:37:35,Guntur,Andhra Pradesh
38ba1430-17d5-4fe0-b756-97e1a8385d27,Timothy Kaur,Central Bank of India,3056-3200-1190,SIM Swap / KYC,140753.85,2026-08-24T09:25:48,Varanasi,Uttar Pradesh
ec77dc46-b523-466a-bdaf-2ec1cf665387,Janani Bansal,Indian Bank,3474-4784-7868,UPI Fraud,6469.78,2026-07-15T13:33:48,Firozabad,Uttar Pradesh
4a44e324-99c2-43c5-a14a-60b22773a1d3,Waida Kadakia,Central Bank of India,3002-2934-6195,Digital Arrest,111414.64,2026-06-21T03:26:24,Solapur,Maharashtra
5971e55e-4051-4932-b50c-0012b6ada5ff,Rohan Randhawa,Union Bank of India,7402-9432-7910,Romance Scam,37613.26,2026-05-27T09:49:31,Kanpur,Uttar Pradesh
a4376d9c-c130-4023-ade9-21ab72ddb44d,Arunima Tella,IDBI Bank,1936-3379-7050,UPI Fraud,164853.11,2026-05-22T05:32:48,Nagpur,Maharashtra
748ec0fc-3d5e-45b6-bb57-d44221bd472a,Onkar Hari,YES Bank,9023-6361-1776,SIM Swap / KYC,82189.84,2026-08-19T10:32:31,Dehradun,Uttarakhand
